$MeshFormat
4.1 0 8
$EndMeshFormat
$PhysicalNames
5
0 18 "PointsBoundary"
1 19 "CurveInlet"
1 20 "CurveOutlet"
1 21 "CurveWalls"
2 22 "SurfaceDomain"
$EndPhysicalNames
$Entities
12 17 6 0
1 0 1.05 0 1 18 
2 1.4 1.05 0 0 
3 0 0.95 0 1 18 
4 1.4 0.95 0 0 
5 7 1.05 0 1 18 
6 7 0.95 0 1 18 
7 1.4 0 0 1 18 
8 0 0 0 1 18 
9 0 2 0 1 18 
10 1.4 2 0 1 18 
11 7 0 0 1 18 
12 7 2 0 1 18 
1 -0.0007001000999999896 1.0492998999 -0.0007001001000000001 1.4007001001 1.0507001001 0.0007001001000000001 0 2 1 -2 
2 -0.0002001004000000002 0.9497998996 -0.0002001004000000002 0.0002001004000000002 1.0502001004 0.0002001004000000002 1 19 2 1 -3 
3 -0.0007001000999999896 0.9492998999 -0.0007001001000000001 1.4007001001 0.9507001000999999 0.0007001001000000001 0 2 3 -4 
4 1.3997998996 0.9497998996 -0.0002001004000000002 1.4002001004 1.0502001004 0.0002001004000000002 0 2 2 -4 
5 1.3971998999 1.0471998999 -0.0028001001 7.0028001001 1.0528001001 0.0028001001 0 2 2 -5 
6 1.3971998999 0.9471998999 -0.0028001001 7.0028001001 0.9528001000999999 0.0028001001 0 2 4 -6 
7 6.9997998996 0.9497998996 -0.0002001004000000002 7.0002001004 1.0502001004 0.0002001004000000002 1 20 2 6 -5 
8 1.3992998999 -0.0007001000999999896 -0.0007001001000000001 1.4007001001 0.9507001000999999 0.0007001001000000001 0 2 4 -7 
9 -0.0007001001000000001 -0.0007001000999999896 -0.0007001001000000001 0.0007001001000000001 0.9507001000999999 0.0007001001000000001 1 19 2 3 -8 
10 -0.0007001000999999896 -0.0007001001000000001 -0.0007001001000000001 1.4007001001 0.0007001001000000001 0.0007001001000000001 1 21 2 8 -7 
11 -0.0007001001000000001 1.0492998999 -0.0007001001000000001 0.0007001001000000001 2.0007001001 0.0007001001000000001 1 19 2 9 -1 
12 1.3992998999 1.0492998999 -0.0007001001000000001 1.4007001001 2.0007001001 0.0007001001000000001 0 2 10 -2 
13 -0.0007001000999999896 1.9992998999 -0.0007001001000000001 1.4007001001 2.0007001001 0.0007001001000000001 1 21 2 10 -9 
14 1.3971998999 -0.0028001001 -0.0028001001 7.0028001001 0.0028001001 0.0028001001 1 21 2 7 -11 
15 6.9980998996 -0.001900100399999993 -0.0019001004 7.0019001004 0.9519001003999999 0.0019001004 1 20 2 11 -6 
16 6.9980998996 1.0480998996 -0.0019001004 7.0019001004 2.0019001004 0.0019001004 1 20 2 5 -12 
17 1.3971998999 1.9971998999 -0.0028001001 7.0028001001 2.0028001001 0.0028001001 1 21 2 12 -10 
1 -9.999999994736442e-08 0.9499999 -1e-07 1.4000001 1.0500001 1e-07 1 22 4 4 -3 -2 1 
2 1.3999999 0.9499999 -1e-07 7.0000001 1.0500001 1e-07 1 22 4 -7 -6 -4 5 
3 -9.999999994736442e-08 -1.000000000028756e-07 -1e-07 1.4000001 0.9500000999999999 1e-07 1 22 4 -10 -9 3 8 
4 -9.999999994736442e-08 1.0499999 -1e-07 1.4000001 2.0000001 1e-07 1 22 4 -13 12 -1 -11 
5 1.3999999 -1.000000000028756e-07 -1e-07 7.0000001 0.9500000999999999 1e-07 1 22 4 -15 -14 -8 6 
6 1.3999999 1.0499999 -1e-07 7.0000001 2.0000001 1e-07 1 22 4 -17 -16 -5 -12 
$EndEntities
$Nodes
35 8581 1 8581
0 1 0 1
1
0 1.05 0
0 2 0 1
2
1.4 1.05 0
0 3 0 1
3
0 0.95 0
0 4 0 1
4
1.4 0.95 0
0 5 0 1
5
7 1.05 0
0 6 0 1
6
7 0.95 0
0 7 0 1
7
1.4 0 0
0 8 0 1
8
0 0 0
0 9 0 1
9
0 2 0
0 10 0 1
10
1.4 2 0
0 11 0 1
11
7 0 0
0 12 0 1
12
7 2 0
1 1 0 49
13
14
15
16
17
18
19
20
21
22
23
24
25
26
27
28
29
30
31
32
33
34
35
36
37
38
39
40
41
42
43
44
45
46
47
48
49
50
51
52
53
54
55
56
57
58
59
60
61
0.7624011122249668 1.05 0
0.05976632656971986 1.05 0
0.1114640567514466 1.05 0
0.169868583876485 1.05 0
0.2293940228811981 1.05 0
0.2886038958141484 1.05 0
0.3481961961554656 1.05 0
0.4082006793791018 1.05 0
0.4682940071587176 1.05 0
0.5285914107418378 1.05 0
0.5889123698757628 1.05 0
0.6481101505514831 1.05 0
0.7057003150298394 1.05 0
0.01826406833213402 1.05 0
0.819666830284479 1.05 0
0.8781938350124194 1.05 0
0.9373394436813527 1.05 0
0.9967090756435553 1.05 0
1.056130916158636 1.05 0
1.115507870257732 1.05 0
1.174820462923883 1.05 0
1.233706295717831 1.05 0
1.29081497509637 1.05 0
1.341654965974423 1.05 0
1.382316537434419 1.05 0
0.03652813666426803 1.05 0
0.08300451647517168 1.05 0
0.1399235970277216 1.05 0
0.1998135707252483 1.05 0
0.258974475037148 1.05 0
0.3182333165911488 1.05 0
0.3781590757197825 1.05 0
0.4382422830384211 1.05 0
0.498345731279014 1.05 0
0.5588370902046615 1.05 0
0.6189876495468641 1.05 0
0.6772326515561021 1.05 0
0.7341679785035767 1.05 0
0.7906342459463569 1.05 0
0.848699414622601 1.05 0
0.9076882554022377 1.05 0
0.9669906319604676 1.05 0
1.026427519326643 1.05 0
1.085834312990629 1.05 0
1.145181427524835 1.05 0
1.204459498322931 1.05 0
1.262953093112732 1.05 0
1.318676857080008 1.05 0
1.364633074868837 1.05 0
1 2 0 21
62
63
64
65
66
67
68
69
70
71
72
73
74
75
76
77
78
79
80
81
82
0 1.038355308214237 0
0 1.028633950762287 0
0 1.020101135429889 0
0 1.01171815067921 0
0 1.003706404480708 0
0 0.9960168719264015 0
0 0.9881507618760799 0
0 0.9798998635420408 0
0 0.9714270070415453 0
0 0.9617009761329732 0
0 0.9558504880664866 0
0 0.9665639915872593 0
0 0.975663435291793 0
0 0.9840253127090604 0
0 0.9920838169012407 0
0 0.9998616382035546 0
0 1.007712277579959 0
0 1.01590964305455 0
0 1.024367543096088 0
0 1.033494629488262 0
0 1.044177654107119 0
1 3 0 49
83
84
85
86
87
88
89
90
91
92
93
94
95
96
97
98
99
100
101
102
103
104
105
106
107
108
109
110
111
112
113
114
115
116
117
118
119
120
121
122
123
124
125
126
127
128
129
130
131
0.7682888349179863 0.95 0
0.0617135364243799 0.95 0
0.1143981417226254 0.95 0
0.172086052790635 0.95 0
0.2315427209664839 0.95 0
0.2914566550672597 0.95 0
0.3509786731258282 0.95 0
0.4107183436572829 0.95 0
0.4705781742111103 0.95 0
0.530231615314835 0.95 0
0.5897606281810077 0.95 0
0.6494084639205255 0.95 0
0.708941407763009 0.95 0
0.01871106965023298 0.95 0
0.8274522965712121 0.95 0
0.8864811056807004 0.95 0
0.9456355569002639 0.95 0
1.004582453028812 0.95 0
1.062805501929557 0.95 0
1.120130226598721 0.95 0
1.177012035236008 0.95 0
1.234620667617397 0.95 0
1.291732462142653 0.95 0
1.342219145255605 0.95 0
1.382388431874149 0.95 0
0.03742213930046595 0.95 0
0.08600493354829385 0.95 0
0.1427913498969569 0.95 0
0.2013807556843132 0.95 0
0.2617046862486547 0.95 0
0.3212086238858646 0.95 0
0.3807487223657918 0.95 0
0.440687964948774 0.95 0
0.5004683834734465 0.95 0
0.5599948471562236 0.95 0
0.6195264092057918 0.95 0
0.6792905186352594 0.95 0
0.7385922968907584 0.95 0
0.7979853729452141 0.95 0
0.8569192201972102 0.95 0
0.9160429911641905 0.95 0
0.9752281226363372 0.95 0
1.033936783421287 0.95 0
1.091674220437826 0.95 0
1.148586232759615 0.95 0
1.205437837712401 0.95 0
1.263803497522393 0.95 0
1.319661426762913 0.95 0
1.364776863748298 0.95 0
1 4 0 21
132
133
134
135
136
137
138
139
140
141
142
143
144
145
146
147
148
149
150
151
152
1.4 1.03779440346212 0
1.4 1.02764443965075 0
1.4 1.018857906255135 0
1.4 1.010458050836786 0
1.4 1.002494518300111 0
1.4 0.9948245999872444 0
1.4 0.987293082777482 0
1.4 0.9797124350003334 0
1.4 0.9716465678304747 0
1.4 0.962188026730619 0
1.4 0.9560940133653095 0
1.4 0.9669172972805469 0
1.4 0.975679501415404 0
1.4 0.9835027588889077 0
1.4 0.9910588413823631 0
1.4 0.9986595591436778 0
1.4 1.006476284568449 0
1.4 1.01465797854596 0
1.4 1.023251172952942 0
1.4 1.032719421556435 0
1.4 1.04389720173106 0
1 5 0 65
153
154
155
156
157
158
159
160
161
162
163
164
165
166
167
168
169
170
171
172
173
174
175
176
177
178
179
180
181
182
183
184
185
186
187
188
189
190
191
192
193
194
195
196
197
198
199
200
201
202
203
204
205
206
207
208
209
210
211
212
213
214
215
216
217
1.82225825316725 1.05 0
2.294966921709192 1.05 0
2.212683495044162 1.05 0
2.147023335797424 1.05 0
2.090069850822774 1.05 0
2.035132556147591 1.05 0
1.981291381904273 1.05 0
1.928984827469622 1.05 0
1.876186844470102 1.05 0
2.397483780352348 1.05 0
1.768244022236063 1.05 0
1.714206412623525 1.05 0
1.659983427266672 1.05 0
1.605649787867462 1.05 0
1.551210347815577 1.05 0
1.498478735235549 1.05 0
1.452580048801678 1.05 0
1.41610078765175 1.05 0
2.521399476976847 1.05 0
2.669784606351795 1.05 0
2.84619304261374 1.05 0
3.054656282706189 1.05 0
3.303863486773052 1.05 0
3.601705611038453 1.05 0
3.941783840455726 1.05 0
4.306420861703405 1.05 0
4.681162511312743 1.05 0
5.058992834214916 1.05 0
5.437427709686075 1.05 0
5.815696870340039 1.05 0
6.190764168561977 1.05 0
6.540508395349462 1.05 0
6.852102806368384 1.05 0
1.432201575303499 1.05 0
1.472958522299856 1.05 0
1.523998948171243 1.05 0
1.578421747459911 1.05 0
1.632877828275013 1.05 0
1.68708902625833 1.05 0
1.741323798988719 1.05 0
1.795164245483408 1.05 0
1.849352260851093 1.05 0
1.90302142808911 1.05 0
1.954948226850135 1.05 0
2.007634536958411 1.05 0
2.062630575336771 1.05 0
2.117509126308777 1.05 0
2.17653754528607 1.05 0
2.248829444802254 1.05 0
2.34110439861613 1.05 0
2.453863162088567 1.05 0
2.588935791865126 1.05 0
2.750633420838464 1.05 0
2.941752664389015 1.05 0
3.167559901023363 1.05 0
3.44016707252274 1.05 0
3.763244149554166 1.05 0
4.120323531357287 1.05 0
4.492518192049523 1.05 0
4.869806830575963 1.05 0
5.248178837853869 1.05 0
5.626676581518281 1.05 0
6.004717159161798 1.05 0
6.376811177962155 1.05 0
6.704205612736768 1.05 0
1 6 0 65
218
219
220
221
222
223
224
225
226
227
228
229
230
231
232
233
234
235
236
237
238
239
240
241
242
243
244
245
246
247
248
249
250
251
252
253
254
255
256
257
258
259
260
261
262
263
264
265
266
267
268
269
270
271
272
273
274
275
276
277
278
279
280
281
282
1.819513961098683 0.95 0
2.294080085944045 0.95 0
2.212026399696713 0.95 0
2.146457656335844 0.95 0
2.089475761461975 0.95 0
2.035075520239604 0.95 0
1.981308749183953 0.95 0
1.927495450271255 0.95 0
1.873579177585443 0.95 0
2.395785909236802 0.95 0
1.765481924257865 0.95 0
1.711977439778465 0.95 0
1.658689622058844 0.95 0
1.60521167077825 0.95 0
1.552125821582772 0.95 0
1.500208507619383 0.95 0
1.453682295296918 0.95 0
1.416353523776154 0.95 0
2.51824013733071 0.95 0
2.664877083443901 0.95 0
2.839949923023089 0.95 0
3.050949720583211 0.95 0
3.312371842332785 0.95 0
3.628701432838295 0.95 0
3.982127026089471 0.95 0
4.351486214264032 0.95 0
4.725871691812344 0.95 0
5.101310557587788 0.95 0
5.476918737035447 0.95 0
5.852183026368913 0.95 0
6.221258981029891 0.95 0
6.560575693135391 0.95 0
6.859127234087396 0.95 0
1.432707047552307 0.95 0
1.47465754304153 0.95 0
1.525759472197236 0.95 0
1.578492170968308 0.95 0
1.631931170588193 0.95 0
1.685448073529495 0.95 0
1.738506806027434 0.95 0
1.792457042488295 0.95 0
1.84657087970907 0.95 0
1.900587475461816 0.95 0
1.954403425080694 0.95 0
2.008214073287211 0.95 0
2.061936967191997 0.95 0
2.117014555731951 0.95 0
2.175900756939737 0.95 0
2.24815204245369 0.95 0
2.3400081294344 0.95 0
2.451563689039204 0.95 0
2.584916585622216 0.95 0
2.744837581265586 0.95 0
2.935062264780592 0.95 0
3.166837176385829 0.95 0
3.457906508279741 0.95 0
3.799496357396849 0.95 0
4.164757694782093 0.95 0
4.538214733745971 0.95 0
4.913528649878717 0.95 0
5.289092465296859 0.95 0
5.664745008774036 0.95 0
6.039621043963791 0.95 0
6.40289691809599 0.95 0
6.718254468174791 0.95 0
1 7 0 21
283
284
285
286
287
288
289
290
291
292
293
294
295
296
297
298
299
300
301
302
303
7 0.9546418512054116 0
7 1.045170739281079 0
7 1.035867312118768 0
7 1.027039865027861 0
7 1.018272362442038 0
7 1.009325199351262 0
7 1.000104328476231 0
7 0.9908122097347771 0
7 0.9817655317877689 0
7 0.972843442233974 0
7 0.9638237720095573 0
7 0.9592837024108232 0
7 0.9683638416082914 0
7 0.9773230428596567 0
7 0.9862080207158812 0
7 0.9954163987536732 0
7 1.004792258198789 0
7 1.013858140503734 0
7 1.022686584380343 0
7 1.031393145675379 0
7 1.040341478562158 0
1 8 0 37
304
305
306
307
308
309
310
311
312
313
314
315
316
317
318
319
320
321
322
323
324
325
326
327
328
329
330
331
332
333
334
335
336
337
338
339
340
1.4 0.9161033550385571 0
1.4 0.8695427046939422 0
1.4 0.8186669828198332 0
1.4 0.7676674821663004 0
1.4 0.7171234451239371 0
1.4 0.6675176328207602 0
1.4 0.6179603161831697 0
1.4 0.5672582260219757 0
1.4 0.5153187671484913 0
1.4 0.4632676562299037 0
1.4 0.4115067775534182 0
1.4 0.3597783582912789 0
1.4 0.307832755598258 0
1.4 0.2561903024628026 0
1.4 0.2047610825534433 0
1.4 0.1535618128249667 0
1.4 0.1024294781883554 0
1.4 0.05099247342792448 0
1.4 0.02549623671396224 0
1.4 0.07671097580813996 0
1.4 0.1279956455066611 0
1.4 0.179161447689205 0
1.4 0.230475692508123 0
1.4 0.2820115290305303 0
1.4 0.3338055569447684 0
1.4 0.3856425679223485 0
1.4 0.4373872168916609 0
1.4 0.4892932116891975 0
1.4 0.5412884965852336 0
1.4 0.5926092711025728 0
1.4 0.6427389745019649 0
1.4 0.6923205389723486 0
1.4 0.7423954636451188 0
1.4 0.7931672324930668 0
1.4 0.8441048437568877 0
1.4 0.8928230298662496 0
1.4 0.9330516775192785 0
1 9 0 19
341
342
343
344
345
346
347
348
349
350
351
352
353
354
355
356
357
358
359
0 0.9147805086721993 0
0 0.8653632846169924 0
0 0.7988974770466839 0
0 0.7212591675216194 0
0 0.633532004324617 0
0 0.5348913043638679 0
0 0.4249396474949653 0
0 0.3004162411367632 0
0 0.1583917046339031 0
0 0.07919585231695153 0
0 0.2294039728853332 0
0 0.3626779443158643 0
0 0.4799154759294166 0
0 0.5842116543442424 0
0 0.6773955859231182 0
0 0.7600783222841516 0
0 0.8321303808318381 0
0 0.8900718966445959 0
0 0.9323902543360996 0
1 10 0 49
360
361
362
363
364
365
366
367
368
369
370
371
372
373
374
375
376
377
378
379
380
381
382
383
384
385
386
387
388
389
390
391
392
393
394
395
396
397
398
399
400
401
402
403
404
405
406
407
408
0.9189523950400637 0 0
0.1897936471531697 0 0
0.3055694385307344 0 0
0.4061750903790339 0 0
0.4898852572426021 0 0
0.5597344030623105 0 0
0.618529138068149 0 0
0.6683900860833639 0 0
0.7129497602034711 0 0
0.7552880082581259 0 0
0.7963322545185121 0 0
0.8366912867763787 0 0
0.8774244477164737 0 0
0.06439069867779912 0 0
0.9610985181566505 0 0
1.003386066716423 0 0
1.045236424905782 0 0
1.087120325820223 0 0
1.129750354611997 0 0
1.172723607291984 0 0
1.215424558681863 0 0
1.257667048490321 0 0
1.29926970395516 0 0
1.340016207921235 0 0
1.380077617723439 0 0
0.1287813973555982 0 0
0.2508058969507412 0 0
0.3603329801107276 0 0
0.4520172006473402 0 0
0.5277533138378641 0 0
0.5917154922867569 0 0
0.645342783849541 0 0
0.6914373883171868 0 0
0.7344621320897555 0 0
0.7761138844264964 0 0
0.8165506246105279 0 0
0.8568319489422297 0 0
0.8980169464907175 0 0
0.9398878435894098 0 0
0.9823091927238913 0 0
1.024462940708955 0 0
1.066009909102608 0 0
1.108230742537838 0 0
1.151269966686155 0 0
1.194177247897812 0 0
1.236671869465914 0 0
1.278662227514728 0 0
1.319877180395591 0 0
1.360155235446878 0 0
1 11 0 21
409
410
411
412
413
414
415
416
417
418
419
420
421
422
423
424
425
426
427
428
429
0 1.862698648386336 0
0 1.733623130154863 0
0 1.614692485170721 0
0 1.50764556847143 0
0 1.412071330061371 0
0 1.326251399132775 0
0 1.250137964848506 0
0 1.183630614552658 0
0 1.125902672654465 0
0 1.08203426744929 0
0 1.066017133724645 0
0 1.103968470051877 0
0 1.154766643603562 0
0 1.216884289700582 0
0 1.28819468199064 0
0 1.369161364597073 0
0 1.459858449266401 0
0 1.561169026821076 0
0 1.674157807662792 0
0 1.7981608892706 0
0 1.931349324193168 0
1 12 0 37
430
431
432
433
434
435
436
437
438
439
440
441
442
443
444
445
446
447
448
449
450
451
452
453
454
455
456
457
458
459
460
461
462
463
464
465
466
1.4 1.950234060755067 0
1.4 1.900330065464183 0
1.4 1.849954950280141 0
1.4 1.799667625214062 0
1.4 1.748086186653015 0
1.4 1.696699372659003 0
1.4 1.645545568565735 0
1.4 1.593614465869869 0
1.4 1.542153236057746 0
1.4 1.491078321346379 0
1.4 1.439960506704937 0
1.4 1.387868021943016 0
1.4 1.335518113888129 0
1.4 1.282908773468324 0
1.4 1.230540662602694 0
1.4 1.180017444510411 0
1.4 1.129200127790131 0
1.4 1.083127870046875 0
1.4 1.066563935023437 0
1.4 1.106163998918503 0
1.4 1.154608786150271 0
1.4 1.205279053556553 0
1.4 1.256724718035509 0
1.4 1.309213443678227 0
1.4 1.361693067915572 0
1.4 1.413914264323976 0
1.4 1.465519414025658 0
1.4 1.516615778702063 0
1.4 1.567883850963808 0
1.4 1.619580017217802 0
1.4 1.671122470612369 0
1.4 1.722392779656009 0
1.4 1.773876905933538 0
1.4 1.824811287747102 0
1.4 1.875142507872162 0
1.4 1.925282063109625 0
1.4 1.975117030377534 0
1 13 0 49
467
468
469
470
471
472
473
474
475
476
477
478
479
480
481
482
483
484
485
486
487
488
489
490
491
492
493
494
495
496
497
498
499
500
501
502
503
504
505
506
507
508
509
510
511
512
513
514
515
1.359447371945758 2 0
1.317428635740889 2 0
1.274176465510742 2 0
1.231021512816645 2 0
1.188371138512074 2 0
1.145788107001095 2 0
1.103482599268695 2 0
1.061020227638875 2 0
1.018328887688103 2 0
0.9753956113690643 2 0
0.9317550411654129 2 0
0.8883592997944887 2 0
0.8460222367728979 2 0
0.8035867019286398 2 0
0.7604105076479882 2 0
0.7162458757683882 2 0
0.6704687372513025 2 0
0.6210361665847869 2 0
0.5638745598257573 2 0
0.496847398209458 2 0
0.4196628089347378 2 0
0.3310747847624718 2 0
0.2291409228121781 2 0
0.1180714446135598 2 0
0.8248044693507688 2 0
0.7819986047883141 2 0
0.7383281917081882 2 0
0.6933573065098453 2 0
0.6457524519180446 2 0
0.592455363205272 2 0
0.5303609790176076 2 0
0.4582551035720979 2 0
0.3753687968486048 2 0
0.2801078537873249 2 0
0.1736061837128689 2 0
0.05903572230677989 2 0
0.8671907682836932 2 0
0.9100571704799507 2 0
0.9535753262672386 2 0
0.9968622495285835 2 0
1.039674557663489 2 0
1.082251413453785 2 0
1.124635353134895 2 0
1.167079622756585 2 0
1.20969632566436 2 0
1.252598989163694 2 0
1.295802550625816 2 0
1.338438003843323 2 0
1.379723685972879 2 0
1 14 0 65
516
517
518
519
520
521
522
523
524
525
526
527
528
529
530
531
532
533
534
535
536
537
538
539
540
541
542
543
544
545
546
547
548
549
550
551
552
553
554
555
556
557
558
559
560
561
562
563
564
565
566
567
568
569
570
571
572
573
574
575
576
577
578
579
580
1.811163179158044 0 0
2.214745010361964 0 0
2.153835750250437 0 0
2.101394113770603 0 0
2.052019190054423 0 0
2.003582037208127 0 0
1.955024618838365 0 0
1.906382697280407 0 0
1.858456982267284 0 0
2.291551030299997 0 0
1.763505842070141 0 0
1.714718423741473 0 0
1.664942947553377 0 0
1.615425190163951 0 0
1.566947035215619 0 0
1.518751303629606 0 0
1.470585231620999 0 0
1.423300300772241 0 0
2.390014772945243 0 0
2.514879047430688 0 0
2.6743630556405 0 0
2.880335032128224 0 0
3.139695370100742 0 0
3.451523191121962 0 0
3.806985001681237 0 0
4.185733418277856 0 0
4.568801928174205 0 0
4.94972320698918 0 0
5.328395320402148 0 0
5.705536178572034 0 0
6.081030689828076 0 0
6.452438609995127 0 0
6.818288917827147 0 0
1.446600601544481 0 0
1.494569861697517 0 0
1.542932745561696 0 0
1.590961324869542 0 0
1.63988905545836 0 0
1.689996839648394 0 0
1.739440007834551 0 0
1.78757167630573 0 0
1.834754682010357 0 0
1.882159282524211 0 0
1.930606112036604 0 0
1.979443125640127 0 0
2.027720948776128 0 0
2.076317431332718 0 0
2.126470796208487 0 0
2.181200704292387 0 0
2.248289316431542 0 0
2.334812744168453 0 0
2.445216801722033 0 0
2.584541293139342 0 0
2.764184818141658 0 0
2.99648524611479 0 0
3.282905494086694 0 0
3.620140888157231 0 0
3.993829115205243 0 0
4.377637721350468 0 0
4.759966134997941 0 0
5.13948027898042 0 0
5.517310361823877 0 0
5.893761995320191 0 0
6.268299384335959 0 0
6.636577835654294 0 0
1 15 0 5
581
582
583
584
585
7 0.158333333333333 0
7 0.4749999999999995 0
7 0.7916666666666665 0
7 0.3166666666666661 0
7 0.633333333333333 0
1 16 0 5
586
587
588
589
590
7 1.208333333333333 0
7 1.524999999999999 0
7 1.841666666666666 0
7 1.366666666666666 0
7 1.683333333333333 0
1 17 0 65
591
592
593
594
595
596
597
598
599
600
601
602
603
604
605
606
607
608
609
610
611
612
613
614
615
616
617
618
619
620
621
622
623
624
625
626
627
628
629
630
631
632
633
634
635
636
637
638
639
640
641
642
643
644
645
646
647
648
649
650
651
652
653
654
655
6.627629232391948 2 0
6.25262972399605 2 0
5.873229664987733 2 0
5.492450058231449 2 0
5.110225715831745 2 0
4.725893563935966 2 0
4.33911825318243 2 0
3.950401660116538 2 0
3.571300002427042 2 0
3.230182296496171 2 0
2.952839464721239 2 0
2.735709598130567 2 0
2.567460169789197 2 0
2.432786983808756 2 0
2.324869767967497 2 0
2.243198212136415 2 0
2.178968359870967 2 0
2.124566424473239 2 0
2.074513943367501 2 0
2.025149533057954 2 0
1.975788884399345 2 0
1.926476305549387 2 0
1.876996956101512 2 0
1.827453353096681 2 0
1.77805242305986 2 0
1.728982080993213 2 0
1.680694381040649 2 0
1.633448804092624 2 0
1.587194655426233 2 0
1.540513584133996 2 0
1.493230892841076 2 0
1.446391797295678 2 0
2.151767392172103 2 0
2.09954018392037 2 0
2.049831738212727 2 0
2.000469208728649 2 0
1.951132594974366 2 0
1.901736630825449 2 0
1.852225154599097 2 0
1.80275288807827 2 0
1.753517252026537 2 0
1.704838231016931 2 0
1.657071592566636 2 0
1.610321729759428 2 0
1.563854119780114 2 0
1.516872238487536 2 0
1.469811345068377 2 0
1.423195898647839 2 0
3.76085083127179 2 0
6.813814616195974 2 0
6.440129478193999 2 0
6.062929694491892 2 0
5.68283986160959 2 0
5.301337887031597 2 0
4.918059639883856 2 0
4.532505908559198 2 0
4.144759956649484 2 0
2.21108328600369 2 0
3.400741149461607 2 0
3.091510880608705 2 0
2.844274531425903 2 0
2.651584883959882 2 0
2.500123576798977 2 0
2.378828375888126 2 0
2.284033990051956 2 0
2 1 0 1029
656
657
658
659
660
661
662
663
664
665
666
667
668
669
670
671
672
673
674
675
676
677
678
679
680
681
682
683
684
685
686
687
688
689
690
691
692
693
694
695
696
697
698
699
700
701
702
703
704
705
706
707
708
709
710
711
712
713
714
715
716
717
718
719
720
721
722
723
724
725
726
727
728
729
730
731
732
733
734
735
736
737
738
739
740
741
742
743
744
745
746
747
748
749
750
751
752
753
754
755
756
757
758
759
760
761
762
763
764
765
766
767
768
769
770
771
772
773
774
775
776
777
778
779
780
781
782
783
784
785
786
787
788
789
790
791
792
793
794
795
796
797
798
799
800
801
802
803
804
805
806
807
808
809
810
811
812
813
814
815
816
817
818
819
820
821
822
823
824
825
826
827
828
829
830
831
832
833
834
835
836
837
838
839
840
841
842
843
844
845
846
847
848
849
850
851
852
853
854
855
856
857
858
859
860
861
862
863
864
865
866
867
868
869
870
871
872
873
874
875
876
877
878
879
880
881
882
883
884
885
886
887
888
889
890
891
892
893
894
895
896
897
898
899
900
901
902
903
904
905
906
907
908
909
910
911
912
913
914
915
916
917
918
919
920
921
922
923
924
925
926
927
928
929
930
931
932
933
934
935
936
937
938
939
940
941
942
943
944
945
946
947
948
949
950
951
952
953
954
955
956
957
958
959
960
961
962
963
964
965
966
967
968
969
970
971
972
973
974
975
976
977
978
979
980
981
982
983
984
985
986
987
988
989
990
991
992
993
994
995
996
997
998
999
1000
1001
1002
1003
1004
1005
1006
1007
1008
1009
1010
1011
1012
1013
1014
1015
1016
1017
1018
1019
1020
1021
1022
1023
1024
1025
1026
1027
1028
1029
1030
1031
1032
1033
1034
1035
1036
1037
1038
1039
1040
1041
1042
1043
1044
1045
1046
1047
1048
1049
1050
1051
1052
1053
1054
1055
1056
1057
1058
1059
1060
1061
1062
1063
1064
1065
1066
1067
1068
1069
1070
1071
1072
1073
1074
1075
1076
1077
1078
1079
1080
1081
1082
1083
1084
1085
1086
1087
1088
1089
1090
1091
1092
1093
1094
1095
1096
1097
1098
1099
1100
1101
1102
1103
1104
1105
1106
1107
1108
1109
1110
1111
1112
1113
1114
1115
1116
1117
1118
1119
1120
1121
1122
1123
1124
1125
1126
1127
1128
1129
1130
1131
1132
1133
1134
1135
1136
1137
1138
1139
1140
1141
1142
1143
1144
1145
1146
1147
1148
1149
1150
1151
1152
1153
1154
1155
1156
1157
1158
1159
1160
1161
1162
1163
1164
1165
1166
1167
1168
1169
1170
1171
1172
1173
1174
1175
1176
1177
1178
1179
1180
1181
1182
1183
1184
1185
1186
1187
1188
1189
1190
1191
1192
1193
1194
1195
1196
1197
1198
1199
1200
1201
1202
1203
1204
1205
1206
1207
1208
1209
1210
1211
1212
1213
1214
1215
1216
1217
1218
1219
1220
1221
1222
1223
1224
1225
1226
1227
1228
1229
1230
1231
1232
1233
1234
1235
1236
1237
1238
1239
1240
1241
1242
1243
1244
1245
1246
1247
1248
1249
1250
1251
1252
1253
1254
1255
1256
1257
1258
1259
1260
1261
1262
1263
1264
1265
1266
1267
1268
1269
1270
1271
1272
1273
1274
1275
1276
1277
1278
1279
1280
1281
1282
1283
1284
1285
1286
1287
1288
1289
1290
1291
1292
1293
1294
1295
1296
1297
1298
1299
1300
1301
1302
1303
1304
1305
1306
1307
1308
1309
1310
1311
1312
1313
1314
1315
1316
1317
1318
1319
1320
1321
1322
1323
1324
1325
1326
1327
1328
1329
1330
1331
1332
1333
1334
1335
1336
1337
1338
1339
1340
1341
1342
1343
1344
1345
1346
1347
1348
1349
1350
1351
1352
1353
1354
1355
1356
1357
1358
1359
1360
1361
1362
1363
1364
1365
1366
1367
1368
1369
1370
1371
1372
1373
1374
1375
1376
1377
1378
1379
1380
1381
1382
1383
1384
1385
1386
1387
1388
1389
1390
1391
1392
1393
1394
1395
1396
1397
1398
1399
1400
1401
1402
1403
1404
1405
1406
1407
1408
1409
1410
1411
1412
1413
1414
1415
1416
1417
1418
1419
1420
1421
1422
1423
1424
1425
1426
1427
1428
1429
1430
1431
1432
1433
1434
1435
1436
1437
1438
1439
1440
1441
1442
1443
1444
1445
1446
1447
1448
1449
1450
1451
1452
1453
1454
1455
1456
1457
1458
1459
1460
1461
1462
1463
1464
1465
1466
1467
1468
1469
1470
1471
1472
1473
1474
1475
1476
1477
1478
1479
1480
1481
1482
1483
1484
1485
1486
1487
1488
1489
1490
1491
1492
1493
1494
1495
1496
1497
1498
1499
1500
1501
1502
1503
1504
1505
1506
1507
1508
1509
1510
1511
1512
1513
1514
1515
1516
1517
1518
1519
1520
1521
1522
1523
1524
1525
1526
1527
1528
1529
1530
1531
1532
1533
1534
1535
1536
1537
1538
1539
1540
1541
1542
1543
1544
1545
1546
1547
1548
1549
1550
1551
1552
1553
1554
1555
1556
1557
1558
1559
1560
1561
1562
1563
1564
1565
1566
1567
1568
1569
1570
1571
1572
1573
1574
1575
1576
1577
1578
1579
1580
1581
1582
1583
1584
1585
1586
1587
1588
1589
1590
1591
1592
1593
1594
1595
1596
1597
1598
1599
1600
1601
1602
1603
1604
1605
1606
1607
1608
1609
1610
1611
1612
1613
1614
1615
1616
1617
1618
1619
1620
1621
1622
1623
1624
1625
1626
1627
1628
1629
1630
1631
1632
1633
1634
1635
1636
1637
1638
1639
1640
1641
1642
1643
1644
1645
1646
1647
1648
1649
1650
1651
1652
1653
1654
1655
1656
1657
1658
1659
1660
1661
1662
1663
1664
1665
1666
1667
1668
1669
1670
1671
1672
1673
1674
1675
1676
1677
1678
1679
1680
1681
1682
1683
1684
1.362670113233587 1.040592998447392 0
1.316996036963157 1.040870221189141 0
1.262418406244918 1.040903904495201 0
1.204438206734085 1.040908407893731 0
1.145473364016536 1.040909120350833 0
1.086336140807106 1.040909203904752 0
1.027078490205998 1.040909159140426 0
0.9677370378623931 1.040909128544268 0
0.9084832997037506 1.040909088841861 0
0.8495351967896816 1.040909027911018 0
0.7914065115659167 1.040908949828833 0
0.7345127137277063 1.040908923522499 0
0.6772724978216297 1.040908969349542 0
0.6188721776960866 1.040909060102906 0
0.5589012436216614 1.040909133725974 0
0.4985574162364512 1.040909127193047 0
0.4384675151574609 1.040909113915655 0
0.3784255842630729 1.040909101567172 0
0.318560929584067 1.040909090182975 0
0.2592290359616254 1.040909070518454 0
0.2000369557256078 1.040909113852222 0
0.1407668768257847 1.040908519011318 0
0.0849546695324102 1.040896854116263 0
0.03844350545309097 1.040728241868507 0
1.361386078185109 1.031308240125993 0
1.315814255449652 1.031750637405326 0
1.26202076162207 1.03180847753324 0
1.20445009940433 1.031816850600124 0
1.145767333061261 1.031818213308191 0
1.086838727594563 1.031818388928154 0
1.027729560478011 1.031818308843104 0
0.9684780869418582 1.031818251069696 0
0.9092662187474101 1.031818178306525 0
0.850338738616029 1.031818073069418 0
0.7921288736809933 1.031817912073575 0
0.7348779662352154 1.031817878298393 0
0.6773607970326043 1.031817957243078 0
0.6188204688282481 1.031818121982382 0
0.5589777353311358 1.031818255330331 0
0.4987569403636554 1.031818248490493 0
0.438691483512894 1.031818223914173 0
0.3786856616385975 1.031818201701255 0
0.3188663205803599 1.031818181764633 0
0.259479569296267 1.0318181424268 0
0.2002735380863907 1.031818206202972 0
0.1414674712697613 1.031817191697251 0
0.08639899193533851 1.031799326327473 0
0.03976443197969925 1.031546941891875 0
1.360551874414413 1.02214662101807 0
1.315014557944832 1.022642505912428 0
1.261748483009334 1.022714110502266 0
1.204492703342358 1.022725381397639 0
1.146064492576256 1.022727282151393 0
1.087343280152551 1.02272754760265 0
1.028382150972448 1.02272744727454 0
0.9692158512383066 1.022727364270394 0
0.9100395100325743 1.02272726769237 0
0.8511181298164328 1.022727135072792 0
0.7928167670679125 1.022726920743465 0
0.735258667161269 1.022726872994166 0
0.6774866745991334 1.022726975397958 0
0.6188162838716607 1.022727189630008 0
0.5590646685883793 1.02272736363023 0
0.4989486805863863 1.022727361677808 0
0.4389141158017048 1.022727328225642 0
0.3789399738447261 1.022727300725721 0
0.3191556005333956 1.022727272604203 0
0.2597260529165573 1.022727216142656 0
0.2005084627313509 1.022727278093577 0
0.1420409297035835 1.022726110958784 0
0.0874621363723084 1.022707601132294 0
0.04068190511130858 1.022454125175087 0
1.360054843901476 1.013093502497856 0
1.314533485049154 1.01354581565929 0
1.261596372873038 1.013621035954185 0
1.204564288622792 1.013634053757605 0
1.14636575022023 1.013636343514305 0
1.087851169683713 1.01363667942743 0
1.029037889537641 1.013636575563655 0
0.9699521609107145 1.013636467675913 0
0.9108050403068886 1.013636356389036 0
0.8518790320590748 1.013636208721421 0
0.7934809944577649 1.013635976672965 0
0.7356513357113571 1.01363590557917 0
0.6776423577728986 1.013636021183594 0
0.6188481307885578 1.01363626381983 0
0.5591606844114176 1.013636461918828 0
0.4991357886841765 1.013636466624136 0
0.4391354595934049 1.013636426475945 0
0.3791888654248189 1.013636398938746 0
0.3194329662964089 1.013636361317092 0
0.2599685284054584 1.013636292139273 0
0.2007306575644011 1.013636339588053 0
0.1424965218520939 1.013635287526543 0
0.08821412993452851 1.013620890213041 0
0.04128960135881742 1.013433313840092 0
1.359837365018415 1.004123516598956 0
1.314338086240592 1.004459215750293 0
1.261561630097366 1.004529330927082 0
1.204662718809618 1.004542908204303 0
1.146671646480076 1.004545409569114 0
1.088363921265225 1.004545786972008 0
1.029698637352643 1.004545692933807 0
0.9706887317626132 1.004545561812262 0
0.911564267913006 1.004545444287329 0
0.8526254415431048 1.004545292499459 0
0.7941297506665826 1.004545060302299 0
0.7360536545528049 1.004544973115307 0
0.6778226831783952 1.004545092691256 0
0.6189071607007463 1.004545343797997 0
0.5592646826414244 1.004545552508064 0
0.4993205413113152 1.004545563742831 0
0.4393557042591717 1.00454551919538 0
0.3794324327311476 1.004545495758739 0
0.3197012888608521 1.004545448712115 0
0.2602073719886409 1.004545371192384 0
0.2009319466599216 1.004545399414053 0
0.1428405866095406 1.004544659173572 0
0.08869407036046646 1.004537559540469 0
0.0416342587828594 1.004460164161106 0
1.359873607317132 0.995203300014227 0
1.314413718667104 0.9953802568851815 0
1.26164221854417 0.9954389375428478 0
1.204784588885047 0.9954519644551179 0
1.146982298165753 0.9954544883907158 0
1.088883240087614 0.9954548737813853 0
1.030366546937045 0.9954547970855905 0
0.9714272910715933 0.9954546480427512 0
0.9123184101326625 0.9954545319015615 0
0.8533603241632586 0.9954543862658607 0
0.7947688500167541 0.9954541688852552 0
0.7364639963721491 0.9954540722917836 0
0.6780240076576483 0.9954541881201655 0
0.6189870165564023 0.9954544306317539 0
0.559375625303937 0.995454637267248 0
0.4995046800948201 0.9954546536318042 0
0.4395751923039456 0.9954546071478874 0
0.3796705593706193 0.9954545902084965 0
0.3199626360488768 0.9954545359384949 0
0.260443567475572 0.9954544548826977 0
0.2011061659922075 0.9954544637122584 0
0.1430788185698181 0.9954541216198369 0
0.08892330182832207 0.9954554240649779 0
0.041734167276241 0.9955045532792929 0
1.360159705437914 0.986293549365228 0
1.314762090649889 0.9863058274327 0
1.261837108353096 0.9863496978091449 0
1.204924537490545 0.9863612232469305 0
1.147297403196583 0.9863635845280807 0
1.089411102373115 0.9863639418580944 0
1.031044184247119 0.9863638848430712 0
0.9721696830770195 0.9863637283160328 0
0.913068512803306 0.9863636203852165 0
0.8540859287101431 0.9863634900097865 0
0.7954030741052504 0.9863633000869264 0
0.7368810978241012 0.986363200842744 0
0.6782437616790163 0.9863633066753107 0
0.6190824884062041 0.986363525507406 0
0.5594924436653305 0.9863637177843882 0
0.4996896554285035 0.9863637366946661 0
0.4397944332743958 0.9863636909440637 0
0.3799028700591925 0.9863636809650815 0
0.320218572424005 0.9863636242519892 0
0.260678985436266 0.9863635453337576 0
0.2012483447594592 0.9863635357589032 0
0.1432145888383298 0.9863635623813634 0
0.08890854947049119 0.986372167724775 0
0.04158695583091774 0.98653346772396 0
1.360713553499898 0.9773519136435924 0
1.315401899915965 0.97723272437151 0
1.262147535287889 0.9772613983008203 0
1.2050744518089 0.9772706782482385 0
1.147616290005859 0.9772726945750946 0
1.089949957460904 0.9772729916391006 0
1.031734757041655 0.9772729527905029 0
0.9729179972509678 0.9772728041662232 0
0.9138154645822171 0.9772727106176702 0
0.8548039142793894 0.9772726033670709 0
0.7960368212310517 0.9772724516162051 0
0.7373038311096016 0.9772723585472228 0
0.6784802946261913 0.9772724484672015 0
0.6191889140390666 0.9772726292840251 0
0.559614011264952 0.9772727945502618 0
0.4998768273612849 0.9772728129043006 0
0.4400141396410598 0.9772727713821268 0
0.3801286239161465 0.9772727669775773 0
0.3204703188399102 0.977272715146023 0
0.2609167283399957 0.9772726440725281 0
0.2013537935872901 0.9772726209004646 0
0.1432507534014568 0.9772728875820587 0
0.08864298633048336 0.9772857941500601 0
0.04116868090814622 0.9775162996313421 0
1.361583848776695 0.9683381604008319 0
1.316372300397427 0.9681582641998144 0
1.262575159706367 0.968173810318676 0
1.205222480875556 0.9681803169304266 0
1.147938034517527 0.968181806932691 0
1.090503114087535 0.9681820213207258 0
1.032442534731255 0.9681819971374412 0
0.9736747669525636 0.9681818758055486 0
0.91455995892206 0.9681818033004654 0
0.8555153459582714 0.968181726298512 0
0.7966746617343907 0.9681816214004563 0
0.7377309899843064 0.9681815454081029 0
0.6787329315566801 0.9681816128717888 0
0.6193017296033726 0.9681817427549477 0
0.5597391266271485 0.96818186729186 0
0.5000676686298444 0.9681818822420627 0
0.4402352946113924 0.9681818494472114 0
0.3803465168636853 0.9681818479051514 0
0.320718823090179 0.968181809159817 0
0.2611616000280201 0.9681817525535784 0
0.2014166603828615 0.9681817295224477 0
0.1431907571326827 0.9681820468091999 0
0.08810586092434874 0.9681950103122893 0
0.04042401541017988 0.968428931353489 0
1.362869973628678 0.9592231763232568 0
1.317747108485942 0.9590807916519767 0
1.263123845629742 0.959086724656354 0
1.205351475063144 0.9590901130294688 0
1.148261633746953 0.9590909093507471 0
1.091075446578854 0.9590910237735021 0
1.03317360985081 0.9590910119567602 0
0.9744433123203975 0.95909094127928 0
0.9153024348432964 0.9590908997996601 0
0.856220594532148 0.9590908593369001 0
0.7973219383258142 0.9590908061448775 0
0.7381611100052786 0.9590907615138625 0
0.6790022655079194 0.9590907987052111 0
0.6194160722988141 0.9590908669390239 0
0.5598665170385079 0.9590909354392514 0
0.5002640263796038 0.9590909441530262 0
0.4404592726087032 0.959090925555332 0
0.3805543585897879 0.9590909248713185 0
0.3209647781262842 0.9590909047466698 0
0.2614208071011475 0.9590908721362501 0
0.2014295329742215 0.9590908599521285 0
0.1430374621473962 0.959091055556983 0
0.08725376294947809 0.9590995025426298 0
0.03924564553411417 0.9592567705364011 0
1.381603563656555 1.040004419398002 0
1.363544533173472 1.045281945001861 0
1.381951499578216 1.044967340843235 0
1.340446015091356 1.040801853775744 0
1.317763587231485 1.045433952377766 0
1.341034082498697 1.045397562544501 0
1.290105935225871 1.040895263036292 0
1.262667507342953 1.045451898196275 0
1.29044953012028 1.045447404426363 0
1.233556745101644 1.040907218951253 0
1.204444408358188 1.045454204856294 0
1.233629370945491 1.045453593789544 0
1.1749863220167 1.0409089293747 0
1.145327206529407 1.045454565970455 0
1.174903200695795 1.045454463407294 0
1.115915494367305 1.040909188495792 0
1.086085189366811 1.045454605309457 0
1.115711899420213 1.045454597754303 0
1.056718106627914 1.040909178570144 0
1.026753066120669 1.04545458122047 0
1.056424739635754 1.04545459057825 0
0.99741209327827 1.040909151873932 0
0.9673646580730081 1.045454565166022 0
0.9970608180687148 1.045454577324711 0
0.9381017207735894 1.040909112020927 0
0.908087513671866 1.045454544106693 0
0.9377208692803264 1.045454557079205 0
0.8789813302462649 1.040909087547776 0
0.8491220557589303 1.045454510232345 0
0.8785881184856528 1.045454543163328 0
0.8204189966700668 1.04090902553889 0
0.7910280892721935 1.045454469140642 0
0.8200434959932921 1.045454511645743 0
0.7629343372825814 1.040908917904028 0
0.734337334038903 1.045454456478453 0
0.7626671291863603 1.045454458712588 0
0.7059331486500979 1.040908926211445 0
0.6772457112719846 1.045454484586725 0
0.7058157863157708 1.04545445891737 0
0.6481432859422182 1.040909004058585 0
0.618920398924684 1.045454529386792 0
0.6481256509281025 1.045454502082204 0
0.5889359428629732 1.040909116850203 0
0.558867441193868 1.045454569087128 0
0.5889234463901009 1.045454560497772 0
0.528732965931587 1.04090914308245 0
0.4984534563966668 1.045454564526931 0
0.5286622344461089 1.045454571431075 0
0.4685055790342952 1.040909118431901 0
0.4383550519828308 1.045454557566448 0
0.4683999045151283 1.045454559245012 0
0.4084405979880567 1.040909110959704 0
0.3782932078016614 1.04545455101111 0
0.4083207576322272 1.045454555439703 0
0.3484746517108146 1.040909103958923 0
0.3184004380335018 1.045454544611552 0
0.3483357639414658 1.04545455284793 0
0.2888776142867603 1.040909077710194 0
0.2591022743033839 1.04545453488318 0
0.2887409262514255 1.045454538785742 0
0.2296254827548465 1.040909080466282 0
0.1999224834134943 1.045454561204993 0
0.2295097841567713 1.045454539679742 0
0.1702978329608484 1.04090911668047 0
0.1403644311633664 1.045454248435283 0
0.1700857032663954 1.045454554208841 0
0.1124651826698584 1.040906328116846 0
0.08405376180236956 1.045447772020854 0
0.1119765293017784 1.045453060394129 0
0.06110350935693402 1.040861725242601 0
0.0375783342899853 1.045353462471976 0
0.06044826868993675 1.045428591103877 0
0.01895987499141895 1.040281961662711 0
0.01861798259891728 1.045111575898053 0
1.381026582905505 1.030400835773469 0
1.361961433570063 1.035934940165268 0
1.381293554780651 1.035151579980514 0
1.339433742333739 1.031635806731862 0
1.316351705431917 1.036309049967917 0
1.339909553571863 1.036214209659533 0
1.289511517111299 1.031793002674805 0
1.262203431151731 1.036356079205929 0
1.289791450020628 1.036343751031142 0
1.233437054192777 1.031814540473392 0
1.204440047650583 1.036362627071492 0
1.233492032067126 1.036360852634865 0
1.175156483268678 1.031817831871614 0
1.145619992404443 1.036363677013713 0
1.175070597821162 1.036363382033553 0
1.116322344473544 1.031818353380092 0
1.086587245987215 1.036363803466584 0
1.116118915146098 1.036363770444654 0
1.057304480445003 1.031818343867726 0
1.027403911981811 1.036363736923636 0
1.057011273075889 1.036363762619796 0
0.998113784695368 1.031818292502572 0
0.9681081095028554 1.036363691994487 0
0.9977630389782626 1.036363721935356 0
0.938861234815566 1.031818217325415 0
0.9088761528779009 1.03636363322538 0
0.9384818557387775 1.036363664521762 0
0.8797626103263565 1.031818164786947 0
0.8499405746606671 1.036363544613983 0
0.8793728887592116 1.036363625159988 0
0.8211627166252431 1.031818046621898 0
0.7917727145071575 1.036363429985671 0
0.820792196408259 1.036363534193162 0
0.7634697154185641 1.031817877968928 0
0.7346930451552429 1.036363390606092 0
0.7632020170078239 1.036363393082932 0
0.7061765698067421 1.031817892701752 0
0.6773110552846615 1.036363455167924 0
0.7060532375372179 1.036363404532213 0
0.6481904627719149 1.031818025327512 0
0.6188396306385929 1.036363590867699 0
0.6481646735579443 1.036363514859044 0
0.5889686407591417 1.031818217868903 0
0.5589380251968755 1.036363698520659 0
0.588950806734678 1.036363668962621 0
0.5288745805966768 1.031818270620906 0
0.4986584377777105 1.036363689728732 0
0.5288037210880986 1.036363706554499 0
0.4687157566947139 1.031818232442283 0
0.4385796698462193 1.036363670245591 0
0.4686108766090342 1.036363675529443 0
0.4086790919696995 1.031818215627907 0
0.3785564045501681 1.036363651866903 0
0.4085600706764181 1.036363662904924 0
0.3487491466058666 1.031818202420058 0
0.3187160643050332 1.03636363578412 0
0.3486125200591079 1.036363653599734 0
0.2891486472362885 1.031818156841671 0
0.2593548255675633 1.036363605744273 0
0.2890135979148959 1.036363616848792 0
0.2298555961126637 1.03181815955136 0
0.2001546033599328 1.036363667213405 0
0.2297408530673087 1.03636362040674 0
0.170698275896068 1.031818174325394 0
0.1411338395359719 1.036362828557313 0
0.1705023107596638 1.036363636892009 0
0.1133472424354563 1.031813719382181 0
0.08573060776014377 1.036347353015243 0
0.1129235397348013 1.036359868139819 0
0.06226384165639933 1.031744582120723 0
0.03916314029497958 1.036126026401491 0
0.06171081496499566 1.036300138944165 0
0.01954722979205535 1.03089279579102 0
0.0192714162073582 1.035545295219262 0
1.380622041979985 1.021201824679377 0
1.360921497520155 1.026712651480362 0
1.380803559451229 1.025757606252021 0
1.338681338951601 1.022507797657838 0
1.315371483644051 1.0271951087019 0
1.339023587273633 1.027067026262629 0
1.289068778949865 1.022694152305857 0
1.261869408083828 1.02726114313861 0
1.289269852428019 1.027243115564281 0
1.233361932863589 1.022722165265868 0
1.204467553668491 1.027271105951915 0
1.233393302234404 1.02726830557128 0
1.175334477576003 1.022726738341367 0
1.145915422217342 1.027272754741104 0
1.175244354791054 1.027272282786216 0
1.116730172134964 1.022727485262032 0
1.087090648405918 1.027272976280505 0
1.116526046109167 1.027272922220558 0
1.057891935380018 1.022727495185306 0
1.028055545804648 1.027272880449919 0
1.057597960504305 1.027272920882989 0
0.9988153879476889 1.022727416436026 0
0.9688472656234517 1.027272810169066 0
0.9984645158117716 1.027272856518828 0
0.9396176263007898 1.022727314846263 0
0.9096539785910094 1.02727272295057 0
0.9392398010533205 1.027272766022631 0
0.8805356624285297 1.022727238703128 0
0.8507311587034698 1.027272600270711 0
0.8801501727520641 1.027272700721476 0
0.8218942450196107 1.02272707875774 0
0.7924767118055827 1.027272398573926 0
0.8215300055353543 1.027272561040004 0
0.764004245057433 1.022726877757718 0
0.7350665814409869 1.027272365607553 0
0.7637371699985074 1.027272373005552 0
0.7064339721225532 1.022726892492533 0
0.6774194357746885 1.027272459191654 0
0.7063034814095721 1.027272393103512 0
0.648257732385017 1.022727065577353 0
0.6188128669759736 1.027272653875134 0
0.6482215203338815 1.027272545664937 0
0.5890143922565416 1.022727310680491 0
0.5590199443375528 1.0272728126298 0
0.5889898363685362 1.02727276358094 0
0.5290170320842034 1.022727384198895 0
0.4988535869807774 1.027272807128422 0
0.5289456651272562 1.027272827021757 0
0.4689241509608907 1.022727340713484 0
0.438802972088916 1.027272777591312 0
0.4688201667456523 1.027272786671984 0
0.4089155323783641 1.02272731750828 0
0.3788135343316509 1.027272751213296 0
0.4087975888026804 1.027272766461699 0
0.3490181833237142 1.022727297864927 0
0.3190127374670542 1.027272727886815 0
0.3488843925101758 1.027272750185153 0
0.2894154670862683 1.02272723787227 0
0.2596033369006079 1.027272678374325 0
0.2892826241069087 1.027272696447562 0
0.2300817147056569 1.022727231330515 0
0.2003920056515946 1.027272747107978 0
0.2299693310652924 1.027272696679544 0
0.1710579773034366 1.02272721291564 0
0.1417693621606643 1.027271617632919 0
0.1708835757948809 1.027272683413976 0
0.1140801953170039 1.0227223997606 0
0.08697294509890342 1.027252765323613 0
0.1137334474929338 1.027267897866489 0
0.06318787769491153 1.022651303470827 0
0.04026624421516024 1.026990267505155 0
0.06275708027251238 1.027195082403817 0
0.01998749241400365 1.021826614844211 0
0.01978550996387575 1.026326404674581 0
1.380374249558007 1.012303997715524 0
1.360265738177614 1.017607885189651 0
1.380479763877479 1.016721822935049 0
1.338203084624444 1.013416006067663 0
1.314736787173876 1.018092785095693 0
1.338407856289497 1.017957682826903 0
1.288794524205142 1.013599083462281 0
1.261657570146763 1.018167403393005 0
1.288910026471908 1.01814614206353 0
1.233339485200844 1.013630222687978 0
1.204524876411837 1.018179700679126 0
1.233343800333603 1.018176133970574 0
1.175522068374898 1.013635677273199 0
1.146214535324229 1.01818181725364 0
1.175427022411163 1.018181202211587 0
1.117140351299344 1.013636596692151 0
1.087596682023403 1.018182121575777 0
1.116934890745726 1.018182043501842 0
1.058482241621842 1.013636630945284 0
1.028709484704536 1.018182013846061 0
1.05818662483603 1.018182064725846 0
0.9995182524174577 1.013636529292303 0
0.9695840768132269 1.018181918437946 0
0.9991665885271959 1.018181972669513 0
0.9403712130377069 1.013636407134888 0
0.9104231804873777 1.018181812131017 0
0.9399947247887177 1.018181861075135 0
0.8813000829649869 1.013636314370028 0
0.8515006995082632 1.018181668944355 0
0.8809189265413572 1.018181775804628 0
0.8226132659493908 1.013636130690281 0
0.7931513678752278 1.018181440183261 0
0.822255190610963 1.018181603391905 0
0.7645372076794048 1.013635910352069 0
0.7354536331599478 1.018181379779887 0
0.7642708886292586 1.018181394314943 0
0.7067062477744668 1.013635932183524 0
0.6775610199600803 1.018181491390785 0
0.7065683253208819 1.018181412866553 0
0.6483464898669209 1.013636123445931 0
0.6188281914507421 1.018181725450423 0
0.6482995498084299 1.018181594847427 0
0.5890742381527645 1.013636395778659 0
0.5591115720517466 1.018181915359512 0
0.5890426448928356 1.018181852491923 0
0.5291609827135724 1.013636486927694 0
0.499042669511093 1.018181916196082 0
0.5290887945101891 1.018181935124222 0
0.4691309443387995 1.013636442827682 0
0.4390249452950402 1.018181878830698 0
0.4690277169618722 1.018181891893571 0
0.40914954507959 1.013636413599801 0
0.3790651091075745 1.018181849926147 0
0.4090328458134445 1.018181865528112 0
0.349281310621215 1.01363639266036 0
0.3192956158350143 1.018181817571424 0
0.349150470924872 1.01818184499336 0
0.2896777585894572 1.013636321312809 0
0.2598477954661939 1.018181753073514 0
0.2895471670825373 1.018181778915612 0
0.2303010877712849 1.013636297221992 0
0.2006217854021288 1.01818181178482 0
0.2301923822773737 1.018181764678884 0
0.1713691122827862 1.013636259790569 0
0.1422830671093852 1.01818066952917 0
0.1712197465696167 1.018181726520863 0
0.1146516573498646 1.013632267514925 0
0.08787404941284513 1.018163703987017 0
0.1143863765092636 1.018177202698115 0
0.06385886575759082 1.013578481157828 0
0.04102076178958235 1.017936095147836 0
0.06355519710951123 1.018112709143277 0
0.02028760491743933 1.01297889448904 0
0.0201543852331961 1.017380931611943 0
1.380265735119715 1.003620502701066 0
1.359913343207298 1.008600043661724 0
1.380303476309824 1.007941183575847 0
1.337996524212431 1.004353782556444 0
1.314401331490328 1.009001386177644 0
1.338066235473259 1.008881758596474 0
1.288696017275512 1.004507679584916 0
1.261564446677636 1.009075013022396 0
1.288723041369364 1.009052947136418 0
1.23337263023131 1.004538795678457 0
1.204610232486109 1.009088459459383 0
1.233349147452573 1.009084441001132 0
1.175719618383979 1.004544672342768 0
1.14651807187425 1.009090879447556 0
1.17561962325485 1.009090167291061 0
1.117553989635593 1.004545696868901 0
1.088106793609644 1.009091240332409 0
1.117346704818378 1.009091144791537 0
1.059077060926986 1.004545750949217 0
1.02936747027834 1.00909113717637 0
1.05877901833549 1.009091190925939 0
1.000223866999491 1.004545628148799 0
0.9703202972365823 1.009091016986632 0
0.9998706474092165 1.009091078650165 0
0.941122671197278 1.004545494583158 0
0.911185389440252 1.009090900516345 0
0.9407471545767808 1.009090951256485 0
0.8820563940386285 1.004545395345997 0
0.8522539148843018 1.009090747929728 0
0.8816792053498061 1.009090853983526 0
0.823321108806703 1.004545203536873 0
0.7938070000073048 1.009090511063895 0
0.8229684020371661 1.009090666222244 0
0.7650688897714404 1.004544981317415 0
0.7358513732916033 1.009090430590512 0
0.7648031278807239 1.009090446294392 0
0.7069928892831069 1.004545002913651 0
0.6777295870816906 1.009090550638854 0
0.7068478876080112 1.009090468068032 0
0.6484558047205344 1.004545197670467 0
0.6188745647282775 1.00909080238013 0
0.6483987805976028 1.009090660863662 0
0.5891474163276996 1.004545478770792 0
0.5592117150319075 1.009091009414204 0
0.5891093047642362 1.009090936565881 0
0.5293069510717269 1.004545578836933 0
0.4992283462240247 1.009091017129756 0
0.5292336914525203 1.009091032398909 0
0.4693366047731918 1.004545538713922 0
0.4392457050307321 1.009090974054248 0
0.4692338773978093 1.009090990831903 0
0.4093809460422582 1.00454550401654 0
0.3793113395005756 1.009090947753426 0
0.4092655756935172 1.009090957433742 0
0.3495384928074921 1.004545486127573 0
0.3195681481835326 1.009090905284712 0
0.3494106231766633 1.009090939082204 0
0.289935932728846 1.00454540681968 0
0.2600883724282821 1.009090830441161 0
0.2898073041666784 1.009090864130032 0
0.2305112602677549 1.004545362414689 0
0.2008344300770634 1.009090870312793 0
0.2304074134005148 1.009090830292925 0
0.171626013800127 1.004545308062081 0
0.142682156253168 1.009089954819815 0
0.1715045160513423 1.009090780157391 0
0.1150590868070825 1.00454296824785 0
0.08848645899230963 1.009078930371132 0
0.1148758448695696 1.009087543056074 0
0.06427728356009796 1.004519205353907 0
0.0414931036756856 1.008942553693367 0
0.0640993771869361 1.009047679594344 0
0.02045750858867895 1.004276252158915 0
0.02038831165753493 1.008614437829031 0
1.380285482449359 0.995064148445952 0
1.359824587966649 0.999659536430741 0
1.380259979171901 0.9993326684071769 0
1.338056833311003 0.9953110605884278 0
1.314342339085811 0.9999189662743011 0
1.337993567704662 0.9998307126072442 0
1.288775817653564 0.9954194413911049 0
1.261587602947015 0.9999839783210267 0
1.288713639583887 0.999963207298961 0
1.233461519421573 0.9954479021732736 0
1.204720938537038 0.9999974140691643 0
1.233410018670639 0.9999932854115263 0
1.175926283950893 0.9954537406130642 0
1.146826359376602 0.9999999505168489 0
1.175821928862608 0.9999991938751517 0
1.117972008135726 0.99545478410859 0
1.088622593117734 1.000000336603728 0
1.117762445313392 1.000000238191581 0
1.05967807124063 0.9954548478162527 0
1.030031495976164 1.000000248942324 0
1.059376745380366 1.000000299274982 0
1.000933720372684 0.9954547142103803 0
0.9710576335524589 1.000000106701291 0
1.000578202116644 1.000000171276049 0
0.9418728887438715 0.9954545791727802 0
0.9119419294602158 0.9999999880369017 0
0.941497874829156 1.000000037127026 0
0.8828054859401211 0.9954544821526445 0
0.8529942269180728 0.9999998367422084 0
0.8824317486832327 0.9999999381532875 0
0.8240198214396928 0.9954542959678196 0
0.7944502546934883 0.999999607962218 0
0.8236714121333031 0.9999997491499257 0
0.7656001803357453 0.9954540854163975 0
0.7362578865261062 0.9999995147060986 0
0.7653345115852861 0.9999995302814015 0
0.7072928745853084 0.9954541068757528 0
0.6779208099987413 0.9999996343801715 0
0.7071413046568913 0.9999995523444853 0
0.6485836515749123 0.9954542878462003 0
0.6189447403017775 0.9999998854775767 0
0.6485176442046972 0.9999997431088469 0
0.5892324119129319 0.9954545611329803 0
0.5593193203928229 1.000000096690499 0
0.58918856816609 1.000000019465575 0
0.5294552684291355 0.9954546649965338 0
0.4994125901312501 1.000000110582288 0
0.5293808006740823 1.000000121678625 0
0.4695417295766565 0.9954546266843053 0
0.4394655168162705 1.000000064235048 0
0.4694391937673574 1.000000081419456 0
0.4096096973276872 0.9954545935594615 0
0.3795522168349403 1.000000043791442 0
0.4094956441077346 1.000000048912307 0
0.3497900652307278 0.9954545799924363 0
0.3198327520373447 0.9999999922581944 0
0.3496649421781824 1.000000032710822 0
0.2901907993948725 0.9954544956951906 0
0.2603257145338736 0.9999999113556147 0
0.2900637019756961 0.9999999512548716 0
0.2307104664451943 0.9954544304323274 0
0.2010228900779446 0.9999999313992085 0
0.2306122698220724 0.999999896980685 0
0.1718273521043605 0.995454389676852 0
0.1429726169125781 0.9999993863486984 0
0.1717335427125355 0.9999998449695158 0
0.1153048715532735 0.9954539940309456 0
0.08883923829010722 0.9999964898101097 0
0.115201832150628 0.9999984754966081 0
0.06444672552784739 0.995464705787536 0
0.04171452373207945 0.9999822222797499 0
0.06439287354991267 0.9999919609308409 0
0.02050284568838332 0.9956371511323751 0
0.02049563175431484 0.9999554194091087 0
1.380430214085178 0.9865336164774989 0
1.359984907533985 0.9907497380093233 0
1.380342168439864 0.9908028187704115 0
1.338382316821592 0.9862757369376066 0
1.314553014064956 0.9908426813813923 0
1.338186484646861 0.9907932684200008 0
1.289033666679916 0.9863336253682339 0
1.261725281695924 0.9908941859949278 0
1.288882483245415 0.9908762823594421 0
1.233605881116107 0.9863574903263773 0
1.204852699357896 0.9909065718843689 0
1.233526940014357 0.9909026392314989 0
1.176140305213859 0.9863628792242608 0
1.147139303566529 0.9909090374645557 0
1.176032537839374 0.9909083000519531 0
1.118394964098296 0.986363862540381 0
1.0891459004112 0.9909094137684394 0
1.118182882079746 0.9909093209244348 0
1.060286717749664 0.9863639217909785 0
1.030703901640582 0.9909093460269536 0
1.059981410922891 0.9909093847419462 0
1.001649283826984 0.9863637874070438 0
0.9717978581270152 0.9909091894348107 0
1.001290710281779 0.9909092525386141 0
0.9426228003912227 0.986363661355881 0
0.9126939258434111 0.9909090757869213 0
0.9422478227537743 0.9909091206000586 0
0.8835483037077673 0.9863635747562886 0
0.8537242179638111 0.99090893557674 0
0.8831775973275705 0.9909090276583816 0
0.8247116906827426 0.9863634073101184 0
0.7950863326214045 0.990908728667787 0
0.8243664256235539 0.9909088512597882 0
0.7661322074147279 0.9863632152606296 0
0.7366717571172311 0.9909086287120197 0
0.7658660317384166 0.9909086469414274 0
0.707604783264857 0.9863632323569244 0
0.6781316245939299 0.9909087414514638 0
0.707447460014461 0.9909086699339748 0
0.648727530876235 0.9863633941285804 0
0.6190330336121896 0.9909089760850632 0
0.6486538234257527 0.9909088413842062 0
0.5893271282161864 0.9863636462473208 0
0.5594333440376932 0.9909091789633439 0
0.5892787187995516 0.9909091030981988 0
0.5296061056901966 0.9863637471724722 0
0.4995969693614237 0.9909091970339673 0
0.5295303782425649 0.9909092056866499 0
0.4697469568437141 0.9863637122439035 0
0.4396848029650012 0.9909091499257837 0
0.4696442940405851 0.9909091694994675 0
0.4098358010671436 0.9863636780011681 0
0.3797875043820427 0.9909091367732228 0
0.409723063264229 0.9909091359024477 0
0.3500363148881726 0.9863636711324684 0
0.3200912152415559 0.990909079533823 0
0.3499138245093512 0.9909091252876734 0
0.2904435179336541 0.9863635899846911 0
0.2605612095104617 0.9909089980711896 0
0.2903173455683284 0.9909090420975184 0
0.2308976834277681 0.9863635022153219 0
0.2011816909773571 0.9909089984617272 0
0.230805591325576 0.9909089656559796 0
0.1719741009817823 0.9863634884834983 0
0.1431593738056999 0.9909088512742565 0
0.1719075959656631 0.9909089391099701 0
0.1153939872724389 0.9863648012861038 0
0.08894658987900574 0.990914072971093 0
0.1153687032113441 0.990909456600513 0
0.0643691963203161 0.9864055864983535 0
0.04169234000373162 0.9910229688404252 0
0.06443873164211347 0.9909362945649258 0
0.02042283840246885 0.9869536302371694 0
0.0204787619895771 0.9913070085111397 0
1.380703881697971 0.9779049851430162 0
1.36040098540871 0.9818293623341344 0
1.380550327874727 0.9822402932767279 0
1.33897354528822 0.9772352277279301 0
1.315043720442297 0.9817692963194122 0
1.338644637810174 0.9817568335936109 0
1.289469104598623 0.9772494038084845 0
1.261977767946656 0.9818054449165008 0
1.289229352035392 0.9817913656729655 0
1.233802835320609 0.9772675431427685 0
1.204998894002794 0.9818159274294899 0
1.23369856108035 0.9818124669037531 0
1.176358904581926 0.9772720933979162 0
1.147456406507672 0.9818181424768803 0
1.176249226525511 0.981817475086574 0
1.118823079891716 0.9772729281993143 0
1.089678896152838 0.9818184724348551 0
1.118608416672072 0.9818183932305702 0
1.06090415140244 0.9772729719113189 0
1.03138753227627 0.9818184250895483 0
1.060594341668319 0.9818184469765258 0
1.002371761275298 0.9772728497459118 0
0.9725429175602121 0.9818182672967762 0
1.002009593405348 0.9818183202231152 0
0.9433733476190734 0.9772727424744606 0
0.9134423505357853 0.9818181650044132 0
0.9429979432591877 0.9818182022903913 0
0.8842860714647119 0.9772726731948339 0
0.854445833629937 0.9818180442450148 0
0.8839177276560951 0.9818181235821202 0
0.8253989890173555 0.9772725360026043 0
0.7957197481342883 0.9818178708294355 0
0.825055745604807 0.9818179714238566 0
0.7666661091120335 0.9772723673956371 0
0.737091821040753 0.9818177718884871 0
0.7663988452814603 0.9818177920059167 0
0.7079273455279247 0.9772723896988436 0
0.6783599242536124 0.9818178716339849 0
0.7077648407655495 0.9818178078771475 0
0.6488848072535847 0.9772725185537315 0
0.6191345719574061 0.9818180752026473 0
0.6488046809064421 0.9818179544859412 0
0.5894295313118427 0.9772727323281889 0
0.5595526871287008 0.9818182575904457 0
0.5893775222075821 0.9818181885088055 0
0.5297595062117467 0.9772728193357973 0
0.4997828642620611 0.9818182766703936 0
0.5296824966224233 0.9818182829180746 0
0.469952889730088 0.9772727906084886 0
0.4399041689702982 0.9818182317677874 0
0.4698498062139016 0.9818182514923565 0
0.4100593758786931 0.9772727595483035 0
0.3800166644552392 0.9818182254387952 0
0.4099478831276825 0.9818182190017726 0
0.3502776885812042 0.9772727602369005 0
0.3203449175731767 0.9818181686634316 0
0.3501575843363012 0.9818182157325078 0
0.2906954096015505 0.9772726876380703 0
0.260797293191047 0.9818180926009025 0
0.290569486681716 0.9818181386336905 0
0.2310728844575822 0.9772725861191301 0
0.2013061347188955 0.9818180749508055 0
0.2309867548788826 0.981818041851259 0
0.1720655117983805 0.9772725966949577 0
0.1432449441635424 0.9818182438517757 0
0.1720261050806297 0.981818044098707 0
0.1153322158562925 0.977274938467158 0
0.08880801104904627 0.9818294720050859 0
0.1153814362486063 0.981819975691847 0
0.06404484865563541 0.9773334287897507 0
0.04141427442109225 0.9820323280728466 0
0.06423788692376264 0.9818715856126728 0
0.02021049831770227 0.9781297575461382 0
0.02033391000127086 0.9825637566272917 0
1.381119477788719 0.9690231041014237 0
1.361104484085706 0.972856247994331 0
1.380892897229547 0.9735051025620298 0
1.339829649143583 0.9681788425229733 0
1.315842162578672 0.9726957969233073 0
1.33936892244257 0.9727095817964799 0
1.290076887387197 0.968166028773191 0
1.262346582992335 0.9727175294507788 0
1.28975202550707 0.97270765010432 0
1.234044752944066 0.9681780673840679 0
1.205149688504885 0.9727254735067157 0
1.233918743672858 0.9727227506924899 0
1.176578903768889 0.9681813642632637 0
1.147776850602169 0.9727272563826691 0
1.176468929395503 0.9727267193937532 0
1.119256052683514 0.968181975775655 0
1.090224386864201 0.9727275129864074 0
1.119039040596241 0.9727274501946039 0
1.061530842926763 0.9681819983598732 0
1.032086057777272 0.9727274824184011 0
1.061216409244184 0.972727485523308 0
1.003101933907039 0.9681819023684104 0
0.9732950908019874 0.9727273412650494 0
1.002735867737865 0.9727273771167541 0
0.94412535383222 0.9681818239569098 0
0.9141879977684082 0.9727272562358401 0
0.9437491312305057 0.9727272836237644 0
0.8850198803733266 0.9681817777459778 0
0.8551604451533398 0.9727271622239613 0
0.8846533715442253 0.9727272251592018 0
0.8260837908868092 0.968181680474844 0
0.7963549142608989 0.9727270322390255 0
0.8257415765931951 0.9727271069683344 0
0.767202934794932 0.9681815527314597 0
0.7375169347828051 0.9727269442254266 0
0.7669340885622091 0.9727269571334872 0
0.7082588903185671 0.9681815674060781 0
0.6786045270897624 0.9727270251113576 0
0.7080921237645026 0.9727269786204813 0
0.6490526394767119 0.9681816595618593 0
0.6192447940210544 0.9727271835865028 0
0.6489675755315405 0.9727270868744735 0
0.5895372811435342 0.9681818211800546 0
0.5596761894979672 0.9727273323972041 0
0.5894828897802644 0.9727272762722121 0
0.5299152454383276 0.9681818878079526 0
0.4999716623252587 0.972727349497882 0
0.5298371128417029 0.972727353283692 0
0.4701600196802128 0.9681818631404526 0
0.4401244502068919 0.9727273108153729 0
0.4700562840414813 0.9727273263176124 0
0.4102806468664023 0.9681818393610088 0
0.3802387054812482 0.9727273088313347 0
0.4101702694959982 0.9727272996347278 0
0.3505146607806284 0.9681818457198624 0
0.3205949368530371 0.9727272611947435 0
0.3503966886023 0.9727273033107453 0
0.290947761306237 0.9681817882882049 0
0.2610378459577849 0.9727271958832301 0
0.2908214632850507 0.9727272377624282 0
0.2312370448423691 0.9681816895857854 0
0.2013913006758226 0.972727168238616 0
0.2311561985998394 0.9727271388245741 0
0.172107669099676 0.9681817126269151 0
0.1432325151032575 0.9727274889055629 0
0.1720920830344432 0.9727271573174453 0
0.1151303940136083 0.9681841384579155 0
0.08841046177464715 0.9727409976769967 0
0.1152479178907699 0.9727296625159632 0
0.06347635139269918 0.9682422902183051 0
0.04084221013685623 0.9729825774410644 0
0.06379061003478073 0.972790471074614 0
0.01985322736087452 0.969080674464168 0
0.0200508539556743 0.9736395706636374 0
1.381691284981743 0.9597312542362593 0
1.362165648801963 0.9637943432121684 0
1.38138581696613 0.9644322963663562 0
1.340934156695636 0.9591001328151488 0
1.317002582995604 0.9636199575196042 0
1.340353431215361 0.963642468836621 0
1.290842578311956 0.9590829687711939 0
1.262833974533937 0.9636302160684966 0
1.290441452922798 0.9636244812403196 0
1.234321479502328 0.9590889404300876 0
1.205290861265187 0.9636351929931134 0
1.234179569021035 0.9636334786828522 0
1.176797191701789 0.9590906753515511 0
1.148099646688223 0.9636363651032911 0
1.176688406421454 0.9636360132275227 0
1.119692696427921 0.9590909998528417 0
1.090786347753338 0.963636531456441 0
1.119474064687387 0.9636364866635613 0
1.062165895349141 0.9590910031686415 0
1.032804524410421 0.9636365139370626 0
1.061847480990872 0.9636365023099802 0
1.003839576490096 0.9590909501324556 0
0.9740572457646837 0.9636364107303642 0
1.003469899045848 0.96363642613613 0
0.9448793921649634 0.9590909088073704 0
0.9149314471006099 0.9636363503305039 0
0.944502105333906 0.9636363668015652 0
0.8857510313242805 0.9590908873766086 0
0.8558687886366657 0.9636362899772966 0
0.8853856847979087 0.9636363323840279 0
0.8267678739600721 0.9590908348884083 0
0.7969967022008571 0.9636362105223475 0
0.8264258292649281 0.963636257650324 0
0.7677436467962345 0.9590907607673053 0
0.7379457882490217 0.9636361459240341 0
0.7674727574987776 0.9636361572473658 0
0.7085977071601702 0.9590907723775319 0
0.678865337384243 0.9636362006895358 0
0.7084275469471543 0.9636361698694411 0
0.649228182260228 0.9590908179250235 0
0.6193590410728231 0.9636363020949853 0
0.6491396553327395 0.9636362389869081 0
0.5896482900952889 0.9590909105709208 0
0.5598026120068367 0.9636364028080157 0
0.5895925192004906 0.9636363655443058 0
0.5300729114920772 0.9590909465114579 0
0.5001649833580509 0.9636364152872631 0
0.5299938831784258 0.9636364177397025 0
0.4703685499215414 0.9590909335808497 0
0.4403468060574186 0.9636363879817518 0
0.470264118828741 0.963636398446741 0
0.4105000373717186 0.9590909190076784 0
0.3804519343219957 0.9636363872214803 0
0.4103905317762968 0.9636363793623656 0
0.3507479220083919 0.9590909247927234 0
0.3208420945522429 0.9636363567184266 0
0.3506316982154339 0.9636363863298026 0
0.2912015286449746 0.9590908930163079 0
0.261288761169863 0.9636363098255627 0
0.2910744389926166 0.9636363404391814 0
0.2313922561846669 0.9590908307275698 0
0.2014297912806801 0.9636362941427528 0
0.2313155515180896 0.9636362558289149 0
0.1721090913923557 0.9590908547588048 0
0.143125656263491 0.9636365661220605 0
0.1721125855588235 0.963636282022726 0
0.1148074673724776 0.9590923956398666 0
0.08772307198237982 0.9636478251708968 0
0.114982415339564 0.9636383737364647 0
0.06268047275408331 0.9591300437828114 0
0.03989889614165781 0.9638537934180289 0
0.06310464029865646 0.9636887444890033 0
0.01934127189657303 0.9597028354266313 0
0.01961623553294703 0.9644340683451232 0
1.36372602514689 0.9546243442376832 0
1.382032029286483 0.9549046289292686 0
1.318624729288928 0.9545407726869547 0
1.341561898467153 0.9545522238347365 0
1.263446346475976 0.9545433223347368 0
1.291275263640831 0.9545414735443096 0
1.205401781912323 0.9545450504049229 0
1.234469059533648 0.9545444488781061 0
1.148423840620605 0.9545454581165281 0
1.17690503881537 0.9545453348474046 0
1.091370856876893 0.9545455172738224 0
1.119911624455698 0.9545454994057334 0
1.033550397008166 0.9545455113840484 0
1.062485534566294 0.9545455019246354 0
0.9748332989952352 0.9545454721414711 0
1.004210629365582 0.9545454757041502 0
0.9156729696133598 0.9545454492034271 0
0.9452572340515938 0.9545454547104094 0
0.8565708183021462 0.9545454283216384 0
0.8861160778401825 0.9545454436821146 0
0.7976511135460648 0.9545454018115507 0
0.8271100070341079 0.9545454175194037 0
0.7383767120987615 0.954545376890605 0
0.7680156652000412 0.9545453807024772 0
0.6791437689900601 0.9545453969959725 0
0.7087691395291462 0.9545453860618801 0
0.6194721343950912 0.9545454319847184 0
0.6493179552668211 0.9545454090058338 0
0.5599306477327529 0.9545454684284934 0
0.5897043975325613 0.9545454551457614 0
0.5003649928383439 0.9545454731876469 0
0.5301522117725428 0.9545454731938801 0
0.4405728737556686 0.9545454630725088 0
0.4704732827630683 0.9545454668381295 0
0.3806535360260019 0.9545454626636121 0
0.4106092507244126 0.9545454595683983 0
0.3210869509228752 0.9545454525219395 0
0.3508635157777802 0.9545454636680496 0
0.2615588149229391 0.9545454348001362 0
0.2913289923909024 0.9545454464798147 0
0.201413963085965 0.9545454285645998 0
0.2314677116887123 0.9545454156885702 0
0.142926168344806 0.9545455281328465 0
0.1720993195039037 0.954545428298435 0
0.08668632196948207 0.9545501674594594 0
0.114610602093203 0.9545462487850205 0
0.03843447311643566 0.9546382620032183 0
0.06221219991048941 0.9545667771231386 0
0.0190335427645106 0.9548798575813447 0
2 2 0 1365
1685
1686
1687
1688
1689
1690
1691
1692
1693
1694
1695
1696
1697
1698
1699
1700
1701
1702
1703
1704
1705
1706
1707
1708
1709
1710
1711
1712
1713
1714
1715
1716
1717
1718
1719
1720
1721
1722
1723
1724
1725
1726
1727
1728
1729
1730
1731
1732
1733
1734
1735
1736
1737
1738
1739
1740
1741
1742
1743
1744
1745
1746
1747
1748
1749
1750
1751
1752
1753
1754
1755
1756
1757
1758
1759
1760
1761
1762
1763
1764
1765
1766
1767
1768
1769
1770
1771
1772
1773
1774
1775
1776
1777
1778
1779
1780
1781
1782
1783
1784
1785
1786
1787
1788
1789
1790
1791
1792
1793
1794
1795
1796
1797
1798
1799
1800
1801
1802
1803
1804
1805
1806
1807
1808
1809
1810
1811
1812
1813
1814
1815
1816
1817
1818
1819
1820
1821
1822
1823
1824
1825
1826
1827
1828
1829
1830
1831
1832
1833
1834
1835
1836
1837
1838
1839
1840
1841
1842
1843
1844
1845
1846
1847
1848
1849
1850
1851
1852
1853
1854
1855
1856
1857
1858
1859
1860
1861
1862
1863
1864
1865
1866
1867
1868
1869
1870
1871
1872
1873
1874
1875
1876
1877
1878
1879
1880
1881
1882
1883
1884
1885
1886
1887
1888
1889
1890
1891
1892
1893
1894
1895
1896
1897
1898
1899
1900
1901
1902
1903
1904
1905
1906
1907
1908
1909
1910
1911
1912
1913
1914
1915
1916
1917
1918
1919
1920
1921
1922
1923
1924
1925
1926
1927
1928
1929
1930
1931
1932
1933
1934
1935
1936
1937
1938
1939
1940
1941
1942
1943
1944
1945
1946
1947
1948
1949
1950
1951
1952
1953
1954
1955
1956
1957
1958
1959
1960
1961
1962
1963
1964
1965
1966
1967
1968
1969
1970
1971
1972
1973
1974
1975
1976
1977
1978
1979
1980
1981
1982
1983
1984
1985
1986
1987
1988
1989
1990
1991
1992
1993
1994
1995
1996
1997
1998
1999
2000
2001
2002
2003
2004
2005
2006
2007
2008
2009
2010
2011
2012
2013
2014
2015
2016
2017
2018
2019
2020
2021
2022
2023
2024
2025
2026
2027
2028
2029
2030
2031
2032
2033
2034
2035
2036
2037
2038
2039
2040
2041
2042
2043
2044
2045
2046
2047
2048
2049
2050
2051
2052
2053
2054
2055
2056
2057
2058
2059
2060
2061
2062
2063
2064
2065
2066
2067
2068
2069
2070
2071
2072
2073
2074
2075
2076
2077
2078
2079
2080
2081
2082
2083
2084
2085
2086
2087
2088
2089
2090
2091
2092
2093
2094
2095
2096
2097
2098
2099
2100
2101
2102
2103
2104
2105
2106
2107
2108
2109
2110
2111
2112
2113
2114
2115
2116
2117
2118
2119
2120
2121
2122
2123
2124
2125
2126
2127
2128
2129
2130
2131
2132
2133
2134
2135
2136
2137
2138
2139
2140
2141
2142
2143
2144
2145
2146
2147
2148
2149
2150
2151
2152
2153
2154
2155
2156
2157
2158
2159
2160
2161
2162
2163
2164
2165
2166
2167
2168
2169
2170
2171
2172
2173
2174
2175
2176
2177
2178
2179
2180
2181
2182
2183
2184
2185
2186
2187
2188
2189
2190
2191
2192
2193
2194
2195
2196
2197
2198
2199
2200
2201
2202
2203
2204
2205
2206
2207
2208
2209
2210
2211
2212
2213
2214
2215
2216
2217
2218
2219
2220
2221
2222
2223
2224
2225
2226
2227
2228
2229
2230
2231
2232
2233
2234
2235
2236
2237
2238
2239
2240
2241
2242
2243
2244
2245
2246
2247
2248
2249
2250
2251
2252
2253
2254
2255
2256
2257
2258
2259
2260
2261
2262
2263
2264
2265
2266
2267
2268
2269
2270
2271
2272
2273
2274
2275
2276
2277
2278
2279
2280
2281
2282
2283
2284
2285
2286
2287
2288
2289
2290
2291
2292
2293
2294
2295
2296
2297
2298
2299
2300
2301
2302
2303
2304
2305
2306
2307
2308
2309
2310
2311
2312
2313
2314
2315
2316
2317
2318
2319
2320
2321
2322
2323
2324
2325
2326
2327
2328
2329
2330
2331
2332
2333
2334
2335
2336
2337
2338
2339
2340
2341
2342
2343
2344
2345
2346
2347
2348
2349
2350
2351
2352
2353
2354
2355
2356
2357
2358
2359
2360
2361
2362
2363
2364
2365
2366
2367
2368
2369
2370
2371
2372
2373
2374
2375
2376
2377
2378
2379
2380
2381
2382
2383
2384
2385
2386
2387
2388
2389
2390
2391
2392
2393
2394
2395
2396
2397
2398
2399
2400
2401
2402
2403
2404
2405
2406
2407
2408
2409
2410
2411
2412
2413
2414
2415
2416
2417
2418
2419
2420
2421
2422
2423
2424
2425
2426
2427
2428
2429
2430
2431
2432
2433
2434
2435
2436
2437
2438
2439
2440
2441
2442
2443
2444
2445
2446
2447
2448
2449
2450
2451
2452
2453
2454
2455
2456
2457
2458
2459
2460
2461
2462
2463
2464
2465
2466
2467
2468
2469
2470
2471
2472
2473
2474
2475
2476
2477
2478
2479
2480
2481
2482
2483
2484
2485
2486
2487
2488
2489
2490
2491
2492
2493
2494
2495
2496
2497
2498
2499
2500
2501
2502
2503
2504
2505
2506
2507
2508
2509
2510
2511
2512
2513
2514
2515
2516
2517
2518
2519
2520
2521
2522
2523
2524
2525
2526
2527
2528
2529
2530
2531
2532
2533
2534
2535
2536
2537
2538
2539
2540
2541
2542
2543
2544
2545
2546
2547
2548
2549
2550
2551
2552
2553
2554
2555
2556
2557
2558
2559
2560
2561
2562
2563
2564
2565
2566
2567
2568
2569
2570
2571
2572
2573
2574
2575
2576
2577
2578
2579
2580
2581
2582
2583
2584
2585
2586
2587
2588
2589
2590
2591
2592
2593
2594
2595
2596
2597
2598
2599
2600
2601
2602
2603
2604
2605
2606
2607
2608
2609
2610
2611
2612
2613
2614
2615
2616
2617
2618
2619
2620
2621
2622
2623
2624
2625
2626
2627
2628
2629
2630
2631
2632
2633
2634
2635
2636
2637
2638
2639
2640
2641
2642
2643
2644
2645
2646
2647
2648
2649
2650
2651
2652
2653
2654
2655
2656
2657
2658
2659
2660
2661
2662
2663
2664
2665
2666
2667
2668
2669
2670
2671
2672
2673
2674
2675
2676
2677
2678
2679
2680
2681
2682
2683
2684
2685
2686
2687
2688
2689
2690
2691
2692
2693
2694
2695
2696
2697
2698
2699
2700
2701
2702
2703
2704
2705
2706
2707
2708
2709
2710
2711
2712
2713
2714
2715
2716
2717
2718
2719
2720
2721
2722
2723
2724
2725
2726
2727
2728
2729
2730
2731
2732
2733
2734
2735
2736
2737
2738
2739
2740
2741
2742
2743
2744
2745
2746
2747
2748
2749
2750
2751
2752
2753
2754
2755
2756
2757
2758
2759
2760
2761
2762
2763
2764
2765
2766
2767
2768
2769
2770
2771
2772
2773
2774
2775
2776
2777
2778
2779
2780
2781
2782
2783
2784
2785
2786
2787
2788
2789
2790
2791
2792
2793
2794
2795
2796
2797
2798
2799
2800
2801
2802
2803
2804
2805
2806
2807
2808
2809
2810
2811
2812
2813
2814
2815
2816
2817
2818
2819
2820
2821
2822
2823
2824
2825
2826
2827
2828
2829
2830
2831
2832
2833
2834
2835
2836
2837
2838
2839
2840
2841
2842
2843
2844
2845
2846
2847
2848
2849
2850
2851
2852
2853
2854
2855
2856
2857
2858
2859
2860
2861
2862
2863
2864
2865
2866
2867
2868
2869
2870
2871
2872
2873
2874
2875
2876
2877
2878
2879
2880
2881
2882
2883
2884
2885
2886
2887
2888
2889
2890
2891
2892
2893
2894
2895
2896
2897
2898
2899
2900
2901
2902
2903
2904
2905
2906
2907
2908
2909
2910
2911
2912
2913
2914
2915
2916
2917
2918
2919
2920
2921
2922
2923
2924
2925
2926
2927
2928
2929
2930
2931
2932
2933
2934
2935
2936
2937
2938
2939
2940
2941
2942
2943
2944
2945
2946
2947
2948
2949
2950
2951
2952
2953
2954
2955
2956
2957
2958
2959
2960
2961
2962
2963
2964
2965
2966
2967
2968
2969
2970
2971
2972
2973
2974
2975
2976
2977
2978
2979
2980
2981
2982
2983
2984
2985
2986
2987
2988
2989
2990
2991
2992
2993
2994
2995
2996
2997
2998
2999
3000
3001
3002
3003
3004
3005
3006
3007
3008
3009
3010
3011
3012
3013
3014
3015
3016
3017
3018
3019
3020
3021
3022
3023
3024
3025
3026
3027
3028
3029
3030
3031
3032
3033
3034
3035
3036
3037
3038
3039
3040
3041
3042
3043
3044
3045
3046
3047
3048
3049
6.71677682667557 0.9590909201878828 0
6.400295047244994 0.9590909101410245 0
6.0364456400158 0.9590909133905633 0
5.661314619871864 0.9590909195386194 0
5.285408807190568 0.9590909142638671 0
4.90959145425448 0.9590909148174148 0
4.534097803993004 0.9590909169015229 0
4.160761817119705 0.9590909139662983 0
3.796293459322642 0.9590908569308756 0
3.456611282552262 0.9590908612855751 0
3.167527168530777 0.9590910034168764 0
2.93633313955093 0.9590909080247552 0
2.74606591705101 0.9590909403905523 0
2.586133853399495 0.9590909390558545 0
2.452743478478826 0.9590909249081426 0
2.341330867191561 0.959090915877895 0
2.249872860505174 0.9590909141394909 0
2.177476744054869 0.9590909137437845 0
2.117730515900092 0.9590909254173996 0
2.062253654949212 0.9590910106582941 0
2.008282663050637 0.959090900785014 0
1.954491536009366 0.9590906948550434 0
1.900734061381018 0.9590906772007153 0
1.846785540753689 0.9590907639410609 0
1.792728560909385 0.9590910202749613 0
1.738829806184085 0.9590908424534156 0
1.685566634915149 0.9590913232849113 0
1.632050541935348 0.9590904568233968 0
1.57869295619317 0.9590898057645143 0
1.526248629585784 0.9590855771790799 0
1.476389642181564 0.9590814744990825 0
1.434584016928185 0.959253470469991 0
6.715348974896409 0.9681818560588575 0
6.397750815021038 0.9681818680696762 0
6.033275980348327 0.9681818215578387 0
5.657880476588234 0.968181829793993 0
5.281720194133063 0.9681818333186459 0
4.905649307139202 0.9681818288631668 0
4.529976715200816 0.9681818060965187 0
4.15676122624218 0.9681818217087544 0
3.793074976208529 0.9681817934229581 0
3.455244843497808 0.9681817210619921 0
3.168070032607019 0.9681819961570626 0
2.937453426314477 0.9681818211829618 0
2.7471379523539 0.9681818739135428 0
2.587155198629819 0.9681818644961481 0
2.453694716779102 0.9681818420800034 0
2.342360141913885 0.9681818290684105 0
2.251170827926797 0.9681818264158927 0
2.178648101295572 0.9681818256583192 0
2.118290185121431 0.9681818425813665 0
2.062505729362327 0.9681819504787584 0
2.008348255226564 0.9681818009538659 0
1.954578184236013 0.9681814138138429 0
1.900889977496192 0.9681813860623215 0
1.84700492621386 0.9681815535529776 0
1.792992538287846 0.9681820035258201 0
1.739119195106841 0.9681816965455027 0
1.685702024293552 0.9681825906892492 0
1.632164021201028 0.9681810808490149 0
1.578848350176884 0.9681796603037067 0
1.526622747937001 0.9681714131687706 0
1.477583759743221 0.9681578116822473 0
1.435813199096665 0.9683797304587529 0
6.713966806550919 0.9772727931488119 0
6.39525687469009 0.9772727856628454 0
6.030110715848299 0.9772727279004337 0
5.654442457458785 0.9772727324604867 0
5.2780265377442 0.9772727371251428 0
4.90170203155619 0.9772727341392808 0
4.525851048311278 0.9772727195490695 0
4.152755234903588 0.9772727159260314 0
3.78984075530031 0.9772727428245939 0
3.453811108648696 0.9772726017838878 0
3.168475844529782 0.9772728953246811 0
2.93842867594613 0.9772727821402402 0
2.748067344879847 0.9772728082544923 0
2.587996894207792 0.9772727812521866 0
2.454441264223147 0.9772727555077726 0
2.343131515538912 0.9772727419966873 0
2.252114037712155 0.977272737476283 0
2.17949255815051 0.9772727364437339 0
2.118713676321254 0.977272755425134 0
2.062700243346474 0.9772728548815797 0
2.008403167149406 0.9772726842690108 0
1.954661808535062 0.9772721663653779 0
1.901054344233546 0.9772721064857901 0
1.847229153838948 0.9772724079763537 0
1.793250608193528 0.9772729868134745 0
1.739387093234455 0.9772725073797921 0
1.685847215076481 0.9772738557806757 0
1.632270225179922 0.9772720181431851 0
1.578959871158798 0.9772696873408414 0
1.526879915252515 0.9772577203113023 0
1.478375074188626 0.9772290111199712 0
1.436619181835266 0.9773859929779553 0
6.712624567854856 0.9863637117182523 0
6.392802209375398 0.9863636788315794 0
6.026947485315424 0.9863636384403063 0
5.650999868606069 0.9863636282616366 0
5.274327451047027 0.9863636313591678 0
4.897749156666082 0.9863636281448515 0
4.521719805854602 0.9863636208085896 0
4.148742743893754 0.9863635998357736 0
3.786591042470292 0.9863636124965262 0
3.452315785058388 0.9863635070352402 0
3.168757299446995 0.9863637288770456 0
2.939268378192517 0.9863637078250647 0
2.748857276107522 0.9863637344158498 0
2.588670449544646 0.9863636923958248 0
2.454999113166808 0.9863636678476331 0
2.343667791053822 0.9863636543544111 0
2.25274374588981 0.9863636475823077 0
2.180054379554409 0.9863636463761282 0
2.119009283508485 0.9863636652104426 0
2.062841541356913 0.9863637452705809 0
2.008438701976448 0.9863635359431784 0
1.954740776616894 0.9863629520952292 0
1.901227316535849 0.986362927744855 0
1.84745877506395 0.9863632892052683 0
1.793504097825425 0.9863638774704614 0
1.739637879232656 0.986363588948813 0
1.685998689606185 0.9863646241401793 0
1.632368082088412 0.9863632072668286 0
1.579028318621988 0.9863599492796814 0
1.527014852829036 0.9863448019196916 0
1.478833605963867 0.9862970254639906 0
1.437098852710512 0.9863070413716427 0
6.711317711460581 0.9954546135198993 0
6.390387340706683 0.9954545850461317 0
6.023783889114927 0.9954545465547991 0
5.647551271083221 0.9954545349418482 0
5.270621284854039 0.9954545405370822 0
4.8937888714699 0.9954545442583322 0
4.517581101298344 0.9954545229302683 0
4.144721772163934 0.9954544940048585 0
3.783324795082483 0.9954544952987172 0
3.450767218084815 0.995454408725804 0
3.168927725222752 0.9954545193987488 0
2.939983732553095 0.9954545822945943 0
2.74950869895096 0.9954546567445707 0
2.58918547502152 0.9954546012752471 0
2.455379209079362 0.9954545798588754 0
2.343983420821606 0.9954545660576004 0
2.25308439685408 0.9954545570115025 0
2.180357896695511 0.9954545556393593 0
2.119180737353892 0.9954545728295621 0
2.062932335467299 0.9954546305983287 0
2.008449759978189 0.995454397228141 0
1.95481326871819 0.9954537426119716 0
1.901411105479474 0.9954537874487273 0
1.847694720558202 0.9954541961418294 0
1.793754033281079 0.9954546997106786 0
1.739878780276998 0.9954547629087163 0
1.686152979327608 0.9954552049252597 0
1.632457079896043 0.9954545107622865 0
1.579054129791469 0.9954505009190965 0
1.527021948239982 0.995433026655248 0
1.478994066923532 0.9953653798927131 0
1.437305967838259 0.995188766525016 0
6.710043697604139 1.00454550605509 0
6.388017804768047 1.004545491241434 0
6.020617851518011 1.004545446207272 0
5.644095130755388 1.004545457455816 0
5.266906449812302 1.004545458031138 0
4.889819389495543 1.004545479012849 0
4.513433129460083 1.004545460540695 0
4.140690275546944 1.004545410578665 0
3.780040190889145 1.004545443668921 0
3.44915368167141 1.004545309865758 0
3.168981313917692 1.004545315112085 0
2.94058034024031 1.004545473812715 0
2.750031974741649 1.004545526752812 0
2.589549061848792 1.004545511142094 0
2.455588745193659 1.004545492855271 0
2.344086458013232 1.004545477455743 0
2.253148334225309 1.00454546610663 0
2.180414875649482 1.004545464469404 0
2.119230028510822 1.004545479070675 0
2.06297629117234 1.004545517118088 0
2.008431881283491 1.00454528203939 0
1.954877158526538 1.004544573176038 0
1.901608734520204 1.004544717893062 0
1.847938358970345 1.004545155856503 0
1.79400098902136 1.004545491878443 0
1.74011373662702 1.004545926673265 0
1.686308511177351 1.004545742241129 0
1.632537328906751 1.004545804264671 0
1.579039129871791 1.004541386214026 0
1.526896534113136 1.004522776620783 0
1.47886975333152 1.004438504037555 0
1.437255760753629 1.00407906399795 0
6.708802186958739 1.013636409115449 0
6.38569620560523 1.013636397355278 0
6.017447521274604 1.013636353739953 0
5.640630078483865 1.013636368221213 0
5.263181772208751 1.013636367133938 0
4.885839399795957 1.013636378424027 0
4.509274218852945 1.013636344070736 0
4.13664631647559 1.013636331737146 0
3.776734722739232 1.013636326588684 0
3.44749060977664 1.013636244170385 0
3.168920816187127 1.013636116109012 0
2.941059596951392 1.013636339784499 0
2.750428309956108 1.01363643991139 0
2.589761448959058 1.013636421087614 0
2.455627535451043 1.013636405495627 0
2.343976307869514 1.01363638813276 0
2.252935141440094 1.0136363748559 0
2.180225471398989 1.013636372900795 0
2.119156557808691 1.0136363843228 0
2.062975911565496 1.013636404103383 0
2.008380109672039 1.013636191028928 0
1.954929021467672 1.013635505074816 0
1.901823568358314 1.013635696267777 0
1.848191446712801 1.013636147653716 0
1.794245061359 1.013636298712161 0
1.740346182328432 1.013637023765412 0
1.68646449360837 1.013636369297734 0
1.632609788266025 1.013637033015384 0
1.578984626196725 1.013632618414731 0
1.526632980447449 1.013614374592759 0
1.478456052950564 1.013520935637545 0
1.43695177921252 1.013023514856079 0
6.707593669262918 1.022727323235841 0
6.383413379941363 1.02272729587139 0
6.014271901809943 1.02272727576245 0
5.637155165970194 1.022727268758022 0
5.259446104983798 1.022727269761083 0
4.881847640175206 1.022727262173067 0
4.50510307222485 1.022727223364092 0
4.132588197926835 1.022727245146052 0
3.773405297589179 1.022727188612535 0
3.445761894964705 1.022727182302644 0
3.168755915508068 1.022726991459384 0
2.941421852269193 1.022727270923944 0
2.750687671801478 1.022727326307032 0
2.589816388844687 1.022727326326571 0
2.455488317707467 1.022727314200538 0
2.343643624030929 1.022727296772766 0
2.252431650136022 1.022727282901893 0
2.179778055557047 1.022727280736958 0
2.118956962712239 1.022727288618029 0
2.062934826779233 1.022727287659759 0
2.008288563285621 1.02272711987209 0
1.954965957537486 1.022726555929585 0
1.902060823063185 1.022726714937578 0
1.848456045366915 1.022727153079128 0
1.794485719803536 1.022727153178594 0
1.740579358559857 1.02272797838364 0
1.686620598578815 1.022727139177496 0
1.632676397142445 1.022728117199522 0
1.57889163146341 1.022724172972657 0
1.526223798210946 1.02270801085137 0
1.477729696706498 1.022616541222422 0
1.436379970013625 1.02206242786305 0
6.706421175622962 1.031818227325363 0
6.38116810427058 1.031818184220541 0
6.011090893583086 1.031818196283128 0
5.633670514615678 1.031818177803543 0
5.25569963416565 1.031818180151742 0
4.87784421205616 1.031818185367742 0
4.5009194767987 1.03181819220454 0
4.128514934515954 1.031818155637183 0
3.770049075396826 1.031818157248194 0
3.44397121810788 1.031818107769533 0
3.168479031555857 1.031817885226496 0
2.941658094840603 1.031818197441838 0
2.750811255715684 1.031818216469276 0
2.589705238121983 1.031818223878007 0
2.455160186648644 1.03181821625362 0
2.343072528846828 1.031818202206322 0
2.251612304044902 1.031818189935594 0
2.179048533800933 1.031818187847043 0
2.118625669153476 1.031818192110132 0
2.062858512906479 1.031818161950391 0
2.008146524272216 1.031818064196889 0
1.954985772484317 1.031817651431177 0
1.902328412005359 1.031817761218842 0
1.848736073077113 1.031818105999284 0
1.794721489162205 1.031818061234676 0
1.740816730257958 1.031818775043311 0
1.686776791137856 1.031818037069389 0
1.632740146014755 1.031818993766427 0
1.578763439394192 1.031815993149771 0
1.525659854068209 1.031803685286367 0
1.47664350288369 1.031727889361762 0
1.435487949794786 1.031227863724985 0
6.705289902168873 1.040909120438015 0
6.378963779341769 1.040909124657116 0
6.007905307757737 1.040909104873213 0
5.630176934122337 1.040909092003907 0
5.251943094217971 1.040909094476813 0
4.873829836923913 1.040909115187539 0
4.496723837082412 1.040909154561032 0
4.124426422830558 1.040909075046007 0
3.766662778826437 1.040909132049588 0
3.442108650441304 1.040909031782619 0
3.168078584582245 1.040908935784597 0
2.94176974088184 1.040909106769402 0
2.750797439629885 1.040909107628587 0
2.589416753471466 1.040909114343497 0
2.454626457113663 1.040909111176235 0
2.342238590078513 1.04090910346207 0
2.250434543884431 1.04090909571449 0
2.177993725082627 1.040909094198016 0
2.118150936373216 1.040909095197085 0
2.062754869797679 1.040909026371083 0
2.007937316539394 1.040909022994107 0
1.954983337177703 1.04090877702193 0
1.902640865394139 1.040908851197435 0
1.849032993945912 1.040909056825713 0
1.794949366183097 1.04090901800724 0
1.741062761200133 1.040909433300226 0
1.686933027518455 1.040909009625144 0
1.632805338800754 1.040909599068634 0
1.57860465079079 1.040907971557588 0
1.52492678786567 1.040901168602055 0
1.475108983526528 1.040855901116436 0
1.434171411517987 1.040540492802845 0
6.858680664197742 0.9590916056048485 0
6.717508992075521 0.954545455452363 0
6.85890452395514 0.9545459262143625 0
6.558796579620526 0.9590908995094215 0
6.401588398329133 0.9545454388229474 0
6.559687642387386 0.9545454417238922 0
6.218533145434741 0.9590909016690881 0
6.038032498585317 0.9545454580119744 0
6.219897078702378 0.9545454507635363 0
5.848898405759797 0.9590908830381704 0
5.663030276820551 0.954545461379376 0
5.850541267408492 0.9545454415165521 0
5.473362262564236 0.9590909125630962 0
5.287251270523196 0.9545454547404238 0
5.475141098698146 0.9545454563138152 0
5.09750021124121 0.9590909170190555 0
4.911560682784105 0.9545454572478724 0
5.099406027231119 0.9545454584945231 0
4.721839893431127 0.9590909120066468 0
4.53615678460898 0.9545454679269945 0
4.723856298243427 0.9545454673062229 0
4.3474007098035 0.9590908996517489 0
4.16276036424869 0.9545454572315455 0
4.349443141365059 0.9545454498728102 0
3.978425250268092 0.9590909096375629 0
3.797896956641948 0.9545454090925876 0
3.98027416562754 0.9545454550447956 0
3.626175209293189 0.9590908814540857 0
3.457268250277039 0.9545454329697083 0
3.627434896157306 0.9545454406231547 0
3.311592514274925 0.9590908823969977 0
3.167201552173441 0.9545454950045775 0
3.31198134619363 0.9545454383016305 0
3.051349699290296 0.9590908059201033 0
2.935717394119767 0.9545454528766426 0
3.051150421376603 0.9545454021123527 0
2.840609492489762 0.959090873639152 0
2.745472345155323 0.9545454716601486 0
2.840280408927199 0.9545454369075127 0
2.665479095389378 0.9590908640472374 0
2.585551135426268 0.9545454718889474 0
2.665179149346138 0.9545454242438942 0
2.518784441168301 0.9590908453550642 0
2.452184080383167 0.9545454638025445 0
2.518513985555874 0.9545454228986726 0
2.396352361517025 0.9590908199668912 0
2.340708998816883 0.9545454587042205 0
2.396073450443518 0.9545453827089717 0
2.29480312792653 0.959090916558202 0
2.249070988568808 0.9545454573751306 0
2.294448783965814 0.9545454586396757 0
2.212923279075185 0.9590909132431217 0
2.176746142684278 0.9545454571989722 0
2.212482595374858 0.9545454568784669 0
2.147157661062338 0.95909091635058 0
2.117394007475377 0.9545454642065903 0
2.146812387286118 0.9545454586963645 0
2.089829865353473 0.959090951318274 0
2.062104123361678 0.9545455174945746 0
2.089655975349099 0.9545454811242454 0
2.035216494391648 0.9590911255869937 0
2.008248261983575 0.9545454500051881 0
2.035146838729272 0.9545455707639021 0
1.981374361601737 0.9590907806920432 0
1.954447580450552 0.9545453471582385 0
1.981341781981044 0.954545388391803 0
1.927618054496311 0.9590906539954583 0
1.900659439768582 0.9545453354131322 0
1.927556670128002 0.9545453434468247 0
1.873772502006993 0.9590907244821515 0
1.846677569990504 0.9545453781078572 0
1.873675643391744 0.9545453627334877 0
1.819757344713567 0.9590908821566271 0
1.792593920975084 0.9545455152114072 0
1.819635711798463 0.9545454235489276 0
1.765758222396036 0.9590909871414111 0
1.738673574123096 0.9545454117427775 0
1.765620532407747 0.9545454920393206 0
1.712187632738708 0.9590910378975946 0
1.685504586484609 0.954545693018151 0
1.71208255731145 0.95454551146421 0
1.658810701641797 0.9590910553389527 0
1.631991548316118 0.9545451949663116 0
1.658750095520175 0.9545455252202831 0
1.605337318864924 0.9590903035183895 0
1.578598432337432 0.9545449109253537 0
1.6052752425707 0.9545451098095332 0
1.552352097299986 0.9590883229022192 0
1.526018566223399 0.9545427658618683 0
1.552242511519498 0.9545441490644669 0
1.50094701373453 0.959081658129168 0
1.475603324237844 0.9545413006555863 0
1.500590315588248 0.9545408535799574 0
1.454935929992487 0.959108680635989 0
1.433750055649838 0.9546414960274144 0
1.45432788419645 0.9545572556201889 0
1.417052040421636 0.9597908353025401 0
1.416712410358906 0.9549377296064785 0
6.858204982168864 0.9681822546296847 0
6.716056576346605 0.9636363838550566 0
6.85845627464953 0.9636370162884819 0
6.557006363273553 0.9681818152539471 0
6.399016057901409 0.9636363814217014 0
6.557902754493343 0.9636363565559684 0
6.215799754759116 0.9681818037610995 0
6.034860095675109 0.9636363688490184 0
6.217167388395404 0.9636363518047397 0
5.845609484368014 0.9681818307088249 0
5.659597966382321 0.9636363777492696 0
5.847254535254033 0.9636363545162309 0
5.469801129652565 0.9681818359153435 0
5.283565067318733 0.9636363737928059 0
5.471582298317728 0.9636363741925839 0
5.093684732569964 0.9681818346248009 0
4.90762095816237 0.9636363723085136 0
5.095593134965414 0.9636363776404566 0
4.717804196264654 0.9681818305176337 0
4.53203780034282 0.9636363658848073 0
4.719822530124537 0.9636363714119244 0
4.343316602850098 0.9681818060316705 0
4.158762264717239 0.9636363707564384 0
4.345358356553529 0.9636363527099865 0
3.974735707274045 0.9681818222831577 0
3.794686342229919 0.9636363046790926 0
3.976579124998878 0.9636363656121171 0
3.623669282850138 0.968181811391248 0
3.455937054924752 0.9636362895423287 0
3.624920372057375 0.9636363441214654 0
3.310817994225021 0.9681817790097843 0
3.167817209521903 0.9636365123107187 0
3.311204854815948 0.9636363305034686 0
3.051741389382907 0.9681816282450763 0
2.93691127528017 0.9636363644627917 0
3.0515470617534 0.9636362173191301 0
2.841259966489356 0.9681817390736386 0
2.746620316009571 0.9636364070613007 0
2.840936327872082 0.9636363018290012 0
2.666065533812553 0.9681817414318484 0
2.586667851322079 0.9636364031450604 0
2.665775063448347 0.9636363049033404 0
2.519303139013578 0.9681817174685565 0
2.453245893990761 0.9636363841050223 0
2.519048180167995 0.9636362823489915 0
2.39686829604288 0.9681817542778942 0
2.341879614203334 0.9636363725309228 0
2.396618643154802 0.9636362811750847 0
2.295446306694719 0.9681818304214886 0
2.250569704400728 0.9636363704616111 0
2.295137200769286 0.9636363737624483 0
2.213721373358268 0.9681818249475656 0
2.178107124849652 0.963636369866616 0
2.213338731384105 0.9636363692447473 0
2.147786060255938 0.9681818297815664 0
2.118028208953232 0.9636363846518226 0
2.147484451234846 0.9636363733322189 0
2.090146057014539 0.9681818760118108 0
2.062387216913556 0.9636364868709626 0
2.089994031812061 0.963636415531681 0
2.035342323487928 0.9681820469745158 0
2.008316381625034 0.9636363487615879 0
2.035282066380689 0.9636365988814763 0
1.981436410239853 0.968181555122879 0
1.954535176394983 0.9636360413429471 0
1.981406049894172 0.9636361566053244 0
1.927741832809911 0.9681813913331878 0
1.900810794130193 0.9636360182409283 0
1.927679747394988 0.9636360165861033 0
1.873968831137657 0.9681814721353866 0
1.846894582369921 0.9636361472008573 0
1.87387013495621 0.9636360792305381 0
1.820000391676145 0.9681817341990012 0
1.792861467062074 0.9636365299579387 0
1.819878888877491 0.9636363099949313 0
1.766028647919373 0.9681819620529175 0
1.738977787603892 0.9636362734549353 0
1.765894313541963 0.9636364748192849 0
1.712396491167674 0.9681819930195302 0
1.685632704564621 0.9636369695685824 0
1.712292308235001 0.9636365203851943 0
1.658932432330424 0.9681820849907721 0
1.632108178728771 0.963635706465087 0
1.658871511217791 0.9636365660418946 0
1.60545317343384 0.9681808087941185 0
1.578776142774141 0.9636347163777457 0
1.605396756879477 0.9636355512064138 0
1.552540128907575 0.9681768168884507 0
1.526449992398026 0.963628451671841 0
1.55245196974584 0.9636325390976809 0
1.501555907114211 0.968163025977989 0
1.477043412522415 0.9636203329367128 0
1.501270671581065 0.9636223816996898 0
1.455976456058034 0.9681895257347712 0
1.435257259692829 0.9638333376677607 0
1.455488673090424 0.9636529343680263 0
1.417608741108859 0.9691015958708482 0
1.417351664975406 0.9645060030322302 0
6.857691291083513 0.977272465609637 0
6.714652716055097 0.9727273287041013 0
6.857949469013596 0.9727273629099549 0
6.555206634730595 0.9772727232803834 0
6.39649944427154 0.9727273547738781 0
6.556107616852268 0.9727272693312591 0
6.213058824760846 0.9772727071383025 0
6.031692972191768 0.9727272744209564 0
6.214430329910297 0.9727272555529654 0
5.842315944531261 0.9772727552349403 0
5.656161976597679 0.9727272817378981 0
5.84396328864584 0.972727292977795 0
5.466235304171692 0.9772727474035876 0
5.27987404044516 0.9727272928226877 0
5.468018821717865 0.972727291629692 0
5.089863891440299 0.9772727354129971 0
4.903676371558022 0.9727272854559537 0
5.09177499825792 0.9727272911763435 0
4.713764413648788 0.9772727558151115 0
4.527914545850242 0.9727272462113064 0
4.715784792298625 0.9727272931977261 0
4.339232647614202 0.9772727139459026 0
4.154759064090976 0.9727272727032196 0
4.341274342666432 0.9727272600334357 0
3.971055959967087 0.9772727355312913 0
3.791459819640965 0.9727272822291897 0
3.972894036340678 0.9727272787665404 0
3.621183696443523 0.9772727457613941 0
3.454535745633455 0.9727271523728989 0
3.622423618235828 0.9727272786549813 0
3.310045575764495 0.977272678843582 0
3.168289181976539 0.972727480750843 0
3.310431644342319 0.9727272284156467 0
3.052122258235215 0.9772725882162976 0
2.937959504671042 0.9727272825371646 0
3.051933084130316 0.9727270876629945 0
2.841895686038407 0.9772726422994849 0
2.747620224479873 0.9727273415260721 0
2.8415800505958 0.9727271901840369 0
2.66662498998519 0.9772726370908302 0
2.58759769814712 0.9727273236915893 0
2.666349198907416 0.9727271821214417 0
2.51977717426546 0.9772726107686556 0
2.454092341586086 0.9727272989543591 0
2.519546586676241 0.9727271387623638 0
2.397307052914117 0.9772727009068132 0
2.342776470659315 0.9727272856006313 0
2.397098520823426 0.9727272288329076 0
2.295973443134616 0.9772727422618044 0
2.251683652866583 0.9727272820686346 0
2.295726068663042 0.9727272865456329 0
2.214366780918656 0.9772727356222859 0
2.179107904689083 0.9727272811798749 0
2.214065542595368 0.9727272804042728 0
2.148295760733017 0.9772727413860879 0
2.11851831866446 0.9727272994636619 0
2.148057712920326 0.9727272857906566 0
2.090405839418166 0.9772727887120549 0
2.062609849485085 0.9727274053152399 0
2.090283766894441 0.9727273334555854 0
2.035444121582308 0.9772729187762824 0
2.008377764157607 0.9727272516226851 0
2.035396600701829 0.9727274860745869 0
1.981491259279416 0.9772723515552854 0
1.954620512799901 0.9727267829327254 0
1.981465004892155 0.9727269504405294 0
1.927867325874832 0.9772720919465286 0
1.900971031418719 0.9727267511921576 0
1.927804380196848 0.9727267419967484 0
1.874170270522635 0.9772722439590422 0
1.847116480766184 0.9727269817407496 0
1.874068890265566 0.9727268584023866 0
1.820243529788061 0.9772726350878668 0
1.793122147237664 0.9727274905582906 0
1.82012192690603 0.9727271861366711 0
1.766291890655866 0.977272974159397 0
1.739255385245934 0.9727271035605153 0
1.766161079089707 0.972727462508803 0
1.71260262579996 0.9772729448655443 0
1.685773629689616 0.972728243649187 0
1.712499878569468 0.9727274748412226 0
1.659054315396165 0.977273071424115 0
1.632218013412321 0.9727265589692247 0
1.658993415090679 0.972727575488727 0
1.605551151700313 0.9772715763651141 0
1.578909546749069 0.9727246481844385 0
1.605504572419471 0.9727261949716169 0
1.552674019738767 0.977265632584341 0
1.526766236071195 0.9727144908459789 0
1.552614587829925 0.9727211749288229 0
1.501997196044377 0.9772442530452063 0
1.478024307237208 0.9726939746743929 0
1.501798888435081 0.9727036266843675 0
1.456740034154665 0.9772412038518377 0
1.436262038744759 0.9728960242559193 0
1.456394246733142 0.9727186932870905 0
1.417998132166847 0.9779688588633727 0
1.417823209896492 0.9735793137446476 0
6.857170366892364 0.9863631011078058 0
6.713290339735403 0.9818182517342275 0
6.857431029383322 0.9818176644087739 0
6.553398530167762 0.9863636392842208 0
6.394024557085178 0.9818182284341174 0
6.554303584391581 0.9818181831378155 0
6.210310692108612 0.9863636114882239 0
6.028528689872934 0.9818181832339926 0
6.211685809383264 0.9818181578978875 0
5.839017315524494 0.9863636220855339 0
5.65272167832614 0.9818181803582884 0
5.840667416037357 0.9818181897061669 0
5.462663919391869 0.9863636384879779 0
5.276177637474964 0.9818181841501576 0
5.464450422564314 0.9818181833579388 0
5.086037157729922 0.9863636323149203 0
4.899726252298994 0.9818181812151279 0
5.087951356483934 0.9818181904709476 0
4.709719409061066 0.9863636420234894 0
4.52378602251637 0.9818181701315075 0
4.711742700256937 0.9818182014414401 0
4.335147180266574 0.9863636210514907 0
4.150749656896304 0.9818181579151207 0
4.337189644620111 0.9818181675436869 0
3.967382229773957 0.9863636350742373 0
3.788217967318452 0.981818177567119 0
3.96921735737122 0.9818181853259708 0
3.618706161106717 0.9863636744479557 0
3.453071737258004 0.9818180545738285 0
3.619943635531414 0.9818182178000496 0
3.309273588558046 0.9863635737267935 0
3.168632309215051 0.9818183118721235 0
3.309659603403601 0.9818181263923175 0
3.052487134340319 0.9863635817695517 0
2.938864616525934 0.9818182445754762 0
3.052307177839869 0.981818085331955 0
2.842508278116302 0.9863635447866821 0
2.748479515852352 0.9818182726814911 0
2.842205197079406 0.9818180937643058 0
2.66714980746267 0.9863635624187189 0
2.588354100987142 0.9818182373996214 0
2.666892323664051 0.9818181003927481 0
2.520195092783022 0.986363562638141 0
2.45474306726188 0.9818182118163421 0
2.519993621082104 0.9818180878137347 0
2.397655001527781 0.9863636368276169 0
2.343428018295645 0.9818181982803948 0
2.397493015708676 0.9818181702290503 0
2.296361882434819 0.9863636528031658 0
2.25246628194087 0.9818181926412977 0
2.296186066799836 0.9818181976760861 0
2.214829095067953 0.9863636454977968 0
2.179806861055103 0.981818191496914 0
2.21462209592911 0.9818181906513637 0
2.148662205300435 0.9863636515514661 0
2.118877203709164 0.9818182106481553 0
2.148497870160992 0.9818181966328614 0
2.090599391212037 0.9863636946169994 0
2.062777403937726 0.9818183012462706 0
2.090511329322878 0.9818182423393069 0
2.035516539170215 0.9863637738265083 0
2.008423698585295 0.9818181102772414 0
2.035484248085097 0.9818183471986831 0
1.981535237464865 0.9863631438201059 0
1.954701933314962 0.9818175600733914 0
1.98151473046365 0.981817748003568 0
1.927994951112883 0.9863628839025818 0
1.901139816988027 0.9818175185727135 0
1.92793086636624 0.9818174715840976 0
1.874378746425188 0.986363083614362 0
1.847343320212577 0.9818178491321844 0
1.874273646828485 0.9818176644005504 0
1.820487346173602 0.9863635367133665 0
1.793377802714513 0.9818184287395163 0
1.820365329524241 0.981818087375492 0
1.766548117460562 0.9863639162517998 0
1.739513823298287 0.9818180590758812 0
1.766420716354819 0.9818184398633754 0
1.712805848503459 0.9863639181775733 0
1.68592252885755 0.9818192195173558 0
1.712704535861451 0.9818184370644266 0
1.659175466236854 0.9863640018366014 0
1.632320154505866 0.9818176183877315 0
1.659115044129656 0.9818185330993683 0
1.60562866159526 0.9863623626225517 0
1.578999431888491 0.9818147852146654 0
1.605592581153838 0.9818169622322203 0
1.552743496368385 0.9863549224011068 0
1.526962983651663 0.9818011422218171 0
1.552717338612515 0.9818102089984102 0
1.502253211907299 0.9863260060584337 0
1.478643114615952 0.9817632260492601 0
1.502149004251633 0.9817850043089128 0
1.457215354068557 0.9862713532473435 0
1.436895479877797 0.9818544516144275 0
1.457013617815378 0.9817582503254674 0
1.418239646805579 0.9865646873652629 0
1.41813613026546 0.9822891850275061 0
6.856649964974489 0.995454353256977 0
6.711965944746805 0.9909091625617974 0
6.856910216055112 0.9909087333623368 0
6.551582541008587 0.9954545584644017 0
6.391589737830011 0.9909091318664599 0
6.552491503972657 0.9909091030397411 0
6.207554128779522 0.9954545209633699 0
6.025365367200939 0.9909090925132318 0
6.208933476690587 0.9909090638889089 0
5.83571246680828 0.9954545159768462 0
5.649276092607177 0.9909090816663256 0
5.837365487978637 0.9909090690471953 0
5.459085824355101 0.9954545475994782 0
5.272475012517345 0.9909090859219328 0
5.460875750343862 0.9909090834431175 0
5.082202874130473 0.9954545465954741 0
4.895769681599662 0.9909090862021984 0
5.084120980597527 0.9909090911923836 0
4.705668074482402 0.9954545385087364 0
4.519651088189156 0.9909090718702018 0
4.707694233539153 0.9909090902959063 0
4.331058385733995 0.9954545189739679 0
4.146733006922591 0.9909090470296733 0
4.333102524248668 0.9909090700269707 0
3.963712794660257 0.9954545317396658 0
3.784960128666448 0.9909090539176313 0
3.965545819288352 0.9909090834115878 0
3.616238751776483 0.9954545611889092 0
3.451549463771571 0.9909089579806915 0
3.617471198395958 0.9909091189291886 0
3.308500820185208 0.9954544703967833 0
3.168856803147392 0.9909091227319219 0
3.308887321926769 0.9909090186601986 0
3.052841215895722 0.9954544598918127 0
2.939641544362297 0.9909091448290807 0
3.052665982810957 0.9909090202288141 0
2.84310110064769 0.9954544600922518 0
2.749198830132896 0.9909091951060798 0
2.84280763905646 0.9909090006114853 0
2.667636120498878 0.9954544900268865 0
2.588947342150902 0.9909091469750817 0
2.66739836018 0.9909090267956245 0
2.520549408171183 0.9954544960344766 0
2.455210900932638 0.9909091238656695 0
2.520380431978315 0.990909030475575 0
2.39790535773166 0.9954545646455467 0
2.343852596363067 0.9909091102907785 0
2.397792524648094 0.9909091014157022 0
2.296598730848592 0.9954545625343737 0
2.252949210311628 0.9909091023662564 0
2.296499757054186 0.9909091077483421 0
2.215093469990081 0.995454554871871 0
2.180237487937527 0.9909091010839579 0
2.214986632425375 0.9909091002422413 0
2.148873726630249 0.9954545605876509 0
2.119110413416257 0.9909091192470966 0
2.148787757853082 0.9909091061961527 0
2.090721999813339 0.9954545965379672 0
2.062893079076276 0.9909091881835242 0
2.090669727942579 0.9909091459501087 0
2.035556807849618 0.9954546304993124 0
2.008447533249599 0.9909089642863504 0
2.035540829473586 0.9909092013852762 0
1.981566051697872 0.9954539207190684 0
1.954777878675556 0.9909083487646871 0
1.981552534532273 0.9909085336882576 0
1.928124889294741 0.995453647734883 0
1.901317737885145 0.9909083504578488 0
1.92805960951435 0.9909082708411512 0
1.874596141070217 0.9954539609149863 0
1.84757597981372 0.9909087428212849 0
1.874486186137235 0.9909085060463356 0
1.820732514416673 0.9954544524992491 0
1.793629423576287 0.9909092853671617 0
1.820609718259041 0.9909089867240838 0
1.766798451787074 0.9954548486661552 0
1.739759161576217 0.9909091822886247 0
1.766673915111315 0.9909093810479487 0
1.713006571104019 0.9954549213368622 0
1.686075643548597 0.9909099005181723 0
1.712906443365718 0.9909094225924696 0
1.659295124224228 0.9954548977679563 0
1.632413605439332 0.9909088549199352 0
1.659235520245543 0.99090946185317 0
1.60568481792422 0.9954532416438794 0
1.579046458186269 0.9909051856602061 0
1.605659451826578 0.9909077890342336 0
1.552741903040588 0.9954448299850217 0
1.527034733419047 0.9908887471393696 0
1.552751899562517 0.9908997907267408 0
1.502315183358772 0.9954093571231442 0
1.478949880152972 0.9908308955538868 0
1.502308840091263 0.9908674038679037 0
1.457406264008122 0.9952928872037067 0
1.43723447998348 0.9907497766230652 0
1.457346069291055 0.9907822654195956 0
1.418349161171115 0.9950554420690997 0
1.418310311494862 0.990814387223682 0
6.856124624538955 1.004544926992487 0
6.710675596775603 1.000000059284224 0
6.856388206418579 0.9999998235138908 0
6.549758783445078 1.004545457765772 0
6.389196180767998 1.000000038081882 0
6.550671657256669 1.000000006641708 0
6.204787963171841 1.004545436234478 0
6.022200636342867 0.9999999963082048 0
6.206172371369318 0.9999999768564449 0
5.832399489221284 1.004545459101012 0
5.645823728767292 0.999999996278623 0
5.834057035761181 0.9999999858051144 0
5.455499567571755 1.004545464977563 0
5.26876451466501 0.999999999286974 0
5.457293818619935 0.999999998925576 0
5.078360308988969 1.004545463568514 0
4.891804812147986 1.000000011619929 0
5.080282242804619 1.000000005039688 0
4.701607819175321 1.004545458223057 0
4.515507786943604 0.9999999918163421 0
4.703639065392643 0.9999999937730536 0
4.326962162280846 1.004545419644067 0
4.142706858080365 0.9999999522139665 0
4.329011000220785 0.999999966521782 0
3.960042588132893 1.004545457498394 0
3.781684868629887 0.999999969685761 0
3.961876671202056 0.9999999953326549 0
3.61378156482021 1.004545456073964 0
3.449968437740949 0.9999998593475831 0
3.615008846057775 1.000000006493107 0
3.307726788044068 1.004545385101909 0
3.168969301553975 0.9999999172520192 0
3.308114081784966 0.9999999277863043 0
3.053177421959122 1.004545347102987 0
2.940297121056489 1.000000027858002 0
3.053012083703639 0.9999999036408542 0
2.843666001757417 1.004545377840677 0
2.749785963340142 1.000000091335049 0
2.843387141002544 0.9999999188236595 0
2.668081788672299 1.004545422514193 0
2.589385887227968 1.000000055937443 0
2.667864195708995 0.9999999525994563 0
2.52083629920695 1.004545457869797 0
2.455505019584196 1.000000036237252 0
2.520701362112004 1.000000007867665 0
2.39805669688148 1.004545488675168 0
2.344061247212342 1.000000021766279 0
2.397993251094329 1.000000026846819 0
2.2966794703814 1.004545471990794 0
2.253150614277471 1.000000011581118 0
2.296658629821301 1.000000017266065 0
2.215152970086648 1.004545463803136 0
2.180416863209475 1.000000010091722 0
2.21514894743155 1.000000009386335 0
2.148926211816074 1.004545468796804 0
2.119220569229618 1.000000026076194 0
2.148919901397225 1.000000014778196 0
2.090772946671509 1.004545496615186 0
2.062959921501691 1.00000007347934 0
2.090756351805237 1.000000046695894 0
2.035563953133816 1.004545498663572 0
2.008444694907327 0.9999998364906196 0
2.035564536838467 1.000000062823842 0
1.981576619909432 1.004544840512898 0
1.954846300723406 0.9999991596919686 0
1.981574036488431 0.9999993722221761 0
1.928257582235919 1.004544527828536 0
1.901507969283475 0.9999992444363321 0
1.928190849097935 0.9999990764055899 0
1.87482459417238 1.004544919340957 0
1.847815610483885 0.9999996759698876 0
1.874708843506681 0.9999994377620438 0
1.820979682291028 1.00454535175538 0
1.793877823986071 1.000000096413229 0
1.820855808280782 0.9999999120389857 0
1.76704435197186 1.004545681586744 0
1.739996704359277 1.000000346420744 0
1.766921876867855 1.000000279890834 0
1.713205537613126 1.004545913136616 0
1.68623067403155 1.000000471562002 0
1.713106209223713 1.000000423525978 0
1.659412861632244 1.004545749104584 0
1.632498171992992 1.0000001423955 0
1.659354244146506 1.000000329341971 0
1.605719881347905 1.004544232491156 0
1.579051588404695 0.9999959000029324 0
1.605704847601142 0.9999987216949643 0
1.552665728823416 1.00453547634135 0
1.526976063642175 0.9999776884189147 0
1.552713176062502 0.9999900545014304 0
1.502178201950515 1.004495592445808 0
1.478967338382312 0.9999010549662261 0
1.502271806835271 0.9999520318868462 0
1.457316358957714 1.004321148087097 0
1.437315070602991 0.9996300666760072 0
1.457396385467592 0.9998051906257621 0
1.418333080786911 1.003571986342291 0
1.418356781719813 0.9993037620328006 0
6.85544893817546 1.013633796617512 0
6.709417886764797 1.009090955519929 0
6.855857816864335 1.009089661942402 0
6.547926995203735 1.013636366901199 0
6.386851808178609 1.009090944450615 0
6.54884385729779 1.009090912387048 0
6.202010814599527 1.013636348300749 0
6.019032534881189 1.009090899988694 0
6.203400674103204 1.009090892286519 0
5.829077739086901 1.01363636298067 0
5.642363140478475 1.009090912759032 0
5.830739768310989 1.009090900815678 0
5.4519047272799 1.013636383908619 0
5.265044765065115 1.009090912625116 0
5.453702766606978 1.009090924439158 0
5.074507396755646 1.01363636949468 0
4.887830087590372 1.009090928703176 0
5.076434506818284 1.009090916559166 0
4.69753718531156 1.01363636340783 0
4.51135438386487 1.009090902290888 0
4.699574275125726 1.009090905545754 0
4.322865574909804 1.013636327260744 0
4.138669223924759 1.009090871142688 0
4.324913818131565 1.009090872790024 0
3.956383014346537 1.013636380112527 0
3.778390023774268 1.009090885199943 0
3.958211802468364 1.009090919691645 0
3.611336459727775 1.013636365030133 0
3.448330041408631 1.009090775971085 0
3.612557088185155 1.009090909563586 0
3.306951650664874 1.013636304523074 0
3.168964674125629 1.009090713885258 0
3.307339494634014 1.009090844764643 0
3.053493857531966 1.013636241874587 0
2.940834843463551 1.009090906617062 0
3.053337518168246 1.009090791248301 0
2.844208796289772 1.013636297866581 0
2.750245812892534 1.00909098302587 0
2.843940991769109 1.009090838130834 0
2.668486099852407 1.013636351221161 0
2.589674578047886 1.009090966507723 0
2.668289286661707 1.009090887200096 0
2.52105614586177 1.013636432187061 0
2.455629929832259 1.00909094946685 0
2.520954428799268 1.009090932804289 0
2.398111052395091 1.013636411423918 0
2.344058520665984 1.00909093298496 0
2.398096029137974 1.009090950349127 0
2.296604056018744 1.013636381105216 0
2.253076982472449 1.009090920553665 0
2.296661225091806 1.009090926644223 0
2.21500862563236 1.013636372445074 0
2.180351485790175 1.009090918753009 0
2.215106107863607 1.009090918173451 0
2.148819958915817 1.013636376366603 0
2.119208853814893 1.009090931826741 0
2.148892889777013 1.009090922673147 0
2.090753002449982 1.013636395638065 0
2.062981504810589 1.009090960837794 0
2.090771813545295 1.00909094629466 0
2.035538597454294 1.013636384081319 0
2.008410590442844 1.009090733726021 0
2.035555278600417 1.009090939065306 0
1.981564913288785 1.013635818114065 0
1.954904738444208 1.009090024760193 0
1.981573673806761 1.009090322467593 0
1.928393753765293 1.013635376063456 0
1.901713719088763 1.009090201639396 0
1.928325182188066 1.009089952027181 0
1.875066455534002 1.013635907569609 0
1.84806376608612 1.009090650424462 0
1.874943715475198 1.009090410234834 0
1.821229392495619 1.013636285234092 0
1.794123351981593 1.009090896357689 0
1.821104223721952 1.009090817034888 0
1.767287103065262 1.013636554506034 0
1.740230063580804 1.009091468997514 0
1.76716601879164 1.009091120153436 0
1.71340373931432 1.013636931693984 0
1.686386481178776 1.009091062230587 0
1.713304670716323 1.00909141662708 0
1.659528662975995 1.013636652510324 0
1.632574367025647 1.009091393707662 0
1.659470986776328 1.009091201875826 0
1.605736027251517 1.013635340080913 0
1.579016783141484 1.00908695968547 0
1.605730272451309 1.009089773837434 0
1.552514301280207 1.013626940267033 0
1.526782511057325 1.009068328950077 0
1.552599522456504 1.009081103763783 0
1.501838185994806 1.013585971836439 0
1.478700110072996 1.008978290841074 0
1.502033906683725 1.009040193584174 0
1.456943453987978 1.013371601616429 0
1.437135348568107 1.008541821359066 0
1.457165723147952 1.008842685019633 0
1.418189482006126 1.012221028761775 0
1.418277706987843 1.007874526149413 0
6.854622159038625 1.022722233965593 0
6.708192853522205 1.018181863143676 0
6.855036592346613 1.01817788552932 0
6.546086648032571 1.022727271777103 0
6.384550130583678 1.018181848741228 0
6.54700784399272 1.018181819482673 0
6.19922093045817 1.022727252456431 0
6.015859635818718 1.018181814761298 0
6.200617273696791 1.018181800228234 0
5.825746216513153 1.022727260023276 0
5.638893162554176 1.018181818477545 0
5.827413246705515 1.018181814043904 0
5.44829946363266 1.022727288092832 0
5.261314594899224 1.018181818475153 0
5.450102719646757 1.018181835983651 0
5.070643638322957 1.022727264722393 0
4.883844221462806 1.018181820248464 0
5.072576175088745 1.018181817158365 0
4.693458969156941 1.022727277163343 0
4.507189415225181 1.018181783659574 0
4.695498575575428 1.018181820284862 0
4.318757790479484 1.022727268165371 0
4.134618281088219 1.018181788642925 0
4.320812349910514 1.018181798050783 0
3.952723119010157 1.022727253539973 0
3.775072784621949 1.018181757501342 0
3.954551430789208 1.018181816924448 0
3.608908454227247 1.022727278777599 0
3.446634287374192 1.018181712229492 0
3.610120562485328 1.018181820863483 0
3.306176152712049 1.022727221090283 0
3.168852734064924 1.018181554020685 0
3.306563919342029 1.018181762613008 0
3.053802099972891 1.022727222451861 0
2.941255581536464 1.018181805210064 0
3.053649682261568 1.01818172838772 0
2.84472918687378 1.022727226643939 0
2.750575190137317 1.01818188214295 0
2.844472217489611 1.018181762405644 0
2.668852653963508 1.022727275953777 0
2.589808955653436 1.018181874412157 0
2.668674200876255 1.018181813861996 0
2.521212806291968 1.022727410811965 0
2.455580660801892 1.018181860491618 0
2.521142026678077 1.01818192144581 0
2.398069986398743 1.022727330527652 0
2.343838650813965 1.018181842800487 0
2.398102214147487 1.018181871659674 0
2.296376921201929 1.022727289221561 0
2.252720986783636 1.018181828993353 0
2.296508916831092 1.018181835337268 0
2.214665930747938 1.022727280558962 0
2.180035203859392 1.018181826907143 0
2.214861334045215 1.018181826573855 0
2.1485581569444 1.022727283172592 0
2.119072827173381 1.018181836591015 0
2.148708079111517 1.018181829874956 0
2.09066433116058 1.02272729338453 0
2.062960153209804 1.018181846650728 0
2.090717011932157 1.018181844686776 0
2.035480584083306 1.022727282648267 0
2.008339789588314 1.018181653266993 0
2.035513700587949 1.01818183226383 0
1.981529833382735 1.022726830191327 0
1.95494946026221 1.018181021191308 0
1.981550324961492 1.018181321784857 0
1.928534209820609 1.02272632479053 0
1.901939013646367 1.018181201932369 0
1.928463458549866 1.018180853350042 0
1.875323305887937 1.022726915317359 0
1.848322344071848 1.018181648154938 0
1.875193003188911 1.018181410121813 0
1.821482124378421 1.02272723072325 0
1.794365821993124 1.018181730572189 0
1.821355408535402 1.018181755915119 0
1.76752769955342 1.022727350609547 0
1.740462517063543 1.018182493294757 0
1.76740759549315 1.018181960047387 0
1.713602148602304 1.022727867267304 0
1.686542537875102 1.018181768832088 0
1.713502863459458 1.018182391892696 0
1.659642916190804 1.022727540776422 0
1.63264362694398 1.018182546042507 0
1.659585945720801 1.018182097518644 0
1.605734007618498 1.022726516207229 0
1.578942749358811 1.01817835788697 0
1.605737164668865 1.018180921696567 0
1.552287166943371 1.022719232787009 0
1.52644705219306 1.018160932799654 0
1.552410129324056 1.018172985200529 0
1.501290982047329 1.022681477070238 0
1.478134173468716 1.01806689464891 0
1.501590584537882 1.018133039353925 0
1.456279270018849 1.022457854947604 0
1.436701755600202 1.017528968069892 0
1.456648444943043 1.017909525723486 0
1.417907728531622 1.021095249687634 0
1.418066822079975 1.016625437502071 0
6.853790278152163 1.031812658738501 0
6.707002206051303 1.027272772763649 0
6.854206627115849 1.02726706524288 0
6.54423714107229 1.031818172311881 0
6.382285977174918 1.027272737480634 0
6.545163056477589 1.027272723172515 0
6.196416991897214 1.031818159723819 0
6.012681390762633 1.027272735980483 0
6.197820503072685 1.027272706093968 0
5.82240481496329 1.031818180315456 0
5.635413385963365 1.027272723369582 0
5.824076722751377 1.027272724586133 0
5.444683963466232 1.031818189588583 0
5.25757352860108 1.027272724904209 0
5.446492340625742 1.027272738827657 0
5.066768542628724 1.031818187395036 0
4.879846647941836 1.027272723801019 0
5.068707315560129 1.027272727093805 0
4.689367972640662 1.031818192156832 0
4.503012070094296 1.027272707736192 0
4.691414506335173 1.02727273425738 0
4.314649783222961 1.031818207908151 0
4.130552713714923 1.027272700464258 0
4.31670372146302 1.027272738261035 0
3.949066398727901 1.03181817512099 0
3.771730201389779 1.027272672878397 0
3.950893644079752 1.027272712898158 0
3.60649392651348 1.031818202735182 0
3.444875299516474 1.027272645126954 0
3.607699957565521 1.027272738918051 0
3.305401382584122 1.031818136650938 0
3.168631835866268 1.027272438653821 0
3.305788549984991 1.027272678324018 0
3.054096226843306 1.031818201160714 0
2.941555846045775 1.027272739534991 0
3.053950836285047 1.027272713578557 0
2.845230030605421 1.031818156443586 0
2.750766304633843 1.027272771199431 0
2.844982232405937 1.027272691645054 0
2.669185770891102 1.031818208826228 0
2.589782229526404 1.027272776126503 0
2.66902310731582 1.02727274691173 0
2.52131283845103 1.031818269405317 0
2.455348703091199 1.027272766065825 0
2.52126940110313 1.027272843701198 0
2.397940904618368 1.031818243055032 0
2.343389228546013 1.027272749977923 0
2.398015759519388 1.02727278790323 0
2.296010886548681 1.031818195762926 0
2.252063693138279 1.027272736570368 0
2.296210125750406 1.027272742735286 0
2.214140168882676 1.031818187943695 0
2.179450736063898 1.027272734392656 0
2.21442455030614 1.027272734362742 0
2.14815186906651 1.031818189189786 0
2.118808319819918 1.027272740452907 0
2.148371910029707 1.027272736270147 0
2.090512891376485 1.031818190236184 0
2.062900580747106 1.027272726189946 0
2.090595942133161 1.027272741861115 0
2.035390703118557 1.031818188616263 0
2.008224774668543 1.027272590236604 0
2.035439524156654 1.027272735061935 0
1.981471654115974 1.031817847631205 0
1.954978231333095 1.027272100562578 0
1.981503632718251 1.027272338434941 0
1.92867996293416 1.031817392717654 0
1.902190061910789 1.027272233453332 0
1.928606418885237 1.02727185019682 0
1.87559536668286 1.031817929305621 0
1.848594091960216 1.027272631912167 0
1.875457358589977 1.027272420908311 0
1.821738020133659 1.031818181769456 0
1.794604277489384 1.027272610817533 0
1.821609712818103 1.027272703263803 0
1.767767088528257 1.031818248046451 0
1.740697354686457 1.027273367190299 0
1.767647505664671 1.027272776778141 0
1.713801730025822 1.031818701505469 0
1.686698689690906 1.027272603354505 0
1.713701744774728 1.027273287997269 0
1.659756299183024 1.031818437497055 0
1.632708394767982 1.027273528395161 0
1.659699668871452 1.027272990104658 0
1.605715884629938 1.031817725078677 0
1.578831677638213 1.027270055136285 0
1.605726690839489 1.027272116180326 0
1.551987682780802 1.031812288723183 0
1.525961871071421 1.02725560198252 0
1.552146103162693 1.027265672715087 0
1.50053686688766 1.031782591648659 0
1.477235816890662 1.027170149870187 0
1.50093944830691 1.027231327767392 0
1.455315004415147 1.031589875332367 0
1.435978836983008 1.026627692926125 0
1.455834915466637 1.027017711411536 0
1.417469843538495 1.030289788489098 0
1.417709633800449 1.025645621435064 0
6.852953975544046 1.040906072682008 0
6.705850024032685 1.036363673846814 0
6.853373389598262 1.036359032358604 0
6.542378024378809 1.040909088454746 0
6.38005959735486 1.036363654418364 0
6.543308828750547 1.036363632255811 0
6.193598139659364 1.040909077622449 0
6.009498152584694 1.0363636505657 0
6.19500940067979 1.036363617425806 0
5.819054411898721 1.04090909669599 0
5.631924275861827 1.036363634937892 0
5.820730652365277 1.036363637027468 0
5.441059130599096 1.040909092722715 0
5.253822027061188 1.036363637324047 0
5.442872461778276 1.036363640961482 0
5.062884270309572 1.040909097668636 0
4.875837760925965 1.036363650244107 0
5.064827462747768 1.036363636991905 0
4.685268940834111 1.040909103448938 0
4.498822508025599 1.036363673348383 0
4.68731895724978 1.03636364772429 0
4.310535726198514 1.040909119314106 0
4.126471935787795 1.036363615292927 0
4.312592498100258 1.036363663715816 0
3.945420756454503 1.040909103025911 0
3.768359216040888 1.036363644673869 0
3.947242446150864 1.036363637662026 0
3.604091397346123 1.040909122841135 0
3.443048964064333 1.036363569839544 0
3.605291514362174 1.036363667891505 0
3.30462940667261 1.040909062105012 0
3.168293578324419 1.036363406889165 0
3.305015089407628 1.036363599192536 0
3.054377934755415 1.040909174013807 0
2.941729358744587 1.036363652093602 0
3.054238161824154 1.036363689257634 0
2.845715780041778 1.040909065638222 0
2.750822117578966 1.036363661921451 0
2.84547466373695 1.036363611214874 0
2.669492530664241 1.040909094605535 0
2.589583972244644 1.03636366983803 0
2.669341800233691 1.036363654587861 0
2.521369135527999 1.040909153840103 0
2.454920245343978 1.036363664587654 0
2.521345261231681 1.036363711348924 0
2.39773752460389 1.040909140272842 0
2.342690396855901 1.036363653415738 0
2.397847208745786 1.036363694473226 0
2.295528638736532 1.040909099890442 0
2.251071771523467 1.036363642997477 0
2.295782258948094 1.036363648161129 0
2.213461418596703 1.040909094439183 0
2.178565551608313 1.036363641115599 0
2.213817240118537 1.036363641309114 0
2.147624996560245 1.040909094554076 0
2.11840726503763 1.036363643638679 0
2.147901341484056 1.036363641938501 0
2.090308981987044 1.040909088421571 0
2.062809703209113 1.036363594695947 0
2.090416536954664 1.036363638836395 0
2.035272217548756 1.040909098732756 0
2.008051613124286 1.036363541789649 0
2.035334731699701 1.036363643446462 0
1.981390455840879 1.040908891029708 0
1.954987912211504 1.03636320510591 0
1.981433795343272 1.036363363876083 0
1.928830769439629 1.040908606339704 0
1.902477811770063 1.03636329944203 0
1.928754885022249 1.036363004105895 0
1.875883700513 1.040908963798843 0
1.84888221546354 1.036363580418114 0
1.875737532829335 1.036363443761519 0
1.821996953306274 1.040909100642253 0
1.79483654915559 1.036363543034004 0
1.821867139504123 1.036363658636642 0
1.768005797601328 1.040909090815615 0
1.740938451456391 1.036364097240617 0
1.767886495620551 1.036363673614217 0
1.714003118259227 1.040909398808037 0
1.686854919785904 1.036363536195253 0
1.713902185062211 1.036364044048173 0
1.659869615574942 1.040909248671439 0
1.632772288459551 1.036364278565895 0
1.659812928648015 1.036363844486083 0
1.605686140701804 1.040908949936853 0
1.578687516752 1.036361971581659 0
1.605702167171263 1.03636333872155 0
1.551623640919325 1.04090595677191 0
1.525315652818171 1.036352224385438 0
1.551812953573422 1.036359058920406 0
1.49958748000677 1.040889114793681 0
1.475940269282421 1.036289819676223 0
1.500085149909446 1.036335220956601 0
1.454058582555424 1.040772062107925 0
1.434892587294501 1.035865261217294 0
1.454721182252353 1.036174714343158 0
1.416856566082677 1.039925729167839 0
1.417185342590858 1.035051626096743 0
6.704741789654769 1.045454561979758 0
6.852531086004024 1.045453328520926 0
6.377881046131505 1.045454562296747 0
6.541444629814884 1.045454544248309 0
6.006311335124868 1.045454552473928 0
6.192183071609833 1.045454538786845 0
5.628427314228547 1.0454545459957 0
5.81737633000382 1.045454548320045 0
5.250061633480922 1.045454547253542 0
5.439244053636715 1.045454546367466 0
4.871819085542389 1.045454557607418 0
5.060939218559687 1.045454548890002 0
4.49462191376587 1.045454577310623 0
4.683216226315113 1.045454551857387 0
4.12237637045838 1.045454537490721 0
4.30847802539816 1.045454559436468 0
3.764957063838263 1.045454566078755 0
3.94360060764112 1.045454551658689 0
3.441147265538443 1.045454515821886 0
3.602895915151616 1.045454561218824 0
3.167834320993333 1.045454464166354 0
3.304245727611262 1.045454530882873 0
2.941778118487243 1.045454558043713 0
3.054517734116835 1.045454586785892 0
2.75073512579833 1.045454553757083 0
2.845955008545705 1.04545453288199 0
2.589201662829534 1.045454557708707 0
2.669639489939973 1.045454547403508 0
2.45427542476863 1.045454556085833 0
2.521385952166239 1.04545457675708 0
2.341711967952289 1.045454552278438 0
2.397614831097488 1.045454575788113 0
2.249691169209599 1.045454548061032 0
2.295254725258981 1.045454550625257 0
2.177322469902679 1.045454547125753 0
2.213080268875648 1.045454547332562 0
2.117853258757326 1.045454547066993 0
2.147329378755978 1.045454547141677 0
2.06269293474047 1.045454512767989 0
2.090192470049169 1.045454540723124 0
2.007799911338779 1.045454508550333 0
2.035204353817614 1.045454553353515 0
1.954970662897792 1.045454375144258 0
1.981342607256609 1.045454430842788 0
1.902820674463015 1.045454417043699 0
1.928907694141158 1.045454304938711 0
1.849189283596403 1.045454532222359 0
1.876034298862113 1.045454480748659 0
1.795058696029814 1.045454510079482 0
1.82212737395801 1.045454549724758 0
1.741191075042658 1.045454713652566 0
1.768124958348025 1.045454545628551 0
1.687011087011652 1.045454509179402 0
1.714104563923285 1.045454696400237 0
1.632840327645585 1.045454792778774 0
1.659926453963818 1.045454624377545 0
1.578515710760557 1.045453976274162 0
1.605668297481019 1.045454472756655 0
1.524489626565914 1.045450452983741 0
1.551421890814619 1.045452950125142 0
1.474126197302292 1.045426015668556 0
1.499049185687529 1.045444114850592 0
1.433288784391007 1.045252791691596 0
1.453337845711778 1.045381070628163 0
1.41648771057807 1.044923711223936 0
2 3 0 1381
3050
3051
3052
3053
3054
3055
3056
3057
3058
3059
3060
3061
3062
3063
3064
3065
3066
3067
3068
3069
3070
3071
3072
3073
3074
3075
3076
3077
3078
3079
3080
3081
3082
3083
3084
3085
3086
3087
3088
3089
3090
3091
3092
3093
3094
3095
3096
3097
3098
3099
3100
3101
3102
3103
3104
3105
3106
3107
3108
3109
3110
3111
3112
3113
3114
3115
3116
3117
3118
3119
3120
3121
3122
3123
3124
3125
3126
3127
3128
3129
3130
3131
3132
3133
3134
3135
3136
3137
3138
3139
3140
3141
3142
3143
3144
3145
3146
3147
3148
3149
3150
3151
3152
3153
3154
3155
3156
3157
3158
3159
3160
3161
3162
3163
3164
3165
3166
3167
3168
3169
3170
3171
3172
3173
3174
3175
3176
3177
3178
3179
3180
3181
3182
3183
3184
3185
3186
3187
3188
3189
3190
3191
3192
3193
3194
3195
3196
3197
3198
3199
3200
3201
3202
3203
3204
3205
3206
3207
3208
3209
3210
3211
3212
3213
3214
3215
3216
3217
3218
3219
3220
3221
3222
3223
3224
3225
3226
3227
3228
3229
3230
3231
3232
3233
3234
3235
3236
3237
3238
3239
3240
3241
3242
3243
3244
3245
3246
3247
3248
3249
3250
3251
3252
3253
3254
3255
3256
3257
3258
3259
3260
3261
3262
3263
3264
3265
3266
3267
3268
3269
3270
3271
3272
3273
3274
3275
3276
3277
3278
3279
3280
3281
3282
3283
3284
3285
3286
3287
3288
3289
3290
3291
3292
3293
3294
3295
3296
3297
3298
3299
3300
3301
3302
3303
3304
3305
3306
3307
3308
3309
3310
3311
3312
3313
3314
3315
3316
3317
3318
3319
3320
3321
3322
3323
3324
3325
3326
3327
3328
3329
3330
3331
3332
3333
3334
3335
3336
3337
3338
3339
3340
3341
3342
3343
3344
3345
3346
3347
3348
3349
3350
3351
3352
3353
3354
3355
3356
3357
3358
3359
3360
3361
3362
3363
3364
3365
3366
3367
3368
3369
3370
3371
3372
3373
3374
3375
3376
3377
3378
3379
3380
3381
3382
3383
3384
3385
3386
3387
3388
3389
3390
3391
3392
3393
3394
3395
3396
3397
3398
3399
3400
3401
3402
3403
3404
3405
3406
3407
3408
3409
3410
3411
3412
3413
3414
3415
3416
3417
3418
3419
3420
3421
3422
3423
3424
3425
3426
3427
3428
3429
3430
3431
3432
3433
3434
3435
3436
3437
3438
3439
3440
3441
3442
3443
3444
3445
3446
3447
3448
3449
3450
3451
3452
3453
3454
3455
3456
3457
3458
3459
3460
3461
3462
3463
3464
3465
3466
3467
3468
3469
3470
3471
3472
3473
3474
3475
3476
3477
3478
3479
3480
3481
3482
3483
3484
3485
3486
3487
3488
3489
3490
3491
3492
3493
3494
3495
3496
3497
3498
3499
3500
3501
3502
3503
3504
3505
3506
3507
3508
3509
3510
3511
3512
3513
3514
3515
3516
3517
3518
3519
3520
3521
3522
3523
3524
3525
3526
3527
3528
3529
3530
3531
3532
3533
3534
3535
3536
3537
3538
3539
3540
3541
3542
3543
3544
3545
3546
3547
3548
3549
3550
3551
3552
3553
3554
3555
3556
3557
3558
3559
3560
3561
3562
3563
3564
3565
3566
3567
3568
3569
3570
3571
3572
3573
3574
3575
3576
3577
3578
3579
3580
3581
3582
3583
3584
3585
3586
3587
3588
3589
3590
3591
3592
3593
3594
3595
3596
3597
3598
3599
3600
3601
3602
3603
3604
3605
3606
3607
3608
3609
3610
3611
3612
3613
3614
3615
3616
3617
3618
3619
3620
3621
3622
3623
3624
3625
3626
3627
3628
3629
3630
3631
3632
3633
3634
3635
3636
3637
3638
3639
3640
3641
3642
3643
3644
3645
3646
3647
3648
3649
3650
3651
3652
3653
3654
3655
3656
3657
3658
3659
3660
3661
3662
3663
3664
3665
3666
3667
3668
3669
3670
3671
3672
3673
3674
3675
3676
3677
3678
3679
3680
3681
3682
3683
3684
3685
3686
3687
3688
3689
3690
3691
3692
3693
3694
3695
3696
3697
3698
3699
3700
3701
3702
3703
3704
3705
3706
3707
3708
3709
3710
3711
3712
3713
3714
3715
3716
3717
3718
3719
3720
3721
3722
3723
3724
3725
3726
3727
3728
3729
3730
3731
3732
3733
3734
3735
3736
3737
3738
3739
3740
3741
3742
3743
3744
3745
3746
3747
3748
3749
3750
3751
3752
3753
3754
3755
3756
3757
3758
3759
3760
3761
3762
3763
3764
3765
3766
3767
3768
3769
3770
3771
3772
3773
3774
3775
3776
3777
3778
3779
3780
3781
3782
3783
3784
3785
3786
3787
3788
3789
3790
3791
3792
3793
3794
3795
3796
3797
3798
3799
3800
3801
3802
3803
3804
3805
3806
3807
3808
3809
3810
3811
3812
3813
3814
3815
3816
3817
3818
3819
3820
3821
3822
3823
3824
3825
3826
3827
3828
3829
3830
3831
3832
3833
3834
3835
3836
3837
3838
3839
3840
3841
3842
3843
3844
3845
3846
3847
3848
3849
3850
3851
3852
3853
3854
3855
3856
3857
3858
3859
3860
3861
3862
3863
3864
3865
3866
3867
3868
3869
3870
3871
3872
3873
3874
3875
3876
3877
3878
3879
3880
3881
3882
3883
3884
3885
3886
3887
3888
3889
3890
3891
3892
3893
3894
3895
3896
3897
3898
3899
3900
3901
3902
3903
3904
3905
3906
3907
3908
3909
3910
3911
3912
3913
3914
3915
3916
3917
3918
3919
3920
3921
3922
3923
3924
3925
3926
3927
3928
3929
3930
3931
3932
3933
3934
3935
3936
3937
3938
3939
3940
3941
3942
3943
3944
3945
3946
3947
3948
3949
3950
3951
3952
3953
3954
3955
3956
3957
3958
3959
3960
3961
3962
3963
3964
3965
3966
3967
3968
3969
3970
3971
3972
3973
3974
3975
3976
3977
3978
3979
3980
3981
3982
3983
3984
3985
3986
3987
3988
3989
3990
3991
3992
3993
3994
3995
3996
3997
3998
3999
4000
4001
4002
4003
4004
4005
4006
4007
4008
4009
4010
4011
4012
4013
4014
4015
4016
4017
4018
4019
4020
4021
4022
4023
4024
4025
4026
4027
4028
4029
4030
4031
4032
4033
4034
4035
4036
4037
4038
4039
4040
4041
4042
4043
4044
4045
4046
4047
4048
4049
4050
4051
4052
4053
4054
4055
4056
4057
4058
4059
4060
4061
4062
4063
4064
4065
4066
4067
4068
4069
4070
4071
4072
4073
4074
4075
4076
4077
4078
4079
4080
4081
4082
4083
4084
4085
4086
4087
4088
4089
4090
4091
4092
4093
4094
4095
4096
4097
4098
4099
4100
4101
4102
4103
4104
4105
4106
4107
4108
4109
4110
4111
4112
4113
4114
4115
4116
4117
4118
4119
4120
4121
4122
4123
4124
4125
4126
4127
4128
4129
4130
4131
4132
4133
4134
4135
4136
4137
4138
4139
4140
4141
4142
4143
4144
4145
4146
4147
4148
4149
4150
4151
4152
4153
4154
4155
4156
4157
4158
4159
4160
4161
4162
4163
4164
4165
4166
4167
4168
4169
4170
4171
4172
4173
4174
4175
4176
4177
4178
4179
4180
4181
4182
4183
4184
4185
4186
4187
4188
4189
4190
4191
4192
4193
4194
4195
4196
4197
4198
4199
4200
4201
4202
4203
4204
4205
4206
4207
4208
4209
4210
4211
4212
4213
4214
4215
4216
4217
4218
4219
4220
4221
4222
4223
4224
4225
4226
4227
4228
4229
4230
4231
4232
4233
4234
4235
4236
4237
4238
4239
4240
4241
4242
4243
4244
4245
4246
4247
4248
4249
4250
4251
4252
4253
4254
4255
4256
4257
4258
4259
4260
4261
4262
4263
4264
4265
4266
4267
4268
4269
4270
4271
4272
4273
4274
4275
4276
4277
4278
4279
4280
4281
4282
4283
4284
4285
4286
4287
4288
4289
4290
4291
4292
4293
4294
4295
4296
4297
4298
4299
4300
4301
4302
4303
4304
4305
4306
4307
4308
4309
4310
4311
4312
4313
4314
4315
4316
4317
4318
4319
4320
4321
4322
4323
4324
4325
4326
4327
4328
4329
4330
4331
4332
4333
4334
4335
4336
4337
4338
4339
4340
4341
4342
4343
4344
4345
4346
4347
4348
4349
4350
4351
4352
4353
4354
4355
4356
4357
4358
4359
4360
4361
4362
4363
4364
4365
4366
4367
4368
4369
4370
4371
4372
4373
4374
4375
4376
4377
4378
4379
4380
4381
4382
4383
4384
4385
4386
4387
4388
4389
4390
4391
4392
4393
4394
4395
4396
4397
4398
4399
4400
4401
4402
4403
4404
4405
4406
4407
4408
4409
4410
4411
4412
4413
4414
4415
4416
4417
4418
4419
4420
4421
4422
4423
4424
4425
4426
4427
4428
4429
4430
0.733425403600068 0.4820999083001953 0
0.9729483188962094 0.3059479659525678 0
0.9348821498988351 0.6375073986703991 0
1.020228221070841 0.4757978534607744 0
0.7333243059192804 0.3943870868805514 0
0.7341196214709802 0.3379587868394081 0
0.7360814355912355 0.2895946628519603 0
0.7392499337478293 0.2445271684328592 0
0.7435359069573708 0.2013095538520083 0
0.7488130606395818 0.1593540018949651 0
0.7549238560992151 0.1183738303792575 0
0.761667702356985 0.0782141355787596 0
0.7687984744362877 0.03878032244106195 0
0.9610261555074073 0.03186912164973164 0
0.9609718540372946 0.06369275452784766 0
0.9610281930215443 0.09541357804439138 0
0.9613004795687979 0.1269586120434691 0
0.9618958568520456 0.1582368792531237 0
0.9629175019469502 0.1891370165007855 0
0.9644601046422976 0.2195250542158221 0
0.9666050465041707 0.2492428765166465 0
0.9694137649089216 0.2781081733663845 0
0.7725282220615 0.4230787601074808 0
0.8037566694299667 0.393323276421099 0
0.8318323743670152 0.3726690144835628 0
0.8579483787284916 0.3564302339507215 0
0.882655676636514 0.3429831567544684 0
0.9062940191084861 0.3315742002584474 0
0.9291027264297989 0.3217708562101647 0
0.9512624934223897 0.3132869141923947 0
0.683786277396527 0.4874140034396168 0
0.6414212855415354 0.4912821278341741 0
0.6023053024750743 0.4946145326001513 0
0.564783856073406 0.4978686687569051 0
0.5280807416790719 0.5012781923371762 0
0.4917982897967816 0.504980879733852 0
0.4557203029348339 0.5090756024542596 0
0.4197279440147478 0.5136464542006458 0
0.3837616034249942 0.5187727523325653 0
0.3478023887825846 0.5245329242608083 0
0.3118622339600668 0.5310055608328276 0
0.275977788928102 0.5382689762590442 0
0.2402058434467821 0.5463998632375806 0
0.204619198066002 0.5554713960803949 0
0.1693024719148465 0.5655511716810789 0
0.1343476655432073 0.5766997232276873 0
0.09984951460663169 0.5889715500395295 0
0.06590089234929862 0.6024251531203658 0
0.03258929116918618 0.6171669479722998 0
0.691754772424555 0.5580832593000816 0
0.6694661121568302 0.6106359234958467 0
0.6516514819088857 0.6576428658217689 0
0.6360109144799936 0.7020221131127243 0
0.6217151244716322 0.7448544837669496 0
0.6083400964061482 0.786699180599167 0
0.5956278990350951 0.8279067461879408 0
0.5834062795571113 0.8687289723358124 0
0.5715552678380017 0.9093676752993504 0
0.7531381911721833 0.5137950471070957 0
0.7756569344608183 0.5376294181609931 0
0.7988211532351462 0.5575695396006934 0
0.8219892874631407 0.5749592279649038 0
0.8449711692682017 0.5903879229184321 0
0.8677264330453823 0.6041744381804734 0
0.8902678252416224 0.6165228188585412 0
0.9126276347737308 0.6275820347165298 0
0.8381213773186628 0.9158257699935912 0
0.8486262478651123 0.8822663174336265 0
0.8590461582716554 0.8492681339095726 0
0.8694647504132651 0.8168150497478741 0
0.879956908628413 0.7849283405198662 0
0.8905832270690262 0.7536681540468113 0
0.9013851823796363 0.7231352940561886 0
0.912379419552665 0.6934711115258586 0
0.9235510132614779 0.6648519555348885 0
0.9771420941441635 0.3324878243161034 0
0.9819875839660249 0.3575637350805197 0
0.9873913941751162 0.3809932495040576 0
0.9932162137020014 0.402619334032752 0
0.9992832510000712 0.4222958009466693 0
1.005371686511977 0.4398548597817146 0
1.011199985328612 0.4550391317470928 0
1.016362519248464 0.4673510644627198 0
0.9462268024534077 0.6115812365918695 0
0.9575133453778358 0.5872935072693521 0
0.9686106136140687 0.5647957610207213 0
0.9793709808067558 0.5442043981234459 0
0.9896298800172082 0.5256168953286217 0
0.9991943087576909 0.5091463976950548 0
1.007807608547488 0.494987035142675 0
1.015058068685219 0.4835538600790374 0
1.029225296919972 0.4764234692952911 0
1.041520305800124 0.477158357342762 0
1.055820366417335 0.4779101105057616 0
1.071459223115323 0.4786413870596727 0
1.088066445901642 0.4793389747231006 0
1.105411318865434 0.4800005061140367 0
1.123336886839934 0.4806288195410755 0
1.141729720643975 0.4812293197036951 0
1.160504327530401 0.4818086112601124 0
1.17959423674971 0.4823737410179063 0
1.198946486555552 0.4829317654295155 0
1.218518017005342 0.4834895080129786 0
1.238273213975066 0.4840534340654648 0
1.258182190596527 0.4846295966747735 0
1.278219557640045 0.4852236117688082 0
1.29836348731654 0.4858405841771972 0
1.318594725952312 0.4864847262529787 0
1.338894305684503 0.4871576050355699 0
1.359235353073277 0.4878510835028534 0
1.379611741582633 0.488572532617648 0
0.956996929608431 0.6463374962139991 0
0.9790475292596388 0.6542042464443639 0
1.001065413511123 0.6611996575320734 0
1.023076232475522 0.6674121839392311 0
1.045099505254732 0.6729268309093452 0
1.067148771322671 0.6778247718563004 0
1.089232084663853 0.6821828717360713 0
1.111352708256664 0.6860732859484759 0
1.133509895765106 0.689563175155502 0
1.155699691115089 0.6927145108509479 0
1.177915716690922 0.6955839253076187 0
1.200149946495529 0.6982225817759893 0
1.222393466872118 0.7006761175319113 0
1.244637220904014 0.702984830101964 0
1.266872756034567 0.7051842707259532 0
1.28909314186172 0.7073057269998495 0
1.311294492444988 0.7093740706500562 0
1.333477362353241 0.7114044815062762 0
1.355647737197337 0.7133973230499726 0
1.377817055256664 0.7153284660842926 0
0.9942047517623946 0.2995209127151298 0
1.015159150240779 0.2939127950536563 0
1.035883384738597 0.2890136536540772 0
1.056434572343498 0.2847301017758637 0
1.076857941184767 0.2809822030892839 0
1.097188968526292 0.2777010572062287 0
1.117455151496288 0.2748269433298637 0
1.137677484836532 0.2723078203949407 0
1.157871695675053 0.270098075323806 0
1.178049278004754 0.2681574598380226 0
1.198218362990898 0.2664501797869229 0
1.21838445374802 0.2649441114306383 0
1.238551046131193 0.263610123230574 0
1.258720151390081 0.2624214828380176 0
1.278892732483773 0.2613533287269529 0
1.299069063249309 0.2603821849589868 0
1.319249018272746 0.2594854954827123 0
1.339432301140382 0.2586411451914115 0
1.359618619810335 0.2578268814985757 0
1.379807820586224 0.2570192599494343 0
0.7675151123075608 0.3689537437550883 0
0.7979079225962141 0.3505349243837541 0
0.8259935019638038 0.3352024958251836 0
0.8523766866243992 0.322105894465182 0
0.8774523988392362 0.3107904098674394 0
0.9015026233022886 0.3009392529623589 0
0.9247382900188681 0.2923177067878245 0
0.9473223733112704 0.2847451613301966 0
0.7656483756291516 0.3225696256763185 0
0.7949647227200827 0.3092205774421534 0
0.8225665179068274 0.2973587765625151 0
0.8487810747646278 0.2868187732159595 0
0.8738686816596289 0.2774518410374759 0
0.8980382196739124 0.2691205783242251 0
0.9214583111208909 0.2617039771395538 0
0.9442662832712919 0.2550977532343491 0
0.7658558919837344 0.2787171134107947 0
0.7940993977332389 0.2686595943592912 0
0.821025054781469 0.2594271283950479 0
0.846829485734119 0.2510120995866732 0
0.8716893458831629 0.243374676616188 0
0.8957581764945861 0.2364608995678867 0
0.9191671216686995 0.2302133306254303 0
0.9420273140260877 0.2245761519757929 0
0.7676252110812014 0.236424412039421 0
0.7948236395296747 0.2287652062517384 0
0.8209773510060531 0.2216054299277507 0
0.8462232812886825 0.2149669297885821 0
0.8706905496796056 0.2088462010174429 0
0.8944956398816591 0.2032258569941726 0
0.9177408806973226 0.1980816211319377 0
0.9405147115106988 0.1933862867786177 0
0.7706430836604941 0.1952432637999798 0
0.7968000066530584 0.1894568202915695 0
0.8221157647915603 0.1839874101623116 0
0.8467002976759954 0.1788548996632189 0
0.8706563380029024 0.1740652792106779 0
0.8940763418826089 0.1696158621722273 0
0.9170413203936447 0.1654986968126606 0
0.9396209349610057 0.1617026618904914 0
0.7746763520054964 0.154920002426057 0
0.7997650002521683 0.1506688026890654 0
0.824181788627209 0.1466193566286309 0
0.8480239080937797 0.1427844713322958 0
0.8713789669061043 0.1391708149963995 0
0.8943232360097491 0.1357809020521273 0
0.9169212878457117 0.1326143753231576 0
0.9392265472538444 0.1296687692818356 0
0.7795100701151784 0.1153085093443726 0
0.8034804262575734 0.1123570846212428 0
0.8269355591794101 0.1095277258764062 0
0.8499661032420648 0.1068274179608398 0
0.8726508520644363 0.104261177230514 0
0.8950538011930589 0.1018328583781694 0
0.9172253372160762 0.09954529402925417 0
0.9392030007669502 0.09740037477439702 0
0.7849142755405143 0.07632250491847434 0
0.8077021090214593 0.07449289620299381 0
0.8301306423827177 0.07272811513995779 0
0.8522880426909989 0.07103126359615917 0
0.8742518957322286 0.06940520841497937 0
0.8960724907238252 0.06785376032112564 0
0.9177869389550164 0.06638050086083547 0
0.9394131893731873 0.06498912212805834 0
0.7906273185074507 0.0379039874308857 0
0.8121595047583891 0.03705166163683518 0
0.8334910039394602 0.03622422311262707 0
0.8547116587634895 0.035422377760158 0
0.8759334985396764 0.03464624484342762 0
0.8971569689525021 0.03389974219059559 0
0.9184240204124096 0.03318483206017009 0
0.9397072061809874 0.03250546674148846 0
0.6950503194261936 0.4141324124195225 0
0.7002156289687697 0.353005056434872 0
0.7046337191755061 0.30068643693521 0
0.7095631045744399 0.2528441241958234 0
0.7153448645626477 0.2075399132504845 0
0.7220418077968004 0.1639036601893877 0
0.7295917580313795 0.1215122300822884 0
0.7378396471369302 0.08014400248583306 0
0.7465339972840456 0.0396709802253199 0
0.6556330055404932 0.4263570555889096 0
0.6646133711336878 0.3657373334725 0
0.6716841705947432 0.3112308795226184 0
0.6785820353611088 0.2611129036436857 0
0.6860222346164845 0.2138524425201773 0
0.6942780406268235 0.1685542764450082 0
0.7034068466595526 0.1247327580115062 0
0.713319309777393 0.08212515492234224 0
0.723784615863273 0.04058218690925993 0
0.6169504684625372 0.4347299408213051 0
0.6282022304348338 0.3759434687191607 0
0.637545867391049 0.3207317081734373 0
0.6463767214375957 0.2690490850969469 0
0.6555271271933467 0.2201148317985663 0
0.6654215331987671 0.173250798089772 0
0.676233303499657 0.1280163091898421 0
0.6879522666016018 0.08415350795539331 0
0.7003765438406762 0.04151519517315709 0
0.579122466731376 0.4411486334919217 0
0.5915315781239096 0.3842115942533726 0
0.6025434255230597 0.3290983717169003 0
0.6130665239130006 0.2764828727990442 0
0.6238508308943863 0.2262166501592357 0
0.6353827185243714 0.1779395836124228 0
0.6479257474911312 0.1313433440319263 0
0.6615564690439378 0.08622556257603717 0
0.6761555619495974 0.04246915929595486 0
0.5419093243498559 0.4466141858850598 0
0.5548015006200077 0.3911887239132432 0
0.5669067662389485 0.3364899531425719 0
0.5787737778934116 0.2833773937299752 0
0.5910055917096224 0.2320947862651203 0
0.6040851561146413 0.1825798834402036 0
0.6183347689139159 0.1346973590941838 0
0.6339140070919049 0.08834004049657147 0
0.6507904987866256 0.04345053419643123 0
0.5050595655367567 0.4516888325686903 0
0.5180317479406077 0.3973993146984092 0
0.5307610502779191 0.3431633485808447 0
0.5435954159723952 0.2897986333505764 0
0.5570122988349849 0.2377414751858063 0
0.5714668094222956 0.1871528901575443 0
0.5873178065252399 0.1380686023316082 0
0.6048005700404584 0.09049694862844133 0
0.6240330265580325 0.04445936981149059 0
0.4683819767959493 0.4567166753975718 0
0.4811752236638464 0.4032394558412463 0
0.4941588608762632 0.3493906370645908 0
0.5075970670779355 0.2958760334471178 0
0.5218926833872762 0.2431998067052497 0
0.5374801782019285 0.1916670837132634 0
0.5547483018156811 0.1414583006299272 0
0.5739937803028677 0.0927004254721351 0
0.5953772593875472 0.04550911646926994 0
0.4317489890667734 0.4619306958795515 0
0.4441752261870245 0.409009434495529 0
0.4571161082692602 0.3554264690720748 0
0.4708212576410952 0.3017720993511129 0
0.4856678095309067 0.2485540561857888 0
0.5020922221926691 0.1961602907283371 0
0.5205222456809728 0.1448826456263315 0
0.5413250379636895 0.09495719528517085 0
0.5648094470192652 0.0465938685529876 0
0.3950865947548232 0.4675059181753952 0
0.4069910180221349 0.4149456043225213 0
0.419639501321612 0.3615007610783747 0
0.4333011455687355 0.3076641001057074 0
0.4483621611664548 0.2539199743928887 0
0.4652855913620794 0.2006996903877246 0
0.4845554088066318 0.1483774992935959 0
0.5066132400907379 0.09728621351123884 0
0.5317678679707868 0.04773267690408838 0
0.3583643794678358 0.4735863771960608 0
0.3696081642322109 0.4212436706614111 0
0.3817448734701976 0.3678214743706676 0
0.395074727671133 0.3137350450386628 0
0.4100117667176214 0.2594373214359232 0
0.4270638718718138 0.205380756873666 0
0.4467919223717186 0.1520012550666372 0
0.4697532632437609 0.0997160866488203 0
0.4964553661993196 0.04892253818820286 0
0.3215879063845725 0.4802987866705501 0
0.3320419119014915 0.4280738237815978 0
0.3434684798837601 0.3745799720221794 0
0.3561971509716382 0.3201702142391807 0
0.3706744435104802 0.2652650279675264 0
0.3874600630591684 0.2103262903217371 0
0.4072025674752839 0.1558390209724606 0
0.4305893262337588 0.1022989044469143 0
0.458219722046721 0.05019867804916857 0
0.2847929133303886 0.4877590482134996 0
0.2943372145431586 0.4355896329727237 0
0.3048732001958596 0.3819556880554931 0
0.316750033610154 0.3271562568807682 0
0.3304402837383357 0.271578332553791 0
0.3465502898040855 0.2156855372906273 0
0.3658150751489862 0.1600041457400955 0
0.3890779270356409 0.1051054212585691 0
0.4172892642914424 0.05157715562372821 0
0.2480403808869791 0.4960746088072551 0
0.2565667540042594 0.443932367293746 0
0.2660508191481654 0.3901188224063777 0
0.2768471170359187 0.3348808116585571 0
0.2894397372681314 0.2785669770516708 0
0.3044649517563938 0.2216339938816397 0
0.322723948004608 0.1646420997269748 0
0.3451773937693047 0.1082408557124433 0
0.3728627101841883 0.05313104694608132 0
0.2114117251708098 0.5053442098373034 0
0.2188273676857384 0.4532319313679227 0
0.2271209987583039 0.3992305937969526 0
0.2366359019036406 0.3435313036437037 0
0.2478478550765562 0.2864333259879439 0
0.2613977859451785 0.2283731363147731 0
0.2781229251397959 0.1699316645448819 0
0.2990883930127762 0.1118354098458429 0
0.3256928862182563 0.05490423281727059 0
0.1750036731964652 0.5156558744195842 0
0.1812349903615529 0.463605308499561 0
0.1882272944233645 0.4094408527775298 0
0.1962951053127584 0.3532921047134284 0
0.2058832688802146 0.295389266179768 0
0.217605343669674 0.236130376610065 0
0.232289349296864 0.1760905277041107 0
0.2510050471098779 0.1160714685500202 0
0.2750515051853255 0.05703057931622034 0
0.1389226767525139 0.5270835168193375 0
0.1439182259749279 0.47515349151439 0
0.1495305627708878 0.4208827352345018 0
0.1560281169093083 0.3643398811075946 0
0.1638022721980956 0.3056501090870669 0
0.1734032235161766 0.2451579631006749 0
0.1856088041897142 0.1833745665103503 0
0.2014686586775801 0.121166726885139 0
0.2224365373208036 0.05960449522121317 0
0.103278987953377 0.5396815708525727 0
0.1070108045945475 0.48795894156127 0
0.1112002396386897 0.4336629700120372 0
0.1160527607744013 0.3768387206187731 0
0.121887700463949 0.3174221603940096 0
0.1291500147317099 0.2557331675407453 0
0.1385158852285141 0.1920820481337289 0
0.1508981053576392 0.127426491686275 0
0.1675538625092194 0.06284650553828652 0
0.06818068609448509 0.5534730550400047 0
0.07064344146482479 0.5020901633371507 0
0.0734041167842136 0.4478415963265158 0
0.07658813677462267 0.3909428435305031 0
0.08043406435937352 0.330874020560723 0
0.08523568536873889 0.2681642922941503 0
0.09152804678965959 0.2025305719261427 0
0.09999987035844092 0.1352464926747445 0
0.1118350007803972 0.0669676078354268 0
0.03372749307515532 0.5684095778569515 0
0.03493651433272957 0.517638653335923 0
0.03629661850582181 0.4633747524476042 0
0.03784068019170976 0.4068378844401853 0
0.03972558041540127 0.3460594487760795 0
0.04205536307532117 0.2828366742100355 0
0.04518109091280476 0.2149860974139779 0
0.04941470434105827 0.14523027619985 0
0.0555536736211179 0.0723201611359089 0
0.656410668920723 0.5532201505059422 0
0.6206192714753774 0.5511558259866417 0
0.5848584326472848 0.5509120841745551 0
0.5492696614199308 0.5518997194074104 0
0.5138449184645126 0.5538013674373266 0
0.4785347726812494 0.5564586954616597 0
0.443291804844238 0.5598025668028553 0
0.4080849189639268 0.563814783954774 0
0.372902777073018 0.5685074897636863 0
0.337753575346986 0.5739116649101387 0
0.302663660748094 0.5800702069474541 0
0.2676757216035069 0.5870333179238457 0
0.2328466868565858 0.5948550869549197 0
0.1982453043052819 0.6035907604946338 0
0.1639493698310299 0.6132944948275423 0
0.1300426493616731 0.6240173652640135 0
0.09661162422544184 0.635804492395685 0
0.06374219562043811 0.6486857209109748 0
0.03151585075594659 0.662635226354848 0
0.6365278730899525 0.6060366485829194 0
0.6028317825922688 0.6034242442647721 0
0.5687512341917216 0.6023815712551358 0
0.534489184302144 0.6025769877003304 0
0.5001429804119405 0.6037804381926266 0
0.4657564089553521 0.605845718881092 0
0.4313510468981792 0.6086879864853824 0
0.3969433482930357 0.6122654333598765 0
0.3625534624302023 0.6165661520833757 0
0.3282095561369724 0.6215990802837257 0
0.2939497048606346 0.6273877429936602 0
0.2598224021323324 0.6339658290015274 0
0.2258861858272048 0.64137399649094 0
0.1922085970971396 0.6496576018332114 0
0.1588645754346736 0.6588652926482114 0
0.1259343655941693 0.6690487159318484 0
0.09350100008444086 0.6802644791385131 0
0.06164739398667207 0.6925833834844121 0
0.03045366615200851 0.7061299064464487 0
0.6196174891124324 0.6539758619073172 0
0.5869733065214932 0.6516934063877213 0
0.5539235794330647 0.650632539462406 0
0.5206145021069176 0.6506297059037901 0
0.4871420190659361 0.6515501794521716 0
0.453569222840516 0.6532951465601791 0
0.4199410105579626 0.6557991696353966 0
0.3862944896286242 0.6590246549028954 0
0.3526657907544063 0.6629561771649072 0
0.3190943325880465 0.6675956326392384 0
0.2856253985206993 0.6729583998372232 0
0.2523115974224476 0.6790704276989333 0
0.2192135060266298 0.6859661466319078 0
0.186399585739703 0.6936871637894816 0
0.1539454407161089 0.7022817397914052 0
0.1219325065780503 0.7118049089891988 0
0.09044627304993377 0.7223182334599336 0
0.05957387981043705 0.7338841461414208 0
0.0294006510157013 0.7465308669513712 0
0.6044863885250725 0.699235189735344 0
0.5724963746745908 0.6974593337294211 0
0.5401594419147002 0.6966290659868684 0
0.5075755492557379 0.6966644158671195 0
0.47482209719907 0.6974906702830697 0
0.4419591386854314 0.6990474153485271 0
0.4090356386034391 0.701291368858222 0
0.3760949876881035 0.7041960665845879 0
0.3431793301226432 0.7077502532505566 0
0.3103328454996564 0.7119559576465752 0
0.2776042611294662 0.7168267232142426 0
0.2450488206997486 0.7223862174521211 0
0.2127296825539602 0.728667390871833 0
0.1807184815718603 0.7357124327149172 0
0.1490951157234867 0.7435738583214815 0
0.117946854036669 0.7523174202434144 0
0.08736685002982983 0.7620287246066083 0
0.05745098518804852 0.7728307132308286 0
0.02829499327847828 0.7849403326689317 0
0.5905491767988248 0.7428200331899936 0
0.5590334415883592 0.7415428032883408 0
0.5272424300964185 0.7409959711718981 0
0.4952457116992574 0.7411399811396538 0
0.4631029346232027 0.741934206175991 0
0.4308653709731365 0.7433436060926235 0
0.398578617603323 0.7453420935014149 0
0.3662853653617643 0.7479138449663407 0
0.3340279992412672 0.75105349881048 0
0.3018511445180715 0.7547658541916917 0
0.2698042697522588 0.759065452584944 0
0.2379445006414431 0.7639762785372802 0
0.2063390124090995 0.7695318940119513 0
0.1750658135705402 0.7757765180225186 0
0.1442138598284344 0.7827673783535514 0
0.1138826873741507 0.7905788708428567 0
0.08418224009971567 0.7993084549865191 0
0.05522726412930344 0.8090824090886808 0
0.02713287447938389 0.8200350884245966 0
0.5774652578153316 0.7852909648353478 0
0.5463346673514275 0.7844472322338677 0
0.5149973856185868 0.7841568610793671 0
0.4835022803453928 0.7843999792880543 0
0.4518943570997019 0.7851548050191154 0
0.4202154220866851 0.7864019448806735 0
0.3885052765018283 0.7881270664962933 0
0.3568025975687162 0.7903224688093259 0
0.3251463810984572 0.7929879580466153 0
0.2935783673567464 0.7961313299467344 0
0.2621463761907885 0.7997686853787873 0
0.230909496276525 0.8039246447673674 0
0.1999422878731637 0.8086330085640268 0
0.1693336802918205 0.8139389632490155 0
0.1391877597623144 0.8199027282095349 0
0.1096242400087499 0.8266065879025871 0
0.08078339835715856 0.8341682839623396 0
0.05280569476690332 0.8427819485258008 0
0.02583194227505137 0.852832525418771 0
0.5650157115913594 0.8270082410525009 0
0.5342262716071394 0.8265135262802359 0
0.5032908306563756 0.8264176607292619 0
0.4722426051472834 0.8267104909764179 0
0.4411145738178654 0.8273806253936097 0
0.4099402192114998 0.8284180008578438 0
0.3787539090730858 0.8298157021798667 0
0.347588384278494 0.8315714081127838 0
0.3164756781077915 0.8336884350024087 0
0.2854505472409737 0.8361765065380171 0
0.2545550829951767 0.8390523726100164 0
0.2238518837377164 0.8423396845157465 0
0.1934315734398417 0.8460694969448026 0
0.1633986403842658 0.8502838557790123 0
0.1338800156923821 0.8550383632332628 0
0.1050258167317975 0.8604077618311242 0
0.0770436637758261 0.86648717484278 0
0.05010875769532411 0.8734138914855111 0
0.02441174107702721 0.881322039890476 0
0.5530525124564573 0.8682318057733135 0
0.5225875337555419 0.8679949680569355 0
0.4920253913157019 0.8680158306283585 0
0.4613870796387112 0.868289267298499 0
0.4306955533469483 0.8688097188012915 0
0.3999790920990382 0.8695725107030016 0
0.369271613301622 0.8705748783331799 0
0.3385962043154612 0.8718174201254871 0
0.3079717657867162 0.8733049303728319 0
0.2774189526778938 0.8750471934524017 0
0.2469614509998881 0.8770598593211746 0
0.2166728437464103 0.8793623955101743 0
0.1866871578231317 0.8819779568990819 0
0.1571148123100263 0.8849411995859408 0
0.1281165374714782 0.8882950622928175 0
0.09987068246810513 0.8920981582865061 0
0.0727656153162628 0.8964070840992754 0
0.0469435408002598 0.9013569707609448 0
0.02273939628896835 0.9071769426634132 0
0.5414766913303097 0.9091689706262404 0
0.5113419473950349 0.9090969627077723 0
0.4811354297509933 0.9091502120947176 0
0.450878823703479 0.909326585791021 0
0.4205815508395643 0.9096239844231856 0
0.3902756313230955 0.9100406846619704 0
0.3600181954390644 0.9105756091408911 0
0.3298004707925339 0.9112302986012105 0
0.2996194582940988 0.9120085869329803 0
0.2694717739663316 0.9129175580970387 0
0.2393079020129336 0.9139693616211693 0
0.2092526798930842 0.9151745760695399 0
0.1795872930726071 0.9165422612745271 0
0.150312772884963 0.9180979231336455 0
0.121684486244749 0.9198623471531162 0
0.09379776083993271 0.9218729483039311 0
0.06770602932083883 0.924109344629528 0
0.0430172010876344 0.9266561224379025 0
0.0208463760473175 0.9294281467486181 0
0.7228774697103584 0.5690277868760877 0
0.7008218294895557 0.61771458806749 0
0.6827504991853501 0.6627911678620056 0
0.6668828586312069 0.7058399363518618 0
0.6524022183220948 0.747649333179797 0
0.6388646406786497 0.7886729875435784 0
0.6259952836021431 0.8292115856388371 0
0.6136073357774833 0.8694903013447748 0
0.601563422590753 0.9096963963478424 0
0.751065155276492 0.5827310876826258 0
0.7304989235709606 0.6267488437570162 0
0.7128198548282696 0.6692567626855048 0
0.6970579645556232 0.7106029107293105 0
0.6825938355560459 0.7511483281173297 0
0.669034651766079 0.7911732628762876 0
0.6561182523006746 0.8308965057432252 0
0.6436585811957841 0.8705003446641912 0
0.6315103346355485 0.9101486465633469 0
0.7776721257556257 0.5968090463438266 0
0.7587730466445466 0.6368243034895321 0
0.7418715118591215 0.6766713695822806 0
0.7264998407290536 0.7161353599013477 0
0.7122508458424723 0.7552558045101476 0
0.6988166000600702 0.7941444956086606 0
0.6859693402130982 0.8329296533192431 0
0.6735384715283328 0.8717428008828561 0
0.6613922192868121 0.9107187691717645 0
0.8032805304676814 0.6103950700330028 0
0.7859580482381148 0.6472262402657927 0
0.7700114905955863 0.6846253519530864 0
0.7552301010028507 0.7222072687741931 0
0.741365439780389 0.7598377984925079 0
0.7281936302934134 0.7975066950343598 0
0.7155290566537233 0.8352640124570918 0
0.7032224775035918 0.8731923488230134 0
0.6911604837934893 0.9113963917907569 0
0.828184796163673 0.6231627356748632 0
0.8123029783793554 0.6574994765387587 0
0.7973732706883232 0.6927697274286569 0
0.7833065974396092 0.728585016958301 0
0.7699564828306867 0.7647433410969656 0
0.7571663299918139 0.8011638703929634 0
0.7447900679540491 0.8378406679797153 0
0.7326984382312806 0.8748159559976315 0
0.7207793701653843 0.9121668055727453 0
0.8525578684659979 0.6349974786298466 0
0.8379921796398929 0.6673752593002474 0
0.8240849869580767 0.7008428916541267 0
0.8108030779077289 0.7350630394569038 0
0.7980608304134087 0.7698242615364432 0
0.785749806899961 0.8050144586438219 0
0.7737566794880415 0.8405938853367844 0
0.7619717527393707 0.876575610313033 0
0.75028911318887 0.91301396433468 0
0.876516187097645 0.6458732174862178 0
0.8631626663545958 0.6767025775351287 0
0.8502584846063225 0.7086626975293194 0
0.8377960133586919 0.7414761171376649 0
0.8257249056765193 0.7749483287175621 0
0.8139690675323232 0.8089604689969864 0
0.8024399449696843 0.8434562560137844 0
0.7910456718364759 0.8784301516450554 0
0.7796959234998377 0.9139192766609325 0
0.9001462746732882 0.6558034009528595 0
0.8879192846025357 0.6854026654718158 0
0.8759881548341235 0.7161093570928384 0
0.8643577630464245 0.74769984582758 0
0.8529984647473269 0.7800056086469369 0
0.8418551680099398 0.8129139667649684 0
0.8308563657723282 0.846363434279922 0
0.8199225435700198 0.8803379328095643 0
0.8089782933973225 0.9148623731259278 0
0.7845633744224711 0.465940838321893 0
0.8017430729175591 0.4970243697414861 0
0.8211754233899856 0.5216691472005075 0
0.8415726103089669 0.5422536587941172 0
0.8623625489932507 0.5599488309461371 0
0.8832924759943817 0.5753945360656015 0
0.9042571315172614 0.5889791471965014 0
0.9252221966244534 0.6009642584324989 0
0.8137170412314809 0.4320494817649259 0
0.8274820236011349 0.4642785229336717 0
0.8437699016454533 0.4909121096322015 0
0.8615132161949794 0.5133258619789481 0
0.8800677805747007 0.5325109073421145 0
0.8990795114235678 0.5491189963780321 0
0.9183656056021481 0.5635857556368824 0
0.9378407153530511 0.5762194137473383 0
0.8405669581365718 0.407643312091655 0
0.8521506977268338 0.4386134027429374 0
0.8659842536852485 0.4653834723674983 0
0.8813754219611342 0.4884310524680733 0
0.8977884596600434 0.5083353504926735 0
0.9148735684292353 0.5255828633151925 0
0.9324259976366798 0.5405490751444448 0
0.9503397234114169 0.5535265384344051 0
0.865717963781534 0.3887348830704447 0
0.8756944643872696 0.4181447750202212 0
0.8875685137189969 0.4443034946937761 0
0.9009072598391071 0.4672882106042092 0
0.9153161124162403 0.4873663514004285 0
0.9305037013027371 0.5048366123468472 0
0.9462871086151302 0.5199702491651025 0
0.9625729412618891 0.5330057510326107 0
0.8895825862403647 0.3733749481382987 0
0.8982525831229391 0.4014230301256814 0
0.908487902036984 0.4267999656088128 0
0.9200113073185681 0.4494271216303828 0
0.9325434503329741 0.4693842828129801 0
0.9458629954127747 0.486816169634287 0
0.959832484384413 0.5018817044411866 0
0.9744011589464716 0.5147421771005423 0
0.9124537530394163 0.3605566258436303 0
0.9199981004939792 0.3875161829358285 0
0.9288092599531123 0.4121731484093961 0
0.9386961755822741 0.4343872692035026 0
0.9494551026946314 0.4541261425616114 0
0.9609194526059297 0.4714136413912847 0
0.9729974832328302 0.4862945168468607 0
0.9857003579299098 0.4988263850268966 0
0.9345534429712362 0.3496968057457963 0
0.9410985074025432 0.375821782391461 0
0.9486435777132413 0.3999039965295392 0
0.9570384232403714 0.4217781520703596 0
0.9661150447879283 0.441341453278383 0
0.9757273902191111 0.4585198797562584 0
0.9857972131681965 0.4732378536390692 0
0.9963798528078285 0.4854061462072569 0
0.9560566011212156 0.3404173221292915 0
0.9617052549437838 0.3659264268085484 0
0.9681171418296366 0.3896014738027739 0
0.9751550299845579 0.4112725861372596 0
0.9826537097247998 0.4307979033584507 0
0.9904435697172883 0.4480312996850546 0
0.99838531511099 0.4627781190147929 0
1.006453488474793 0.4747475058512923 0
0.9672090276605028 0.6209162712083679 0
0.9882299033937986 0.6291440292338203 0
1.009310031709638 0.6363898152236611 0
1.030465839349471 0.6427689077142674 0
1.05170848612283 0.6483878276498291 0
1.073043750058838 0.6533446722932627 0
1.094472525254126 0.6577292722070366 0
1.115991610571618 0.6616234118985868 0
1.137594586502252 0.665101156140304 0
1.159272671294697 0.6682292482623045 0
1.181015512508391 0.6710675343535731 0
1.202811908743334 0.6736693872503863 0
1.22465047485173 0.6760821369841269 0
1.246520273521489 0.6783475279671681 0
1.268411453820453 0.680502144096417 0
1.29031597466979 0.6825774720757422 0
1.312228504779966 0.6845989327666254 0
1.334147397495303 0.6865839412681083 0
1.356075767811818 0.6885389026017897 0
1.37802247959438 0.6904561731057571 0
0.977298798959518 0.5969273595227298 0
0.9972441750328193 0.6053305605463908 0
1.017358033705208 0.6126588042136051 0
1.037645376447661 0.6190531452252851 0
1.058106353813562 0.6246410062847926 0
1.078736268711841 0.6295366279625128 0
1.099526340921314 0.6338417524851717 0
1.120464721716528 0.6376465564054369 0
1.14153749410594 0.6410307215315024 0
1.162729548741352 0.6440645317025384 0
1.184025312418489 0.6468099205298962 0
1.205409347827962 0.6493214367514056 0
1.226866857997789 0.6516471240269918 0
1.248384130277713 0.6538293174011888 0
1.26994895171105 0.6559053218057894 0
1.291551022474019 0.6579078539217582 0
1.313182385576977 0.6598650490385721 0
1.334837934310764 0.6617998203662537 0
1.356516597187651 0.6637275439514801 0
1.378226370615825 0.6656474076720474 0
0.987143083043751 0.5744935378642543 0
1.005974762411968 0.5828585698915822 0
1.025102433839041 0.5900763517446896 0
1.044517437980868 0.5963140243845635 0
1.064205628907702 0.6017195830782862 0
1.08414843847281 0.6064222291401055 0
1.104324392230206 0.6105338389231848 0
1.124710525836937 0.6141509395302144 0
1.145283506522078 0.6173567800481824 0
1.166020443063352 0.6202232779936026 0
1.186899440851422 0.6228127519055974 0
1.207899975991933 0.6251794289305761 0
1.229003154298688 0.6273707564911495 0
1.250191903093893 0.629428562094318 0
1.271451120272185 0.6313901065527412 0
1.292767767083197 0.6332890882358956 0
1.314130801168918 0.6351567455089497 0
1.335530579083187 0.6370235274137046 0
1.356956446187135 0.6389227645611615 0
1.378387737416765 0.6409011722746286 0
0.9965950627660785 0.5537109975066699 0
1.014280885528537 0.5617979056779663 0
1.032413068163562 0.5686872339388127 0
1.050965141142306 0.574576042129469 0
1.069903470283777 0.5796333477224221 0
1.0891908383957 0.5840015347032292 0
1.108789262256395 0.587799765835427 0
1.128661866383797 0.5911277857153884 0
1.148773966948498 0.5940694231272856 0
1.169093600256842 0.5966955734520524 0
1.18959170615961 0.5990666560436896 0
1.210242122208386 0.6012346264709616 0
1.231021491410845 0.6032446494404468 0
1.251909145094775 0.6051365408155164 0
1.272886993602938 0.6069460863467799 0
1.293939440957458 0.6087063563691987 0
1.315053343486272 0.6104491761940233 0
1.336218105318382 0.6122069927392245 0
1.357426365264153 0.6140155038184063 0
1.378677327333649 0.6159177149771115 0
1.00547935143201 0.5346546433319168 0
1.021991600224541 0.5421902845806398 0
1.03913358480522 0.5485037556469826 0
1.056851381502901 0.5538305198821315 0
1.075082698208355 0.5583608299883637 0
1.093764616662796 0.5622466127260021 0
1.112837843426951 0.5656094757410068 0
1.132248602823158 0.5685476257317693 0
1.151949144056663 0.5711413048665396 0
1.171897533203123 0.5734569194595942 0
1.192057137018633 0.575550157715444 0
1.212396022397343 0.5774683756624964 0
1.232886382879531 0.5792524806622908 0
1.253504040483548 0.5809384965832924 0
1.274228040117196 0.5825589651029294 0
1.295040346366192 0.5841443245259162 0
1.315925669555007 0.5857243939285941 0
1.336871498104991 0.5873299864997976 0
1.357868494338959 0.5889941017391972 0
1.378911402697736 0.5907495909466925 0
1.013576361760837 0.5173879518159694 0
1.028894319440458 0.5240430509047531 0
1.04507598297317 0.5294938248801704 0
1.0620182442534 0.5340237736260214 0
1.079614191035506 0.5378397110874293 0
1.097765276344164 0.5410945015957159 0
1.11638546597076 0.5439037477793128 0
1.135401507967269 0.5463570668050575 0
1.154751637538551 0.5485255927807472 0
1.174383851468369 0.5504670189946966 0
1.194254239792481 0.5522290685542623 0
1.214325546999546 0.5538519679649391 0
1.234565995443457 0.5553702954881452 0
1.254948348642497 0.556814453487392 0
1.275449175832033 0.5582119474150662 0
1.296048282598312 0.5595886359365229 0
1.316728292438152 0.5609701685204056 0
1.337474401936098 0.5623840485062799 0
1.358274358436118 0.5638635166414171 0
1.379118580856295 0.5654571311292512 0
1.02058665195984 0.5019668416926084 0
1.034713812138675 0.5073077416269136 0
1.050013664365502 0.5115575157006538 0
1.066288871146756 0.5150392291949123 0
1.083362785637108 0.5179550704926691 0
1.101089619841426 0.5204401427222235 0
1.119352419904229 0.5225902422769535 0
1.138057824536731 0.5244767588629452 0
1.157130882700394 0.5261550709055389 0
1.176510811698605 0.5276695345092429 0
1.196147744450622 0.5290566176344358 0
1.216000291516717 0.5303469881826162 0
1.236033722063452 0.531566996893177 0
1.256218598396819 0.5327398070534048 0
1.276529732368869 0.5338863216786248 0
1.296945358068182 0.5350260024251839 0
1.317446444928974 0.5361776467210206 0
1.338016155605751 0.5373601885839183 0
1.358639664445473 0.5385935390429787 0
1.379304597421473 0.5398985164637873 0
1.026055351977616 0.48839800621661 0
1.039079237070729 0.4918161119646702 0
1.05367873355342 0.4944823117629301 0
1.069478077572282 0.4966724577783816 0
1.086200882765231 0.498527327775625 0
1.10364800416831 0.5001314851387727 0
1.12167371413105 0.5015422212579491 0
1.140168651581955 0.5028017884731621 0
1.159048636543341 0.5039432111077943 0
1.178247375944757 0.5049933475123317 0
1.197711611580407 0.5059746653352845 0
1.217397807334054 0.5069063687704475 0
1.23726982885639 0.5078051792101493 0
1.257297276154662 0.508685917125601 0
1.277454240620305 0.509561948379549 0
1.297718299928777 0.5104454879721843 0
1.318069547927438 0.5113476650909585 0
1.338489464073096 0.5122781825194316 0
1.358960134409668 0.5132448994942483 0
1.379468281373067 0.5142569464550268 0
0.9978509797403329 0.3256260940564982 0
1.001979283837383 0.3504126127401017 0
1.006496631754609 0.3737326427015937 0
1.01126350257144 0.3954549437597736 0
1.016093048909144 0.4154627813854621 0
1.020740078633175 0.4336432799623871 0
1.024870189874612 0.4498789230865491 0
1.027981930834037 0.4640761521679358 0
1.018309572896423 0.319703333466432 0
1.021806156139846 0.3443149693375879 0
1.025555482939376 0.3676304607894645 0
1.029420606519389 0.3895497264347784 0
1.033218415605238 0.4099950226361908 0
1.036709029311192 0.4289155958455824 0
1.039573898440435 0.4463051527413712 0
1.041374507717356 0.4622583062573389 0
1.038589867428531 0.3145828190853829 0
1.041534865721408 0.3391050585109064 0
1.044627013627146 0.3624899669575893 0
1.047736703021704 0.384666630419738 0
1.050694042727271 0.4055920910370012 0
1.05328251497908 0.425261880632256 0
1.055229476699172 0.4437312861431255 0
1.056196201200242 0.4611579826398221 0
1.058747267319794 0.3101494854635383 0
1.061214672205908 0.3346443998975516 0
1.063750059968271 0.3581470161694332 0
1.066234568026564 0.3806105206437952 0
1.068516700969448 0.4020181861232568 0
1.070410307820304 0.422394330656363 0
1.07169399337972 0.4418215007925916 0
1.072116998714172 0.4604660607537963 0
1.078823977663713 0.3063060379460579 0
1.080880791017142 0.3308173830124782 0
1.082948114860582 0.3544665985441832 0
1.084919568635082 0.3772252975036455 0
1.086663644812567 0.3990945823635116 0
1.088024738183579 0.4201142259873929 0
1.088827277335218 0.4403745136084097 0
1.088886850778125 0.4600297193007277 0
1.098851707691466 0.3029699317587898 0
1.100557584428923 0.3275275688591961 0
1.102233746342692 0.3513384553846216 0
1.103786658951803 0.3743875080944774 0
1.105104127928422 0.396686911560508 0
1.106058034589881 0.4182830415386394 0
1.106510254996858 0.4392638901499695 0
1.106323985777479 0.4597652514682703 0
1.118853871954035 0.3000708960027171 0
1.120261239020351 0.3246944335390324 0
1.121612067794759 0.3486726774389419 0
1.122825123122205 0.371999671907993 0
1.123805691990996 0.394693756426122 0
1.124449027073342 0.4168024672209319 0
1.12464643633479 0.4384068402953661 0
1.124295011072919 0.4596235692965789 0
1.138847374738668 0.2975488517100994 0
1.140001879957762 0.32225052595334 0
1.141083261409208 0.3463957460284388 0
1.142021535901271 0.3699844739812985 0
1.142737217254545 0.3930378038542318 0
1.143144851241044 0.4156012823895188 0
1.143158544086342 0.4377471761298771 0
1.142699765097387 0.4595745455848914 0
1.15884404269105 0.2953521457823793 0
1.159785184220271 0.3201390346411726 0
1.160644330110538 0.3444471751095967 0
1.16136149797754 0.3682800724741399 0
1.161870169747668 0.3916593210293857 0
1.162100589460372 0.4146267754920331 0
1.161984488642875 0.4372455577292689 0
1.161461171381319 0.4595991334625275 0
1.178851767664601 0.2934360524413643 0
1.179613588439903 0.3183117406669478 0
1.180290279025192 0.342776754928434 0
1.180830592249362 0.3668364325344941 0
1.18117892138661 0.3905114246489164 0
1.181278215883725 0.4138390700758737 0
1.181073895232172 0.4368736524743525 0
1.180518554055633 0.459685059447581 0
1.198875417024022 0.2917615050082674 0
1.199487185806489 0.3167273169264582 0
1.200014898027235 0.3413423307606943 0
1.200414870068087 0.3656125050339432 0
1.200640633142635 0.3895566573986449 0
1.20064542581825 0.4132073050523968 0
1.200385380261798 0.4366104898347477 0
1.199823165062243 0.4598243103731042 0
1.218917560236442 0.2902940248680805 0
1.219404391610887 0.3153499262787874 0
1.219811274468829 0.3401080303894802 0
1.220101065273345 0.3645740675779752 0
1.220234958761477 0.3887644977788717 0
1.220174567754549 0.4127070107602138 0
1.21988448611029 0.4364401006634003 0
1.219335122442458 0.4600115911925071 0
1.238979050757424 0.2890028160987004 0
1.239362438962011 0.3141480696215108 0
1.239672126568018 0.3390428562164944 0
1.239876655827646 0.3636920737250376 0
1.239943695415986 0.3881095329967159 0
1.239841738919816 0.4123182672380886 0
1.239542132843658 0.4363499363946041 0
1.239021274136644 0.4602433432985151 0
1.259059493012677 0.2878599949720744 0
1.259357749860271 0.3130936371320416 0
1.259590017948994 0.3381195692478088 0
1.259729841889335 0.3629413910222042 0
1.259750435754658 0.3875701042407743 0
1.259626038703054 0.4120243784227554 0
1.259333460759641 0.436329773800142 0
1.258853702513304 0.4605171092311892 0
1.27915761682002 0.286839923516843 0
1.279386214029796 0.312161118078909 0
1.279557492895988 0.3373138067962306 0
1.279649477764651 0.3622998430532642 0
1.279640236055258 0.3871272916193836 0
1.279508941765953 0.4118108797567761 0
1.279236959375379 0.436370916958061 0
1.278808734468049 0.4608311472606201 0
1.299271576247438 0.2859186155345522 0
1.299443399104117 0.311326922121337 0
1.299567159165867 0.3366033916088348 0
1.299624978670078 0.3617475085359811 0
1.299599293949637 0.3867641506092508 0
1.299473722238637 0.411664733618241 0
1.299233764520819 0.4364655340761471 0
1.29886651616853 0.4611843405011932 0
1.319399186525058 0.2850731842086114 0
1.319524710438315 0.3105687468546698 0
1.319611739608809 0.3359678068894209 0
1.319646221083707 0.3612662848466111 0
1.319614628353801 0.386465157669958 0
1.319504814943428 0.4115735646804176 0
1.319306832586102 0.4366058358193182 0
1.319011706347032 0.4615768279371339 0
1.339538110729463 0.2842813176166099 0
1.339625515552497 0.3098648606878158 0
1.339684112725371 0.3353878282120333 0
1.339703469148598 0.3608398252349985 0
1.339673803610972 0.3862158985008832 0
1.339586990513829 0.4115247973725641 0
1.339438849984544 0.4367820902885519 0
1.33923755981404 0.4620131854448813 0
1.359686006851484 0.2835208717403765 0
1.359741244614362 0.3091929581392035 0
1.359777357695856 0.334845315164545 0
1.359787376832926 0.3604541778093628 0
1.359764900544893 0.3860031678871095 0
1.359704744778547 0.4115049950902002 0
1.359603919470699 0.4369752519120333 0
1.359461971320829 0.4624295205779911 0
1.379840644872834 0.2827701544380649 0
1.379867473564425 0.3085275662133379 0
1.379884797166073 0.3343231718883588 0
1.379889062081734 0.3600999639394276 0
1.37987707093125 0.3858156129363782 0
1.379846229991075 0.4115029919337621 0
1.379794802068714 0.4371799425581314 0
1.379721440043884 0.4628568472961327 0
0.8671661212734039 0.916784377165472 0
0.8961493465602519 0.9177254068339336 0
0.9250592101593075 0.9186341679196018 0
0.9538940854066454 0.9194999251559045 0
0.9826238149334457 0.9203146233899809 0
1.011193211718333 0.9210728641412338 0
1.039613527379103 0.9217746163325035 0
1.067795587575724 0.9224203201329948 0
1.095826611534393 0.9230172722421377 0
1.123651437526796 0.9235718192125897 0
1.151379985075693 0.924095422992558 0
1.179040325426519 0.9245993540969424 0
1.20667791258399 0.9250963247284852 0
1.234413271947425 0.9256030198819021 0
1.261913718170835 0.926137927140977 0
1.288661753834738 0.9267407504419749 0
1.314551805696837 0.9274559957768549 0
1.338208462994227 0.9283335240235202 0
1.360533429182977 0.9295169152351013 0
1.380729640111055 0.9310735612826968 0
0.8771505100935363 0.8841652532624621 0
0.9055292105911391 0.8860116052079087 0
0.9337683969748256 0.8877806907925874 0
0.9618701631440271 0.8894549838869238 0
0.9898253475475962 0.8910228943347478 0
1.017619643581477 0.8924788642143646 0
1.045248001719887 0.8938237865905673 0
1.072695118804856 0.8950632656279753 0
1.099980758480648 0.8962091137704711 0
1.127106568303726 0.897276237084542 0
1.154106803723205 0.898284113145856 0
1.180996991675372 0.8992538773022997 0
1.207782644754206 0.9002069835690094 0
1.234441600365194 0.9011632088027638 0
1.26079511379547 0.9021459342514838 0
1.28657162500755 0.9032265042118344 0
1.311555050640218 0.9044926656506379 0
1.335318276152148 0.9060339873533093 0
1.357965370703478 0.9081010636304208 0
1.379416073399222 0.911090384535907 0
0.8869909823848785 0.8520977792369686 0
0.9147343316068675 0.8548231194484336 0
0.9422919065532863 0.8574134557398903 0
0.9696755923083871 0.8598487068439179 0
0.9968911254922334 0.8621175962622524 0
1.023940772420483 0.8642171146513393 0
1.050826887600743 0.8661519251281045 0
1.077551092559325 0.867933335586252 0
1.10412192825587 0.8695790029725694 0
1.130545527142765 0.8711116571798587 0
1.156831706724465 0.8725589731259352 0
1.182980431822757 0.8739517028833356 0
1.208977144845457 0.8753192372885388 0
1.234780721652252 0.8766765187930231 0
1.260291779887827 0.8780141215286099 0
1.285341817653831 0.8794549917593049 0
1.309781339505861 0.8810959439899994 0
1.333446884650613 0.8830257445124664 0
1.356328599917794 0.8854695645516083 0
1.378457084435221 0.8886607058375378 0
0.8967787585287992 0.8205724893720299 0
0.9238538604015449 0.8241558866712164 0
0.9507147457749878 0.827533189296966 0
0.9773825777657333 0.8306860231622756 0
1.003873264733967 0.8336069226482259 0
1.030198649628804 0.8362980316466757 0
1.056367930528965 0.8387698954232209 0
1.082388387489727 0.8410403352455329 0
1.108266688709263 0.8431336949310774 0
1.134006639340163 0.8450802780675524 0
1.159608281853012 0.8469166145623876 0
1.185062630348125 0.8486858382687562 0
1.210348032310644 0.8504349600438212 0
1.235431285389401 0.8521842376125776 0
1.260295223414372 0.8537495997371781 0
1.284786343279411 0.8554395575256869 0
1.308828299326044 0.8572974891970558 0
1.332350261946061 0.8594192545614211 0
1.355343332000245 0.8619936574753015 0
1.377855587413179 0.8652361097650818 0
0.9065853681962445 0.7896129144272613 0
0.9329540545858122 0.7940340170306237 0
0.9590960824484484 0.7981638380168338 0
0.9850401819442447 0.8019902905960598 0
1.010809292226146 0.8055132718279479 0
1.03642130492655 0.8087426728652578 0
1.061889876842258 0.8116967089249502 0
1.087224990137597 0.8144005726424517 0
1.112433180200806 0.8168855389071107 0
1.137516611419741 0.8191887470444206 0
1.162471523728986 0.821354568079371 0
1.187284604576915 0.8234402089105783 0
1.2119262757031 0.8255362557732638 0
1.236332672662264 0.8278475040879031 0
1.260719175530705 0.829346236138783 0
1.284745855593449 0.8312285177263342 0
1.308462570193648 0.8331536604671246 0
1.331818005065325 0.8353216613336084 0
1.354820764208013 0.8378154340285223 0
1.377517856490214 0.8407239592928125 0
0.9164634178648067 0.7592749578675233 0
0.9420804201777672 0.7645080743561139 0
0.9674742436436121 0.7693505689792727 0
0.9926790241586534 0.7738016359723215 0
1.017722183267314 0.777872199681389 0
1.04262516929153 0.7815824616661604 0
1.067404139308788 0.7849599427180637 0
1.092070458240295 0.7880379455289772 0
1.116630913248408 0.7908544349114449 0
1.141087476666586 0.7934513700480295 0
1.1654367555892 0.7958745318018862 0
1.189669266782213 0.7981734240227374 0
1.21376984333635 0.8003980527504124 0
1.237723860142066 0.8025737712168889 0
1.261554529538211 0.8045295576228656 0
1.285175491308777 0.8065250108994526 0
1.308569492617407 0.8085833716934597 0
1.331722349704093 0.8107815886011842 0
1.35464504760903 0.8131800326384107 0
1.377374987929392 0.8158269599590021 0
0.9264450388092581 0.7296464052112572 0
0.9512580037612389 0.7356534996791171 0
0.9758681977052374 0.7411578871842944 0
1.000312461553728 0.7461752010325616 0
1.02462019010306 0.7507309917151024 0
1.048814184160695 0.7548582005312937 0
1.072911355592109 0.758595174679318 0
1.096923291988109 0.7619840952930224 0
1.120856665486679 0.7650697297807388 0
1.144713483392555 0.7678983935661556 0
1.168491296580753 0.770516859509636 0
1.192183615995085 0.7729704928910336 0
1.215781113447536 0.775298797780104 0
1.239274310274826 0.7775250870057325 0
1.262656454028089 0.7796432654267287 0
1.285898992823715 0.7817340204176246 0
1.308987854493211 0.783845426270288 0
1.331919681918662 0.7860229573638832 0
1.354707267329712 0.7882993546464294 0
1.37738249334542 0.7906878560529708 0
0.9365389596070114 0.7008448249443643 0
0.9604902296089625 0.7075678464835162 0
0.9842772895947749 0.7136668185371902 0
1.007936398712783 0.7191785235786309 0
1.031496258029313 0.7241463112825177 0
1.054978814986289 0.7286179508928435 0
1.078399952755751 0.7326439205131898 0
1.101770121549352 0.7362760308171935 0
1.125094919608486 0.7395662912988465 0
1.148375638367745 0.7425658980014584 0
1.171609833682437 0.7453241439984587 0
1.194792033383522 0.7478869378000464 0
1.217914702996126 0.7502946206969949 0
1.240969360910973 0.7525796479749659 0
1.263946892319476 0.7547687736775464 0
1.286834602216085 0.7569051408339115 0
1.309625139261516 0.759025621913076 0
1.332319237304113 0.7611588799060777 0
1.354928426743252 0.7633199386974533 0
1.377476576428103 0.7655031307298197 0
0.9467271080679585 0.6730120507148952 0
0.9697572388762153 0.6803657814218873 0
0.9926803915250895 0.6869705062846448 0
1.015528699524332 0.6928876507741718 0
1.038327458916812 0.6981807135732394 0
1.061095513882494 0.7029137918046995 0
1.083845820348025 0.7071503915337609 0
1.106586102097692 0.7109524616709929 0
1.129319545395293 0.7143796036754846 0
1.152045506450771 0.7174883850975914 0
1.174760238088743 0.7203316595700908 0
1.197457661992994 0.7229578088629154 0
1.220130198047125 0.7254099694521996 0
1.242769579782858 0.7277257647217378 0
1.265367483712036 0.7299388488879696 0
1.287916102711209 0.7320829577676568 0
1.310411230649952 0.7341865047679421 0
1.332854438959046 0.7362688387242421 0
1.355254621582347 0.7383364600096742 0
1.37762852093102 0.7403816860079047 0
0.9823167105321083 0.0312635413311555 0
0.9824364090478257 0.06246689918285987 0
0.9826876576655715 0.09354779624322089 0
0.983137683706366 0.1244328684395351 0
0.9838675278672377 0.155033996754304 0
0.984958377757314 0.1852462839188476 0
0.9864840003119861 0.2149468426405966 0
0.9885048575981956 0.2439945379642064 0
0.991061822288552 0.2722312187344401 0
1.003541508283932 0.03069746043863591 0
1.003811524125799 0.06132496836765316 0
1.004211446138974 0.0918187520046841 0
1.004787597988573 0.1221068084219886 0
1.005602329117644 0.1521052534302043 0
1.006719484130943 0.1817167109381803 0
1.008195952021033 0.2108298428626129 0
1.010075752524447 0.2393199447833404 0
1.012384618812536 0.2670510072218109 0
1.024699562556268 0.0301713034301207 0
1.025100339166996 0.060266699472216 0
1.025615151404724 0.09022342196452908 0
1.026276987774364 0.1199724940117348 0
1.027137239555783 0.1494351555478088 0
1.028247440773814 0.17852195934952 0
1.029651517721432 0.2071328951614157 0
1.031380792120838 0.2351584928891546 0
1.033449608619522 0.2624822065114644 0
1.045765649422346 0.02968528269603229 0
1.046311907521658 0.0592903648595219 0
1.046916551006598 0.0887572321342294 0
1.047630758900673 0.118020753403951 0
1.048504615507019 0.1470076719264918 0
1.049582028991375 0.1756364551409851 0
1.050897314792825 0.2038178258757727 0
1.052472126832642 0.2314561194379912 0
1.054312318851179 0.2584517047744889 0
1.066814052524373 0.02923685266683762 0
1.067476042742436 0.05839248523129623 0
1.06813757530928 0.08741427985850046 0
1.068872565629851 0.1162414641085077 0
1.069732842545847 0.1448064827709092 0
1.070757117920046 0.1730355062409865 0
1.071972347708197 0.2008492373728735 0
1.073392761076233 0.2281643667984699 0
1.075017939498912 0.254895895133681 0
1.087929774124018 0.0288233342812971 0
1.088626053811929 0.05756900113762687 0
1.089299933466542 0.08618792873547161 0
1.090023634533687 0.1146239329806209 0
1.090846294097599 0.1428152320868425 0
1.091801211286167 0.1706953873649808 0
1.092908995499042 0.1981942840420317 0
1.094177914107465 0.2252395920473905 0
1.095602883932077 0.251758926881458 0
1.109099650328885 0.02844386166930772 0
1.109776166817412 0.05681618743179587 0
1.110418870257373 0.0850713070507349 0
1.111100815568929 0.1131572210293527 0
1.11186491177825 0.1410177323116832 0
1.112737749473047 0.1685933865651089 0
1.113733767809249 0.1958224543017055 0
1.114856123247991 0.2226423183769146 0
1.116096169430794 0.248991439665677 0
1.130368972111223 0.02809621051810313 0
1.130934878021869 0.05613003812558762 0
1.131502409791828 0.08405735792457683 0
1.13211559683383 0.1118302987108171 0
1.132803948610258 0.1393980823375129 0
1.133585382756928 0.1667078054984813 0
1.134467950281214 0.1937053575231857 0
1.135450181940636 0.2203366897641467 0
1.136520610188875 0.2465495675030949 0
1.151660904273298 0.02777982615731207 0
1.152084076959885 0.05550686414134858 0
1.152548708117445 0.08313894789899454 0
1.153073718715534 0.1106321159708539 0
1.153674084042992 0.1379407148975175 0
1.154358369705527 0.165017920155779 0
1.155128236128916 0.1918165145061212 0
1.155977979926094 0.218289998179631 0
1.156893852734952 0.2443941125066485 0
1.172928124783935 0.02749309394442431 0
1.173202064791365 0.05494246268941132 0
1.173550622639493 0.08230865803692969 0
1.173976518236784 0.1095515726335892 0
1.174482115476129 0.1366303943731526 0
1.175067181633727 0.1635039171675135 0
1.17572739778515 0.1901311546164939 0
1.176453288100627 0.2164722653401715 0
1.177229286016525 0.2424898383080441 0
1.194149909000865 0.02723367899038446 0
1.194270334215577 0.054432067421487 0
1.194499257834502 0.08155873619511773 0
1.194822636784162 0.1085775146778815 0
1.195231947131935 0.1354522111119486 0
1.195719255096268 0.1621468264583555 0
1.196274997422361 0.1886260256897156 0
1.196886504341427 0.2148558696338677 0
1.197536849531986 0.2408048561964183 0
1.215280169221918 0.02699931432607207 0
1.215269377783199 0.05397060739135714 0
1.215385248577475 0.08088118806479039 0
1.215609364096411 0.1076987848451908 0
1.215925588718437 0.1343915954112165 0
1.216319787601239 0.1609284640197805 0
1.216778103288819 0.1872792212231853 0
1.217285357523734 0.2134152124014889 0
1.217823752816333 0.2393100870557193 0
1.236327911366086 0.02678697244914288 0
1.236188714677853 0.05355262203819607 0
1.236200932214971 0.08026785000093448 0
1.236333820363733 0.1069042988659745 0
1.236564065949277 0.1334343518524178 0
1.236872502017849 0.1598313892906221 0
1.23724197578741 0.1860700257757571 0
1.237655558908591 0.2121264180285341 0
1.238095112506987 0.2379787858729455 0
1.257250125604132 0.02659408949165248 0
1.257013625777037 0.0531726442027565 0
1.256939234712447 0.07971055134872543 0
1.256993512149349 0.1061831532266624 0
1.257148153589816 0.1325667142535053 0
1.257380334234622 0.1588388778272982 0
1.257670696403266 0.184978776691076 0
1.258001389746408 0.2109670611293767 0
1.258354509630362 0.2367861163755136 0
1.278061987847946 0.02641746944261648 0
1.277737665373472 0.05282499132588707 0
1.277595547101173 0.07920116005577031 0
1.27758714981613 0.1055247310508786 0
1.277679058876322 0.1317754189532903 0
1.277846048284573 0.1579349089918632 0
1.278067726687485 0.1839867385135495 0
1.278326217087591 0.2099159120777873 0
1.278604468545061 0.2357087631881722 0
1.298704307823076 0.02625441078550992 0
1.298348251939442 0.05250396878645309 0
1.298166831892294 0.07873167672602426 0
1.298115176417078 0.104918851557647 0
1.29815901617108 0.131047814452137 0
1.298272769560817 0.157104171753652 0
1.298436386962364 0.1830759855633313 0
1.298632931644504 0.2089526882761793 0
1.298846858696878 0.2347245695463443 0
1.319217186833814 0.02610113466906869 0
1.318849477685574 0.05220330029800773 0
1.318655404228363 0.07829419081749454 0
1.318580856041766 0.1043560013018757 0
1.318591874834004 0.1303720358718504 0
1.318664431174077 0.1563320904498449 0
1.318780244285065 0.1822292871717869 0
1.318924302433496 0.2080577883335597 0
1.31908322061922 0.2338121941608295 0
1.339548259878149 0.02595399302409055 0
1.339241204199912 0.05191588115941438 0
1.339067377374014 0.07788092939173899 0
1.338990581399147 0.1038278518392469 0
1.338983460521325 0.1297372979600589 0
1.339026081262397 0.1556048593704534 0
1.339103392497769 0.1814299951915427 0
1.339203243469581 0.2072119541191538 0
1.339315018690509 0.2329508058243828 0
1.359776597404114 0.02580736528473657 0
1.359547632883625 0.051631902025991 0
1.359416528067393 0.07748417558077858 0
1.359354510994187 0.1033284777356943 0
1.359341773674838 0.12913433395063 0
1.359364033264871 0.1549094137975537 0
1.35941061451325 0.1806619798012971 0
1.359472992067579 0.2063956921474172 0
1.359543825774566 0.2321199348121256 0
1.379909425289588 0.02565477066604426 0
1.379790450489531 0.05133528681338159 0
1.379720317543763 0.07709642359898393 0
1.379685796663925 0.10285758655676 0
1.379676776275247 0.128555822178961 0
1.37968581995124 0.1542330610244581 0
1.379707423402161 0.1799099178815146 0
1.379737205727066 0.2055878556905073 0
1.379771448273274 0.2313000021439098 0
2 4 0 1421
4431
4432
4433
4434
4435
4436
4437
4438
4439
4440
4441
4442
4443
4444
4445
4446
4447
4448
4449
4450
4451
4452
4453
4454
4455
4456
4457
4458
4459
4460
4461
4462
4463
4464
4465
4466
4467
4468
4469
4470
4471
4472
4473
4474
4475
4476
4477
4478
4479
4480
4481
4482
4483
4484
4485
4486
4487
4488
4489
4490
4491
4492
4493
4494
4495
4496
4497
4498
4499
4500
4501
4502
4503
4504
4505
4506
4507
4508
4509
4510
4511
4512
4513
4514
4515
4516
4517
4518
4519
4520
4521
4522
4523
4524
4525
4526
4527
4528
4529
4530
4531
4532
4533
4534
4535
4536
4537
4538
4539
4540
4541
4542
4543
4544
4545
4546
4547
4548
4549
4550
4551
4552
4553
4554
4555
4556
4557
4558
4559
4560
4561
4562
4563
4564
4565
4566
4567
4568
4569
4570
4571
4572
4573
4574
4575
4576
4577
4578
4579
4580
4581
4582
4583
4584
4585
4586
4587
4588
4589
4590
4591
4592
4593
4594
4595
4596
4597
4598
4599
4600
4601
4602
4603
4604
4605
4606
4607
4608
4609
4610
4611
4612
4613
4614
4615
4616
4617
4618
4619
4620
4621
4622
4623
4624
4625
4626
4627
4628
4629
4630
4631
4632
4633
4634
4635
4636
4637
4638
4639
4640
4641
4642
4643
4644
4645
4646
4647
4648
4649
4650
4651
4652
4653
4654
4655
4656
4657
4658
4659
4660
4661
4662
4663
4664
4665
4666
4667
4668
4669
4670
4671
4672
4673
4674
4675
4676
4677
4678
4679
4680
4681
4682
4683
4684
4685
4686
4687
4688
4689
4690
4691
4692
4693
4694
4695
4696
4697
4698
4699
4700
4701
4702
4703
4704
4705
4706
4707
4708
4709
4710
4711
4712
4713
4714
4715
4716
4717
4718
4719
4720
4721
4722
4723
4724
4725
4726
4727
4728
4729
4730
4731
4732
4733
4734
4735
4736
4737
4738
4739
4740
4741
4742
4743
4744
4745
4746
4747
4748
4749
4750
4751
4752
4753
4754
4755
4756
4757
4758
4759
4760
4761
4762
4763
4764
4765
4766
4767
4768
4769
4770
4771
4772
4773
4774
4775
4776
4777
4778
4779
4780
4781
4782
4783
4784
4785
4786
4787
4788
4789
4790
4791
4792
4793
4794
4795
4796
4797
4798
4799
4800
4801
4802
4803
4804
4805
4806
4807
4808
4809
4810
4811
4812
4813
4814
4815
4816
4817
4818
4819
4820
4821
4822
4823
4824
4825
4826
4827
4828
4829
4830
4831
4832
4833
4834
4835
4836
4837
4838
4839
4840
4841
4842
4843
4844
4845
4846
4847
4848
4849
4850
4851
4852
4853
4854
4855
4856
4857
4858
4859
4860
4861
4862
4863
4864
4865
4866
4867
4868
4869
4870
4871
4872
4873
4874
4875
4876
4877
4878
4879
4880
4881
4882
4883
4884
4885
4886
4887
4888
4889
4890
4891
4892
4893
4894
4895
4896
4897
4898
4899
4900
4901
4902
4903
4904
4905
4906
4907
4908
4909
4910
4911
4912
4913
4914
4915
4916
4917
4918
4919
4920
4921
4922
4923
4924
4925
4926
4927
4928
4929
4930
4931
4932
4933
4934
4935
4936
4937
4938
4939
4940
4941
4942
4943
4944
4945
4946
4947
4948
4949
4950
4951
4952
4953
4954
4955
4956
4957
4958
4959
4960
4961
4962
4963
4964
4965
4966
4967
4968
4969
4970
4971
4972
4973
4974
4975
4976
4977
4978
4979
4980
4981
4982
4983
4984
4985
4986
4987
4988
4989
4990
4991
4992
4993
4994
4995
4996
4997
4998
4999
5000
5001
5002
5003
5004
5005
5006
5007
5008
5009
5010
5011
5012
5013
5014
5015
5016
5017
5018
5019
5020
5021
5022
5023
5024
5025
5026
5027
5028
5029
5030
5031
5032
5033
5034
5035
5036
5037
5038
5039
5040
5041
5042
5043
5044
5045
5046
5047
5048
5049
5050
5051
5052
5053
5054
5055
5056
5057
5058
5059
5060
5061
5062
5063
5064
5065
5066
5067
5068
5069
5070
5071
5072
5073
5074
5075
5076
5077
5078
5079
5080
5081
5082
5083
5084
5085
5086
5087
5088
5089
5090
5091
5092
5093
5094
5095
5096
5097
5098
5099
5100
5101
5102
5103
5104
5105
5106
5107
5108
5109
5110
5111
5112
5113
5114
5115
5116
5117
5118
5119
5120
5121
5122
5123
5124
5125
5126
5127
5128
5129
5130
5131
5132
5133
5134
5135
5136
5137
5138
5139
5140
5141
5142
5143
5144
5145
5146
5147
5148
5149
5150
5151
5152
5153
5154
5155
5156
5157
5158
5159
5160
5161
5162
5163
5164
5165
5166
5167
5168
5169
5170
5171
5172
5173
5174
5175
5176
5177
5178
5179
5180
5181
5182
5183
5184
5185
5186
5187
5188
5189
5190
5191
5192
5193
5194
5195
5196
5197
5198
5199
5200
5201
5202
5203
5204
5205
5206
5207
5208
5209
5210
5211
5212
5213
5214
5215
5216
5217
5218
5219
5220
5221
5222
5223
5224
5225
5226
5227
5228
5229
5230
5231
5232
5233
5234
5235
5236
5237
5238
5239
5240
5241
5242
5243
5244
5245
5246
5247
5248
5249
5250
5251
5252
5253
5254
5255
5256
5257
5258
5259
5260
5261
5262
5263
5264
5265
5266
5267
5268
5269
5270
5271
5272
5273
5274
5275
5276
5277
5278
5279
5280
5281
5282
5283
5284
5285
5286
5287
5288
5289
5290
5291
5292
5293
5294
5295
5296
5297
5298
5299
5300
5301
5302
5303
5304
5305
5306
5307
5308
5309
5310
5311
5312
5313
5314
5315
5316
5317
5318
5319
5320
5321
5322
5323
5324
5325
5326
5327
5328
5329
5330
5331
5332
5333
5334
5335
5336
5337
5338
5339
5340
5341
5342
5343
5344
5345
5346
5347
5348
5349
5350
5351
5352
5353
5354
5355
5356
5357
5358
5359
5360
5361
5362
5363
5364
5365
5366
5367
5368
5369
5370
5371
5372
5373
5374
5375
5376
5377
5378
5379
5380
5381
5382
5383
5384
5385
5386
5387
5388
5389
5390
5391
5392
5393
5394
5395
5396
5397
5398
5399
5400
5401
5402
5403
5404
5405
5406
5407
5408
5409
5410
5411
5412
5413
5414
5415
5416
5417
5418
5419
5420
5421
5422
5423
5424
5425
5426
5427
5428
5429
5430
5431
5432
5433
5434
5435
5436
5437
5438
5439
5440
5441
5442
5443
5444
5445
5446
5447
5448
5449
5450
5451
5452
5453
5454
5455
5456
5457
5458
5459
5460
5461
5462
5463
5464
5465
5466
5467
5468
5469
5470
5471
5472
5473
5474
5475
5476
5477
5478
5479
5480
5481
5482
5483
5484
5485
5486
5487
5488
5489
5490
5491
5492
5493
5494
5495
5496
5497
5498
5499
5500
5501
5502
5503
5504
5505
5506
5507
5508
5509
5510
5511
5512
5513
5514
5515
5516
5517
5518
5519
5520
5521
5522
5523
5524
5525
5526
5527
5528
5529
5530
5531
5532
5533
5534
5535
5536
5537
5538
5539
5540
5541
5542
5543
5544
5545
5546
5547
5548
5549
5550
5551
5552
5553
5554
5555
5556
5557
5558
5559
5560
5561
5562
5563
5564
5565
5566
5567
5568
5569
5570
5571
5572
5573
5574
5575
5576
5577
5578
5579
5580
5581
5582
5583
5584
5585
5586
5587
5588
5589
5590
5591
5592
5593
5594
5595
5596
5597
5598
5599
5600
5601
5602
5603
5604
5605
5606
5607
5608
5609
5610
5611
5612
5613
5614
5615
5616
5617
5618
5619
5620
5621
5622
5623
5624
5625
5626
5627
5628
5629
5630
5631
5632
5633
5634
5635
5636
5637
5638
5639
5640
5641
5642
5643
5644
5645
5646
5647
5648
5649
5650
5651
5652
5653
5654
5655
5656
5657
5658
5659
5660
5661
5662
5663
5664
5665
5666
5667
5668
5669
5670
5671
5672
5673
5674
5675
5676
5677
5678
5679
5680
5681
5682
5683
5684
5685
5686
5687
5688
5689
5690
5691
5692
5693
5694
5695
5696
5697
5698
5699
5700
5701
5702
5703
5704
5705
5706
5707
5708
5709
5710
5711
5712
5713
5714
5715
5716
5717
5718
5719
5720
5721
5722
5723
5724
5725
5726
5727
5728
5729
5730
5731
5732
5733
5734
5735
5736
5737
5738
5739
5740
5741
5742
5743
5744
5745
5746
5747
5748
5749
5750
5751
5752
5753
5754
5755
5756
5757
5758
5759
5760
5761
5762
5763
5764
5765
5766
5767
5768
5769
5770
5771
5772
5773
5774
5775
5776
5777
5778
5779
5780
5781
5782
5783
5784
5785
5786
5787
5788
5789
5790
5791
5792
5793
5794
5795
5796
5797
5798
5799
5800
5801
5802
5803
5804
5805
5806
5807
5808
5809
5810
5811
5812
5813
5814
5815
5816
5817
5818
5819
5820
5821
5822
5823
5824
5825
5826
5827
5828
5829
5830
5831
5832
5833
5834
5835
5836
5837
5838
5839
5840
5841
5842
5843
5844
5845
5846
5847
5848
5849
5850
5851
0.6781735188340702 1.35817360952972 0
0.6641761528647593 1.316972281421009 0
0.6514491256907476 1.277190225352364 0
0.6396258106656783 1.238341945047682 0
0.6284935371050788 1.200127661914518 0
0.6179233192226713 1.162337438926489 0
0.6078395796028004 1.124808757715642 0
0.5981975945706784 1.087404574667601 0
0.8299379531368558 1.082955878681307 0
0.8399302285882044 1.115448846433809 0
0.8497650913426296 1.147530855586531 0
0.8595596256674404 1.179222442279616 0
0.8694119465429666 1.210513238338952 0
0.8794038468510195 1.241359495428962 0
0.8896007909232877 1.271679416086601 0
0.9000478335655046 1.301347910545385 0
0.9107620757910128 1.330193551180578 0
0.921722806990406 1.358002386495607 0
0.7726582643582117 1.48904717166287 0
0.7963425008493207 1.467145294663718 0
0.819941697168764 1.448652051695657 0
0.8431764003395555 1.432526130411196 0
0.8660266045571291 1.418286460198859 0
0.8885436126341681 1.405658464763475 0
0.9107974100193649 1.394456329071379 0
0.7011889108265064 1.513107780607354 0
0.6598277315741304 1.509909527737164 0
0.6216794041967078 1.507056576053681 0
0.5850844132312184 1.504216521072581 0
0.5492994802684293 1.501219507799521 0
0.5139488779712637 1.497962203829325 0
0.4788250028275329 1.494366499099356 0
0.4438080155699992 1.490362748138142 0
0.4088306328874932 1.485882899854818 0
0.3738613413026121 1.480857653193083 0
0.3388956065555672 1.475215395536889 0
0.3039507025821597 1.468882069894676 0
0.2690621702028403 1.461781640756928 0
0.234280928403675 1.453837022818693 0
0.199670537556433 1.444971406862 0
0.1653043717315499 1.435109961423568 0
0.1312626213560333 1.42418204208027 0
0.09762916719473444 1.412124801918401 0
0.06448842197413195 1.398892752934323 0
0.03192183718301762 1.384495030203459 0
0.7480928951583155 1.594404875517233 0
0.7473225741274916 1.645985052318299 0
0.7477296733061127 1.690796311201543 0
0.7492674272509907 1.732775784910264 0
0.7518345770872252 1.773181951495628 0
0.7553248069419487 1.812548818733061 0
0.7596273592410173 1.851145189731104 0
0.7646164722500015 1.889117983905785 0
0.7701405334613006 1.926551412507186 0
0.7760146871995659 1.963498272761959 0
0.7888221521442547 1.569719382805059 0
0.8195054060451274 1.596809018353192 0
0.8470271094907204 1.616026494545259 0
0.8726129227438213 1.631264053084057 0
0.8968394058907767 1.643887398914816 0
0.9200623432361382 1.654551506805066 0
0.9425318559992896 1.663647277305366 0
0.9527937187206992 1.968897419580355 0
0.9521252410809125 1.93779766472099 0
0.9516390570032427 1.906750783989606 0
0.9514187857016386 1.87581813545243 0
0.9515541132297939 1.845075198549724 0
0.9521350145959753 1.814614639713409 0
0.9532486791322383 1.784549913736577 0
0.9549764180172137 1.755019188805991 0
0.9573887151384527 1.7261887307952 0
0.9605370512829278 1.698254217963247 0
0.9441030820809129 1.409507232177336 0
0.9552452664512723 1.432759138135363 0
0.9661420230731489 1.454084252459524 0
0.9765975824133862 1.473344217242229 0
0.9863885904406402 1.490403291242153 0
0.995230928012262 1.505056359086749 0
1.002686557569979 1.516878727019824 0
0.9690970332767133 1.645950538294346 0
0.9743909150717054 1.622063047670254 0
0.9802084645778341 1.59995230765758 0
0.9863588781495026 1.579800947486702 0
0.9925985901020109 1.561801476040567 0
0.998617375343575 1.546226654402001 0
1.00397724139626 1.533586682150768 0
1.017305200353118 1.524297284881077 0
1.030053274115204 1.523597142799946 0
1.044897904090434 1.522883662621891 0
1.061148771483285 1.522183095274083 0
1.078427098790489 1.521495068695271 0
1.096499268336873 1.520810483229197 0
1.115180457719822 1.520154347580375 0
1.134106547756829 1.519853010658665 0
1.153401671859712 1.519612494012561 0
1.173037026729354 1.519372797940572 0
1.192957806389598 1.519128108405034 0
1.213114060242631 1.518880632042496 0
1.233464300660209 1.518632334094244 0
1.253974249068228 1.518384131269067 0
1.274615172409622 1.518136213778479 0
1.295362508848948 1.517888308735171 0
1.316194727137385 1.517639766390714 0
1.337092217743398 1.517389626326312 0
1.358036196350279 1.517137008984026 0
1.379009772311099 1.51688169887012 0
0.985946616116855 1.678116888875852 0
1.007122705673385 1.683896447809857 0
1.028078705935247 1.688887230958668 0
1.048880687261796 1.693206341510813 0
1.069578589534507 1.696953287697019 0
1.09020979293379 1.700212753638934 0
1.110802047614571 1.703056792762282 0
1.131375807145853 1.705546679966343 0
1.151945971122081 1.707734606744905 0
1.172523105272669 1.709665299565123 0
1.193114329939091 1.711377466353249 0
1.213724013922941 1.712905005474143 0
1.234354344876397 1.714277970462522 0
1.255005809364029 1.715523311351618 0
1.275677598794896 1.71666540650083 0
1.296367949402465 1.717726364314343 0
1.317074418783214 1.718726015250896 0
1.337794098352047 1.719681446059839 0
1.358523771038587 1.720605954894757 0
1.379260083806452 1.721507898780204 0
0.9548300065597911 1.375739326552231 0
0.9767076930770108 1.368015118981785 0
0.9985716495236917 1.36122349776919 0
1.020459315604543 1.355260688058821 0
1.042397271771445 1.35002809425882 0
1.064402238440861 1.345433109192278 0
1.086482498249094 1.341389684330186 0
1.108639482845109 1.337818535011254 0
1.130869336588123 1.334647046034744 0
1.153164348893639 1.33180900138428 0
1.175514227457489 1.329244239636807 0
1.197907242211727 1.326898303901691 0
1.220331292580829 1.324722142123867 0
1.242774943532777 1.322671913339005 0
1.265228445741928 1.320708943772306 0
1.287684696421488 1.318799809927164 0
1.310139990470083 1.316916328128085 0
1.332594263170008 1.315034863499077 0
1.355050554331787 1.3131342996232 0
1.377515585931051 1.311197619783773 0
0.7455830202505892 1.439574694135167 0
0.7739259776362509 1.426375347236274 0
0.8005337193289678 1.412925460343675 0
0.8260094694965351 1.400059101314592 0
0.85068309288038 1.388076723695266 0
0.8747628225260194 1.377075269274324 0
0.8983959584139496 1.367068113251234 0
0.7255251116671069 1.394803371860073 0
0.7551172629608311 1.385943851256272 0
0.7832197220964501 1.37613564009221 0
0.8101565980297233 1.366108308347724 0
0.8361943691125038 1.356306638416215 0
0.8615373126881158 1.346981495773106 0
0.8863425052991881 1.338265682513462 0
0.7091327139135583 1.353043538216062 0
0.7390041241931301 1.346605001252884 0
0.767793440657124 1.339268219651061 0
0.7956132308840963 1.331469734254499 0
0.8226102253189657 1.32356577596538 0
0.8489282099758608 1.315812255850836 0
0.874695068130673 1.308379437301473 0
0.6948268572885359 1.313067311931154 0
0.7247296907327835 1.30822221848799 0
0.7538447354235867 1.302637044178278 0
0.7821983282676089 1.296564044814853 0
0.8098595283936839 1.290249411431093 0
0.8369161214129941 1.283901241672252 0
0.8634591754030502 1.277680143646066 0
0.6818670734776069 1.274222616634905 0
0.7117328338564088 1.27054989285672 0
0.7410086965893773 1.266283805094585 0
0.7696932473492005 1.26157503091446 0
0.7978171330533995 1.256587042902294 0
0.8254316522085605 1.251474259759234 0
0.8525980806878717 1.246369437084559 0
0.6698574191179918 1.236129085363844 0
0.6996615798635138 1.233378289371842 0
0.7290114679109732 1.230157738283888 0
0.7579012751586488 1.2265606835484 0
0.7863471580302357 1.222694439798703 0
0.8143817792203589 1.218668229953504 0
0.842047540263467 1.214583750829088 0
0.6585667289613204 1.198537148324151 0
0.6882940114085545 1.196540210706086 0
0.7176601274288964 1.194180124344766 0
0.746664800311227 1.19151541856362 0
0.7753242320171031 1.18861540659334 0
0.8036666681781111 1.185554141360698 0
0.8317271367856871 1.182404758611655 0
0.6478591405329713 1.161264789947003 0
0.6774953225464042 1.159898116917645 0
0.7068285675697162 1.15826466890122 0
0.735868660619995 1.156400478899217 0
0.7646432380158773 1.15434837855747 0
0.793188604092089 1.152155480154261 0
0.8215462771396886 1.14987019755535 0
0.6376675340539404 1.12416654039849 0
0.6671990253832296 1.123332654134742 0
0.6964526747264184 1.122322876066935 0
0.7254437545844268 1.121157985050812 0
0.7542274588493182 1.119861653910607 0
0.7828569048449615 1.118460570055616 0
0.8114038082020448 1.116982209897136 0
0.6279944001273928 1.087116698568422 0
0.657399057648997 1.086734742572822 0
0.6865412310440691 1.086264879117022 0
0.7153757048941215 1.085717568699393 0
0.7440468726952817 1.085101865041353 0
0.7725965835913066 1.084429761500283 0
0.8011741626502802 1.083712153263127 0
0.6786008977242332 1.454655312612067 0
0.6612266031058662 1.406146650239107 0
0.6462701984898362 1.361810072531769 0
0.6328529904000476 1.319843383553458 0
0.6205142820307472 1.279391335110568 0
0.6089810381028736 1.239972369896407 0
0.5980792142582666 1.201278707681562 0
0.5876928576939066 1.163092102006856 0
0.5777399113938968 1.125243104253128 0
0.5681494103450733 1.087588912511546 0
0.6428808712157834 1.456426807254648 0
0.627630650978669 1.408593016295824 0
0.6137862509394617 1.36406868677923 0
0.6010550567496407 1.321701992480751 0
0.5891925722424255 1.280823644745289 0
0.5780176889254622 1.241012899143448 0
0.5673977431320537 1.201983254077846 0
0.5572325429721704 1.163523718847558 0
0.5474387701702591 1.125466635740852 0
0.5379306968312469 1.087668818887905 0
0.607448955259533 1.456536210685065 0
0.5937841170831043 1.409545519210964 0
0.580953783157806 1.365140265418949 0
0.5689207166019435 1.32262671736547 0
0.5575733833011316 1.281519089414221 0
0.5467991605643537 1.241475268792331 0
0.5365001633247599 1.202244385719134 0
0.5265920225406412 1.16363213728339 0
0.5169958083225754 1.125478621792203 0
0.5076233035420411 1.08764409183772 0
0.5723606580834801 1.455567558467643 0
0.5598723466827029 1.409357743009314 0
0.547921239393532 1.365207676162676 0
0.5365564103892679 1.322709552841198 0
0.5257343275655147 1.281523389241204 0
0.5153855881781226 1.241381675679392 0
0.5054378256143383 1.202072483330319 0
0.4958214788309369 1.163422119863565 0
0.4864687096806656 1.125281491577818 0
0.4773114942862669 1.087516242775784 0
0.537546648783331 1.453815618404444 0
0.5259652286166561 1.408263467786038 0
0.5147757192052169 1.364415776629786 0
0.5040390230785284 1.322033900690981 0
0.4937393872148216 1.280882906744551 0
0.4838310325728936 1.240757186074248 0
0.4742585201211794 1.201480760793402 0
0.4649647997821063 1.162900570735158 0
0.455894458811484 1.124878932423766 0
0.4469978226182245 1.087287065191404 0
0.5029192195561387 1.451420366919556 0
0.4920805443037162 1.406405346826688 0
0.4815671084022496 1.362867192352045 0
0.4714237573288744 1.320665423262296 0
0.4616408119432089 1.2796371551264 0
0.4521830852187781 1.239624523862889 0
0.4430051744695571 1.200481756178905 0
0.4340592184487658 1.162074133827209 0
0.4252995538735418 1.124274257206133 0
0.4166876824205449 1.086957863208629 0
0.4684058307392696 1.448439735377169 0
0.4582176258875783 1.403863016682481 0
0.4483259940303547 1.360627667428489 0
0.4387522549155595 1.318650024584414 0
0.4294824336423849 1.277815345655788 0
0.4204840704293478 1.238000959580137 0
0.4117166873652579 1.199084913468321 0
0.40313808558001 1.160947457346853 0
0.3947084142159848 1.123469353497057 0
0.3863927187303501 1.086529068324373 0
0.4339563143909811 1.444886135159701 0
0.4243737434905465 1.400673560407253 0
0.4150752462830115 1.357733454426587 0
0.4060591860454207 1.316015090619362 0
0.3973031458473894 1.275435371214677 0
0.3887730235125718 1.235896730547541 0
0.3804297445950877 1.197295094801513 0
0.3722339482223404 1.159522064935734 0
0.3641491869798171 1.122464065416159 0
0.3561439035852682 1.086000192198348 0
0.399542377081539 1.440744918413476 0
0.3905516890306193 1.396845085007025 0
0.3818370347534 1.354197991836068 0
0.37337708548507 1.312771860831596 0
0.365139990387909 1.272504057503326 0
0.3570877947476419 1.233314419727275 0
0.3491805368381999 1.195111718266079 0
0.3413796424296017 1.15779555718675 0
0.3336499220583125 1.121255540383882 0
0.3259561258743922 1.085369121542839 0
0.3651554425357866 1.43598414260618 0
0.3567631032211774 1.392365519188606 0
0.348636932632873 1.350017202667145 0
0.3407397380942056 1.308917921220562 0
0.3330307000595812 1.269017947134804 0
0.3254670224889992 1.230248839611725 0
0.3180064737866443 1.192528247609145 0
0.3106106240571703 1.155761055278084 0
0.3032490959264281 1.119838070623853 0
0.2959064488916351 1.084633257896634 0
0.330804473161786 1.430560126765436 0
0.323029761112669 1.387208382695309 0
0.315506250638892 1.345173497806441 0
0.308184503806501 1.304439409659361 0
0.3010157297634857 1.264964192155892 0
0.2939517706944904 1.226687078019835 0
0.2869467626411996 1.189531690533044 0
0.2799607387744618 1.153406198481144 0
0.2729662520857875 1.118201107343405 0
0.2659596113764573 1.083785235190356 0
0.2965140444453896 1.424420947234582 0
0.2893838408291076 1.381336706848656 0
0.2824833079111658 1.339638757904216 0
0.2757539433985176 1.299312810887189 0
0.2691400220063624 1.260321340494258 0
0.2625874241998176 1.222608537687963 0
0.2560445608978711 1.186102123584349 0
0.2494661069011227 1.150712418492862 0
0.2428214428460603 1.116328994669221 0
0.2361111451303979 1.082815230012201 0
0.262322580504445 1.417508923820513 0
0.2558676310685861 1.374705836481003 0
0.2496140552645746 1.333376552725459 0
0.2434970306968843 1.293506333422727 0
0.237454779816652 1.255059917349374 0
0.2314263057005782 1.217984882509534 0
0.2253511783778263 1.182212197057323 0
0.2191723632130748 1.147654210262828 0
0.2128450938242267 1.114200017625832 0
0.2063607049097151 1.081708945250908 0
0.228280599607542 1.409762612794338 0
0.2225328677392235 1.367265535354662 0
0.2169522731663178 1.32634377574956 0
0.2114701170649226 1.28698088296121 0
0.2060193738013092 1.24914274044383 0
0.2005311066261167 1.212779820649588 0
0.1949321249124642 1.177826576012745 0
0.1891442405012407 1.144198448560736 0
0.1830860057492439 1.111785388168883 0
0.1766799026467979 1.080445417908574 0
0.1944488439090063 1.401118529708103 0
0.189439764853703 1.358961607824857 0
0.1845594265962004 1.318491765751099 0
0.1797376668428868 1.279690618967943 0
0.1749033244954996 1.242524885659049 0
0.1699791934345164 1.206948654767444 0
0.1648766306641787 1.172901482814305 0
0.1594891196170641 1.140305125765046 0
0.1536810573128238 1.109053217608878 0
0.1472642179068351 1.079006364532391 0
0.1608962097175347 1.391512599216461 0
0.1566557415559805 1.349737114339589 0
0.1525041320846862 1.309766843037665 0
0.1483725543661652 1.271583022498268 0
0.1441877418588497 1.235153042654272 0
0.1398661376023614 1.200437128648062 0
0.1353056446913579 1.167383311524425 0
0.1303759719623908 1.135927631656269 0
0.1249031211792675 1.105972362219197 0
0.1186640111274848 1.077384081633167 0
0.1276974325355722 1.38088097654257 0
0.1242538195707884 1.339533274190584 0
0.120861073926951 1.300109910457482 0
0.1174554545690493 1.26259842298153 0
0.1139648587953876 1.226963575645617 0
0.1103044959789026 1.193178276854082 0
0.1063651847400851 1.161202600122969 0
0.1020013745916915 1.131004973962815 0
0.09699165273268003 1.102496163037612 0
0.09095170406578122 1.075544161580107 0
0.09493051464553119 1.369158817007414 0
0.09231069106734757 1.328290837635474 0
0.08970918967786008 1.289453906046729 0
0.08707303673092505 1.252669691812015 0
0.0843354095599463 1.217878050211275 0
0.08142042447537368 1.185087102756704 0
0.07822636659808717 1.154262768656449 0
0.07463088086195595 1.125462377312518 0
0.07045837123813405 1.098592413147615 0
0.06551317179567978 1.073531065614531 0
0.06267395860714725 1.356271257598295 0
0.06090448911860912 1.315956638082186 0
0.05912894343951287 1.277713926315906 0
0.05731446303660467 1.241726780901921 0
0.05540172173673387 1.207790851723104 0
0.05333849025349129 1.176051682828243 0
0.05104026652442014 1.146398160799857 0
0.04843582748976748 1.119173018471539 0
0.04537365805455786 1.09413399515895 0
0.04163216947972868 1.071245879089168 0
0.03100445101646377 1.342091647495043 0
0.0301119246400901 1.302519621669249 0
0.02919927163006912 1.264744978675045 0
0.02826628068936828 1.229732355829019 0
0.02726002571163245 1.196526104847716 0
0.02617066744544669 1.165943024112817 0
0.02493273228312139 1.137266877725158 0
0.02356467804735912 1.111988569808071 0
0.02197208564678446 1.088902534472507 0
0.02020235078173373 1.068741801237863 0
0.7100018440986281 1.577312550480434 0
0.6712295893627436 1.567067322084726 0
0.6334581678479908 1.560113554996787 0
0.5966528067717329 1.554748112189183 0
0.5605141086013279 1.550124294475127 0
0.5247754375612069 1.545784653531748 0
0.4892440637468245 1.541454520255427 0
0.4537912847342658 1.536948328661818 0
0.4183375871612453 1.532125197540611 0
0.3828413882554851 1.526866922869673 0
0.3472914993022093 1.521066712191101 0
0.3117020518328726 1.514623405919137 0
0.2761087526619144 1.507438732447323 0
0.2405656763510046 1.499416405163071 0
0.2051421003804264 1.490462444174314 0
0.1699191166215751 1.480486341743568 0
0.1349859253958494 1.469402646177857 0
0.1004358403666254 1.457131769261784 0
0.06636213912537881 1.443594926584035 0
0.03285440634301604 1.42867997625953 0
0.7134611343487663 1.632296193270172 0
0.6781613208148165 1.621159556361371 0
0.6423594682424838 1.612450323488479 0
0.6065393557973567 1.605472166230615 0
0.5708310249270869 1.599588193972835 0
0.5352083783382272 1.594325519956535 0
0.4995984417760653 1.589345965877266 0
0.463928669968643 1.584401693847031 0
0.4281447646003042 1.57930112585154 0
0.3922162806849641 1.573886422217855 0
0.3561375831318728 1.568019413795114 0
0.319927084148149 1.561573130517202 0
0.2836257115158693 1.554426992704382 0
0.2472947861734359 1.546464474735499 0
0.2110132493535552 1.537572534822106 0
0.1748741781426499 1.527642432443264 0
0.1389806331496608 1.516571952065641 0
0.1034410240426248 1.504270209881001 0
0.06836425643511032 1.490670868569881 0
0.0338543786875614 1.475779086947611 0
0.7161916369681571 1.680310024527809 0
0.6833270986453683 1.670673449630146 0
0.6495263472371847 1.662236070722708 0
0.6151285383523813 1.654953984631781 0
0.5803410294653961 1.648592809936945 0
0.5452566681416215 1.642873431410444 0
0.5098990444739656 1.637534701449883 0
0.4742604334740556 1.632349827435509 0
0.4383264689299214 1.627123973527449 0
0.4020905897447101 1.621686509450416 0
0.3655620587731631 1.615883215640786 0
0.3287701470153095 1.609570126811375 0
0.2917658842674134 1.602609311607595 0
0.254621997713028 1.594866440785484 0
0.2174312655404566 1.586209881713347 0
0.180303385245364 1.576510990627948 0
0.1433604918982961 1.565645017752405 0
0.1067315660762135 1.55349092677123 0
0.07054617830651792 1.539923762034351 0
0.03492884124056272 1.524773777769294 0
0.7193169241658616 1.724634464829655 0
0.6882128581601717 1.716756945194536 0
0.6560957253090046 1.709397375673973 0
0.6231297649902039 1.70266173807717 0
0.5894550795014805 1.696522243098358 0
0.5551669019800587 1.690867956083772 0
0.5203191159122171 1.685548904960635 0
0.4849381828993258 1.68040309492711 0
0.4490383311807306 1.67526935470694 0
0.4126343191879543 1.669991558407956 0
0.3757510622464292 1.66441855943917 0
0.3384304350741373 1.658402498128309 0
0.3007356442233218 1.651796936209482 0
0.2627533390804169 1.644455554840937 0
0.2245934798781409 1.636231773643896 0
0.1863869598004486 1.626979485386118 0
0.1482811463157729 1.616555238245882 0
0.1104336718898259 1.60482326185936 0
0.07300494973039144 1.591669483350668 0
0.03614931722294612 1.577049705574689 0
0.7231545521645072 1.766837078335108 0
0.6934622490476061 1.760547767659992 0
0.6627804005900422 1.754454864342943 0
0.6311563014298962 1.748653822347892 0
0.5986449079194385 1.743176717590303 0
0.5652943605070213 1.737997723963595 0
0.5311403111050955 1.733047663289897 0
0.4962076191896385 1.728228782355478 0
0.4605162386996779 1.723425829437994 0
0.4240887095800002 1.718512871456309 0
0.3869577745965162 1.713356752526175 0
0.3491733328680521 1.707818404377679 0
0.3108082354004957 1.701753083970069 0
0.2719622362292354 1.695010331224771 0
0.2327635426196379 1.687434197644339 0
0.1933673857085091 1.678863986900961 0
0.1539516538478627 1.669135283797745 0
0.1147097253919963 1.658079553150467 0
0.07584113339893463 1.64551548000741 0
0.03754150481898834 1.631206624009989 0
0.7277842123759046 1.807665671174167 0
0.6993464959963247 1.802763725411287 0
0.6699714846961191 1.797914486771401 0
0.6396317364250588 1.793177538765227 0
0.608310244278856 1.788586695487709 0
0.5759963006371486 1.784145182361142 0
0.5426832298731961 1.779826356323697 0
0.5083684255015176 1.775577420597331 0
0.4730553482993344 1.771323884808921 0
0.4367570056683583 1.766973415244644 0
0.3995008583806096 1.762418587241258 0
0.3613346170067685 1.757538504191642 0
0.3223329466765587 1.752199658582217 0
0.2826031379998575 1.746256364335582 0
0.2422890757172858 1.739551319207942 0
0.2015710469416775 1.731916659125156 0
0.160662079932889 1.723176405886097 0
0.1198001482633222 1.71315206338606 0
0.0792383634667254 1.701677748216883 0
0.03922927658953012 1.688645688313579 0
0.7331915625977113 1.847503242461941 0
0.7059637653446267 1.843821682786303 0
0.6778654926484293 1.840134257330128 0
0.6488180987614869 1.83647193421613 0
0.6187459055702333 1.832855751521527 0
0.5875790986327137 1.829292702428912 0
0.5552578106295164 1.825773308338199 0
0.5217357158417737 1.822270515339096 0
0.4869827505910012 1.818739499284935 0
0.4509861670583769 1.815117752098308 0
0.4137537811363554 1.811325462215983 0
0.3753167057056873 1.807265487221471 0
0.3357384430766406 1.802823504787751 0
0.295121466795723 1.797867623615485 0
0.2536173972679825 1.79224848009615 0
0.2114271977410512 1.785798892204162 0
0.168800632924916 1.778334198587829 0
0.1260231031106364 1.769650865923533 0
0.08341120081258127 1.759521823377241 0
0.04129341351797072 1.747666374482054 0
0.7393048848072805 1.886557758458286 0
0.7133107580652052 1.88396061785595 0
0.6865317515889605 1.881340796158626 0
0.6588515024772553 1.878711347399767 0
0.6301440968396133 1.876081159425676 0
0.6002796665125596 1.873452965786844 0
0.5691371243352698 1.870821897900965 0
0.5366133181516329 1.868173570198967 0
0.5026337895074513 1.865482716578036 0
0.467145559471413 1.862710401623349 0
0.4301279938880569 1.859803198235597 0
0.3915766869741012 1.856690114371846 0
0.3515296369194785 1.853282540247785 0
0.310058986950362 1.849471152325203 0
0.2673112790852005 1.845126591295351 0
0.2234911074008632 1.840095897522573 0
0.1788923593846603 1.834204662178684 0
0.1338386627888315 1.827252211348746 0
0.0887243312625394 1.819025041147013 0
0.0439674879136556 1.809333469492798 0
0.7459997226038217 1.92494703654127 0
0.7213004543881371 1.923318103086367 0
0.6959332008017345 1.921669909198474 0
0.6697533115008576 1.920005936045204 0
0.642594120592958 1.91832771495393 0
0.6142555731251266 1.91663302474216 0
0.5845472655386296 1.914917539192829 0
0.5532783587673428 1.913171515068511 0
0.5203406201651811 1.911383139809402 0
0.4856050983942771 1.909529639148886 0
0.4490549264226547 1.907582644019693 0
0.4106015123427578 1.905495921580479 0
0.3702785515481527 1.903212910737596 0
0.3280483273683738 1.900652824180013 0
0.2840682193348913 1.897721575990541 0
0.2384538507909675 1.894292770393567 0
0.1916227594053927 1.890226324623799 0
0.1438543357276518 1.885331809775691 0
0.09565509817804278 1.879376595757186 0
0.04748278747481496 1.872018411811465 0
0.7530976576280323 1.962743207134884 0
0.7297523606971555 1.961977157404081 0
0.7059176869247187 1.961203234352957 0
0.6814017478000891 1.960420067799351 0
0.6560636620785644 1.959628665208018 0
0.6295478942010461 1.958822231306133 0
0.6016847638267512 1.958001202383612 0
0.5719532849939393 1.957152009354602 0
0.5404714886683163 1.95627866739411 0
0.5066938674347485 1.955361629722469 0
0.4710009788983958 1.954401345724801 0
0.4328358197843665 1.953366075926227 0
0.3926344919684411 1.952241956761294 0
0.349751180371664 1.950972965494335 0
0.3047965271473359 1.949524903742147 0
0.2571163379756498 1.947802676255787 0
0.2079051978695673 1.945748100326554 0
0.1568663452159816 1.943223384489687 0
0.1049964913247212 1.940108270769705 0
0.05233050320113494 1.936193942651282 0
0.7822064945825776 1.617844986541439 0
0.7788960614126503 1.660616963695655 0
0.7776779893047779 1.701387244118082 0
0.7779867408155395 1.740873869013246 0
0.7795010239637139 1.779457869021366 0
0.7820074909026691 1.817366954590609 0
0.78533590528107 1.854736110089771 0
0.7893261748659789 1.891644226822087 0
0.7938106301141746 1.928137854301864 0
0.7986110524366693 1.96424774446022 0
0.8124097717522059 1.635466539720194 0
0.808217824762827 1.673609276625299 0
0.8060996503582075 1.711341304768342 0
0.8055516306611492 1.748630170835318 0
0.806239809785843 1.785511240611729 0
0.8079244074716169 1.822029674236215 0
0.8104122168995597 1.858219260946505 0
0.8135272312204832 1.894100393355028 0
0.817092592642247 1.929684460233199 0
0.8209212155811689 1.964980138974568 0
0.8402333973025854 1.650224938159544 0
0.8357862241368348 1.685215355964131 0
0.8331923283641082 1.720534409643388 0
0.8320720653402518 1.755925641417783 0
0.8321348953355605 1.791265586442235 0
0.8331522061129392 1.826492195976084 0
0.8349310251531801 1.861569575236657 0
0.8372931341019203 1.896473122180542 0
0.8400590805685774 1.931184835769098 0
0.8430366105986187 1.965693866215408 0
0.8663399327290414 1.662814037742023 0
0.8619506221843101 1.695525496868155 0
0.8591521148539065 1.728923186312323 0
0.8576731945625251 1.762702587193085 0
0.8572791970629554 1.796675897175706 0
0.8577689129762563 1.830724229198717 0
0.8589630210756379 1.864768109497927 0
0.8606907584214735 1.89875131209689 0
0.8627759398461484 1.932633169270502 0
0.8650204859172688 1.966386453223313 0
0.8911573498358012 1.6736495284738 0
0.8869896976677648 1.704660261234892 0
0.8841601797660736 1.736522088225352 0
0.8824795500709635 1.768943596947535 0
0.8817656874369484 1.801720029430673 0
0.8818498000091036 1.834707176664581 0
0.8825732252102181 1.867801324033644 0
0.8837796578973516 1.900926012301581 0
0.8853028953150981 1.93402437287936 0
0.8869408356775602 1.967055984796342 0
0.9149859519649234 1.683030378708148 0
0.9111253164821894 1.712745085567277 0
0.9083754783935757 1.74337326552197 0
0.9066068662133691 1.774655175735181 0
0.9056821092324002 1.806391531708923 0
0.905464524797125 1.838431399268914 0
0.9058192847618977 1.870660173843504 0
0.9066101515160724 1.902990107187772 0
0.9076925357204757 1.935353932926437 0
0.9089023965042379 1.967701578231037 0
0.9380476844643163 1.691182540490046 0
0.9345350872908161 1.719896944691824 0
0.9319342171667909 1.74953012993424 0
0.9301587857531997 1.779857372823512 0
0.9291082385496761 1.810694412827511 0
0.9286753754442095 1.841893961265876 0
0.9287497991088711 1.873339256401784 0
0.9292182515678581 1.904937810233637 0
0.9299628846064386 1.936616492562342 0
0.9308575285826658 1.968318196977842 0
0.8025220336143843 1.531692693768277 0
0.8306113258541183 1.56210423841367 0
0.85657420657515 1.584366786309252 0
0.88093416586285 1.601780688131988 0
0.9040951582984078 1.615954125554199 0
0.926357422087866 1.627734365585512 0
0.9479533035998408 1.637630139462966 0
0.8207745803689818 1.503629200674284 0
0.845192276951263 1.533109468431483 0
0.8687234627503014 1.556385008229018 0
0.8912499431535634 1.575049202880354 0
0.9128964695662019 1.590295602150909 0
0.9338438067208048 1.602898398572629 0
0.9542757851895433 1.613374879380192 0
0.8407219073305849 1.481174118815759 0
0.8619054306263675 1.509029037772768 0
0.8828293163856816 1.532200906945011 0
0.9032177984480929 1.551352383667331 0
0.9230359089909683 1.56719671386946 0
0.9423699720403925 1.580305825826617 0
0.9613634409515533 1.591118123137688 0
0.8612617753096447 1.462376504301121 0
0.8797614491531089 1.488743211946018 0
0.8982340087896844 1.511421178009382 0
0.9164226390680497 1.530634442875595 0
0.9342415839369856 1.546747789775951 0
0.9517331448222188 1.560115664415277 0
0.9690318388226348 1.571048470378126 0
0.8819677539311338 1.446264624962419 0
0.8982157235770263 1.471441210650252 0
0.9144702712363382 1.493580325869731 0
0.9305201484171043 1.512696762444437 0
0.9462686207452906 1.528924487927926 0
0.9617386801485275 1.542421641805581 0
0.9770799453056989 1.553337346523077 0
0.902686851364661 1.432297401416265 0
0.9170023762854126 1.456581743477202 0
0.9312654784639969 1.478284296080213 0
0.9452904842573903 1.497316012126434 0
0.9589614440673888 1.513658528248264 0
0.9722622926075154 1.527298519279257 0
0.9853346612165577 1.538189866168266 0
0.9233831798368556 1.420135917588042 0
0.9360111109142336 1.443791968514825 0
0.9484911904142448 1.465218682500176 0
0.9606383375493441 1.484280720110482 0
0.9722893784829919 1.500867645234919 0
0.9833248237870479 1.514829361203598 0
0.9937418671605648 1.525902399357269 0
0.9898753904291585 1.653031466501268 0
1.010428400598012 1.65904941475703 0
1.030841780643729 1.664176835386826 0
1.051176419014963 1.668559451074457 0
1.071475315367489 1.672318963873655 0
1.091768035537021 1.675556912125858 0
1.112074477310796 1.678357767508975 0
1.132407871344298 1.680791477416229 0
1.152776849130386 1.682915842571029 0
1.173186547045276 1.68477902819457 0
1.193639317593359 1.686421763647021 0
1.214135306178491 1.687879058447925 0
1.234672954041678 1.689181474771833 0
1.255249427207662 1.690356058340755 0
1.275860967767877 1.691427011803885 0
1.296503172328462 1.692416147401169 0
1.317171210051047 1.693343087178509 0
1.337860000056058 1.694225058678668 0
1.358564376997456 1.695075866278152 0
1.379279280610346 1.695902929504326 0
0.9942691057809872 1.629341260745515 0
1.014046765515505 1.635427439684136 0
1.033801452066353 1.640532635016035 0
1.053582860829101 1.644833482976041 0
1.073420947972838 1.648475177887305 0
1.093331729682976 1.651576567408518 0
1.113322259520706 1.654234396396487 0
1.133394778589013 1.656526355469515 0
1.153549384282655 1.658513892342893 0
1.173784272780124 1.660246430067704 0
1.194095832298876 1.661764807641555 0
1.21447896275319 1.663103619824525 0
1.234927490841697 1.66429275244169 0
1.255434548261976 1.665358436682802 0
1.275992859946533 1.666324040432556 0
1.296594940412116 1.667210733039373 0
1.317233220347842 1.668038121497604 0
1.337900141896153 1.668824931270531 0
1.358588275271817 1.669589694236257 0
1.379290479891864 1.670350809117485 0
0.9989898258113401 1.60720887969779 0
1.017841628686966 1.61315286972421 0
1.036828951500806 1.618041227122616 0
1.05598303325219 1.622085653188417 0
1.075312876450219 1.62545601029356 0
1.094813285053196 1.62828834935644 0
1.114471431292441 1.630691524597155 0
1.134273370383665 1.63275002803971 0
1.154209217953721 1.6345249270406 0
1.174269517827008 1.636062972477368 0
1.194443863876254 1.637402237570946 0
1.214721005500558 1.638574937235397 0
1.235089334955837 1.639608881583349 0
1.255537296155009 1.640528387280176 0
1.276053618760194 1.641355008690508 0
1.296627400542113 1.642108275153803 0
1.317248082410042 1.642806635761971 0
1.337905379615971 1.643469008917974 0
1.358589314330199 1.644117928759168 0
1.37929053215184 1.644787314258423 0
1.0038419537079 1.586778707936239 0
1.021623212622315 1.592324193339791 0
1.039749677937345 1.596761059849771 0
1.058223341886155 1.600343470969871 0
1.077021425999605 1.603265708675319 0
1.096107445420518 1.605678945099787 0
1.115437932332151 1.607704844225162 0
1.134972902215853 1.609437291174958 0
1.154695535920428 1.610926719151458 0
1.174590207705891 1.612209915230218 0
1.194639334329042 1.613318392049085 0
1.214824540293062 1.614280023405411 0
1.235127893429846 1.615119312086328 0
1.255532532867197 1.615857643809197 0
1.276022841550716 1.616513691648876 0
1.296584353661463 1.617103938549534 0
1.317203477008667 1.617643346248705 0
1.337867032796197 1.618146270399198 0
1.358561900407304 1.618627417831596 0
1.379276997829677 1.619100515715293 0
1.008562754335658 1.568183974553885 0
1.025137801541701 1.573008685847225 0
1.042336159381206 1.576710515730913 0
1.060109804202005 1.579593835497268 0
1.078388824468217 1.581869999839184 0
1.097094778577502 1.583695375245906 0
1.116137852604538 1.585206108380381 0
1.135419968161376 1.586532721501814 0
1.154942925605324 1.587677502649506 0
1.174690089394625 1.588654777363265 0
1.194635301691489 1.589486890442716 0
1.214751082998344 1.590197015057351 0
1.235011911630866 1.590806074551002 0
1.255395025821036 1.591332005914972 0
1.275880315710556 1.591789869324833 0
1.296449941145771 1.592192136122272 0
1.317087779848958 1.592548978172317 0
1.337778149275033 1.592868905011614 0
1.358501405008281 1.593161454443827 0
1.379250035138556 1.593418232484844 0
1.012794073541787 1.551554469719021 0
1.028047629142851 1.555223607282836 0
1.044299177320866 1.557846421425201 0
1.061405321831375 1.5597684303365 0
1.079227227323766 1.561190487711287 0
1.097644464900942 1.562238638237863 0
1.116520191031956 1.563042300911938 0
1.135543051983705 1.563947576190563 0
1.154880053726222 1.564721942479744 0
1.174508502005018 1.565356207121054 0
1.194383140670715 1.565873274557825 0
1.214462346496757 1.566296365787814 0
1.234711298014274 1.566644176798552 0
1.255101026413618 1.566931179718675 0
1.275607155913562 1.567168433936017 0
1.296209055314565 1.567363950268087 0
1.31688975358832 1.567522186289068 0
1.33763779976471 1.567641575100654 0
1.358401271731982 1.567756928451023 0
1.379193469822493 1.567837838524641 0
1.016006358948413 1.536988260842353 0
1.029892846556612 1.538879268261598 0
1.045281423770076 1.540021852535073 0
1.061835357573527 1.54072353619533 0
1.079314391663839 1.541113878478223 0
1.097586906595532 1.541203697632354 0
1.116702486185427 1.540798875510923 0
1.135249524665218 1.54159651704085 0
1.154414977320289 1.542019811047627 0
1.173977970922659 1.54227550431091 0
1.193834727581072 1.542438747077075 0
1.21392327399812 1.542541931330026 0
1.234199847114596 1.542601827713822 0
1.254630488028131 1.542628484368587 0
1.275187448857702 1.542628408401191 0
1.295847328963482 1.54260567951065 0
1.316589838402982 1.542562127988806 0
1.337396264686233 1.542497165078179 0
1.358244656770514 1.542409065422979 0
1.379113817697096 1.542310543110089 0
0.9648205401759931 1.400285168713695 0
0.9746522968705847 1.423318637066383 0
0.9841613583829439 1.444701431547835 0
0.9931506053577497 1.464327128288296 0
1.001377108355868 1.482112845639663 0
1.008517829183977 1.497993892904648 0
1.014093104104893 1.511963854254144 0
0.9856062533060961 1.392270481998747 0
0.9942849939980164 1.415227159756278 0
1.002592043700383 1.436785408904714 0
1.010341517326031 1.456879951028517 0
1.017303900468908 1.475488560351101 0
1.023186517022106 1.492654072316224 0
1.027601482708214 1.508548176221832 0
1.006493883588257 1.385312465400937 0
1.014160071868793 1.408294072294861 0
1.021433165102276 1.430101957347836 0
1.028147167995584 1.450706110245276 0
1.03410301738771 1.470127140719371 0
1.039063199800369 1.488460735924902 0
1.042750590462509 1.505922268980108 0
1.027507733936511 1.379273399588493 0
1.034284843137265 1.402348084498995 0
1.040670075500115 1.424444085601364 0
1.046520989249147 1.445556092362895 0
1.05167380739856 1.465727902794205 0
1.055946766838507 1.485071254143367 0
1.059151784096165 1.503791119179678 0
1.048662072931643 1.374028128962906 0
1.054656725750455 1.397238180814768 0
1.060277188827694 1.419635638625012 0
1.06540445449175 1.44122991367638 0
1.069908094444468 1.46207326920882 0
1.073653729972152 1.482272953898369 0
1.07651742458404 1.502003802034082 0
1.06996207395805 1.369463979402844 0
1.075264921077087 1.392833150386636 0
1.080221985676025 1.41552968212451 0
1.084735300125527 1.437570202560146 0
1.088702902896246 1.459006249028863 0
1.092028097112531 1.479930169960719 0
1.09463461650291 1.500477744529437 0
1.091405491361929 1.365480314325835 0
1.096092785132689 1.389019904067808 0
1.100468708414749 1.412004476445982 0
1.10445275950468 1.434453179611941 0
1.107965334031056 1.456412673543149 0
1.110937587049596 1.477957941591036 0
1.113329536142294 1.499183658253995 0
1.112984528440677 1.361987684638137 0
1.117120165249553 1.385701146238178 0
1.120981355352792 1.408958689690302 0
1.124501090827999 1.431779600425796 0
1.127615446442706 1.454205674239706 0
1.130270962499924 1.47630172181487 0
1.132434228876753 1.498152866016937 0
1.134687577229273 1.358906774625382 0
1.138325333566558 1.382792999817451 0
1.141725810928199 1.406307007906309 0
1.144832029058796 1.429466848630492 0
1.147590742152505 1.452309734917529 0
1.149957160813434 1.474893156811996 0
1.151898906964266 1.497295743527733 0
1.156500666135775 1.356167370025113 0
1.159686314017643 1.380223064955348 0
1.162670732796858 1.403977244279258 0
1.165404368091222 1.427445689945592 0
1.167841559611106 1.450660760414518 0
1.169943544927823 1.473672544104626 0
1.171680384276484 1.496549893493537 0
1.178408604709602 1.353707447487999 0
1.181181700026933 1.377928926916331 0
1.183787655454511 1.401908451256619 0
1.18618253783386 1.425658716332401 0
1.188326433687129 1.449206825498346 0
1.190185488890928 1.472595068294971 0
1.191733289918483 1.495881108553279 0
1.200395902731132 1.35147239795268 0
1.202791176163022 1.375856967112213 0
1.205050846277503 1.400049453039203 0
1.20713541266222 1.424058883922426 0
1.209009574953713 1.447906911133449 0
1.210643685807667 1.471628156158283 0
1.212014917844908 1.495269674800592 0
1.22244755235674 1.349414381025171 0
1.224495908520981 1.37396138126236 0
1.226437176229604 1.398357583452415 0
1.228235570991924 1.422608003958204 0
1.229859695100701 1.446728908747544 0
1.23128356131585 1.470747859360898 0
1.2324875343641 1.494702800138735 0
1.244549731444538 1.347491815648592 0
1.246278881399492 1.372203375685987 0
1.247926059192848 1.396797621415834 0
1.249458860646158 1.421275403927589 0
1.250849385229333 1.445647847690571 0
1.252074910991934 1.469936302504861 0
1.253118575247691 1.494171367339996 0
1.266690442825553 1.345669005492648 0
1.268125192901636 1.370550531307136 0
1.269499429382779 1.395340952408789 0
1.27078410814856 1.420036905960969 0
1.271954666927086 1.444644649770005 0
1.272991427086168 1.469180191612368 0
1.273880030141942 1.493668626000184 0
1.288860059288413 1.343915860029544 0
1.290022285676076 1.368976302217958 0
1.291141709926354 1.393964951742764 0
1.29219287160239 1.418874163618225 0
1.293154583291846 1.44370543586854 0
1.294010148020088 1.468470054553605 0
1.2947476307867 1.493189663053523 0
1.311051702992157 1.342207614828313 0
1.311960074504442 1.367459573001434 0
1.312839733600331 1.392652537984008 0
1.313669185911595 1.417774340312984 0
1.314430795158107 1.442821403665859 0
1.315110893379016 1.467799978722993 0
1.31570004617583 1.492731190033611 0
1.333261376909948 1.340524467521316 0
1.333930941894679 1.365984154912334 0
1.334582593064152 1.391391789176329 0
1.335199275646368 1.416730051687148 0
1.335767177945296 1.441989506851064 0
1.336275728382998 1.467167701001473 0
1.336718145404332 1.49229145074208 0
1.355487862141668 1.338851453044328 0
1.355929615843157 1.364538034009497 0
1.356361419740463 1.390175451366662 0
1.356771221505641 1.415739213643982 0
1.357149413430326 1.441214856363984 0
1.357488501805616 1.466574769904178 0
1.357784450891136 1.491870003335972 0
1.377732713384085 1.337180527705851 0
1.377953004821242 1.36311178894358 0
1.378169110249237 1.389000285089228 0
1.378374573915051 1.414803054109038 0
1.378564516195591 1.44051816408237 0
1.378734485743108 1.466025535120486 0
1.378883127897988 1.491466654473921 0
0.9746533727353358 1.969450322722846 0
0.996372188634707 1.969968136114518 0
1.017989374000974 1.970451091659727 0
1.03950788761739 1.970899351173689 0
1.060951869987611 1.971314082570019 0
1.082318888823979 1.971696366186868 0
1.10363375565757 1.972048145271199 0
1.124902702714679 1.972371303094962 0
1.146156886685714 1.972668306102788 0
1.167432415577658 1.972941769243595 0
1.188717707038023 1.973193828260717 0
1.210019101550267 1.973427027201843 0
1.231344222850302 1.973644049100086 0
1.252730566106922 1.973847962081346 0
1.274127191392567 1.974041122647018 0
1.295503836251327 1.974226287115697 0
1.316795505956785 1.974406084948122 0
1.337866219514712 1.974582757477721 0
1.358776119534472 1.974760365071053 0
1.3794355744591 1.974939735653842 0
0.9741538068123442 1.938918793874761 0
0.9960456375740198 1.939966733412517 0
1.017809938200571 1.94094107020917 0
1.039458068283122 1.941843073799017 0
1.061005305732559 1.942675193912142 0
1.08246460847726 1.943440602153453 0
1.103852828142074 1.944143252100177 0
1.125185775989854 1.944787541509602 0
1.146483042719315 1.945378337811077 0
1.167762900362726 1.945920721979124 0
1.189032991677196 1.94641973974682 0
1.210299991914123 1.946880651582793 0
1.231569386813942 1.9473088919043 0
1.252844954458166 1.947710040169709 0
1.274108857653187 1.948089481317158 0
1.29533619228732 1.948452724512534 0
1.316490776232879 1.948805328354583 0
1.337530583142161 1.949152992494162 0
1.358454347430032 1.949502286881822 0
1.379261429364614 1.949860030361353 0
0.973863138414524 1.908460957631726 0
0.9959140008959679 1.910052317393041 0
1.017807170161915 1.911525814868093 0
1.039559369882361 1.912884798096711 0
1.061188384407201 1.914134074118436 0
1.082711807927342 1.915279529642299 0
1.104147514094346 1.916327898152506 0
1.125512889033237 1.917286502703383 0
1.146824918395928 1.91816309193243 0
1.168098521884589 1.918965651689508 0
1.18934439849659 1.919702268945759 0
1.210570144431861 1.920381150420438 0
1.231780194692225 1.921010601509026 0
1.252974569715879 1.92159898482566 0
1.274145182593238 1.92215463731309 0
1.295278321708999 1.922685959992124 0
1.316356603327035 1.923201481037161 0
1.337364432875034 1.923710021206526 0
1.358299247313047 1.924220952176402 0
1.379169149656353 1.924743484720775 0
0.9738267488504699 1.87814004209372 0
0.996015850464232 1.880288201202273 0
1.018012268074326 1.882266864781035 0
1.039840187509449 1.884083053634524 0
1.061522658275093 1.88574531017298 0
1.083081453045243 1.887263289170694 0
1.104537055093083 1.888647426723424 0
1.125908434353218 1.889908663055819 0
1.147212786157049 1.891058232025468 0
1.168464895836104 1.892107495773867 0
1.189676455086773 1.893067839368785 0
1.210856002196868 1.893950637311548 0
1.232008777824889 1.89476723796982 0
1.253136302935555 1.895528950901219 0
1.274235864337969 1.896247036028974 0
1.295301547081795 1.89693273830704 0
1.31632612041541 1.897597363362298 0
1.337304181839418 1.898252565447521 0
1.358236125869432 1.898911406170555 0
1.379129452291827 1.899591983209437 0
0.9741096181598669 1.848031204744861 0
0.9964003002318268 1.850747398485819 0
1.018463226012996 1.853233657641452 0
1.040330838944226 1.855502726226695 0
1.062032402842395 1.85756861021575 0
1.083594315587799 1.859446125443531 0
1.105040297427018 1.86115053531019 0
1.126391450105896 1.862697272009081 0
1.147666214355477 1.86410173628269 0
1.168880205444595 1.86537916539485 0
1.190046033949114 1.866544564890513 0
1.211173266362991 1.867612696023695 0
1.232268436835135 1.868598095083994 0
1.253335089140297 1.869515105006585 0
1.274373998098908 1.870377898709211 0
1.295383947752073 1.871200461792533 0
1.316363019337722 1.87199645411441 0
1.337310308494504 1.872778830798603 0
1.358227688512702 1.873559063270888 0
1.379120850021448 1.874345804065912 0
0.9747808101734177 1.81822421924834 0
0.9971196902480458 1.821514865028752 0
1.019199572319748 1.824505161781631 0
1.041061304359364 1.827216166608391 0
1.0627405720075 1.829669464397555 0
1.084268530122144 1.83188671216102 0
1.105672282385595 1.833889307936645 0
1.12697523057438 1.835698165084166 0
1.148197316292792 1.837333576754458 0
1.169355178376865 1.838815156767349 0
1.190462277944255 1.840161845283667 0
1.211529051194959 1.841391967286583 0
1.232563106379982 1.842523329185526 0
1.25356949229759 1.843573338470975 0
1.274551110446277 1.844559123654775 0
1.295509366529967 1.845497599552668 0
1.316445035604639 1.846405326783602 0
1.337359199430745 1.847297780211875 0
1.358253950892661 1.848187136994873 0
1.379132550316038 1.849077066929167 0
0.9759070360689599 1.788825990900728 0
0.9982237397594264 1.792689193496636 0
1.020257561798579 1.796170890722989 0
1.042057551385924 1.799303671741532 0
1.063665522387319 1.802119210044273 0
1.085117048752646 1.804647923433037 0
1.106442284341601 1.806918779403693 0
1.127666627220104 1.808959210748061 0
1.148811252561043 1.810795118890568 0
1.169893543041211 1.812450947862024 0
1.190927454697355 1.813949814882437 0
1.211923858961556 1.815313686538231 0
1.232890893325461 1.816563594134718 0
1.253834353533459 1.817719889790292 0
1.274758166533807 1.818802554962931 0
1.295664975148658 1.819831578902796 0
1.316556811963534 1.820827393733442 0
1.337435733894807 1.821811134392365 0
1.358303977873792 1.822803402981608 0
1.379161996873252 1.823815286246127 0
0.9775479160528491 1.759962796192428 0
0.9997545630703684 1.764383669529063 0
1.021665633962896 1.768331147694023 0
1.043337686976237 1.771853182564045 0
1.064817820868844 1.774994368612888 0
1.086145149220543 1.777795951417619 0
1.10735202764125 1.780295938771519 0
1.128465067101808 1.782529284690878 0
1.149505964240245 1.784528130935827 0
1.170492182722137 1.786322092870239 0
1.191437524542055 1.787938576334201 0
1.212352631039824 1.789403115520282 0
1.233245449710708 1.790739730559558 0
1.254121699627696 1.791971320476298 0
1.274985366896317 1.793120142007452 0
1.295839262185094 1.79420850908366 0
1.316685689499843 1.79526008305202 0
1.337527384343459 1.796302851194104 0
1.358369345079339 1.797377321942534 0
1.379224020208346 1.798562127145644 0
0.9797504926340044 1.731781623000556 0
1.001741396320832 1.7367262322064 0
1.023439703830514 1.741096165785829 0
1.044907965080322 1.744958957490818 0
1.066196995148507 1.748375073260402 0
1.087347918564004 1.751398633815192 0
1.108393870255932 1.754078058096229 0
1.129361394610295 1.75645667271034 0
1.150271579446525 1.758573312329609 0
1.171140968456503 1.760462915148934 0
1.191982303749562 1.762157101499924 0
1.212805148505693 1.763684722235372 0
1.233616431726288 1.765072371285 0
1.254420947591319 1.766344867932416 0
1.27522183231712 1.767525726318327 0
1.296021029189518 1.768637640061979 0
1.316819730458298 1.769703000524577 0
1.337618726620256 1.770744335187542 0
1.358418377042894 1.771783813014545 0
1.379217006139031 1.772837497947078 0
0.9825417512370477 1.704449699934334 0
1.004194397871413 1.709857601578903 0
1.025577998047381 1.71458366678693 0
1.046758571357074 1.718718924649351 0
1.067788201781179 1.722342393389441 0
1.088707728524755 1.725522857448215 0
1.109548994084982 1.728320248737497 0
1.130336672480661 1.730786830098582 0
1.151089708603008 1.732968282727525 0
1.171822425827448 1.734904731608035 0
1.192545388786671 1.73663168645002 0
1.213266098413591 1.738180871784587 0
1.233989574003091 1.739580935032417 0
1.254718857302429 1.740858031730218 0
1.275455458644234 1.742036282322364 0
1.296199751211153 1.743138066059607 0
1.316951301066781 1.7441840423663 0
1.337709090486914 1.745192612626941 0
1.358471547020795 1.746178141613385 0
1.379236290673532 1.747146533080559 0
0.8587612930729465 1.082185343635486 0
0.8684069771745591 1.113904621455007 0
0.8778300040355227 1.145202928798742 0
0.8871538181972598 1.176093994051029 0
0.8964716940395887 1.206562751271489 0
0.9058564988013994 1.236564524247002 0
0.9153619773844685 1.266022945520961 0
0.9250202006735684 1.294828172125269 0
0.9348367653100611 1.322837390602561 0
0.9447851520900644 1.349880014333179 0
0.8876990596130567 1.081411952182248 0
0.8968535174044943 1.112373107452924 0
0.9057721955986596 1.142919219265563 0
0.9145569324710019 1.173058697922023 0
0.9232901257279744 1.202774336297532 0
0.9320353139804479 1.232023504075546 0
0.9408367979016303 1.260737737729622 0
0.949717637678407 1.2888229092002 0
0.9586765235771324 1.316161298329617 0
0.9676844154135271 1.34261682593071 0
0.916656131405398 1.080651477565422 0
0.9252529251499457 1.110879994061637 0
0.9336008168227521 1.140713275307188 0
0.9417932810869059 1.170155242711668 0
0.9499038915354248 1.199187903329942 0
0.9579880081788282 1.227772027846942 0
0.9660823525425511 1.255847633543557 0
0.9742035018306653 1.283335137407994 0
0.9823458118365852 1.310138034127538 0
0.9904793219413361 1.33614780041151 0
0.945638478148929 1.07991517527733 0
0.9536034998486412 1.10944540039755 0
0.9613251770300918 1.1386105485104 0
0.9688838466322599 1.167410955693045 0
0.9763443407558496 1.19582868667515 0
0.9837548002031602 1.223828367205141 0
0.9911457444482072 1.251358092423578 0
0.9985288680680084 1.278351012197066 0
1.00589566910874 1.304728153171531 0
1.013216179027667 1.33040289500734 0
0.9746083698616844 1.079212644988758 0
0.981897611530727 1.108084241410051 0
0.9889519313084129 1.136628298478044 0
0.995845708669571 1.164842321870131 0
1.002637141335114 1.192708897071902 0
1.009368325689402 1.220196468212358 0
1.016064617194895 1.247260366165016 0
1.022733816693999 1.273844513936803 0
1.029365376899999 1.299884170675283 0
1.03592978280624 1.32530996530979 0
1.003567943659862 1.078549584369921 0
1.010134029860584 1.106805411932048 0
1.016486620560829 1.134775636440581 0
1.022691970116134 1.162455816238235 0
1.028802082230986 1.189829449135081 0
1.034853724348338 1.216868581207796 0
1.04086772390794 1.243534810583478 0
1.046848496947886 1.26978096081351 0
1.052783778431896 1.295553651307177 0
1.05864457924634 1.320796909886927 0
1.032495934998937 1.077929154812993 0
1.038306577837344 1.10561238548384 0
1.043931294990522 1.133054138604253 0
1.049430998758134 1.160248970494283 0
1.054852796366452 1.187181636536905 0
1.060228758587142 1.213827513323705 0
1.065575478312946 1.240153515983156 0
1.070894078359165 1.266119673716075 0
1.076170495094304 1.291681499040443 0
1.081375982988116 1.316793224046511 0
1.061382810610559 1.077351270200126 0
1.066409918993076 1.104503204612259 0
1.071284878118381 1.131458397565034 0
1.076066011596324 1.158211416749931 0
1.080796506205125 1.184748634066596 0
1.085503933947963 1.211048500667907 0
1.090200487388552 1.237082374499804 0
1.094883655126064 1.262815986469495 0
1.099537115501791 1.288211622109174 0
1.104131769121558 1.313231048422988 0
1.090224410023845 1.076812813637558 0
1.09443703421592 1.103470870342102 0
1.098541670338401 1.129976674234909 0
1.102594143842848 1.156325854045716 0
1.10663361086002 1.182506767062732 0
1.11068257951398 1.208500702819668 0
1.114748073894317 1.234282660519315 0
1.118823137560863 1.259822725446063 0
1.122888372073578 1.285088098783163 0
1.126913462938366 1.310045806840168 0
1.119006489292475 1.076308030996735 0
1.122374405373312 1.102503733910539 0
1.125688952659193 1.128591442241895 0
1.12900512378604 1.154568813150871 0
1.13235713419526 1.180426484074672 0
1.135760909342643 1.206148314133326 0
1.139216817691778 1.231712172342108 0
1.142712158323326 1.257091245981646 0
1.146223308900315 1.282255947615946 0
1.149717679304261 1.307176539138387 0
1.147719595032633 1.075828173037392 0
1.150201307634511 1.101585480587984 0
1.152704684431276 1.127279632545883 0
1.155279746652878 1.152911114935857 0
1.157952126119007 1.178472982518755 0
1.1607281359616 1.203951283562794 0
1.163599168922234 1.229325963380091 0
1.166545031218407 1.254572091938503 0
1.169536457689357 1.279661593039679 0
1.172537401352162 1.304566028223195 0
1.176329154281115 1.075361668130165 0
1.177879445498345 1.100695061781929 0
1.179552936480839 1.126012591906489 0
1.181387902683617 1.151317983169716 0
1.183395125663582 1.176606467091518 0
1.185566755619057 1.201865635146254 0
1.187882208712159 1.227076664451877 0
1.190311817153306 1.252215329585432 0
1.192819060584937 1.277253112417554 0
1.195363223916252 1.302160811138227 0
1.204781601197225 1.074893216697915 0
1.205346958180973 1.099805918320425 0
1.206179941564242 1.124755511809072 0
1.207287043889094 1.149748747386171 0
1.208654108122901 1.174782056375864 0
1.21025322450294 1.199843383044006 0
1.212048639765568 1.22491432784062 0
1.213999567220918 1.249970595689444 0
1.216060401730313 1.274980365274 0
1.218184610577358 1.299911168042409 0
1.232915675792219 1.074403915221679 0
1.232500148673986 1.098884867609029 0
1.232509600538481 1.12346628473084 0
1.232921604041082 1.148156168525089 0
1.233689418998816 1.172949493307087 0
1.234759302346967 1.197832086515298 0
1.236077997735787 1.222785485730993 0
1.237593825156175 1.247786914117939 0
1.239249337209287 1.272795169684532 0
1.240991222627223 1.297771208843399 0
1.260671407230165 1.073865264389761 0
1.259224988841605 1.097888136288639 0
1.25844815481883 1.122093048056519 0
1.258225326637471 1.14648536719668 0
1.258456522155593 1.171053165371358 0
1.259054501005968 1.195774434884689 0
1.259947678206064 1.220630219156053 0
1.261080540473065 1.24561252184681 0
1.26237617104347 1.270651880934089 0
1.263774373018113 1.295699220022372 0
1.287585356316722 1.073244799695936 0
1.28530191451178 1.096759757001584 0
1.283869722660924 1.12057103833042 0
1.283122864682825 1.144672409130525 0
1.28291092252544 1.169033787918591 0
1.283110764194348 1.193610283915806 0
1.283631831459329 1.21837242363624 0
1.284448999691731 1.243396104008052 0
1.285435161881821 1.268509195193849 0
1.2865286150618 1.293658432807113 0
1.313651988792555 1.072482831048047 0
1.310569077746015 1.095416477847367 0
1.308653110215029 1.118813298147713 0
1.30754344026535 1.142639918270393 0
1.307018246481421 1.166833123141818 0
1.306915121840579 1.191294525172178 0
1.307090096105957 1.215883234649584 0
1.307698843473216 1.241097028108741 0
1.30842812049525 1.266334748847016 0
1.309253283764486 1.291618037456859 0
1.337604086877451 1.071533360203977 0
1.33463311405266 1.093745925640897 0
1.332649367073963 1.116699524701334 0
1.331425842418553 1.140284708551509 0
1.33076208350851 1.164392107691056 0
1.330502640270334 1.188866183295393 0
1.330526935637417 1.213587410967804 0
1.330876690457833 1.238769216989376 0
1.331369008971242 1.264113427822521 0
1.331953142439239 1.289552646973671 0
1.360242237268634 1.07027285725689 0
1.357574007876064 1.091530458649632 0
1.355841461416292 1.114045713697646 0
1.354758524854089 1.137448079093474 0
1.354138302645052 1.161597625634511 0
1.353851083411628 1.186188079204662 0
1.353798065483085 1.2110610387933 0
1.353967726562581 1.236295354840353 0
1.354264452276609 1.261796585014271 0
1.354635000992664 1.287431860355282 0
1.380615834500595 1.068637944383929 0
1.379250833064196 1.088378071718676 0
1.37823482246791 1.110610518196573 0
1.377576819424545 1.133891919633995 0
1.37718348795528 1.158344439293946 0
1.3769902462581 1.183212043678579 0
1.376937757034024 1.208280259899962 0
1.376982724420411 1.233574543973688 0
1.377130122904257 1.25933809376115 0
1.377310886890899 1.285225936843159 0
0.6941732133344385 1.401736427226031 0
0.714197805615551 1.450164159377989 0
1.007997738783067 1.524900960430903 0
0.9644636074037435 1.67141040558733 0
0.9328900057630556 1.384504533114473 0
0.7501809130286596 1.517285308868432 0
2 5 0 1365
5852
5853
5854
5855
5856
5857
5858
5859
5860
5861
5862
5863
5864
5865
5866
5867
5868
5869
5870
5871
5872
5873
5874
5875
5876
5877
5878
5879
5880
5881
5882
5883
5884
5885
5886
5887
5888
5889
5890
5891
5892
5893
5894
5895
5896
5897
5898
5899
5900
5901
5902
5903
5904
5905
5906
5907
5908
5909
5910
5911
5912
5913
5914
5915
5916
5917
5918
5919
5920
5921
5922
5923
5924
5925
5926
5927
5928
5929
5930
5931
5932
5933
5934
5935
5936
5937
5938
5939
5940
5941
5942
5943
5944
5945
5946
5947
5948
5949
5950
5951
5952
5953
5954
5955
5956
5957
5958
5959
5960
5961
5962
5963
5964
5965
5966
5967
5968
5969
5970
5971
5972
5973
5974
5975
5976
5977
5978
5979
5980
5981
5982
5983
5984
5985
5986
5987
5988
5989
5990
5991
5992
5993
5994
5995
5996
5997
5998
5999
6000
6001
6002
6003
6004
6005
6006
6007
6008
6009
6010
6011
6012
6013
6014
6015
6016
6017
6018
6019
6020
6021
6022
6023
6024
6025
6026
6027
6028
6029
6030
6031
6032
6033
6034
6035
6036
6037
6038
6039
6040
6041
6042
6043
6044
6045
6046
6047
6048
6049
6050
6051
6052
6053
6054
6055
6056
6057
6058
6059
6060
6061
6062
6063
6064
6065
6066
6067
6068
6069
6070
6071
6072
6073
6074
6075
6076
6077
6078
6079
6080
6081
6082
6083
6084
6085
6086
6087
6088
6089
6090
6091
6092
6093
6094
6095
6096
6097
6098
6099
6100
6101
6102
6103
6104
6105
6106
6107
6108
6109
6110
6111
6112
6113
6114
6115
6116
6117
6118
6119
6120
6121
6122
6123
6124
6125
6126
6127
6128
6129
6130
6131
6132
6133
6134
6135
6136
6137
6138
6139
6140
6141
6142
6143
6144
6145
6146
6147
6148
6149
6150
6151
6152
6153
6154
6155
6156
6157
6158
6159
6160
6161
6162
6163
6164
6165
6166
6167
6168
6169
6170
6171
6172
6173
6174
6175
6176
6177
6178
6179
6180
6181
6182
6183
6184
6185
6186
6187
6188
6189
6190
6191
6192
6193
6194
6195
6196
6197
6198
6199
6200
6201
6202
6203
6204
6205
6206
6207
6208
6209
6210
6211
6212
6213
6214
6215
6216
6217
6218
6219
6220
6221
6222
6223
6224
6225
6226
6227
6228
6229
6230
6231
6232
6233
6234
6235
6236
6237
6238
6239
6240
6241
6242
6243
6244
6245
6246
6247
6248
6249
6250
6251
6252
6253
6254
6255
6256
6257
6258
6259
6260
6261
6262
6263
6264
6265
6266
6267
6268
6269
6270
6271
6272
6273
6274
6275
6276
6277
6278
6279
6280
6281
6282
6283
6284
6285
6286
6287
6288
6289
6290
6291
6292
6293
6294
6295
6296
6297
6298
6299
6300
6301
6302
6303
6304
6305
6306
6307
6308
6309
6310
6311
6312
6313
6314
6315
6316
6317
6318
6319
6320
6321
6322
6323
6324
6325
6326
6327
6328
6329
6330
6331
6332
6333
6334
6335
6336
6337
6338
6339
6340
6341
6342
6343
6344
6345
6346
6347
6348
6349
6350
6351
6352
6353
6354
6355
6356
6357
6358
6359
6360
6361
6362
6363
6364
6365
6366
6367
6368
6369
6370
6371
6372
6373
6374
6375
6376
6377
6378
6379
6380
6381
6382
6383
6384
6385
6386
6387
6388
6389
6390
6391
6392
6393
6394
6395
6396
6397
6398
6399
6400
6401
6402
6403
6404
6405
6406
6407
6408
6409
6410
6411
6412
6413
6414
6415
6416
6417
6418
6419
6420
6421
6422
6423
6424
6425
6426
6427
6428
6429
6430
6431
6432
6433
6434
6435
6436
6437
6438
6439
6440
6441
6442
6443
6444
6445
6446
6447
6448
6449
6450
6451
6452
6453
6454
6455
6456
6457
6458
6459
6460
6461
6462
6463
6464
6465
6466
6467
6468
6469
6470
6471
6472
6473
6474
6475
6476
6477
6478
6479
6480
6481
6482
6483
6484
6485
6486
6487
6488
6489
6490
6491
6492
6493
6494
6495
6496
6497
6498
6499
6500
6501
6502
6503
6504
6505
6506
6507
6508
6509
6510
6511
6512
6513
6514
6515
6516
6517
6518
6519
6520
6521
6522
6523
6524
6525
6526
6527
6528
6529
6530
6531
6532
6533
6534
6535
6536
6537
6538
6539
6540
6541
6542
6543
6544
6545
6546
6547
6548
6549
6550
6551
6552
6553
6554
6555
6556
6557
6558
6559
6560
6561
6562
6563
6564
6565
6566
6567
6568
6569
6570
6571
6572
6573
6574
6575
6576
6577
6578
6579
6580
6581
6582
6583
6584
6585
6586
6587
6588
6589
6590
6591
6592
6593
6594
6595
6596
6597
6598
6599
6600
6601
6602
6603
6604
6605
6606
6607
6608
6609
6610
6611
6612
6613
6614
6615
6616
6617
6618
6619
6620
6621
6622
6623
6624
6625
6626
6627
6628
6629
6630
6631
6632
6633
6634
6635
6636
6637
6638
6639
6640
6641
6642
6643
6644
6645
6646
6647
6648
6649
6650
6651
6652
6653
6654
6655
6656
6657
6658
6659
6660
6661
6662
6663
6664
6665
6666
6667
6668
6669
6670
6671
6672
6673
6674
6675
6676
6677
6678
6679
6680
6681
6682
6683
6684
6685
6686
6687
6688
6689
6690
6691
6692
6693
6694
6695
6696
6697
6698
6699
6700
6701
6702
6703
6704
6705
6706
6707
6708
6709
6710
6711
6712
6713
6714
6715
6716
6717
6718
6719
6720
6721
6722
6723
6724
6725
6726
6727
6728
6729
6730
6731
6732
6733
6734
6735
6736
6737
6738
6739
6740
6741
6742
6743
6744
6745
6746
6747
6748
6749
6750
6751
6752
6753
6754
6755
6756
6757
6758
6759
6760
6761
6762
6763
6764
6765
6766
6767
6768
6769
6770
6771
6772
6773
6774
6775
6776
6777
6778
6779
6780
6781
6782
6783
6784
6785
6786
6787
6788
6789
6790
6791
6792
6793
6794
6795
6796
6797
6798
6799
6800
6801
6802
6803
6804
6805
6806
6807
6808
6809
6810
6811
6812
6813
6814
6815
6816
6817
6818
6819
6820
6821
6822
6823
6824
6825
6826
6827
6828
6829
6830
6831
6832
6833
6834
6835
6836
6837
6838
6839
6840
6841
6842
6843
6844
6845
6846
6847
6848
6849
6850
6851
6852
6853
6854
6855
6856
6857
6858
6859
6860
6861
6862
6863
6864
6865
6866
6867
6868
6869
6870
6871
6872
6873
6874
6875
6876
6877
6878
6879
6880
6881
6882
6883
6884
6885
6886
6887
6888
6889
6890
6891
6892
6893
6894
6895
6896
6897
6898
6899
6900
6901
6902
6903
6904
6905
6906
6907
6908
6909
6910
6911
6912
6913
6914
6915
6916
6917
6918
6919
6920
6921
6922
6923
6924
6925
6926
6927
6928
6929
6930
6931
6932
6933
6934
6935
6936
6937
6938
6939
6940
6941
6942
6943
6944
6945
6946
6947
6948
6949
6950
6951
6952
6953
6954
6955
6956
6957
6958
6959
6960
6961
6962
6963
6964
6965
6966
6967
6968
6969
6970
6971
6972
6973
6974
6975
6976
6977
6978
6979
6980
6981
6982
6983
6984
6985
6986
6987
6988
6989
6990
6991
6992
6993
6994
6995
6996
6997
6998
6999
7000
7001
7002
7003
7004
7005
7006
7007
7008
7009
7010
7011
7012
7013
7014
7015
7016
7017
7018
7019
7020
7021
7022
7023
7024
7025
7026
7027
7028
7029
7030
7031
7032
7033
7034
7035
7036
7037
7038
7039
7040
7041
7042
7043
7044
7045
7046
7047
7048
7049
7050
7051
7052
7053
7054
7055
7056
7057
7058
7059
7060
7061
7062
7063
7064
7065
7066
7067
7068
7069
7070
7071
7072
7073
7074
7075
7076
7077
7078
7079
7080
7081
7082
7083
7084
7085
7086
7087
7088
7089
7090
7091
7092
7093
7094
7095
7096
7097
7098
7099
7100
7101
7102
7103
7104
7105
7106
7107
7108
7109
7110
7111
7112
7113
7114
7115
7116
7117
7118
7119
7120
7121
7122
7123
7124
7125
7126
7127
7128
7129
7130
7131
7132
7133
7134
7135
7136
7137
7138
7139
7140
7141
7142
7143
7144
7145
7146
7147
7148
7149
7150
7151
7152
7153
7154
7155
7156
7157
7158
7159
7160
7161
7162
7163
7164
7165
7166
7167
7168
7169
7170
7171
7172
7173
7174
7175
7176
7177
7178
7179
7180
7181
7182
7183
7184
7185
7186
7187
7188
7189
7190
7191
7192
7193
7194
7195
7196
7197
7198
7199
7200
7201
7202
7203
7204
7205
7206
7207
7208
7209
7210
7211
7212
7213
7214
7215
7216
6.83392786048007 0.4750000003171594 0
2.741262931853429 0.2514656681197601 0
2.712641971300756 0.1141355215792296 0
2.643985998787275 0.3325019172143755 0
2.559526456655659 0.2732016937694259 0
2.488301097907776 0.2354181358835874 0
2.42627709667966 0.2083666821750236 0
2.371351790940632 0.1878238732815913 0
2.322219922061965 0.171684036540413 0
2.277892947925932 0.1586943859310349 0
2.237613126802767 0.1480479264794853 0
2.200706843645856 0.1391780809596751 0
2.166593925591224 0.1316798724496588 0
2.134744991556742 0.1252519491513584 0
2.104704742604774 0.1196721613707953 0
2.076088895303434 0.1147758266484205 0
2.048588360608781 0.1104419614257962 0
2.021957044259873 0.1065809000155345 0
2.001562873208346 0.03469964817383136 0
1.999115095415211 0.06912512789190425 0
2.014374747731412 0.8106848994845138 0
2.00704269472313 0.7779151385778997 0
1.998924218665033 0.7462708143727932 0
1.990129128490012 0.7158728766170251 0
1.980784058362563 0.6868205712405016 0
1.971024290269193 0.6591927505526528 0
1.960988300268505 0.6330508909939595 0
1.950814580363499 0.6084434612965647 0
1.940640537577984 0.5854115299019371 0
1.930603523532394 0.5639958695888706 0
1.920844470386734 0.5442465066534692 0
1.911515575609694 0.5262372152134926 0
1.902796061251084 0.5100915471846103 0
1.89492739821933 0.4960386379205632 0
1.888297791461954 0.4845466508949434 0
1.992047576830099 0.1365564005305439 0
1.987266223492068 0.169206130876742 0
1.981636645669954 0.2009267693345289 0
1.975213407659271 0.2315676968312704 0
1.968084375419832 0.2609970721710862 0
1.960360567909932 0.2891032136310023 0
1.952168299697865 0.3157935144948418 0
1.943643456390993 0.3409912688305465 0
1.934927925803202 0.3646306091124839 0
1.926168362674794 0.3866494189207407 0
1.917517784516666 0.4069793803803938 0
1.909141338822078 0.4255306966937812 0
1.901229952706304 0.4421647693881882 0
1.894032436167155 0.4566360036463871 0
1.88793372553447 0.4684533701367972 0
1.874493892729817 0.4768156332539201 0
1.86204109205633 0.4770813066950215 0
1.847486920508009 0.4773791587571991 0
1.831504131604835 0.4776957649413711 0
1.814468553233773 0.4780254556767889 0
1.796616014549737 0.4783663137251579 0
1.778108210422467 0.4787184317734284 0
1.759062822437941 0.4790830571645495 0
1.739569101255638 0.4794621162204787 0
1.719696840102246 0.4798579254080622 0
1.699501966810547 0.4802730072901384 0
1.679030218449475 0.4807099718959207 0
1.658319631397019 0.4811714428418715 0
1.637402247232101 0.4816600158960895 0
1.616305305168623 0.4821782352448231 0
1.595052352668074 0.4827285311918827 0
1.573666021924701 0.4833128298094163 0
1.552182870936234 0.4839300451235064 0
1.530609020847307 0.4845841504075011 0
1.508956993013093 0.4852771269537475 0
1.487240828409824 0.4860096451858376 0
1.465474260970835 0.4867808710312486 0
1.443670105565023 0.4875875268750912 0
1.421841967908539 0.488428280672715 0
1.970551815093775 0.100040447819607 0
1.945553200347309 0.09725469520138895 0
1.920897879924122 0.09475501833647586 0
1.896527914571604 0.09251571501036018 0
1.872394926004942 0.09051405268053814 0
1.848453784183424 0.08872920164488958 0
1.824654556607828 0.08714145522673057 0
1.800947353461517 0.08573256668246851 0
1.777283819412306 0.08448572131573108 0
1.753623099331573 0.08338564230407214 0
1.729939547660594 0.08241861110574232 0
1.706220444097803 0.08157196612185182 0
1.682473135280614 0.08083404972122463 0
1.658715053349596 0.08019363269221 0
1.634973577544726 0.07963986496540756 0
1.611273079537436 0.07916203247453438 0
1.587622267302815 0.07874952321009539 0
1.564022486455898 0.07839219886997725 0
1.540465104137778 0.07808043656478308 0
1.516944084375797 0.07780529849287908 0
1.493462544274372 0.07755851748885996 0
1.470027831808599 0.07733238523594642 0
1.446644107615547 0.07711974256924517 0
1.423308914668704 0.07691423459265491 0
1.993063697971746 0.8483898561091835 0
1.965813221356017 0.8519114481247368 0
1.938969862958508 0.8550547944017582 0
1.912443585836207 0.8578619142028047 0
1.88616549976677 0.8603684515021051 0
1.860083604860905 0.8626057377772421 0
1.834160971102056 0.8646020945873109 0
1.808372084645201 0.8663839186900308 0
1.782701701309469 0.867976272939453 0
1.757141942989668 0.8694034043972566 0
1.731688912655805 0.8706891398754117 0
1.706339769923965 0.8718571826599879 0
1.681084332205445 0.8729317055803302 0
1.655920364868194 0.8739371287770596 0
1.630864384196607 0.8748985813254064 0
1.605948158324501 0.8758432649348227 0
1.581218725849591 0.8768020807945718 0
1.556741463400819 0.8778118116237544 0
1.532595942169622 0.8789185701574229 0
1.508888337792053 0.8801819429954112 0
1.485734991258262 0.8816820816028444 0
1.463271555258172 0.8835269640352089 0
1.441521826875955 0.8858722865797691 0
1.420478486952069 0.8889026820885163 0
2.730939265396626 0.6961158873850163 0
2.650090233706611 0.7291906375997085 0
2.577201433627712 0.7574671416373779 0
2.5110487258142 0.7806933026766451 0
2.450559319783882 0.7996245681729355 0
2.395232546648689 0.815014688321803 0
2.344422350936796 0.8276072220729462 0
2.297881691913983 0.8379309444017838 0
2.255106131829589 0.8464684295248641 0
2.215879713908645 0.8535511311095403 0
2.17962275253362 0.8595025579479123 0
2.145931077181515 0.864549263661706 0
2.1141929003154 0.8688986238835458 0
2.083947793027841 0.872694250685993 0
2.054794337833262 0.8760442800860702 0
2.747635180988004 0.8260229462908106 0
2.664249012777719 0.8406671897717943 0
2.587919863488279 0.8540788994531612 0
2.519249054932791 0.8653848783886878 0
2.456027998465292 0.874866543225845 0
2.398962509131799 0.8825642664186193 0
2.346292299079381 0.8889389643503358 0
2.298896529844152 0.8940924578357253 0
2.255267481061098 0.898372207610515 0
2.216308409624629 0.9018382093529926 0
2.180382297712328 0.9047546871178479 0
2.14769814315848 0.9071853266220103 0
2.11686026183513 0.9092934789812849 0
2.087485144307309 0.9111397898589829 0
2.05897282663193 0.9127865124556246 0
2.927946249947094 0.6448397744737595 0
2.94253226195982 0.8019462885283213 0
3.044142485814738 0.6373094415996399 0
3.055724626004854 0.7962174480882224 0
3.169305834101284 0.6342328694498583 0
3.178284423972995 0.7933460233577955 0
3.304402702560318 0.6331605745138802 0
3.314565839830055 0.792086753405018 0
3.449454933535701 0.6329166200323362 0
3.460759484886414 0.7916431445504619 0
3.605092645173118 0.632969645485977 0
3.620292923191597 0.7915452420648266 0
3.769839139298318 0.6330939515971876 0
3.787849686770781 0.7915664675914832 0
3.942560443694946 0.6332064654306131 0
3.963713181175775 0.7916105987783423 0
4.121046805874041 0.6332869860526538 0
4.144039829284686 0.7916475488627486 0
4.303629722568822 0.633342697548623 0
4.328031652236666 0.7916722570931661 0
4.488964020629805 0.633337621451928 0
4.513916976135733 0.7916691312381628 0
4.675674398958164 0.6333350646430471 0
4.70089697862512 0.7916676394699417 0
4.863036957664714 0.6333338183668292 0
4.888325629355251 0.7916669568141419 0
5.050577587223711 0.6333333937588725 0
5.075916795621456 0.7916667075544556 0
5.238487087492799 0.6333333929382838 0
5.263707806056853 0.7916666960687748 0
5.426046155955123 0.633333371982853 0
5.451302099455142 0.791666685707061 0
5.613044454586245 0.633333356047207 0
5.638516501578272 0.7916666781122172 0
5.799056912034825 0.6333333462376575 0
5.824927312259814 0.7916666732747766 0
5.983393291072462 0.6333333405682712 0
6.009925312577748 0.7916666703988914 0
6.164747248790922 0.6333333373627056 0
6.191163583481099 0.7916666687491656 0
6.342080809030885 0.6333333355632697 0
6.368292088781783 0.7916666678161696 0
6.513301657309984 0.6333333345403757 0
6.534956575141718 0.7916666672899706 0
6.679364290369783 0.6333333339465161 0
6.695824752529712 0.7916666669808429 0
6.840803362106185 0.633333333583799 0
6.849173324533771 0.7916666667902184 0
2.855672637081468 0.283836945960697 0
2.978842378011561 0.3002903253258505 0
3.108545033728507 0.3084902620118961 0
3.246132267215066 0.312573945189742 0
3.392338220720906 0.3146073411294056 0
3.548312711025853 0.3156315566537241 0
3.713150248036974 0.3161590776577492 0
3.886372372581595 0.3164429283764906 0
4.065584147983826 0.3166010529668856 0
4.249311539180216 0.316672308471975 0
4.435823912477852 0.3166697630183221 0
4.623599503460517 0.3166670705174892 0
4.811916586958395 0.316667093567406 0
5.000333147324333 0.3166669057628886 0
5.188687805093604 0.3166667874188338 0
5.376719688193518 0.3166667278824688 0
5.564244220360681 0.3166666984002872 0
5.750944577566118 0.3166666834580094 0
5.936433950291836 0.3166666756921753 0
6.120100254832139 0.3166666715639332 0
6.301351019453262 0.3166666693208139 0
6.479582989600514 0.3166666680758058 0
6.655021128725473 0.3166666673699361 0
6.82811977037183 0.3166666669451995 0
2.817015574877371 0.1308804542721497 0
2.934435486896821 0.1430190668513134 0
3.060739166387548 0.1503053844101224 0
3.198973617485881 0.1543501451775335 0
3.345864696375831 0.1564086264959895 0
3.505193032727226 0.1574285287114383 0
3.672427096940876 0.1579190014024275 0
3.849760774261563 0.1581683919234165 0
4.031786444279063 0.1583327951337665 0
4.218701021786761 0.1583352982835139 0
4.407294607793883 0.1583348124160632 0
4.596507463458127 0.1583336552889882 0
4.785952383579464 0.1583335561802033 0
4.975054089810149 0.1583334711145726 0
5.163994571603708 0.1583334088870094 0
5.352493231920694 0.1583333728935271 0
5.540623513790275 0.1583333538925823 0
5.728091166517545 0.1583333441108568 0
5.914806865690715 0.1583333390519686 0
6.100246606916546 0.158333336394247 0
6.28415516107636 0.1583333349659067 0
6.465595535822876 0.1583333341838306 0
6.64526469294433 0.1583333337482593 0
6.823018655100273 0.1583333334927217 0
2.640656037229699 0.2049756782882667 0
2.6197333813726 0.09634137276406685 0
2.55724376112759 0.1750150307962215 0
2.540786089356763 0.0836611575655416 0
2.485548359039453 0.15303717618458 0
2.470952621539738 0.07377911798606884 0
2.423086354929744 0.1363696629691758 0
2.41031773976003 0.06619148573944973 0
2.36784486153203 0.1233808775396768 0
2.355889128317735 0.06012018078580281 0
2.31875216746295 0.1130968873067375 0
2.308219516830269 0.05534861350510051 0
2.274689512998389 0.1047907462922504 0
2.265176858411835 0.05144603685908591 0
2.234993746958339 0.09799863572116151 0
2.227184890678754 0.04830344808474527 0
2.198842709769467 0.09234363873746396 0
2.192552615810756 0.0456676894503837 0
2.16563775181808 0.08756988985036923 0
2.161210268666571 0.04346419057444531 0
2.134713173286218 0.08346835796542081 0
2.131922514859086 0.04155256011520905 0
2.105551502610878 0.079893508718057 0
2.104295215953564 0.03987823408214859 0
2.077703810051389 0.07673621399371078 0
2.077694805431215 0.03838061644807399 0
2.050844772523113 0.07392119558153287 0
2.051877949169568 0.03703209849692823 0
2.024717127315943 0.07139321409105177 0
2.026552328004109 0.03580727354432205 0
2.615498513963848 0.4405661680062632 0
2.543370332331015 0.3656640240404579 0
2.478017176124242 0.3151634633892232 0
2.419386326533052 0.278724112600943 0
2.366591874011189 0.2510552498918293 0
2.318783149657705 0.2292974936783865 0
2.275226150363598 0.2117523677745397 0
2.235295656772764 0.1973296982994326 0
2.198440395239847 0.1852839520857018 0
2.164171231319645 0.1750844014105563 0
2.13205065767621 0.1663418802429203 0
2.10169458838608 0.1587671373318482 0
2.072772992027582 0.1521434448245605 0
2.045009470000684 0.1463077441922153 0
2.018176641173166 0.1411365021826496 0
2.568438621934171 0.5193336678750629 0
2.512042112016099 0.4435201314831811 0
2.456028104113503 0.3869402403764933 0
2.403198386487685 0.3441306596777368 0
2.354205458139738 0.3108596105209807 0
2.308965885125675 0.284345656100353 0
2.267161514520581 0.2627738531099743 0
2.228411467771819 0.2449231217868495 0
2.192329662141194 0.2299408645127474 0
2.158546947841324 0.2172126352841932 0
2.126720407121401 0.2062846266950276 0
2.096539404393635 0.1968160963955013 0
2.067729088387448 0.1885483180166302 0
2.040051553262495 0.18128317681154 0
2.013304523141374 0.1748676495310726 0
2.516357220976898 0.5778152270022243 0
2.472378208451604 0.5061682102164055 0
2.425823441436078 0.4484988874642247 0
2.379726699551723 0.4025328684046677 0
2.335516146545965 0.3656178968870722 0
2.293718830693499 0.3355734251647267 0
2.254424032322623 0.3107772096352359 0
2.217519018514327 0.2900483907208667 0
2.182801529237357 0.2725221103360477 0
2.150034447274257 0.2575556872513622 0
2.118973724939217 0.2446642139755338 0
2.089383778094502 0.2334770433877081 0
2.06104618599022 0.2237078402814126 0
2.0337642354996 0.2151333291631344 0
2.007364577082134 0.2075777366443753 0
2.464271374264009 0.6228287988769539 0
2.429415602693873 0.5563894719263929 0
2.390944302803831 0.500162675976165 0
2.351340824815528 0.4533815406557984 0
2.312155758031617 0.4145803387238663 0
2.274214917422843 0.3822559202194441 0
2.237888217035656 0.3551238119141379 0
2.203283586578488 0.3321595514772032 0
2.170364819967852 0.3125652689474489 0
2.13901957243358 0.2957222678829894 0
2.109098527610029 0.2811490018708123 0
2.080438418738108 0.2684681737259713 0
2.052875764761075 0.2573819026549655 0
2.026254961682799 0.2476530454634459 0
2.000432748614317 0.2390910340131193 0
2.414025947013578 0.6584611958324815 0
2.385913680693449 0.5970398664989083 0
2.353966888591518 0.5432946519988107 0
2.320091823863359 0.4970995896581413 0
2.285683802229851 0.4577091077376025 0
2.251635692565492 0.4241618560468481 0
2.21845795780745 0.3955172081610733 0
2.186403308631814 0.3709519377327961 0
2.15556132501311 0.3497810166498216 0
2.125922375662454 0.3314468783734357 0
2.097418932215447 0.3154992867411199 0
2.069951971964572 0.3015748749524409 0
2.043407855058462 0.289379315859397 0
2.0176690889497 0.2786726568295245 0
1.992621093917689 0.2692575563990272 0
2.366297133712749 0.6872294649332675 0
2.343266651175366 0.6303357011833838 0
2.316508775919965 0.5793879485126323 0
2.287486759012784 0.5345198313918387 0
2.257376058093022 0.4953896772377139 0
2.227018576598885 0.4614127463188453 0
2.196964254899369 0.4319344910377549 0
2.16754055797499 0.4063279508333865 0
2.13891797511369 0.3840358009892961 0
2.111161306598904 0.3645811005655469 0
2.08426667930537 0.3475632498561443 0
2.058187324955741 0.3326482704437367 0
2.032851302280234 0.3195578056726837 0
2.008173655325677 0.3080587461548814 0
1.984064760125587 0.2979542168712652 0
2.321287356772191 0.7107921252276119 0
2.302148090087555 0.6579057974988511 0
2.279514899596474 0.6097482639325252 0
2.254534775815777 0.5665503199397145 0
2.22817808170631 0.5281910250945601 0
2.201191629280273 0.4943322145003506 0
2.174106964314146 0.4645357560264956 0
2.147275703687705 0.4383430279799702 0
2.120911027491183 0.4153193205579599 0
2.09512495209991 0.3950737529970818 0
2.069958149401681 0.3772646810232523 0
2.045402517459371 0.3615975149138122 0
2.021417887844618 0.3478191005371917 0
1.997944382533618 0.335710983032818 0
1.974911660954466 0.3250828414004588 0
2.278992469899378 0.7303052759160813 0
2.262852326322196 0.6809505403117583 0
2.24350565634328 0.6354387188735734 0
2.221870340011732 0.5940288657554299 0
2.19874449958913 0.5567200037284097 0
2.174771561551677 0.5233320804229623 0
2.150437139837339 0.4935835971999066 0
2.126085732134678 0.46715114842668 0
2.101945494703397 0.4437081853527482 0
2.078153512512088 0.4229466394366486 0
2.054777997564467 0.4045865904644073 0
2.03183644725364 0.3883784395081812 0
2.009310112828004 0.3741007741221807 0
1.987155624411917 0.3615560590075484 0
1.965314632784134 0.3505656438206052 0
2.239293146271655 0.7466162099388697 0
2.225462634873905 0.7003722893494685 0
2.208739050447342 0.6573073805446883 0
2.189866984871499 0.6176785787337135 0
2.1695027913165 0.5815496492685289 0
2.148192283549889 0.5488417137075206 0
2.126365095842393 0.5193847115658112 0
2.104341776647851 0.4929603975206284 0
2.08234774079204 0.4693334366785173 0
2.06052931081838 0.4482711623487881 0
2.038969008781431 0.429554270044271 0
2.017698928207313 0.4129809288494519 0
1.996712151813239 0.3983663769725861 0
1.975972840376772 0.3855396115231353 0
1.955425855232908 0.3743385889873611 0
2.20200518318759 0.7603650442402562 0
2.189938153774848 0.7168635205228394 0
2.175309268933156 0.6760297223368286 0
2.158721693236238 0.6381062889416466 0
2.14071321338037 0.6031911356500416 0
2.121741885816275 0.5712704216356669 0
2.102180327908894 0.5422530714074901 0
2.082317768506968 0.5160014535578524 0
2.062367095626876 0.4923553847910093 0
2.042474083696063 0.471148871505022 0
2.022726778606301 0.4522202606984231 0
2.003164018999043 0.4354168699062431 0
1.983783025300416 0.4205950849962917 0
1.964546854942688 0.4076167417148951 0
1.9453932186061 0.3963427157831622 0
2.166889442606193 0.7720507953064865 0
2.156159382015672 0.7309658326101751 0
2.143206427923155 0.6921464840704512 0
2.128513264931345 0.6558155918389574 0
2.112516716989593 0.6220876663620352 0
2.09559747411594 0.5909906638202271 0
2.078074470829479 0.5624894392926277 0
2.060204045401457 0.5365076852027097 0
2.042182533056175 0.5129462853946775 0
2.02415055382555 0.4916971870496499 0
2.006197483364156 0.4726526503967763 0
1.988365141136918 0.4557099928324588 0
1.970650526755475 0.4407718158572943 0
1.953008627211209 0.4277414038589838 0
1.935358088236388 0.4165128862795597 0
2.133677443523561 0.7820654504237028 0
2.123959380334015 0.7431075134021716 0
2.112355327311024 0.706092794313068 0
2.099242536955052 0.6712227404106362 0
2.084971095860373 0.6386180172275576 0
2.069854358458197 0.6083329688356537 0
2.054162957765594 0.5803717381536143 0
2.038122158061341 0.5547041484494951 0
2.021911626217661 0.5312799274607179 0
2.005666336459917 0.5100404401989884 0
1.989477235733414 0.4909274799653459 0
1.973390402886676 0.4738886889406236 0
1.957403836467617 0.4588787691844515 0
1.941462220859756 0.445854772596042 0
1.925453288378922 0.4347624627245953 0
2.102085078869558 0.79071927501926 0
2.093146118103901 0.7536292337992798 0
2.082642246565159 0.7182200056076821 0
2.070860683121773 0.6846713972790863 0
2.058077811575059 0.6531036651831176 0
2.044549330303389 0.6235868800143736 0
2.030503820942064 0.5961520490715702 0
2.016139068149008 0.5708028047780822 0
2.001620288380011 0.5475267502431955 0
1.987079161201772 0.5263058919493231 0
1.972612240823798 0.5071258065933713 0
1.958276864945474 0.4899830880511606 0
1.94408203805669 0.4748899415742552 0
1.929971428087399 0.4618731306593428 0
1.915798009914176 0.4509610714622391 0
2.071838591723008 0.7982551507150646 0
2.063522093289954 0.7628017312405723 0
2.053934742165323 0.7288121715353222 0
2.043289616399261 0.696445316773101 0
2.03180188129928 0.6658167868265481 0
2.019678853016135 0.6370047167439693 0
2.007113446407335 0.6100573562664651 0
1.994280159681019 0.5850017615137838 0
1.981332854697335 0.5618530735071969 0
1.968403449433404 0.5406241975687356 0
1.95560025003396 0.521336008460582 0
1.943003729921713 0.5040283568820936 0
1.930655404260963 0.4887717620320577 0
1.918530729826744 0.4756778540517369 0
1.90647853579178 0.4649018012645263 0
2.042690159890933 0.8048618611092132 0
2.034898566160376 0.7708397876711703 0
2.026095902985176 0.7380991569880337 0
2.016436673757771 0.706779132018416 0
2.006086568556432 0.6769880172102165 0
1.995213140673749 0.6488063949270612 0
1.983979607909122 0.6222921344329277 0
1.972541076759872 0.597486763364291 0
1.961042692718432 0.5744229791173501 0
1.949619264129488 0.5531334723244378 0
1.938395799362784 0.5336618342958411 0
1.927487883752305 0.5160772701298352 0
1.916998822541008 0.5004962364693036 0
1.907002814920787 0.4871153301361422 0
1.89747406762337 0.4762578327610819 0
1.96656319355781 0.1324486626256654 0
1.941562104765441 0.1287801224646426 0
1.916952749997938 0.1255041797056055 0
1.892662304635013 0.1225816653367646 0
1.868629846974573 0.1199786138494913 0
1.844801457610639 0.1176647438582916 0
1.821126771141276 0.1156125489556769 0
1.797559149155329 0.1137969579879988 0
1.774056857423881 0.1121951094015074 0
1.75058564750001 0.1107861933472717 0
1.72712144899891 0.1095512436175424 0
1.703650943981902 0.1084727995518021 0
1.680172243784341 0.1075346366993921 0
1.656691741172152 0.1067214287371303 0
1.633221125074354 0.1060185660278703 0
1.60977178581709 0.1054120142103621 0
1.586350232771958 0.1048883056949733 0
1.56295868887694 0.1044346727167656 0
1.53959576760738 0.1040391429679784 0
1.516260270830207 0.1036906961278959 0
1.492953344250637 0.103379512724335 0
1.46967694218009 0.1030975822076178 0
1.446430677111541 0.1028402967392398 0
1.423209185777081 0.1026105025060664 0
1.961904131765505 0.1641526936996558 0
1.937047604102875 0.1596589328780384 0
1.912601195346986 0.1556626265428117 0
1.888486505379717 0.15211113748582 0
1.864637359496983 0.1489590466733806 0
1.840996499703072 0.1461663463702817 0
1.817513385266989 0.1436972682786189 0
1.794143492421394 0.1415195716143085 0
1.770848574215022 0.139604061898837 0
1.747597571572511 0.1379242198680432 0
1.724367540554886 0.1364558551476382 0
1.701143900937983 0.1351767516399333 0
1.677920046338529 0.1340663445451629 0
1.6546956745923 0.1331054238384588 0
1.631474539212321 0.1322759189694908 0
1.608261607722907 0.1315607524079599 0
1.585060819798391 0.1309437762419461 0
1.561874503824913 0.1304097757304325 0
1.538703621009416 0.1299444933520366 0
1.515548854082206 0.1295347071389872 0
1.492411175521756 0.1291684474232724 0
1.469291110322529 0.1288355863884142 0
1.44618706776645 0.1285292228567863 0
1.423093425359383 0.1282480498679307 0
1.956576533930636 0.1950125223545413 0
1.932011546083411 0.1897719755638655 0
1.907848448331755 0.1851284964397041 0
1.88400919999457 0.181016686092084 0
1.860427338532178 0.1773800018556895 0
1.837045787040095 0.1741688000060812 0
1.813815284556856 0.1713389770738232 0
1.790693550670344 0.1688510321441871 0
1.767645031156696 0.166669387227358 0
1.744640996830771 0.1647618535931826 0
1.721659670964274 0.1630991735438916 0
1.698686071784134 0.1616546068720332 0
1.67571142830483 0.1604035632408904 0
1.652732039947184 0.1593232837517505 0
1.629747769753847 0.1583925848039336 0
1.606760384568961 0.1575916610385109 0
1.583772203992279 0.1569019408214404 0
1.560785407058385 0.1563059747830299 0
1.537801862026591 0.1557873311439349 0
1.514823298410118 0.1553304907567297 0
1.491851356921061 0.1549207626944497 0
1.468887183749544 0.154544363881005 0
1.445930346060392 0.1541894001625995 0
1.422975617778102 0.1538515216087745 0
1.950621381483218 0.2248986616156316 0
1.926487000129877 0.2190078981883475 0
1.902723123044148 0.2138060020847067 0
1.879255885943881 0.2092158595919555 0
1.856021908746834 0.2051704190081718 0
1.83296688732858 0.2016107378450667 0
1.810044458927718 0.1984845581003916 0
1.787215415579058 0.1957452530321521 0
1.764447225201586 0.1933510184629824 0
1.741713745428634 0.1912642183252829 0
1.718994967496843 0.1894508276851353 0
1.696276632467101 0.1878799445097308 0
1.673549622336616 0.1865233606114149 0
1.650809090253416 0.1853551891180443 0
1.628053408984146 0.184351547808932 0
1.605283079802832 0.183490291600401 0
1.582499802507198 0.1827507813843149 0
1.559705849237189 0.1821136674978295 0
1.53690373127445 0.1815606545160361 0
1.514096077223611 0.1810741876271717 0
1.491285614883483 0.1806369015515923 0
1.468475369571276 0.1802303109536531 0
1.445669918283155 0.1798308525127781 0
1.422880970740964 0.1793959803463187 0
1.944109283191582 0.2536956408782284 0
1.920532385914431 0.2472661073762098 0
1.897274791379568 0.2416079471479748 0
1.874269141043287 0.2366333777833212 0
1.851457409831002 0.2322654791593689 0
1.828790039614404 0.228436417344272 0
1.806225104248721 0.2250860785997922 0
1.783727596560318 0.2221609894260546 0
1.761268856009379 0.2196134320852144 0
1.738826098767888 0.2174006942832522 0
1.716381977147837 0.2154844153377829 0
1.69392409074711 0.2138300086344634 0
1.67144439597192 0.2124061509289808 0
1.648938499974735 0.2111843332277148 0
1.626404877163045 0.2101384678692552 0
1.603844083967481 0.2092445429950724 0
1.581258064294318 0.2084803114024534 0
1.55864961024445 0.2078249964762902 0
1.536021982363338 0.2072589945836192 0
1.513378646115486 0.2067635521853352 0
1.490723048419078 0.2063204065802395 0
1.468058328003191 0.2059114674694901 0
1.445386634634003 0.2055191188701391 0
1.422706491043567 0.2051302576672003 0
1.937133098668358 0.2813034875813064 0
1.914226672260069 0.2744583611367873 0
1.891571429848367 0.2684574103989193 0
1.869107768760743 0.2632028739625026 0
1.846784538536934 0.2586083633871835 0
1.824558482446306 0.2545974441970189 0
1.802393544322799 0.251102437212237 0
1.780260169120649 0.2480633687309918 0
1.758134660026555 0.2454270311920778 0
1.735998601689348 0.24314613471324 0
1.713838324907986 0.2411785400932343 0
1.69164437573411 0.239486568877816 0
1.669410959130675 0.2380363875925827 0
1.647135347260844 0.2367974622342715 0
1.624817268062964 0.2357420766483122 0
1.602458309559407 0.2348449053334177 0
1.580061381915756 0.2340826286017294 0
1.55763026645111 0.2334335769152963 0
1.535169253978394 0.2328773935943712 0
1.512682847754219 0.2323947159244343 0
1.490175483251927 0.2319669087269088 0
1.467651194203131 0.2315759824352026 0
1.445113118608628 0.2312050801038758 0
1.422562774432572 0.2308404184984378 0
1.929802285188626 0.3076374172000896 0
1.907665622273717 0.300509136581698 0
1.885697188339987 0.2942886658105455 0
1.863845647925372 0.2888682136300492 0
1.842067803515881 0.2841518105975467 0
1.820328056137131 0.280054425202916 0
1.798597636955622 0.276500999264001 0
1.776853793954675 0.2734254287026086 0
1.755079031356277 0.2707695374609411 0
1.733260435099833 0.2684820876688454 0
1.71138907782775 0.2665178561984265 0
1.689459479036008 0.2648367946137787 0
1.667469095356158 0.2634032788582211 0
1.645417826009864 0.2621854470718211 0
1.623307532813163 0.2611546182927503 0
1.601141586054181 0.2602847810225781 0
1.578924452407612 0.2595521385012518 0
1.556661336676849 0.2589346969917301 0
1.534357878111494 0.2584118846318919 0
1.512019890076721 0.257964191853013 0
1.489653123957593 0.2575728289899602 0
1.46726304037885 0.2572193893829706 0
1.444854598155744 0.2568854082999741 0
1.422432174475388 0.2565511448422886 0
1.922238979083783 0.3326259677438983 0
1.90095928711635 0.3253549730340032 0
1.879750879148493 0.3190475222449275 0
1.858570826758781 0.3135845501194343 0
1.837384888300315 0.3088596055375743 0
1.816166569689081 0.3047786485881466 0
1.794895970671755 0.3012592926023946 0
1.773558668566973 0.2982297142755357 0
1.752144751947018 0.2956274257653124 0
1.730648029344495 0.2933980424543336 0
1.70906539229272 0.2914941248997575 0
1.687396294780964 0.2898741332473936 0
1.665642311552866 0.2885015063349126 0
1.643806747210429 0.2873438622294678 0
1.621894280542799 0.2863723085158995 0
1.599910639263648 0.2855608466336445 0
1.5778623066613 0.2848858531333945 0
1.555756262845671 0.2843256205140552 0
1.533599760804849 0.2838599398986482 0
1.511400134160276 0.2834697052338885 0
1.489164632433619 0.2831365116626824 0
1.466900284935354 0.2828422135823604 0
1.444613810625127 0.2825684575122251 0
1.422311621607626 0.2822966600084082 0
1.914576029697101 0.3562077701748193 0
1.894231075230025 0.3489430580748347 0
1.873845554825374 0.3426913994671641 0
1.853385224086743 0.3373194233354121 0
1.832826239490074 0.3327082492058341 0
1.812153157492417 0.3287539730233448 0
1.791356957028334 0.3253668783559479 0
1.770433383803482 0.3224699936333698 0
1.74938168559608 0.3199974226822229 0
1.728203697752486 0.3178926952900533 0
1.706903199409498 0.3161072591524482 0
1.685485459066689 0.3145991589234243 0
1.663956902254615 0.313331906867557 0
1.642324852938099 0.3122735294946269 0
1.620597318139058 0.3113957664472929 0
1.598782799253783 0.3106733962066223 0
1.576890122830511 0.3100836645372672 0
1.554928288841415 0.3096057937675116 0
1.532906337252112 0.3092205516220453 0
1.510833234891921 0.3089098529010567 0
1.488717784397393 0.3086563436582248 0
1.46656855894557 0.308442837323835 0
1.444393869597821 0.3082512117492047 0
1.422201764692266 0.3080594993414323 0
1.906957442949402 0.3783270433972112 0
1.887618883646261 0.3712294391659309 0
1.868109555805591 0.3651896625226339 0
1.848405182273537 0.3600543996099136 0
1.828495005880529 0.3556891965780845 0
1.808377657100547 0.3519791767103884 0
1.788057774849063 0.348827532453794 0
1.767543581347498 0.3461531446986156 0
1.746845288558052 0.3438880651088791 0
1.72597412329871 0.3419751985561894 0
1.704941769209119 0.3403663049697871 0
1.683760067743111 0.3390203338850512 0
1.662440867269883 0.337902059743304 0
1.640995948458979 0.3369809712908862 0
1.619436983009729 0.3362303679350636 0
1.597775502201944 0.335626621436842 0
1.576022863827815 0.3351485689782461 0
1.5541902141218 0.3347770116578219 0
1.532288448670298 0.3344943002153408 0
1.510328181582237 0.3342839980827155 0
1.488319726700568 0.3341306227380093 0
1.466273092778052 0.3340194789433625 0
1.444197995632927 0.3339366196620782 0
1.42210388814586 0.3338690434415643 0
1.899542157652938 0.3989277655321979 0
1.881279070563577 0.3921775390991327 0
1.862689456760016 0.3865251256422589 0
1.843762988805928 0.3817880419102561 0
1.824507251148114 0.3778121999340089 0
1.80493984084257 0.3744710640905501 0
1.785082973868778 0.3716618571555178 0
1.764960225236357 0.3693012190740885 0
1.744594767895361 0.3673212651654683 0
1.724008554148536 0.3656663129175045 0
1.703222040415929 0.3642902717263341 0
1.682254197217394 0.3631545980734878 0
1.661122649090674 0.3622267024582873 0
1.639843857094505 0.3614787058401561 0
1.618433298265863 0.3608864623733732 0
1.596905619615274 0.3604287844276675 0
1.575274755489205 0.3600868231774842 0
1.553554004760767 0.359843573267552 0
1.531756079744721 0.3596834844116495 0
1.509893159781652 0.3595921823190378 0
1.487976949212675 0.3595563475683234 0
1.466018734383602 0.3595638936484008 0
1.444029442172974 0.3596048265388059 0
1.422019710334792 0.3596738858090653 0
1.89251310115848 0.4179464670057891 0
1.87539457331273 0.4117584845030057 0
1.857755365359921 0.406698414611559 0
1.839609235394153 0.4025414353589394 0
1.82099204709637 0.39911043666284 0
1.801948066782202 0.3962685995054439 0
1.782522367067028 0.393910346215303 0
1.762757209088391 0.3919535856232234 0
1.742690693974142 0.3903337390026885 0
1.722356581378667 0.3889993161786194 0
1.70178464015517 0.3879086795768952 0
1.681001192789032 0.3870276748986352 0
1.660029686499596 0.3863278819355102 0
1.63889121730753 0.3857853066042594 0
1.617604980888421 0.3853793873279138 0
1.596188643010754 0.3850922273122761 0
1.574658621692112 0.3849079931125651 0
1.553030267146286 0.3848124417941812 0
1.531317957853539 0.3847925518133385 0
1.5095352497634 0.3848362340682008 0
1.487695030728469 0.3849321556817312 0
1.465809647522498 0.3850697388501312 0
1.443891010110057 0.3852393982006424 0
1.421950687867065 0.3854328944311291 0
1.886095741281248 0.4353045595584983 0
1.870189318802814 0.4299570361903789 0
1.853508825590927 0.4257383546047863 0
1.836115288587779 0.4223680265472556 0
1.818090482994659 0.4196480860976991 0
1.799516521607068 0.4174381156615672 0
1.780467630716629 0.415636682690551 0
1.761007943171814 0.4141688593845403 0
1.741191875035039 0.4129780220286353 0
1.721065412392403 0.4120204395618147 0
1.700667570959862 0.411261646261362 0
1.680031739887793 0.4106739593743814 0
1.659186822387614 0.4102347405818847 0
1.63815817140487 0.4099251477519577 0
1.616968351156505 0.4097292139935247 0
1.595637756680361 0.409633148080507 0
1.574185088500291 0.4096247904232143 0
1.552627602095363 0.4096931919185094 0
1.530981058483284 0.4098282947267289 0
1.509260057294973 0.4100205832895151 0
1.487478353724591 0.4102607626992602 0
1.46564906325022 0.4105394821364795 0
1.443784799450203 0.4108470932658865 0
1.421897793341414 0.4111733682511369 0
1.880595437122851 0.4509069427399763 0
1.865952208225998 0.4467927810522939 0
1.850192540496879 0.4437239295236169 0
1.833473711052519 0.4413697521601759 0
1.815951588185219 0.439530462525381 0
1.797759690841365 0.4380790097907254 0
1.77900684660512 0.4369305673470111 0
1.759780568208645 0.4360260177293877 0
1.740151380578945 0.4353226246912251 0
1.720176649387677 0.4347885211429813 0
1.699903629813221 0.4343993055244084 0
1.679371805042278 0.4341358520792983 0
1.658614660816272 0.433982847345845 0
1.637661042226639 0.4339277745711664 0
1.616536227242339 0.4339601782018739 0
1.595262836349232 0.4340711011710813 0
1.573861621150314 0.4342526314365984 0
1.552351834233695 0.4344975642515952 0
1.530750058128575 0.4347993220833923 0
1.509071346484695 0.4351514458093018 0
1.487329873962807 0.435547095922597 0
1.465539172969324 0.4359785135570275 0
1.443712247375208 0.4364364122673692 0
1.421861713537203 0.4369096601231484 0
1.87647599314167 0.4646807074827246 0
1.86307501782281 0.4623796008880378 0
1.848097322888419 0.4608254925384913 0
1.831891096800979 0.45971982755624 0
1.814721447932428 0.4589148806502048 0
1.796782172473061 0.4583279987700135 0
1.778216268353422 0.4579086256575648 0
1.759131668132871 0.4576237486638596 0
1.739611831242518 0.4574507447221313 0
1.719722764635596 0.4573735359638639 0
1.699517753375332 0.45738036636651 0
1.679040622403168 0.4574624363034248 0
1.658328035875797 0.4576130209154098 0
1.637411163020433 0.4578268729672684 0
1.616316970386045 0.4580997896519665 0
1.595069442168238 0.4584282489918534 0
1.573691149665894 0.4588090188002526 0
1.552205068921896 0.4592387348010528 0
1.530626802944351 0.4597150717205902 0
1.508970737162113 0.4602353641574601 0
1.487250936126566 0.4607960006879321 0
1.465481014461794 0.4613916689320952 0
1.443674025264034 0.4620138919240114 0
1.421842619743268 0.4626479630903264 0
1.986822784477008 0.8158406853829908 0
1.979933818016421 0.7841625278259378 0
1.972444320463323 0.7534736896736112 0
1.964430968701788 0.7238790928242461 0
1.955990385482213 0.6954684095244856 0
1.947232286334456 0.6683160803153955 0
1.938274895443434 0.6424827645772131 0
1.929242397255405 0.6180179154814247 0
1.920264439051685 0.5949632995283324 0
1.911478002132293 0.5733574166973863 0
1.903032486158464 0.553240906297539 0
1.895099915019441 0.5346629821317147 0
1.887894427642579 0.5176878846485847 0
1.881710103382931 0.5023944213414563 0
1.876998354497537 0.488834612067008 0
1.959832258450181 0.8204166879426587 0
1.953376748125753 0.7896916825808807 0
1.946472114266819 0.7598357216707992 0
1.939171348347974 0.7309395936181404 0
1.93154840471337 0.7030832628548029 0
1.923692779342168 0.6763350079304955 0
1.915705803581446 0.6507516530337757 0
1.907698619798696 0.6263795937988467 0
1.89979195392302 0.603256325112582 0
1.892118010961814 0.5814121013754934 0
1.884825153958581 0.5608710765105634 0
1.878086564943548 0.5416504425468902 0
1.872114891470941 0.5237538249483886 0
1.867185885314614 0.5071493912243957 0
1.86367479255645 0.4917098170054229 0
1.933287301636186 0.8244848485384636 0
1.927265063991041 0.7945925590594952 0
1.920914321107615 0.7654618076333095 0
1.914271461087609 0.7371710731020951 0
1.907393537405755 0.7097909317285968 0
1.900354103012841 0.6833826367620319 0
1.893240260149573 0.6579974560000962 0
1.886150992986623 0.6336764830599528 0
1.87919690216677 0.6104505732321572 0
1.872501545253638 0.5883398894793898 0
1.86620468556534 0.5673521799442133 0
1.860467804720152 0.5474781542657208 0
1.855482043892454 0.5286808802010203 0
1.851477711717363 0.5108737663918806 0
1.848730753269455 0.493879476603022 0
1.907095860521488 0.8281045316617638 0
1.901511166142353 0.7989404478179623 0
1.895691724529532 0.7704410580105945 0
1.889662516369828 0.7426742095949435 0
1.883468125394285 0.7157017138174954 0
1.877169546584702 0.6895776166279531 0
1.870841822913445 0.6643469407636213 0
1.864572586147284 0.6400446530839282 0
1.858461574181096 0.6166945261028283 0
1.852621188399387 0.5943074059588414 0
1.847178095238508 0.5728781305637585 0
1.842275674797054 0.5523799224971726 0
1.838076567173339 0.5327545522186057 0
1.834763190625899 0.5138963131471438 0
1.832530826612461 0.4956293263609274 0
1.881185281894772 0.8313261956506065 0
1.876043848885184 0.8027998103632473 0
1.870738254633339 0.7748505005468554 0
1.865285918936574 0.7475369686570197 0
1.859722349642036 0.720913057545051 0
1.854098675445233 0.6950258973897065 0
1.848479720760717 0.6699143044441455 0
1.842942659476746 0.6456072431532083 0
1.837576265073888 0.6221220881956894 0
1.832480718744325 0.5994623138256676 0
1.827767811038331 0.5776140961980309 0
1.823561108340941 0.5565411744496152 0
1.819995127953435 0.5361773109661692 0
1.817211570168841 0.5164161907366315 0
1.815348963412552 0.4971004310011682 0
1.855499014857297 0.834193967668143 0
1.850806128014933 0.8062270855395876 0
1.845999850358241 0.7787578613192541 0
1.841092950054781 0.7518371348135864 0
1.836114470716345 0.7255116501905191 0
1.831107839405987 0.6998222037412563 0
1.826129280227533 0.6748018913552946 0
1.821246539241777 0.6504743316894391 0
1.816537902960865 0.626851686316192 0
1.812091422931098 0.603932237265706 0
1.808004126351045 0.5816972353433071 0
1.80438076529625 0.5601067491888896 0
1.801331291155277 0.5390944380264954 0
1.798965714138949 0.5185617568734598 0
1.797384454727003 0.4983733948539436 0
1.829994223928348 0.8367474317857515 0
1.825753370531795 0.8092727127732313 0
1.821433265763633 0.7822236229036433 0
1.817044160363323 0.7556442359747181 0
1.812610627075549 0.7295750728819275 0
1.80817014454391 0.7040513262567134 0
1.803771786982715 0.6791010875727436 0
1.799475011232964 0.6547435152804042 0
1.795348515963063 0.6309868449236748 0
1.791469080428645 0.6078261150995558 0
1.787920177787824 0.5852404887000037 0
1.784789996823327 0.5631901271347125 0
1.782168300059587 0.5416127941276817 0
1.780141345966924 0.5204208173069563 0
1.778784094598988 0.4994997770906389 0
1.804639443862652 0.8390229225227636 0
1.800851566008807 0.8119825916198188 0
1.797004866578298 0.7853025405331184 0
1.793108601118798 0.7590210074259377 0
1.789184361975333 0.7331731297493206 0
1.78526509908385 0.7077892772728489 0
1.781394042408527 0.6828933346786431 0
1.777623550602985 0.6585009252844803 0
1.774013883145207 0.6346175402524542 0
1.770631826719932 0.6112365287039239 0
1.767549017676263 0.5883369307159866 0
1.764839700660292 0.5658812220833868 0
1.762577569976364 0.5438132184892627 0
1.760831312961062 0.5220566800413068 0
1.759658646363776 0.5005155301153662 0
1.779412768796599 0.8410544034608418 0
1.776075770451968 0.8143991251102778 0
1.772689458262996 0.7880447612270733 0
1.769262982401932 0.7620245162930825 0
1.765816003224417 0.7363689333678982 0
1.762378084592713 0.7111043335332837 0
1.758987786156926 0.6862511866285834 0
1.75569155775685 0.6618224449980383 0
1.752542475016435 0.6378218490288894 0
1.749598780787463 0.6142422108150186 0
1.746922125379069 0.5910637111370863 0
1.744575338661994 0.568252317722744 0
1.742619538555378 0.5457585589315885 0
1.74111042468331 0.5235170591126461 0
1.740093794912542 0.5014474075063943 0
1.75429977703356 0.8428741201438144 0
1.751408581207316 0.8165619867804588 0
1.748469161984044 0.7904966658348958 0
1.74549082680778 0.7647070428034951 0
1.742491987959386 0.7392198077102762 0
1.739499756398183 0.7140579752499605 0
1.736549087030348 0.6892393452320996 0
1.73368167382149 0.6647749619046145 0
1.730944671347291 0.6406676084523117 0
1.728389233154921 0.616910369613493 0
1.726068798068294 0.5934853172159104 0
1.724037022988795 0.5703624258815937 0
1.722345265245677 0.5474989081239975 0
1.721039580750771 0.5248392526729447 0
1.720157355907671 0.5023163117488306 0
1.729291398199216 0.8445130951357612 0
1.726838737171911 0.8185087048944455 0
1.724332419567805 0.7927015245876479 0
1.721781693911185 0.7671167915916235 0
1.719204204739997 0.7417780531411931 0
1.716625441334017 0.7167057265252986 0
1.714077756525428 0.6919156293766227 0
1.711599194016213 0.6674175550131495 0
1.709232198820942 0.6432139442211406 0
1.707022201927139 0.6192986955889165 0
1.705016026673715 0.5956561670268748 0
1.703260052006695 0.5722604541312483 0
1.701798089320246 0.5490750822001498 0
1.700668990003277 0.5260533006184117 0
1.699904102949207 0.5031391860085308 0
1.704382095010949 0.8460015340933484 0
1.702360092724956 0.8202751394296127 0
1.700273270174266 0.7947000364471291 0
1.698130557030314 0.7692984878567178 0
1.695949406513575 0.7440916049239583 0
1.693754571419719 0.7190978999990996 0
1.691576806139699 0.6943318504112479 0
1.68945156820025 0.6698025643250537 0
1.68741772232818 0.6455126077707938 0
1.685516207310702 0.6214570318369468 0
1.683788607079491 0.5976226355070453 0
1.682275574198724 0.5739875156786051 0
1.681015088681857 0.5505209885849878 0
1.680040589114825 0.5271840014344458 0
1.679379059520834 0.5039301609780698 0
1.67956861216763 0.8473692408225467 0
1.677971369564473 0.8218959168331962 0
1.676291072128782 0.796530807952837 0
1.674537394210994 0.7712938985219879 0
1.672728717842692 0.7462046056446218 0
1.670890162647449 0.7212802459918974 0
1.669051944793589 0.6965345772369509 0
1.667247963281085 0.6719765183454676 0
1.66551453008119 0.6476091093759464 0
1.663889159998229 0.6234287367394535 0
1.662409340998612 0.5994246295092047 0
1.661111230110752 0.575578632088411 0
1.66002827389449 0.5518652822803922 0
1.659189817020213 0.5282522612327628 0
1.658619745917577 0.5047013012134449 0
1.654854610854978 0.8486458787474399 0
1.65367760215697 0.8234048502816288 0
1.652390784994827 0.7982308156156308 0
1.6510069766769 0.7731423062816586 0
1.649547208272074 0.7481579010112934 0
1.648038315338733 0.7232945013159858 0
1.646511092665513 0.6985657788653348 0
1.644998854886291 0.6739809102392091 0
1.643536263238677 0.6495436553542192 0
1.642158295135227 0.6252517844652488 0
1.64089925018987 0.6010968163510246 0
1.639791720823731 0.5770640081133893 0
1.638865542762641 0.5531325572867839 0
1.638146883214604 0.5292760402546774 0
1.637657614208771 0.5054631398447913 0
1.630254808851387 0.84986155230932 0
1.629491633891532 0.8248355102154841 0
1.628583298796241 0.7998359134391198 0
1.627548653622049 0.7748809549620388 0
1.626413435441431 0.7499894555878841 0
1.625207681197303 0.7251788238040601 0
1.6239638727474 0.7004633296538275 0
1.622715612715811 0.6758528176458938 0
1.621496650770762 0.6513519058373934 0
1.620340108774099 0.6269596519397562 0
1.619277769453429 0.6026695936770217 0
1.618339311599934 0.5784700049866314 0
1.617551494350005 0.5543442220616336 0
1.616937680430759 0.5302710447427732 0
1.616518590729138 0.5062251454878781 0
1.605795328263665 0.8510478460684302 0
1.605434483280975 0.8262220137951417 0
1.604885331043231 0.8013814079622656 0
1.604175909291412 0.7765454595443004 0
1.603338840381795 0.7517346655365008 0
1.6024088289472 0.7269680838570258 0
1.601421035357131 0.7022613530003315 0
1.600410044994281 0.6776253577340001 0
1.599409218782724 0.6530655711129062 0
1.598450267347137 0.6285820416932447 0
1.597562897346852 0.6041698772799584 0
1.596774305885775 0.579819905168018 0
1.596108320814355 0.5555191355735393 0
1.595584760816519 0.5312511986056 0
1.595221822343291 0.5069963559436251 0
1.581513718524173 0.8522391841362857 0
1.581535055901917 0.8276000090748972 0
1.581318815737927 0.8029026802000434 0
1.580905564774451 0.7781701446050786 0
1.580336900234566 0.7534265211474012 0
1.579653446690351 0.7286939636453235 0
1.578893774279243 0.7039903620909118 0
1.578093872477455 0.6793279578203257 0
1.577286952442837 0.6547128629712201 0
1.576503466420853 0.6301454961784105 0
1.575771255890581 0.6056217845607559 0
1.575115447893579 0.581134559202045 0
1.574557108542714 0.5566740337844408 0
1.574110397930865 0.5322286002118698 0
1.573772573917315 0.50778693294243 0
1.557459019326473 0.8534746235252613 0
1.557829264081832 0.8290078770298913 0
1.55790969561399 0.8044358220776592 0
1.557756522199903 0.779788248153598 0
1.557421964584283 0.7550955441328021 0
1.556953334319236 0.7303847879801679 0
1.55639290329478 0.7056771288717197 0
1.555778110244632 0.6809863986001892 0
1.555141903764047 0.6563188126555048 0
1.554513236825529 0.6316739800633404 0
1.553917952712606 0.6070473022723162 0
1.553379831482885 0.582433066389218 0
1.552918854729755 0.5578239671938665 0
1.552550061440639 0.5332114966353547 0
1.552283624436535 0.5085861825746129 0
1.533690004190129 0.8548003352567545 0
1.534358059181251 0.8304881962172791 0
1.534685894923269 0.8060182286478461 0
1.534747934663766 0.7814318897505583 0
1.534607720588115 0.7567693905685415 0
1.53431916299361 0.7320649800472366 0
1.53392787735319 0.7073441709920903 0
1.53347233921601 0.6826225388154229 0
1.532984759581285 0.657905449214282 0
1.532491803743758 0.6331895700836866 0
1.532016250648283 0.6084669995259945 0
1.531581534568581 0.583733683275287 0
1.531207012555785 0.5589844185029832 0
1.530907893250446 0.5342135667643771 0
1.530696780947869 0.5094154527567031 0
1.510274664237183 0.8562728261844799 0
1.511164394858577 0.8320894399453256 0
1.511674262779264 0.8076890133037118 0
1.51189670034593 0.7831316364237502 0
1.511905270640407 0.7584719684226588 0
1.511759020849493 0.7337540121918734 0
1.511505668420169 0.7090086905489171 0
1.511183828374766 0.6842535268978835 0
1.510824351319864 0.6594917499615307 0
1.510450357057706 0.6347136336544955 0
1.510077664717018 0.6099006692697215 0
1.509732606439082 0.5850541981859384 0
1.509433771962218 0.5601705860852469 0
1.509195126039935 0.5352466334591217 0
1.509029818074059 0.5102803203260937 0
1.487281540043033 0.8579636935214681 0
1.488286896342668 0.833867889968923 0
1.488895929354667 0.8094889935007077 0
1.489214191846891 0.7849153909562799 0
1.489320877670999 0.7602218658532766 0
1.489276839305508 0.7354647489811444 0
1.489129570221719 0.7106807477815946 0
1.488916408385304 0.6858901019371594 0
1.488666751727874 0.6610928493113991 0
1.488400439730809 0.6362698784157229 0
1.488111744308145 0.6113677338987769 0
1.487843163488368 0.5864123958804619 0
1.487610413590275 0.561398080665373 0
1.487423004824966 0.5363232901340662 0
1.487298891731413 0.5111860928489871 0
1.464769098266206 0.859966397750808 0
1.465750742175613 0.8358893019392362 0
1.466360190750317 0.811459694933071 0
1.466702412306463 0.7868061279951917 0
1.466853589107248 0.7620297848966767 0
1.466870909875401 0.7372012781606052 0
1.466798198064401 0.712360480577939 0
1.466669075115933 0.687533408411214 0
1.466512139353195 0.6627157775608412 0
1.466359382264822 0.6378943487993577 0
1.46612430981539 0.6128855135471077 0
1.465920740807666 0.5878263664627075 0
1.465747852728313 0.5626837266394243 0
1.465610593758121 0.5374485533901826 0
1.465518421108289 0.5121378259603568 0
1.442748471566656 0.8624104215717086 0
1.443553213564992 0.8382291613479989 0
1.444057208667341 0.8136403937568818 0
1.444350110065963 0.7888177239204195 0
1.44449314223617 0.7638943203394954 0
1.444532752545461 0.7389570510848179 0
1.444505360531721 0.7140342850998489 0
1.44443578024247 0.6891712114591459 0
1.444344431167888 0.664344894820676 0
1.444244672579289 0.6394465080538033 0
1.444105179023587 0.6144494340663526 0
1.443968605151326 0.5893151424659223 0
1.443853235922289 0.5640532755606036 0
1.443762915899413 0.5386416017558305 0
1.44370101626621 0.5131409184944288 0
1.421186666539287 0.8654877907025926 0
1.421657836661514 0.8409647050642812 0
1.421952750900625 0.8160615196411126 0
1.422130165831868 0.7909480250735271 0
1.422218832748465 0.7657938115939943 0
1.422246212582113 0.7407167558774059 0
1.422241316700487 0.7156682678965665 0
1.422213233855955 0.6907823813809841 0
1.422171911755681 0.6659292870002748 0
1.422124760054306 0.6410637955356511 0
1.4220777752787 0.6161126428902839 0
1.421997212021913 0.5909026951815267 0
1.421936476078834 0.565545917924215 0
1.421889965064266 0.5399187643437158 0
1.421858138344293 0.5142001645967954 0
1.976807207057081 0.03367896226621017 0
1.95217272476613 0.03274620033289073 0
1.927682360562775 0.03189834752456137 0
1.903369080166817 0.03113218881953178 0
1.879222203534751 0.03044256373163498 0
1.855297492611707 0.02982598242883101 0
1.831483051956545 0.02927464222161605 0
1.807732496329316 0.02878296443488815 0
1.78395451062946 0.02834506390441476 0
1.760026248494305 0.02795511878686392 0
1.735973621390543 0.02761019785623193 0
1.71169636037571 0.02730554048944596 0
1.687316506210893 0.0270391663488289 0
1.662836203928612 0.02680730704215099 0
1.638391925663966 0.02660718178283727 0
1.614137965019222 0.02643570410138056 0
1.589998717158674 0.02628811941399174 0
1.566026520931793 0.026160827812918 0
1.542108788650336 0.02604960190336236 0
1.518186364060909 0.02595070855307789 0
1.494300966441524 0.02586053848736736 0
1.470514917555685 0.02577438659698479 0
1.44683605734894 0.0256843261490136 0
1.42338663227358 0.02557975344276542 0
1.973941120489333 0.06706203062709981 0
1.949076782279689 0.0651966858116822 0
1.924473892810265 0.06351323991598258 0
1.90010481511731 0.06199844351899474 0
1.875942981635535 0.06063968979639058 0
1.851964905177776 0.05942504595536328 0
1.828114599707989 0.05834159412018059 0
1.804337361023582 0.05737746415744842 0
1.780570487774205 0.0565214446189848 0
1.756755524852325 0.05576336265860589 0
1.732868799457544 0.05509476565252294 0
1.708888435506885 0.05450747389162756 0
1.684844499210205 0.05399459081785633 0
1.66076626085968 0.05354894018752332 0
1.636713917936946 0.05316369420045122 0
1.612742713141531 0.05283177674028283 0
1.588853824702439 0.05254552282914363 0
1.565051003815325 0.05229774751293079 0
1.541302518419239 0.05208135590345418 0
1.517588585309204 0.05188971394416409 0
1.493920091404249 0.05171634228477634 0
1.470319127307342 0.05155394246254078 0
1.44679883723625 0.05139256583614803 0
1.423375782873449 0.0512157689652842 0
2.003664473568002 0.9155926352292437 0
1.998678402537053 0.8816841672510383 0
1.976469331192967 0.9167986763950321 0
1.97135690698635 0.8840726512605649 0
1.949457740862658 0.9178888105318976 0
1.944356965483219 0.8862161775828779 0
1.922580566025008 0.9188724442973555 0
1.917601107336321 0.8881393639777466 0
1.895798448745691 0.9197581788944695 0
1.8910310003016 0.889863366339908 0
1.869070389496228 0.9205544725851434 0
1.864602729206778 0.8914071821604024 0
1.842398152958748 0.9212684962659999 0
1.838291275477348 0.8927880695398963 0
1.815770299530351 0.9219080224896903 0
1.812079951298137 0.8940226515594188 0
1.789201591860432 0.922480482869956 0
1.785964971101717 0.8951269745451138 0
1.762717168847602 0.9229934511503614 0
1.759950328502236 0.8961169380631447 0
1.736328817001096 0.9234551542092017 0
1.734041679140909 0.8970086245015023 0
1.710116888489134 0.92387295887579 0
1.708249445553741 0.8978182050383292 0
1.68396352871222 0.9242576521289766 0
1.682539893663124 0.8985635196183259 0
1.657795460828206 0.9246194949987721 0
1.656892537059471 0.8992625672003796 0
1.631668237665263 0.9249678952534416 0
1.6313295625797 0.8999336345363218 0
1.605626180524555 0.9253142361980287 0
1.60588895984516 0.9005972404972979 0
1.57971640619122 0.9256727420743873 0
1.580625162072385 0.9012777089740054 0
1.554075291822815 0.9260610375606149 0
1.555625342460574 0.9020051367866123 0
1.528739104210395 0.9265057583359729 0
1.530980699623904 0.9028198523769336 0
1.504010643317653 0.9270413501258031 0
1.50685893517376 0.9037758131607996 0
1.480012044325118 0.9277245749808911 0
1.483433749560835 0.9049510405516541 0
1.457911696849626 0.9285686564960111 0
1.461060879616815 0.9064480269284115 0
1.437022141286249 0.9297091884930887 0
1.439705139847151 0.9084392861968418 0
1.418068662046397 0.9311973528338572 0
1.419438243011136 0.9113224435084527 0
6.666161807582389 0.4750000007744263 0
6.495194060739565 0.4750000015266925 0
6.320342952989476 0.4750000028345243 0
6.141347271559872 0.4750000051596832 0
5.959113459148197 0.4750000093695451 0
5.774487616561738 0.4750000170949996 0
5.588328010058776 0.4750000314839259 0
5.401205121992914 0.4750000591213784 0
5.213509605554703 0.4750001166225679 0
5.025523663989462 0.4750002610554122 0
4.837620379841349 0.4750007007173933 0
4.649960233151437 0.4750016716515376 0
4.463019048528233 0.4750044242828131 0
4.277624607163998 0.4749948546585539 0
4.095129806314445 0.4749291276434253 0
3.917086649571393 0.4748043885124357 0
3.745197015139857 0.4745967847318061 0
3.58133752464491 0.4742665317820544 0
3.42650510449765 0.4737473297172195 0
3.281223170336585 0.4729275413829242 0
3.144588592692179 0.4715945681850074 0
3.014756442051101 0.4692557906717574 0
2.887691084198443 0.4645548945796862 0
2.04934101933255 0.8399948906413532 0
2.078688754284042 0.8349675475507076 0
2.109176569340999 0.8292446835836453 0
2.141119855918806 0.8226738403534523 0
2.174882455129007 0.8150541462282567 0
2.210865282243733 0.8061228128172535 0
2.249437350232529 0.7955535989254796 0
2.290963956305411 0.782928281031297 0
2.335734147655525 0.7677292163968331 0
2.384049780893359 0.7492707850451162 0
2.436166132623304 0.7266482312175411 0
2.492370365520359 0.6985777377876206 0
2.552887327281945 0.6631547084566858 0
2.617832687033837 0.6171198253281632 0
2.686595889056809 0.5536633920891524 0
2.026428877817794 0.8790202751733076 0
2.031113118665274 0.9142596307260955 0
2.84055987442894 0.8117761328273992 0
2.822003538723911 0.6617506700023423 0
1.883542510520709 0.4766122600937844 0
1.995971751443096 0.1031430544433294 0
2.020839378114426 0.8444384586767427 0
2.755174973632045 0.4534444483531334 0
2 6 0 1365
7217
7218
7219
7220
7221
7222
7223
7224
7225
7226
7227
7228
7229
7230
7231
7232
7233
7234
7235
7236
7237
7238
7239
7240
7241
7242
7243
7244
7245
7246
7247
7248
7249
7250
7251
7252
7253
7254
7255
7256
7257
7258
7259
7260
7261
7262
7263
7264
7265
7266
7267
7268
7269
7270
7271
7272
7273
7274
7275
7276
7277
7278
7279
7280
7281
7282
7283
7284
7285
7286
7287
7288
7289
7290
7291
7292
7293
7294
7295
7296
7297
7298
7299
7300
7301
7302
7303
7304
7305
7306
7307
7308
7309
7310
7311
7312
7313
7314
7315
7316
7317
7318
7319
7320
7321
7322
7323
7324
7325
7326
7327
7328
7329
7330
7331
7332
7333
7334
7335
7336
7337
7338
7339
7340
7341
7342
7343
7344
7345
7346
7347
7348
7349
7350
7351
7352
7353
7354
7355
7356
7357
7358
7359
7360
7361
7362
7363
7364
7365
7366
7367
7368
7369
7370
7371
7372
7373
7374
7375
7376
7377
7378
7379
7380
7381
7382
7383
7384
7385
7386
7387
7388
7389
7390
7391
7392
7393
7394
7395
7396
7397
7398
7399
7400
7401
7402
7403
7404
7405
7406
7407
7408
7409
7410
7411
7412
7413
7414
7415
7416
7417
7418
7419
7420
7421
7422
7423
7424
7425
7426
7427
7428
7429
7430
7431
7432
7433
7434
7435
7436
7437
7438
7439
7440
7441
7442
7443
7444
7445
7446
7447
7448
7449
7450
7451
7452
7453
7454
7455
7456
7457
7458
7459
7460
7461
7462
7463
7464
7465
7466
7467
7468
7469
7470
7471
7472
7473
7474
7475
7476
7477
7478
7479
7480
7481
7482
7483
7484
7485
7486
7487
7488
7489
7490
7491
7492
7493
7494
7495
7496
7497
7498
7499
7500
7501
7502
7503
7504
7505
7506
7507
7508
7509
7510
7511
7512
7513
7514
7515
7516
7517
7518
7519
7520
7521
7522
7523
7524
7525
7526
7527
7528
7529
7530
7531
7532
7533
7534
7535
7536
7537
7538
7539
7540
7541
7542
7543
7544
7545
7546
7547
7548
7549
7550
7551
7552
7553
7554
7555
7556
7557
7558
7559
7560
7561
7562
7563
7564
7565
7566
7567
7568
7569
7570
7571
7572
7573
7574
7575
7576
7577
7578
7579
7580
7581
7582
7583
7584
7585
7586
7587
7588
7589
7590
7591
7592
7593
7594
7595
7596
7597
7598
7599
7600
7601
7602
7603
7604
7605
7606
7607
7608
7609
7610
7611
7612
7613
7614
7615
7616
7617
7618
7619
7620
7621
7622
7623
7624
7625
7626
7627
7628
7629
7630
7631
7632
7633
7634
7635
7636
7637
7638
7639
7640
7641
7642
7643
7644
7645
7646
7647
7648
7649
7650
7651
7652
7653
7654
7655
7656
7657
7658
7659
7660
7661
7662
7663
7664
7665
7666
7667
7668
7669
7670
7671
7672
7673
7674
7675
7676
7677
7678
7679
7680
7681
7682
7683
7684
7685
7686
7687
7688
7689
7690
7691
7692
7693
7694
7695
7696
7697
7698
7699
7700
7701
7702
7703
7704
7705
7706
7707
7708
7709
7710
7711
7712
7713
7714
7715
7716
7717
7718
7719
7720
7721
7722
7723
7724
7725
7726
7727
7728
7729
7730
7731
7732
7733
7734
7735
7736
7737
7738
7739
7740
7741
7742
7743
7744
7745
7746
7747
7748
7749
7750
7751
7752
7753
7754
7755
7756
7757
7758
7759
7760
7761
7762
7763
7764
7765
7766
7767
7768
7769
7770
7771
7772
7773
7774
7775
7776
7777
7778
7779
7780
7781
7782
7783
7784
7785
7786
7787
7788
7789
7790
7791
7792
7793
7794
7795
7796
7797
7798
7799
7800
7801
7802
7803
7804
7805
7806
7807
7808
7809
7810
7811
7812
7813
7814
7815
7816
7817
7818
7819
7820
7821
7822
7823
7824
7825
7826
7827
7828
7829
7830
7831
7832
7833
7834
7835
7836
7837
7838
7839
7840
7841
7842
7843
7844
7845
7846
7847
7848
7849
7850
7851
7852
7853
7854
7855
7856
7857
7858
7859
7860
7861
7862
7863
7864
7865
7866
7867
7868
7869
7870
7871
7872
7873
7874
7875
7876
7877
7878
7879
7880
7881
7882
7883
7884
7885
7886
7887
7888
7889
7890
7891
7892
7893
7894
7895
7896
7897
7898
7899
7900
7901
7902
7903
7904
7905
7906
7907
7908
7909
7910
7911
7912
7913
7914
7915
7916
7917
7918
7919
7920
7921
7922
7923
7924
7925
7926
7927
7928
7929
7930
7931
7932
7933
7934
7935
7936
7937
7938
7939
7940
7941
7942
7943
7944
7945
7946
7947
7948
7949
7950
7951
7952
7953
7954
7955
7956
7957
7958
7959
7960
7961
7962
7963
7964
7965
7966
7967
7968
7969
7970
7971
7972
7973
7974
7975
7976
7977
7978
7979
7980
7981
7982
7983
7984
7985
7986
7987
7988
7989
7990
7991
7992
7993
7994
7995
7996
7997
7998
7999
8000
8001
8002
8003
8004
8005
8006
8007
8008
8009
8010
8011
8012
8013
8014
8015
8016
8017
8018
8019
8020
8021
8022
8023
8024
8025
8026
8027
8028
8029
8030
8031
8032
8033
8034
8035
8036
8037
8038
8039
8040
8041
8042
8043
8044
8045
8046
8047
8048
8049
8050
8051
8052
8053
8054
8055
8056
8057
8058
8059
8060
8061
8062
8063
8064
8065
8066
8067
8068
8069
8070
8071
8072
8073
8074
8075
8076
8077
8078
8079
8080
8081
8082
8083
8084
8085
8086
8087
8088
8089
8090
8091
8092
8093
8094
8095
8096
8097
8098
8099
8100
8101
8102
8103
8104
8105
8106
8107
8108
8109
8110
8111
8112
8113
8114
8115
8116
8117
8118
8119
8120
8121
8122
8123
8124
8125
8126
8127
8128
8129
8130
8131
8132
8133
8134
8135
8136
8137
8138
8139
8140
8141
8142
8143
8144
8145
8146
8147
8148
8149
8150
8151
8152
8153
8154
8155
8156
8157
8158
8159
8160
8161
8162
8163
8164
8165
8166
8167
8168
8169
8170
8171
8172
8173
8174
8175
8176
8177
8178
8179
8180
8181
8182
8183
8184
8185
8186
8187
8188
8189
8190
8191
8192
8193
8194
8195
8196
8197
8198
8199
8200
8201
8202
8203
8204
8205
8206
8207
8208
8209
8210
8211
8212
8213
8214
8215
8216
8217
8218
8219
8220
8221
8222
8223
8224
8225
8226
8227
8228
8229
8230
8231
8232
8233
8234
8235
8236
8237
8238
8239
8240
8241
8242
8243
8244
8245
8246
8247
8248
8249
8250
8251
8252
8253
8254
8255
8256
8257
8258
8259
8260
8261
8262
8263
8264
8265
8266
8267
8268
8269
8270
8271
8272
8273
8274
8275
8276
8277
8278
8279
8280
8281
8282
8283
8284
8285
8286
8287
8288
8289
8290
8291
8292
8293
8294
8295
8296
8297
8298
8299
8300
8301
8302
8303
8304
8305
8306
8307
8308
8309
8310
8311
8312
8313
8314
8315
8316
8317
8318
8319
8320
8321
8322
8323
8324
8325
8326
8327
8328
8329
8330
8331
8332
8333
8334
8335
8336
8337
8338
8339
8340
8341
8342
8343
8344
8345
8346
8347
8348
8349
8350
8351
8352
8353
8354
8355
8356
8357
8358
8359
8360
8361
8362
8363
8364
8365
8366
8367
8368
8369
8370
8371
8372
8373
8374
8375
8376
8377
8378
8379
8380
8381
8382
8383
8384
8385
8386
8387
8388
8389
8390
8391
8392
8393
8394
8395
8396
8397
8398
8399
8400
8401
8402
8403
8404
8405
8406
8407
8408
8409
8410
8411
8412
8413
8414
8415
8416
8417
8418
8419
8420
8421
8422
8423
8424
8425
8426
8427
8428
8429
8430
8431
8432
8433
8434
8435
8436
8437
8438
8439
8440
8441
8442
8443
8444
8445
8446
8447
8448
8449
8450
8451
8452
8453
8454
8455
8456
8457
8458
8459
8460
8461
8462
8463
8464
8465
8466
8467
8468
8469
8470
8471
8472
8473
8474
8475
8476
8477
8478
8479
8480
8481
8482
8483
8484
8485
8486
8487
8488
8489
8490
8491
8492
8493
8494
8495
8496
8497
8498
8499
8500
8501
8502
8503
8504
8505
8506
8507
8508
8509
8510
8511
8512
8513
8514
8515
8516
8517
8518
8519
8520
8521
8522
8523
8524
8525
8526
8527
8528
8529
8530
8531
8532
8533
8534
8535
8536
8537
8538
8539
8540
8541
8542
8543
8544
8545
8546
8547
8548
8549
8550
8551
8552
8553
8554
8555
8556
8557
8558
8559
8560
8561
8562
8563
8564
8565
8566
8567
8568
8569
8570
8571
8572
8573
8574
8575
8576
8577
8578
8579
8580
8581
1.98832909458317 1.864057828518462 0
1.983584631381142 1.831554410256278 0
1.978051284718917 1.799961584509158 0
1.971767169021647 1.769426896300724 0
1.964805045818304 1.740081470950691 0
1.957263057017614 1.712038000472774 0
1.949257085794707 1.685391249034923 0
1.940914920816681 1.660220744671135 0
1.932372418293736 1.636595468875381 0
1.9237719317858 1.614580678194702 0
1.915263556424552 1.594247687145828 0
1.907010548095065 1.57568905846429 0
1.899202618865812 1.55904590994601 0
1.892087612109367 1.544566156798806 0
1.886049036691303 1.532743018095944 0
2.014466876190423 1.190133954661722 0
2.006970606880889 1.223055430947947 0
1.998663840450699 1.25482212342743 0
1.989671040950216 1.285314270678692 0
1.980129094090507 1.314435081832128 0
1.970180282003416 1.34210882866132 0
1.959967685762338 1.368277421020144 0
1.949632647424427 1.392895767712777 0
1.939314157713464 1.415926001211577 0
1.929150264215938 1.437330286435291 0
1.919282003454673 1.457061251320608 0
1.909861321480451 1.47504753159382 0
1.901067036637657 1.491167845658672 0
1.893140297551933 1.505195388332655 0
1.886469503610094 1.516664719836772 0
1.87265494598062 1.524355860329719 0
1.860221152470514 1.524079600106553 0
1.845691330222519 1.523783331662311 0
1.829737046578287 1.523481977715698 0
1.812733233511668 1.52318178271359 0
1.794914688420751 1.522884795029704 0
1.776441550024911 1.52259077045204 0
1.757428815763743 1.522298017424507 0
1.737960619238282 1.522003644447286 0
1.718095691483928 1.521703065977663 0
1.697861697870003 1.521387526446946 0
1.677217396319669 1.521034251745794 0
1.656713496212502 1.520765437745482 0
1.635979597660374 1.520481456531523 0
1.615048691837504 1.520182834002044 0
1.593950266043682 1.519870428293931 0
1.572710372653067 1.519545374326303 0
1.551352295745421 1.519209230962405 0
1.529896248748245 1.518863335487164 0
1.508360430774192 1.518509173355754 0
1.486760886937675 1.518147780111216 0
1.465112423811205 1.51777961081207 0
1.443428428420591 1.517403638816482 0
1.421720615918329 1.517016681755793 0
1.993349249301956 1.152210428302695 0
1.966229635234159 1.148662503168179 0
1.939562777533057 1.145500913857245 0
1.913233321463379 1.142679148042284 0
1.887138312948742 1.14015761930612 0
1.861199535214627 1.137903045935481 0
1.835373995620315 1.135887503509618 0
1.809635984676452 1.134085387750107 0
1.783973365283941 1.132472335709079 0
1.758377227967957 1.131024154276784 0
1.732837334553197 1.129716415950941 0
1.707348757686813 1.128524614332793 0
1.681917906291613 1.12742401009703 0
1.65655861345853 1.126388830365004 0
1.631292677923103 1.125391483823224 0
1.606154346350359 1.124401586362171 0
1.581198811068856 1.123384675898642 0
1.556505615314762 1.122300196988506 0
1.532184066460917 1.121098919107364 0
1.508374316498238 1.119719350904281 0
1.485199334865997 1.118079952535783 0
1.462793267133872 1.116073310986032 0
1.441163303629088 1.113544272285437 0
1.420280510068452 1.110309857424882 0
1.966683470577923 1.900433521326244 0
1.941463985848941 1.903239544048573 0
1.916555091872459 1.905760749653698 0
1.89189690888045 1.908022726328457 0
1.86744464483782 1.910047740255057 0
1.843165190730063 1.911855847555894 0
1.819035266342769 1.913465567351859 0
1.795039294963621 1.914894355415909 0
1.771167516026984 1.91615888964076 0
1.747415547687027 1.91727516048794 0
1.723781647271936 1.918258608987299 0
1.700266225550581 1.91912409605866 0
1.676865612458598 1.919886060170773 0
1.653574368492318 1.920558345365078 0
1.630377723415423 1.921154391095227 0
1.607256812928826 1.921687106059089 0
1.584183743920567 1.922169126434262 0
1.561133211692595 1.922612826572186 0
1.538090170301565 1.923030572286875 0
1.515048451042786 1.923435089834896 0
1.492013456189155 1.923839283982079 0
1.468992567121232 1.924254631870769 0
1.445983053916336 1.924569507953416 0
1.422988019465799 1.92491059940635 0
2.625220884169288 1.799336837695038 0
2.54418572666437 1.82827119896056 0
2.474407620358438 1.849419134214269 0
2.413479783969532 1.865484502648926 0
2.359552251080826 1.878021328395749 0
2.311688019181036 1.887949066847947 0
2.268777287053608 1.89597578681846 0
2.230059178260796 1.902563817004942 0
2.194676650476933 1.908078029486745 0
2.161998193526923 1.912764997653284 0
2.131397107880878 1.916817534931994 0
2.102402171486867 1.920368832477034 0
2.074594881791178 1.923520110859451 0
2.047663784380342 1.926341871102994 0
2.021378533816606 1.92888423135497 0
2.602491303748587 1.905978819381765 0
2.526496059355587 1.918078876889777 0
2.458909569909595 1.927515120350585 0
2.399931147915921 1.934794647557615 0
2.346953501000119 1.940623568257172 0
2.300863151528127 1.945183920015335 0
2.259413787501916 1.94891439109386 0
2.222675236313144 1.951939800602586 0
2.18901847788239 1.954496216682144 0
2.15821027649096 1.956660943355323 0
2.129205744011487 1.9585536420884 0
2.101699955810088 1.960221279084392 0
2.075096112316436 1.961720440001042 0
2.049112911857821 1.96307896375752 0
2.023527341260557 1.964317158561289 0
2.835063859897426 1.71949233617812 0
2.791314507270361 1.871876225477441 0
2.955141699323831 1.701859744282817 0
2.903968452307353 1.859128474597771 0
3.081682289114838 1.692803615607331 0
3.025995673072571 1.851133869369252 0
3.216113673628323 1.688170706801868 0
3.16071764225492 1.846498086764778 0
3.359406384626113 1.685812060798619 0
3.305049060430869 1.844051923861699 0
3.512953310202495 1.684605069149564 0
3.46351511973922 1.842804991297257 0
3.675862475960978 1.683983050191438 0
3.630503671930447 1.842205128286424 0
3.847779812123853 1.68365388145818 0
3.80821988242072 1.841913813243654 0
4.026400130880674 1.683482666198449 0
3.991272923259446 1.841776409160387 0
4.210067601139132 1.683389851280106 0
4.178958524528372 1.841708599419373 0
4.396787908296882 1.68333135652372 0
4.368741413452851 1.841671398381497 0
4.585724468892045 1.683332332284142 0
4.559544242000487 1.841665939182965 0
4.775555186838373 1.683332967776322 0
4.750841659293325 1.841666367887735 0
4.965760787373703 1.683333176550416 0
4.941990852984677 1.841666542168962 0
5.156018732161708 1.68333325484154 0
5.133047768956347 1.841666610214215 0
5.346037887283266 1.683333292118385 0
5.323648825948751 1.841666639021331 0
5.535673126961457 1.68333331134305 0
5.513934917674319 1.841666652478378 0
5.724662954340907 1.683333321504859 0
5.70364177070716 1.84166665919322 0
5.912713426947882 1.683333326942054 0
5.892757458449282 1.841666662683227 0
6.099327492129486 1.683333329870086 0
6.080886643796545 1.841666664531529 0
6.283961624303236 1.683333331468321 0
6.267804514640803 1.841666665531681 0
6.466043207623741 1.683333332353072 0
6.452785266340523 1.841666666080098 0
6.645720952485014 1.683333332848689 0
6.636340735739688 1.841666666382954 0
6.823393524626934 1.683333333138715 0
6.818482337068115 1.841666666555446 0
2.921680147586158 1.355752151638201 0
3.034695059683712 1.362960638886573 0
3.15607795080371 1.365932906728605 0
3.286580672196439 1.366969514883127 0
3.426527534325157 1.367193520298339 0
3.576919353461671 1.367121294370131 0
3.736853850101732 1.366978324316621 0
3.905845399519379 1.366849731037808 0
4.081775546100461 1.366759386555597 0
4.263077620709947 1.366700477053405 0
4.447824539493482 1.366661835195111 0
4.635101906120132 1.366664818211343 0
4.823537063458901 1.366666322573884 0
5.012666360993101 1.366666533764985 0
5.202035769860315 1.366666603452433 0
5.391310070568677 1.366666633307599 0
5.580231051299137 1.366666648553541 0
5.768450465060778 1.3666666567651 0
5.955432229120726 1.366666661246917 0
6.140175807269551 1.366666663695236 0
6.321542601128785 1.366666665045835 0
6.497355058962407 1.366666665799926 0
6.668470219314711 1.366666666231307 0
6.835270357733625 1.366666666494047 0
2.942102151253004 1.198722080448494 0
3.052506347140354 1.204084636783052 0
3.171198457341134 1.20678079787888 0
3.301515355404401 1.207973132076307 0
3.440971057805154 1.208400843831028 0
3.593463794312011 1.208494556541789 0
3.754511785237793 1.208468082319275 0
3.925875074056497 1.208417852920493 0
4.102984139361436 1.20837641679031 0
4.285569083106658 1.208347404309491 0
4.470859748795066 1.208330376808554 0
4.658406096566215 1.208332342658683 0
4.846842855697194 1.208333078120521 0
5.03578609374552 1.208333295799287 0
5.225075189977855 1.208333305394331 0
5.414268178652891 1.208333316645051 0
5.603218318822291 1.208333323923128 0
5.791621976640011 1.2083333281275 0
5.97903510062772 1.208333330478132 0
6.163948799572207 1.20833333176918 0
6.345435283730223 1.208333332484508 0
6.517188553268157 1.208333332879037 0
6.683649225885079 1.208333333106391 0
6.842987927361166 1.208333333244405 0
2.729095311120317 1.306662680392361 0
2.749515120275967 1.175658516139541 0
2.6495458165965 1.273780552943949 0
2.666418034363478 1.16107307245263 0
2.57739225816145 1.245265584459458 0
2.590067327948586 1.147492862104914 0
2.511582425831693 1.221658872113011 0
2.521157632590886 1.135938681948602 0
2.451203842967044 1.202341023212782 0
2.457613308218268 1.126211102053858 0
2.395863422027441 1.186612079446896 0
2.40022456973959 1.118307184815592 0
2.344989536019564 1.173742441342612 0
2.347266980192759 1.111767604826314 0
2.298380964744429 1.163201697680214 0
2.299680791647045 1.106493703693722 0
2.255550102841663 1.154496054693397 0
2.255923501810211 1.102123010577366 0
2.216282665944852 1.147283116460199 0
2.216891856557283 1.098590358158451 0
2.179995176981469 1.141229084034187 0
2.18091986743556 1.095621867442715 0
2.146275425770782 1.136099723285978 0
2.148185246825707 1.093149096638357 0
2.114514186563384 1.131682978004948 0
2.117306824681333 1.091006551114765 0
2.084252007442161 1.127831772303904 0
2.087915820753073 1.089132712214553 0
2.055077450593363 1.124434284609953 0
2.059352560038259 1.087460480043519 0
2.607626179479937 1.56413360917034 0
2.563365274743307 1.485118358288572 0
2.513109367981059 1.426195976194201 0
2.462190804398564 1.380685619517893 0
2.412687176127775 1.34457370617286 0
2.365427370800681 1.315375976347689 0
2.320713808440696 1.291445204090251 0
2.278607504008289 1.27162492428841 0
2.239030803482259 1.255061609061858 0
2.201825198051292 1.241106678657462 0
2.166767440889359 1.229252668979675 0
2.13359914691196 1.219100224228949 0
2.102043745966964 1.210333235728238 0
2.0718337416107 1.202704342813752 0
2.042727466799598 1.196021474779227 0
2.535029788784534 1.638695902088091 0
2.505995113676935 1.560759771988542 0
2.468087237836621 1.497820115606394 0
2.426381356541397 1.447209231529284 0
2.38375362854595 1.406148451794521 0
2.341707861925844 1.372463584246529 0
2.301002076937359 1.344545182661333 0
2.261991368978112 1.321199024958478 0
2.22480128640139 1.301521719837785 0
2.189419711597954 1.284816285443476 0
2.155746627057865 1.270535437983646 0
2.123628541841558 1.258245290820981 0
2.092883252206935 1.247600277115125 0
2.063320952126067 1.238325621115878 0
2.034759466114781 1.230203323890779 0
2.470004073497856 1.688496395673176 0
2.449725324806294 1.616835032087827 0
2.42099662281753 1.555170252050549 0
2.387286716462821 1.503268493695032 0
2.351193122930194 1.459838261494525 0
2.314387314159362 1.423433719796329 0
2.277870055144423 1.392776264189559 0
2.242208840702751 1.366816095232842 0
2.207698150516362 1.344709987297612 0
2.174459240479648 1.32578250986358 0
2.142501961643412 1.309490567790622 0
2.111765523309806 1.295395738402808 0
2.082146941895209 1.283143252250197 0
2.053522016665336 1.272445895998648 0
2.025760345841684 1.263071025532707 0
2.411961858181197 1.724241392203884 0
2.397026132825972 1.659059457792678 0
2.374724326659274 1.60069215794638 0
2.347342651967683 1.549742845830025 0
2.316909334963297 1.505842467674417 0
2.284945069204406 1.46820102802553 0
2.252487358319994 1.435939699737619 0
2.220201233530156 1.408238367271973 0
2.18848751970873 1.38438333141659 0
2.157565585777626 1.363771788863762 0
2.12753184549147 1.345900956793817 0
2.098400755042145 1.330353653687861 0
2.07013399755551 1.316784473304229 0
2.042661631909642 1.304907633558993 0
2.01589730060121 1.294486457741095 0
2.359823800144243 1.751317167785707 0
2.348345746890811 1.691783785569714 0
2.330557568908566 1.637148305848618 0
2.308022023397457 1.588187528089919 0
2.282262280345015 1.544974372491748 0
2.254545705992989 1.507156742847904 0
2.225826338134801 1.474192165861379 0
2.196774797634951 1.445492390098042 0
2.167836264395676 1.420496180548546 0
2.1392875031821 1.39869909295977 0
2.111283677243364 1.379661204613307 0
2.083894323865082 1.363004843794236 0
2.057130406174554 1.34840836320417 0
2.030964530022852 1.335598734210581 0
2.005345920334688 1.324344150911233 0
2.312669586766362 1.772592001950051 0
2.303493694038376 1.717828194307555 0
2.288924711015829 1.666772544168557 0
2.270079272000249 1.620160513893887 0
2.248100555639011 1.578244194389261 0
2.224007138061942 1.540925879114224 0
2.19862314663041 1.507903597238781 0
2.172570401316907 1.478782655389296 0
2.146292260172564 1.453145938891817 0
2.120087582758872 1.430592196829951 0
2.094143922119251 1.410753817945476 0
2.068565968026425 1.393302863952437 0
2.043398580063818 1.377950897385469 0
2.018644968998858 1.364445795184662 0
1.994280843844335 1.352567328738451 0
2.269730786865022 1.789754007812796 0
2.262093131713755 1.739014191495228 0
2.249851294638913 1.691207593663239 0
2.233829573290345 1.646974452608355 0
2.214894089846066 1.606622604275411 0
2.193852357015394 1.570191110447763 0
2.171393097964526 1.537536551609113 0
2.148065067627464 1.508410934346273 0
2.124281675481793 1.482519033961428 0
2.100338281916968 1.459555180409074 0
2.076433437609538 1.439224200994053 0
2.052689543122491 1.421251668137855 0
2.029171128914409 1.405387501404 0
2.005900366077304 1.39140573062042 0
1.98286999170687 1.379102305276813 0
2.230353232358877 1.803881648235468 0
2.223726128415797 1.756558490601706 0
2.21318301974889 1.71163892324525 0
2.199341507973403 1.669665672651931 0
2.182862913220574 1.630948898284662 0
2.164384214652912 1.595596827633453 0
2.144470682735755 1.563566475379661 0
2.123592259840544 1.53471578214165 0
2.102118621714425 1.508846773889264 0
2.08032570854221 1.485736641781292 0
2.058407766786332 1.465157731433429 0
2.036491114823575 1.446888888570522 0
2.01464770129399 1.43072067062279 0
1.992907738867185 1.416456531906047 0
1.971271308592173 1.403911707403951 0
2.193963327453269 1.815708307966113 0
2.187981950537991 1.771305301115899 0
2.17869020247122 1.728928576775414 0
2.166551413229983 1.689034760955023 0
2.152071929448535 1.651915050597327 0
2.135752902202539 1.617709813452975 0
2.118053536052551 1.586438520402212 0
2.099368950670547 1.558034083663312 0
2.080020973898914 1.532374077303215 0
2.060258088448128 1.509305294573311 0
2.040260774011604 1.488660931892748 0
2.02014949779614 1.470271142368213 0
1.999993808599271 1.453968205683963 0
1.979821996052958 1.439587646232703 0
1.959631401133737 1.426966708505367 0
2.160059172894165 1.8257521994578 0
2.154476582082757 1.783858981993219 0
2.146118355611923 1.74371289579826 0
2.135328479428595 1.705698168453419 0
2.122493750609187 1.670079991420931 0
2.108007527696278 1.63701103352336 0
2.092240721912787 1.606549215867975 0
2.075522128484757 1.578680292331757 0
2.058127593133336 1.55334008774762 0
2.040276001158332 1.53043329735352 0
2.022129748931433 1.509847499956759 0
2.003797814336413 1.491462119672069 0
1.985340395681105 1.475152579283469 0
1.966775097498417 1.46079011632978 0
1.948085582339258 1.448238068085948 0
2.128202262514503 1.83438966564267 0
2.122860918712047 1.794662652370527 0
2.115213802231322 1.756468895192788 0
2.105511804266315 1.72013264076028 0
2.094048731874556 1.685892086332223 0
2.081132713049183 1.653901639889017 0
2.067062746491028 1.624242518095084 0
2.052111518986665 1.596937745526719 0
2.036514256701352 1.571968084239558 0
2.020462390741311 1.549286431898373 0
2.004100434333595 1.528829199840161 0
1.987524640625248 1.510523813796387 0
1.970782675294706 1.49429172395103 0
1.953874770741366 1.4800463097841 0
1.936758755945611 1.46768517484624 0
2.098015802099476 1.84189811144875 0
2.092824739621848 1.804046773626614 0
2.085737142755943 1.767559003585879 0
2.076931733500245 1.732709586476372 0
2.066630171398853 1.699711132624888 0
2.055073711519779 1.668714106023521 0
2.042503923562841 1.639813170490523 0
2.029147846056957 1.613057397573742 0
2.015207297982998 1.588462023552186 0
2.000851413942288 1.566019917352494 0
1.986211036738854 1.545711396705855 0
1.971373461906617 1.5275112504801 0
1.956376317017151 1.511391641067533 0
1.941200574253931 1.497318918105546 0
1.925766074556465 1.485241341761788 0
2.069180450163151 1.84848432820891 0
2.064097625295865 1.812260941283069 0
2.057470139169008 1.777261809334427 0
2.049422170635514 1.743720836814103 0
2.040120122682768 1.711827196224641 0
2.029753434659646 1.681724219978429 0
2.018518717143464 1.653513221806784 0
2.006607187712823 1.627260716151227 0
1.994195073036862 1.6030075598669 0
1.98143615611562 1.580778791756453 0
1.968455104367737 1.560593186219326 0
1.955339585287863 1.54247151656659 0
1.942128451167237 1.526441933625997 0
1.928792935943875 1.512539304670971 0
1.915210309986028 1.500792199601213 0
2.041431221267859 1.854303438600624 0
2.036448160731594 1.81949558333529 0
2.03021877892026 1.785793748619664 0
2.02282750534178 1.753397884969681 0
2.014399267363889 1.722475925579688 0
2.005083979902611 1.693162140693809 0
1.995043707542061 1.665559424414669 0
1.98444240861652 1.639744599089259 0
1.973437998919479 1.615775895440767 0
1.962176113399733 1.593702005912957 0
1.950784372298777 1.573572407066871 0
1.939364900866428 1.555448799821613 0
1.927980612713686 1.539417068046055 0
1.916626042303883 1.525597124274465 0
1.905165193396049 1.514142809931591 0
2.01455257377175 1.859472685153889 0
2.009681540363464 1.825897457491062 0
2.003813891691828 1.793324835091454 0
1.997006203425149 1.761926353045964 0
1.989352982049135 1.731850711777972 0
1.980974457684978 1.703221860557561 0
1.972006492003453 1.676140265746883 0
1.962592611681803 1.650686824530992 0
1.952878113829331 1.626929024084283 0
1.943006031712466 1.604929274942508 0
1.933114476235744 1.584755934096182 0
1.923334212114478 1.56649848361916 0
1.913783191264964 1.550289652764734 0
1.904546970535952 1.536338035285738 0
1.895604500887835 1.524971006155389 0
1.986994054574571 1.18493026710374 0
1.96011035384387 1.180317545307579 0
1.933694684004593 1.176220630099964 0
1.907641346600488 1.17257668143427 0
1.88186047919073 1.169332394396197 0
1.856281257984369 1.166442084327178 0
1.830853500068804 1.163865881809019 0
1.805542653832733 1.161567652911598 0
1.780325909006534 1.15951362295424 0
1.75518772809302 1.15767137434434 0
1.730117734637135 1.156009279221913 0
1.705112097377724 1.154496202717477 0
1.680175228329337 1.153101106772052 0
1.655319498995748 1.15179240028951 0
1.630565916559607 1.150537179625356 0
1.605946215855978 1.14930030215421 0
1.581505788433185 1.148043208678387 0
1.557304892060692 1.146722350263479 0
1.533418184792511 1.145287187219939 0
1.509929486124339 1.143677469013179 0
1.486914230687181 1.141818784859485 0
1.464431289720998 1.139616383488504 0
1.442486142851349 1.136939771278933 0
1.421038160664901 1.133591460829191 0
1.979941330425981 1.216752640805967 0
1.953476658225211 1.211178825043651 0
1.927467398358314 1.206241345466155 0
1.901818655672241 1.201862255396854 0
1.876450006899561 1.197974975511561 0
1.851296124243316 1.194521772052675 0
1.826306658565196 1.191451659216188 0
1.801444247776445 1.188718559019548 0
1.776682203694078 1.186279909593428 0
1.752002240583023 1.184095647158443 0
1.727393164354128 1.182127503211722 0
1.702850807718521 1.180338481877814 0
1.67837834549556 1.178692338073255 0
1.653986334984247 1.177152963962363 0
1.629693005636067 1.175683690769628 0
1.605524900475939 1.174246482662556 0
1.581517447863045 1.172800994420491 0
1.557714482582348 1.171303473643173 0
1.534166077434618 1.169705548625146 0
1.510923498912042 1.167952961294012 0
1.488030091368289 1.165984379711711 0
1.465512260834523 1.163731103155931 0
1.443365834609952 1.161118692030615 0
1.421551730505027 1.158076749384822 0
1.972263734446614 1.247559197029424 0
1.946375793805054 1.241147515401525 0
1.920905327314154 1.235479977566064 0
1.895769298417012 1.230465459584223 0
1.870896581133715 1.226025344159665 0
1.84622814620265 1.222090847046262 0
1.821716798732518 1.218600881201529 0
1.797326201273981 1.215500321579007 0
1.773029572522784 1.212738652401426 0
1.748808388860342 1.210268935794358 0
1.724651451542127 1.208047026821267 0
1.700554432228345 1.206030936286419 0
1.676519661227647 1.204180240664874 0
1.652555934956911 1.202455478074543 0
1.628678367942226 1.200817511527614 0
1.604908221520726 1.199226850329267 0
1.581272435315136 1.197642934451573 0
1.557802404184179 1.196023416559798 0
1.534531588000968 1.194323540693071 0
1.511491548231272 1.192495829897023 0
1.488706328732279 1.19049056552671 0
1.466186298513952 1.188258239737048 0
1.443921459818038 1.185756490454793 0
1.421877081620562 1.182967131405122 0
1.96405339198528 1.277246392388749 0
1.938873847169227 1.270134214864439 0
1.914053029518906 1.263859318182927 0
1.889520346779997 1.258319558764683 0
1.865214501486856 1.253425816704772 0
1.841083870116435 1.2490994901977 0
1.817086452158383 1.245270499865095 0
1.793189386550459 1.241875682270681 0
1.76936820106283 1.238857505844761 0
1.745605989076891 1.236163046806828 0
1.721892689689253 1.233743160522644 0
1.698224539724065 1.231551780811066 0
1.674603637968534 1.229545287115321 0
1.651037531115165 1.227681900589944 0
1.627538764799756 1.225921092691628 0
1.604124305736455 1.224223004652031 0
1.580814664426664 1.222547892490034 0
1.557632492250452 1.220855636746262 0
1.534600455012836 1.219105396487715 0
1.511738273531984 1.217255554967772 0
1.489059045179148 1.215264245147346 0
1.466565346156221 1.213091093141497 0
1.44424562543934 1.210701821003767 0
1.422071953364966 1.208081100296315 0
1.955416781832234 1.305726716045326 0
1.93105283371744 1.298060781151345 0
1.906972620405471 1.291310240141025 0
1.883117914671022 1.285363835658202 0
1.859437607037828 1.280123361449943 0
1.835888359233124 1.275501565948421 0
1.812434766238074 1.271420436967937 0
1.789049134378847 1.267809775662389 0
1.765711008219596 1.264606002537773 0
1.742406579739773 1.261751151330753 0
1.719128087141678 1.259192010316884 0
1.695873254783091 1.256879372766755 0
1.6726447652029 1.254767364396639 0
1.649449722097792 1.252812826741822 0
1.626299052258708 1.250974747549118 0
1.603206772718096 1.249213739768319 0
1.580189022259477 1.247491581181838 0
1.557262747214461 1.245770837548234 0
1.534443963454618 1.244014599197035 0
1.511745593001635 1.242186347246336 0
1.489175004205555 1.240249874028605 0
1.466731547477805 1.238168807081682 0
1.444404464514986 1.235903865593945 0
1.422171681340674 1.233400661048536 0
1.946470041161285 1.332928287021311 0
1.923007376691022 1.324860959482176 0
1.899740884613794 1.317773005170432 0
1.876624055429493 1.311545299233192 0
1.853616035265738 1.306071513391581 0
1.830682408791622 1.301256621441309 0
1.807795430245047 1.297015563227447 0
1.784933876963763 1.293272026985988 0
1.762082668072661 1.289957339056424 0
1.739232361005476 1.287009458411837 0
1.716378604327843 1.28437207183261 0
1.693521586335276 1.281993782035603 0
1.670665482986115 1.279827380133769 0
1.647817884521505 1.277829196231792 0
1.624989165056055 1.275958526117088 0
1.602191745800181 1.274177136456254 0
1.579439194128071 1.27244885555069 0
1.556745107250086 1.270739260291194 0
1.534121759148768 1.269015468609236 0
1.511578543923372 1.2672460329081 0
1.489120324168224 1.265400894205786 0
1.466745872693413 1.263451310105334 0
1.444446645577407 1.261369783147161 0
1.422206139859012 1.259131310967863 0
1.93733554540434 1.358793156393275 0
1.914842086293407 1.350480018936063 0
1.89244699563148 1.343197876122336 0
1.870114510265329 1.336819955185511 0
1.847813974396962 1.331232046835882 0
1.825520471859068 1.326331768901372 0
1.803214889870145 1.322027647088422 0
1.78088364976256 1.318238072654969 0
1.758518263500889 1.314890215378558 0
1.736114815628666 1.311918957381552 0
1.713673425564052 1.309265891363475 0
1.691197711905739 1.306878407317313 0
1.66869425810598 1.304708879100167 0
1.646172066004002 1.302713955826089 0
1.623641974137846 1.300853960154442 0
1.601116007461851 1.299092394123345 0
1.578606622614511 1.297395553899741 0
1.556125824279188 1.29573225643935 0
1.533684154288871 1.294073680908798 0
1.51128959313485 1.292393323251637 0
1.488946457982731 1.290667052285453 0
1.466654422008485 1.28887324143147 0
1.444407802389708 1.286992926057377 0
1.422195259138829 1.285009795650989 0
1.928140062602129 1.383274572137154 0
1.906670147411744 1.374873649374817 0
1.885191227160322 1.367545289592113 0
1.863677333813972 1.361153871798936 0
1.842108153560785 1.355576592185248 0
1.8204690777161 1.35070358505217 0
1.798750770858021 1.346437346053973 0
1.776948554584139 1.342691722496909 0
1.755061765126984 1.33939070325029 0
1.733093151734606 1.336467170916561 0
1.711048329175149 1.333861713870047 0
1.688935271323012 1.331521549219418 0
1.666763827163634 1.329399580312268 0
1.644545247250707 1.32745359888266 0
1.622291709405407 1.325645633888832 0
1.600015814922978 1.323941440906249 0
1.577730022640118 1.322310124503843 0
1.555446003432787 1.32072388926681 0
1.533173923607772 1.319157919246819 0
1.510921694681037 1.317590390406618 0
1.48869425447963 1.316002631191057 0
1.466492965633339 1.31437947322719 0
1.444315226608037 1.312709880221636 0
1.422154383057897 1.31098791759625 0
1.919014719235943 1.406333362742956 0
1.898613466898103 1.398006393287837 0
1.87808491412657 1.390785925989508 0
1.857412463076989 1.384524364527774 0
1.836586986922984 1.379088457081213 0
1.815605631186329 1.374360208504481 0
1.794470448251578 1.370236344068713 0
1.773187194735619 1.366627002511496 0
1.751764389375782 1.363454132743054 0
1.730212611060882 1.360649872596333 0
1.708543966846272 1.358155049714841 0
1.686771651094145 1.355917862229572 0
1.664909541795286 1.353892757369503 0
1.642971830348336 1.352039514609382 0
1.620972706918681 1.350322533311392 0
1.598926058784484 1.3487103011237 0
1.576845127221001 1.347175018355856 0
1.554742098190833 1.345692363545587 0
1.53262763746853 1.344241394328451 0
1.510510407483518 1.342804584409036 0
1.488396620315255 1.341368011173878 0
1.466289690386245 1.339921760077559 0
1.444190051473893 1.338460804655308 0
1.422095196780709 1.33698732825305 0
1.910097196517783 1.427933470358125 0
1.890804814268239 1.419849974818171 0
1.871251933669404 1.412901187972383 0
1.851432299229857 1.406921785350945 0
1.831350297895404 1.401765024076249 0
1.811017465991473 1.397303875589083 0
1.790449648514397 1.393429761970971 0
1.769665012357254 1.390050321122283 0
1.748682800360452 1.38708698308872 0
1.727522614720463 1.384472718835639 0
1.706204008610743 1.382150089012332 0
1.684746190403447 1.380069605968107 0
1.663167718018519 1.37818838508871 0
1.64148621953731 1.376469080025597 0
1.619718308958971 1.37487911921345 0
1.597879572456138 1.3733901718232 0
1.575984494461179 1.371977783841787 0
1.554046282749451 1.370621157765422 0
1.532076615558153 1.369303065978068 0
1.510085360212676 1.368009886119114 0
1.48808031858799 1.36673172557234 0
1.466067052414646 1.365462544693164 0
1.444048834377753 1.36420002579962 0
1.4220267570817 1.362944383861188 0
1.901537051677527 1.448036540680442 0
1.883392666935353 1.440382177688219 0
1.864832039640781 1.433884968913115 0
1.845863310248661 1.428352676431973 0
1.826509443577152 1.423621240742676 0
1.806800914129122 1.419554181146423 0
1.786770871875408 1.416038960100149 0
1.766452374983562 1.412982773503307 0
1.745877057221965 1.410308734367573 0
1.725074672310754 1.407952721465404 0
1.704073067088826 1.405860873715445 0
1.682898195164968 1.403987600653707 0
1.661573871706068 1.402293967444469 0
1.640121382859939 1.400746426416498 0
1.618559809807103 1.399316070411707 0
1.596906493722874 1.397978161067491 0
1.575177305844198 1.396711805011478 0
1.553386694552628 1.395499755058641 0
1.531547591825547 1.39432834442322 0
1.509671268126701 1.393187556372169 0
1.487767204021695 1.392071203217462 0
1.465843028020195 1.390977127181258 0
1.443904555485932 1.389907236850576 0
1.421955948506518 1.388867268015764 0
1.893506098407149 1.466595523829628 0
1.876549978748964 1.459587760165673 0
1.858986413414547 1.453748354201042 0
1.840848450404357 1.448845469379595 0
1.82218739567957 1.444694855667643 0
1.8030599316082 1.441152328753595 0
1.783521270918144 1.438104768734058 0
1.763622175256452 1.435462510659504 0
1.743408179957376 1.433153569338172 0
1.722919977366058 1.431119443274363 0
1.702194287673085 1.42931210393834 0
1.681264570035747 1.42769175728081 0
1.660160689123686 1.426224946208182 0
1.638907313891629 1.424882815090455 0
1.617525410212454 1.423640657320345 0
1.596033661292958 1.422477664060565 0
1.574449156800029 1.421376673062303 0
1.552787580704804 1.420323979896416 0
1.531063175028873 1.419309282838075 0
1.509288648002755 1.418325808595471 0
1.487475108876185 1.417370644540981 0
1.465632071990225 1.416445250796551 0
1.443767555307172 1.415555833133298 0
1.421888289538016 1.414711831107541 0
1.886218019382645 1.483548307989324 0
1.870488869118232 1.477465172098984 0
1.853905578014375 1.472530352013913 0
1.836549621490458 1.468460436341962 0
1.818517795163478 1.465054046518714 0
1.799903450592581 1.462166425827806 0
1.780789422695845 1.459690949017656 0
1.761246647113055 1.45754691619197 0
1.741335255242558 1.455671701161541 0
1.721106718626852 1.45401574641239 0
1.700606507924995 1.452539418386239 0
1.679876640013786 1.451210975419726 0
1.658955503692942 1.45000456692965 0
1.637869383531632 1.448896574773014 0
1.616639255214318 1.447866733471942 0
1.595284124297146 1.446898380571249 0
1.573821903124443 1.445978222330747 0
1.552269408986029 1.445096068797454 0
1.53064217531321 1.444244720859413 0
1.508954306893897 1.443420101296274 0
1.48721842099654 1.44262174312941 0
1.465445683007691 1.441853971665295 0
1.443645936035195 1.441128823663413 0
1.421827966168432 1.440474255114816 0
1.879966236766055 1.498818360659178 0
1.865484186868537 1.494048673705753 0
1.849818754914133 1.490320106357681 0
1.833147994224303 1.487305830231665 0
1.815640983254568 1.484807555558087 0
1.797440088317056 1.482697261350425 0
1.778660227170213 1.480887206071524 0
1.759393111907937 1.479314021785215 0
1.739712211408061 1.477929947648292 0
1.719677552455057 1.476697910035411 0
1.699341148886737 1.475589012655824 0
1.678754765680037 1.474581964490437 0
1.657976939182279 1.473663069250192 0
1.63702683329854 1.472812625091108 0
1.615920867139256 1.472014387243954 0
1.594676975044637 1.471255990276485 0
1.573313683488403 1.47052821633233 0
1.551849022587511 1.469824428867264 0
1.530299872374522 1.469140272896728 0
1.50868169962769 1.468473646421707 0
1.487008488702993 1.467824875726671 0
1.465292813884607 1.467197122546321 0
1.443545970805362 1.466596910954731 0
1.421778246286906 1.466033943202197 0
1.875201118368058 1.512356533910623 0
1.861909543017807 1.509468805815803 0
1.84699992063168 1.507298214958517 0
1.830836689293548 1.505560604403807 0
1.813693306070167 1.504115560777007 0
1.795768273741489 1.502882671977102 0
1.777207109603002 1.501810294739078 0
1.758118496235594 1.500862170714272 0
1.738584793616466 1.500010997666367 0
1.718668925298934 1.499235071595766 0
1.698420851268909 1.498516878567424 0
1.677894840356355 1.497845558184256 0
1.657230896927514 1.497236265134411 0
1.63639268109645 1.49666186891829 0
1.615385776243051 1.496109409259502 0
1.594227848901107 1.495571521310065 0
1.572939232829312 1.495043620996948 0
1.551539881979295 1.494522897888326 0
1.530048264669464 1.494007801709092 0
1.508481216469707 1.49349792611091 0
1.486853916851845 1.492993831875121 0
1.465180102210371 1.492496856973134 0
1.443472078451594 1.492008405661374 0
1.421742472927536 1.49153610578282 0
1.96271089255807 1.868179473591036 0
1.95813058498204 1.836614878224693 0
1.952930103955949 1.80587532722303 0
1.947135771638195 1.776088367604701 0
1.940805039872768 1.747369374786643 0
1.934019746028794 1.719819554888619 0
1.926880515922272 1.693525802315393 0
1.919502670633288 1.668562198532225 0
1.912013996795257 1.644992962020048 0
1.904554900194447 1.622876755650365 0
1.897281895105057 1.602272392926873 0
1.890376389465974 1.583245993854949 0
1.884062992393571 1.565878686649554 0
1.878646680677706 1.550268167300454 0
1.874591386085424 1.53649045749961 0
1.93754422843175 1.871865604168043 0
1.93315514384504 1.841121026375675 0
1.928282695226014 1.811122191926087 0
1.922945978012406 1.781979599099343 0
1.917191838039064 1.753794361051476 0
1.911089988355888 1.726656196518127 0
1.90472898432886 1.700642729507108 0
1.898213416829091 1.675819887216185 0
1.891662697976009 1.652243120364531 0
1.885211938570859 1.629959058486503 0
1.879015700780625 1.609006921052767 0
1.873255938137125 1.589418181147829 0
1.868156294869392 1.571210711282785 0
1.864006119204356 1.55436778161516 0
1.861198731043014 1.538778880351819 0
1.912742547063763 1.87516165970719 0
1.908569315672347 1.845133652878338 0
1.904022239845116 1.815777368183903 0
1.899116434131097 1.787188728548869 0
1.893891510845056 1.759455996552492 0
1.888408052451959 1.732657783549967 0
1.882744729081129 1.706861911486889 0
1.876996349535427 1.682124911906999 0
1.871273136976823 1.658491832329061 0
1.865701562965084 1.635995824797694 0
1.860427145881038 1.614656607770244 0
1.855619665626579 1.594476117978781 0
1.851481069787285 1.575428188459586 0
1.848255349359851 1.557436683706825 0
1.846235930797414 1.540334287613657 0
1.888237374255054 1.878105993641859 0
1.884300806952623 1.848704252663557 0
1.880076681401036 1.819905041250873 0
1.875578432051483 1.791791759047887 0
1.870840847466719 1.764441170946568 0
1.865917523444638 1.737921474039917 0
1.860878781740999 1.712290865312492 0
1.855810249635588 1.687596407569668 0
1.850812275736844 1.663872874055663 0
1.84600032898802 1.641141072445458 0
1.841506452629579 1.619404861400099 0
1.837481629381362 1.5986456348897 0
1.834098342565379 1.57881250373999 0
1.831551203316799 1.559806151938113 0
1.830050152181542 1.541455872838158 0
1.863975023618823 1.88073185682419 0
1.860291299621841 1.851877442675563 0
1.856386698527541 1.823560999981926 0
1.85227457907265 1.795855122294413 0
1.847986623723792 1.76882636792168 0
1.843570996211829 1.742533428601898 0
1.839090816675014 1.717025547116023 0
1.834623055501753 1.692341014573159 0
1.830257915332568 1.668505485909797 0
1.82609870562027 1.645529729546686 0
1.822262078418686 1.62340627457864 0
1.818878214372142 1.602104272825293 0
1.816089992358702 1.581561894424909 0
1.814049135319444 1.56167610823194 0
1.812905575417533 1.542291591224479 0
1.839913858873624 1.883068825082663 0
1.836494166846124 1.854692687536468 0
1.832903905187225 1.826794522988957 0
1.829157477287901 1.799437564204747 0
1.825284682510604 1.772679377573547 0
1.821329400666157 1.746570172515025 0
1.817348467562016 1.721151192156373 0
1.813410766864675 1.696453060897511 0
1.809596531277014 1.672493905179769 0
1.805996775686319 1.649276999663251 0
1.80271265135326 1.626787642975007 0
1.799854274906483 1.604988989768042 0
1.797538200300023 1.583816779623403 0
1.795882142474549 1.563173529088088 0
1.794994974326586 1.542924084014908 0
1.81602217583148 1.885143776691054 0
1.812872553507594 1.857185512407348 0
1.809589244492348 1.829649734377829 0
1.806188442089106 1.802591536499586 0
1.802698917295298 1.776060614999452 0
1.799161122368903 1.750099746749871 0
1.795626379462449 1.724743244169263 0
1.792156122820455 1.700015309759296 0
1.7888211428895 1.675928182605421 0
1.785700725024552 1.652479947887683 0
1.782881475219513 1.629651893064281 0
1.780455471797032 1.607405386264698 0
1.778517176798166 1.585678497632827 0
1.777158327229794 1.564383073023361 0
1.776459968856229 1.543403725026665 0
1.792276328461694 1.886981558685157 0
1.789397693191844 1.859388347101372 0
1.786411529294174 1.83216657573869 0
1.783336270053909 1.805364232945888 0
1.780200221513819 1.779024160786953 0
1.777041036456604 1.753182715605206 0
1.773905178599119 1.727868344215257 0
1.770847307562496 1.703100042192171 0
1.767929516289381 1.678885649438121 0
1.765220318450688 1.655219941796665 0
1.762793223462174 1.632082516095988 0
1.760724664106323 1.609435569878614 0
1.759090984198549 1.58722188421053 0
1.757964202198034 1.565363651350205 0
1.757406392050282 1.543763179350443 0
1.768659093973322 1.888605419104828 0
1.766047397808522 1.861331104800511 0
1.763346093163341 1.834381504280847 0
1.760576060045413 1.807798372671523 0
1.757765446749425 1.781618602555191 0
1.754949533673453 1.755873063580774 0
1.752170468253133 1.730585326862804 0
1.749476801962744 1.70577027554095 0
1.746922769849323 1.681432602513415 0
1.744567233745458 1.657565210771671 0
1.742472181253065 1.634147574750947 0
1.740700661120319 1.61114421055708 0
1.739314093069807 1.588503558668282 0
1.738369100507681 1.566157815008015 0
1.737914405938477 1.544024508829248 0
1.74515831980753 1.890037268398483 0
1.742804661792963 1.863041575798671 0
1.740373519844393 1.8363280000279 0
1.737888089382713 1.809932805377351 0
1.735376399416583 1.783887731523081 0
1.732871588048039 1.758218997273418 0
1.730411906849031 1.732946177642999 0
1.728040416222449 1.708080981215901 0
1.725804339785219 1.683625958504998 0
1.723754028005237 1.659573188112198 0
1.72194146303741 1.635903022985787 0
1.72041824870048 1.612583042659502 0
1.719233145046701 1.589567461733407 0
1.718429627168321 1.56679742324402 0
1.718045176070095 1.544202972972708 0
1.721765209916255 1.891297862176513 0
1.719656239759891 1.864545704153968 0
1.717478418971966 1.838036944615471 0
1.71525675018594 1.811802992662681 0
1.713018899336837 1.785871131408557 0
1.710795897064926 1.760263661570744 0
1.708622392435819 1.734996920914293 0
1.706536496258301 1.710080221867239 0
1.704579223030797 1.685514754421769 0
1.702793508643481 1.661292514712741 0
1.701222750415683 1.637395342002541 0
1.69990879499588 1.613794177473189 0
1.698889319849191 1.590448694632713 0
1.698194814738367 1.567307516256606 0
1.697847197025788 1.544309623145683 0
1.6984727549824 1.89240690362085 0
1.696591252593529 1.865867785002924 0
1.694648266797894 1.83953691511954 0
1.692669567555226 1.813441404067682 0
1.690681924356535 1.787604686153295 0
1.688714115534488 1.762045777920695 0
1.68679736185452 1.736778422472003 0
1.684965281417923 1.711810169741225 0
1.683253414005059 1.687141447093906 0
1.681698315089839 1.662764684547228 0
1.680336170224695 1.638663568122341 0
1.679200797894685 1.614812493508225 0
1.678320666484854 1.591176242839994 0
1.677713579016968 1.567709647972923 0
1.677373131799555 1.54435574357552 0
1.675273397405975 1.893383144261829 0
1.673599777487918 1.867030621054558 0
1.671872352817956 1.840854425828516 0
1.670116336943653 1.814877855988424 0
1.668356868374335 1.789121026255475 0
1.666620200107999 1.763600212979182 0
1.664934207329324 1.738327103261511 0
1.663328393792832 1.713307995599677 0
1.661833479156352 1.688543007989648 0
1.660480589475353 1.664025359705914 0
1.659300027337062 1.639740795051586 0
1.658319544697273 1.615667207931764 0
1.657561950247015 1.591774497080122 0
1.657041768054643 1.568024624084739 0
1.65676121570296 1.544371904600156 0
1.652158103740914 1.894244411152526 0
1.6506718417105 1.868055647653451 0
1.649140958819661 1.842014139786941 0
1.647588436976127 1.816139814074827 0
1.646036941985098 1.790449929231661 0
1.644509878105794 1.764958486817264 0
1.643031811705176 1.739675568708764 0
1.641628449720142 1.714606634653171 0
1.640326258146893 1.689751835847088 0
1.639151753001419 1.665105416887068 0
1.638130470666007 1.64065527514656 0
1.637285622453778 1.616382733842369 0
1.636636491221571 1.592262582569504 0
1.636196889922411 1.568263490931237 0
1.635975049394729 1.544349157077349 0
1.629114504976441 1.895007705132097 0
1.627796633496338 1.868963068486008 0
1.626444817156892 1.843039072192301 0
1.625078359311241 1.817252675507251 0
1.623716736655998 1.791618686992698 0
1.6223802472654 1.766149230256107 0
1.621090199413774 1.740853162344593 0
1.619868787023493 1.715735443934611 0
1.618738704486256 1.690796521292357 0
1.617722523866501 1.666031811559223 0
1.616841855599894 1.641431367075497 0
1.616116341709236 1.61697976428371 0
1.615562620532342 1.592656257224535 0
1.615193633789489 1.568435299719705 0
1.615019131867162 1.544287699825545 0
1.606127601257864 1.895689266456355 0
1.604962559756556 1.869771998519904 0
1.603774990599371 1.843950795353323 0
1.602579492352844 1.81824004197269 0
1.601391958904604 1.792652450646151 0
1.600229501176262 1.767198600579043 0
1.599110290652422 1.741886452854966 0
1.598053287104062 1.716720764723996 0
1.597077826720891 1.691702487912976 0
1.596203065386747 1.666828295300878 0
1.595447292768741 1.642090328771847 0
1.594827169446904 1.617476185654727 0
1.594357011626454 1.592969120291295 0
1.594048371266075 1.568548498073544 0
1.593910276742035 1.544190672055271 0
1.583180099487208 1.896304756240163 0
1.582157811818947 1.870500647290847 0
1.581123124568381 1.844769653233933 0
1.5800861332766 1.819123990250747 0
1.579059311439414 1.793574562568136 0
1.578056759001145 1.768130664795939 0
1.577093736362789 1.742799661914195 0
1.57618626212523 1.7175863993136 0
1.575350677175667 1.692492525322898 0
1.574603141812338 1.667516003858976 0
1.573959067224991 1.642650945395572 0
1.573432515470429 1.617887721710811 0
1.57303564721046 1.593213200698381 0
1.572778349412375 1.568611015244695 0
1.572668163331012 1.544062058105313 0
1.560256278261363 1.896869477921726 0
1.559371871705324 1.871166525440193 0
1.558482029992666 1.845514971464396 0
1.557593655330819 1.819925340627001 0
1.556716468519086 1.794406888616519 0
1.555861963140292 1.768967761588161 0
1.555042805436508 1.743615036693725 0
1.554272378672461 1.718354004884673 0
1.553564351262809 1.693187224871911 0
1.552932229069252 1.668113938439301 0
1.552388882371591 1.643130022062598 0
1.55194605989681 1.618228366665614 0
1.551613924572305 1.593399222180907 0
1.551400673893875 1.56863013950866 0
1.551312288284468 1.543905946098751 0
1.537345234617486 1.897398858683436 0
1.536596882826917 1.871786664879498 0
1.535846224948883 1.84620521924443 0
1.535098669975463 1.82066391868387 0
1.534362065385491 1.79517017855732 0
1.533645799550198 1.769730860523237 0
1.532960294690039 1.744353164010461 0
1.532316595537952 1.719043394878058 0
1.531725979774249 1.693805321647426 0
1.531199576686898 1.668639373083918 0
1.530747981892079 1.643542801449013 0
1.53038086517346 1.61851068964203 0
1.530106567040069 1.593536694867901 0
1.529931710130632 1.568612332318899 0
1.52986087136987 1.543726056191986 0
1.514441628450535 1.897909572940909 0
1.513828109827974 1.872377683610529 0
1.513212105954316 1.84685799140462 0
1.51259903417991 1.82135880652295 0
1.511995627809983 1.795884531575984 0
1.511409600486076 1.770439955727704 0
1.510849437662928 1.745033206198586 0
1.510324101095581 1.719672711729598 0
1.509842709065065 1.694363928085934 0
1.50941423485695 1.669108233843092 0
1.509047208144071 1.643903402352905 0
1.508749416714869 1.61874608584063 0
1.508527561602511 1.593633878302747 0
1.508386862494344 1.568562985537469 0
1.508330722019743 1.543525482266825 0
1.49154580228256 1.89842276007748 0
1.491063509416615 1.872954913415955 0
1.49057766407358 1.847489517316779 0
1.490093641605081 1.822028614264257 0
1.489617404548323 1.796570186919702 0
1.489155207300025 1.771114566740263 0
1.488713799172593 1.745672993328438 0
1.488300243959692 1.720258380968587 0
1.487921670222017 1.694878596820326 0
1.487585061174844 1.669535514020345 0
1.48729703479942 1.644225463559001 0
1.487063653712827 1.618945049648149 0
1.486890155025971 1.593697555325976 0
1.486780531475232 1.568485986466327 0
1.486737223946116 1.543306187505817 0
1.468661575186538 1.898975504005315 0
1.468301901607777 1.873527051185775 0
1.46794180411869 1.848113345323209 0
1.467582022854442 1.822691932379642 0
1.467228106464922 1.797249265055133 0
1.466884792483186 1.771774457372818 0
1.46655715598216 1.746288779827124 0
1.466250459178515 1.720814665013303 0
1.465969941465335 1.695363026379825 0
1.465720716648804 1.669935809026976 0
1.465507592634782 1.644523433957367 0
1.46533501245575 1.619117565319 0
1.465206906635948 1.593732405195996 0
1.465126190325806 1.568382997146318 0
1.465094543718053 1.5430682893074 0
1.445770836631934 1.899375579328908 0
1.445539198639392 1.874068420134491 0
1.445303911778185 1.848739757562563 0
1.445063857667273 1.823368274753971 0
1.444828576976795 1.797950253826418 0
1.444600657137442 1.772440590699546 0
1.4443833784401 1.746894119019901 0
1.444180201620249 1.721352556978945 0
1.443994511239071 1.695827893379389 0
1.443829654024135 1.670323995941624 0
1.443688691604693 1.644815717153215 0
1.443574486738844 1.619273707112459 0
1.443489786335672 1.593739305842899 0
1.443436493923324 1.568252390293055 0
1.443415619321334 1.542808741122695 0
1.422884902365968 1.899814498885088 0
1.422776421509119 1.874623616826409 0
1.422666199297382 1.849397008498083 0
1.422538256064079 1.824077957108051 0
1.4224193620963 1.798720733827577 0
1.422305034048488 1.773135432803503 0
1.422196348542708 1.747496318091811 0
1.422094907815409 1.721878088563417 0
1.422002258365029 1.696277380944365 0
1.421920094874416 1.670715505270196 0
1.42184981746044 1.645133299070258 0
1.421792704164204 1.619424297807685 0
1.42175034483096 1.593710456185708 0
1.421723521308914 1.568088485615809 0
1.421714068724311 1.542512697814934 0
2.003783908988547 1.084604589766408 0
1.976836588358325 1.083394987600466 0
1.950221195494726 1.082307153401536 0
1.923859631539179 1.08132885362147 0
1.897544112481493 1.080445374782429 0
1.871060031427279 1.079643563208908 0
1.844532729127785 1.078921329171109 0
1.817948433879725 1.078271809066677 0
1.791382067920714 1.077689422216683 0
1.764877192341745 1.077167060328651 0
1.738385057572063 1.076695345449897 0
1.711857830343926 1.076264746969059 0
1.685340011210736 1.075866752820604 0
1.658849144438449 1.075491492464373 0
1.632390640934338 1.075127617700815 0
1.605960092061044 1.074761608496859 0
1.579627258447247 1.074377652368004 0
1.553483872276193 1.073955032254024 0
1.52770208381709 1.073466326532416 0
1.50284049572872 1.072880403392112 0
1.478869704390232 1.072137619826926 0
1.457025658536282 1.071234451041743 0
1.436475896572315 1.070032035801965 0
1.417800473118961 1.068479367877451 0
1.998981994160288 1.118723169778515 0
1.971829550721539 1.116319893795811 0
1.945088195409955 1.114169732520883 0
1.918637248517684 1.112242953471217 0
1.892345213290181 1.110512974327996 0
1.866110766943268 1.108957991001873 0
1.839921054545737 1.107562766999963 0
1.813765811644431 1.10631204616351 0
1.787657919558474 1.105191139748364 0
1.761602981088862 1.104184410439016 0
1.735584600082892 1.103274902770924 0
1.709589982142871 1.102445354589934 0
1.683632123173706 1.101678530054745 0
1.657726221354527 1.1009559058301 0
1.631890086583796 1.100257007178906 0
1.606151598278974 1.099558519691062 0
1.580573115354913 1.098833259164384 0
1.555250755134024 1.098047788242754 0
1.530336393631716 1.097159833232402 0
1.506083333996907 1.096115766223294 0
1.482651096086275 1.094836438910632 0
1.460397426929816 1.093222654783862 0
1.439238532639419 1.091104196640706 0
1.419192208980565 1.088078376952136 0
1.97310067299355 1.966473642826658 0
1.970127094616864 1.9332514111986 0
1.948155721506905 1.967417557243873 0
1.94498567765822 1.935135250965523 0
1.92332666883235 1.968276100416567 0
1.920070306740153 1.936837418259705 0
1.898574469609899 1.969054693781632 0
1.89533354886205 1.938372143427784 0
1.873894254737996 1.969757724131571 0
1.870744789895038 1.939751822053522 0
1.849275330184275 1.970389928628607 0
1.846282659871283 1.940987981828659 0
1.824723633625112 1.970955817020377 0
1.821936025537845 1.942091515510171 0
1.800253718118995 1.971459945315448 0
1.797700854507638 1.943073003918335 0
1.775865556263011 1.97190738050889 0
1.77357614198628 1.943942937839618 0
1.751594374973205 1.972302677408057 0
1.74956973836598 1.944711487098673 0
1.727438781270236 1.972651130236225 0
1.725688097249242 1.945388823979933 0
1.703473077002042 1.972956988910177 0
1.701948032015725 1.945984692370422 0
1.679655983543541 1.973226003458458 0
1.678347015477893 1.946509087912588 0
1.656066903235293 1.973462355081939 0
1.654893454768911 1.946971384055982 0
1.632621256738594 1.97367173503305 0
1.631563450253903 1.947381174583745 0
1.609362747283686 1.973858369076698 0
1.608340656998824 1.947747455728702 0
1.586155030977843 1.974027784988487 0
1.585171553991026 1.948079466661791 0
1.562906575710599 1.974185109635251 0
1.562010911729 1.948386177885171 0
1.539622229902395 1.974335542343549 0
1.53884103363156 1.948676425901099 0
1.516255454942397 1.97448706714232 0
1.515651520643533 1.948959166359082 0
1.492885540395305 1.974654892490669 0
1.492465016809626 1.949240931725726 0
1.469584611203827 1.974759593242883 0
1.469305782609449 1.949513752143851 0
1.446329618605933 1.974870311241345 0
1.446176359739806 1.949731359294133 0
1.423152429763932 1.974989205871764 0
1.423080217836413 1.949967934907947 0
2.026688907859753 1.121416069997617 0
2.031316883157315 1.085958074915528 0
2.049520910484758 1.160697797903491 0
2.078853038420717 1.165789004092289 0
2.109332082479043 1.171589384824574 0
2.141270090110853 1.178254611272899 0
2.17502728942946 1.185989916551749 0
2.211000444063612 1.195063989256859 0
2.249554966107243 1.205811255728317 0
2.291047791906342 1.21865998192671 0
2.335751130895871 1.23413869014831 0
2.383933244587648 1.252942280240409 0
2.435791361570603 1.275978237234467 0
2.491519380310658 1.304519472140668 0
2.551196394462254 1.340433218534549 0
2.614692295204836 1.386888760443341 0
2.680924487349526 1.450476927029931 0
2.841608162776824 1.189434237287725 0
2.818228476371323 1.339789584360574 0
6.828871825918562 1.524999999781647 0
6.656202959716707 1.524999999461038 0
6.480627113169795 1.524999998924444 0
6.301579172693425 1.524999997978149 0
6.118876429648862 1.524999996279729 0
5.933468119726101 1.524999993190686 0
5.746186994019989 1.524999987521807 0
5.557738387430968 1.524999977150512 0
5.368576169734319 1.524999958460897 0
5.179022760189505 1.524999926857846 0
4.989322781725539 1.524999887412276 0
4.799769852200023 1.524999937836587 0
4.610919218226268 1.524998228859486 0
4.4231910844075 1.524995398948103 0
4.238052714342524 1.525050927846229 0
4.056409395855852 1.52513547543087 0
3.880089759211621 1.525277250501307 0
3.710834084957918 1.525516218285559 0
3.550350379242343 1.525896771957646 0
3.399302344766456 1.526496599219046 0
3.25787795814559 1.527442654415421 0
3.12489740676632 1.528984789903132 0
2.998329468513116 1.531704680637125 0
2.874201390063691 1.537157487475873 0
2.018422692969226 1.893861747671504 0
2.045143906105956 1.889992783220171 0
2.072661505425549 1.885662414031206 0
2.101204232194782 1.880786888130437 0
2.131064870705056 1.875252445432291 0
2.162608062229479 1.868904163658702 0
2.19626918358983 1.86153260851252 0
2.232568905941464 1.852850739624136 0
2.272102165439616 1.84246630813784 0
2.315569430207032 1.82982546840062 0
2.363762054934816 1.814133623657436 0
2.417669460032215 1.79416074716849 0
2.478578583800131 1.767830890659414 0
2.548634250570499 1.730901911447789 0
2.632214350511361 1.672261303512148 0
1.995556951139478 1.93116915932592 0
1.99820491619144 1.96543886492545 0
2.691319157348817 1.888745588946024 0
2.723459775960692 1.753092092416478 0
1.881691925404557 1.524578154592648 0
2.02105120587406 1.156200310577185 0
1.992291309326935 1.897312331718078 0
2.744721982245824 1.549794496450196 0
$EndNodes
$Elements
26 8755 1 8755
0 1 15 1
1 1 
0 3 15 1
2 3 
0 5 15 1
3 5 
0 6 15 1
4 6 
0 7 15 1
5 7 
0 8 15 1
6 8 
0 9 15 1
7 9 
0 10 15 1
8 10 
0 11 15 1
9 11 
0 12 15 1
10 12 
1 2 1 22
11 1 82 
12 82 62 
13 62 81 
14 81 63 
15 63 80 
16 80 64 
17 64 79 
18 79 65 
19 65 78 
20 78 66 
21 66 77 
22 77 67 
23 67 76 
24 76 68 
25 68 75 
26 75 69 
27 69 74 
28 74 70 
29 70 73 
30 73 71 
31 71 72 
32 72 3 
1 7 1 22
33 6 283 
34 283 294 
35 294 293 
36 293 295 
37 295 292 
38 292 296 
39 296 291 
40 291 297 
41 297 290 
42 290 298 
43 298 289 
44 289 299 
45 299 288 
46 288 300 
47 300 287 
48 287 301 
49 301 286 
50 286 302 
51 302 285 
52 285 303 
53 303 284 
54 284 5 
1 9 1 20
55 3 359 
56 359 341 
57 341 358 
58 358 342 
59 342 357 
60 357 343 
61 343 356 
62 356 344 
63 344 355 
64 355 345 
65 345 354 
66 354 346 
67 346 353 
68 353 347 
69 347 352 
70 352 348 
71 348 351 
72 351 349 
73 349 350 
74 350 8 
1 10 1 50
75 8 373 
76 373 385 
77 385 361 
78 361 386 
79 386 362 
80 362 387 
81 387 363 
82 363 388 
83 388 364 
84 364 389 
85 389 365 
86 365 390 
87 390 366 
88 366 391 
89 391 367 
90 367 392 
91 392 368 
92 368 393 
93 393 369 
94 369 394 
95 394 370 
96 370 395 
97 395 371 
98 371 396 
99 396 372 
100 372 397 
101 397 360 
102 360 398 
103 398 374 
104 374 399 
105 399 375 
106 375 400 
107 400 376 
108 376 401 
109 401 377 
110 377 402 
111 402 378 
112 378 403 
113 403 379 
114 379 404 
115 404 380 
116 380 405 
117 405 381 
118 381 406 
119 406 382 
120 382 407 
121 407 383 
122 383 408 
123 408 384 
124 384 7 
1 11 1 22
125 9 429 
126 429 409 
127 409 428 
128 428 410 
129 410 427 
130 427 411 
131 411 426 
132 426 412 
133 412 425 
134 425 413 
135 413 424 
136 424 414 
137 414 423 
138 423 415 
139 415 422 
140 422 416 
141 416 421 
142 421 417 
143 417 420 
144 420 418 
145 418 419 
146 419 1 
1 13 1 50
147 10 515 
148 515 467 
149 467 514 
150 514 468 
151 468 513 
152 513 469 
153 469 512 
154 512 470 
155 470 511 
156 511 471 
157 471 510 
158 510 472 
159 472 509 
160 509 473 
161 473 508 
162 508 474 
163 474 507 
164 507 475 
165 475 506 
166 506 476 
167 476 505 
168 505 477 
169 477 504 
170 504 478 
171 478 503 
172 503 479 
173 479 491 
174 491 480 
175 480 492 
176 492 481 
177 481 493 
178 493 482 
179 482 494 
180 494 483 
181 483 495 
182 495 484 
183 484 496 
184 496 485 
185 485 497 
186 497 486 
187 486 498 
188 498 487 
189 487 499 
190 499 488 
191 488 500 
192 500 489 
193 489 501 
194 501 490 
195 490 502 
196 502 9 
1 14 1 66
197 7 533 
198 533 549 
199 549 532 
200 532 550 
201 550 531 
202 531 551 
203 551 530 
204 530 552 
205 552 529 
206 529 553 
207 553 528 
208 528 554 
209 554 527 
210 527 555 
211 555 526 
212 526 556 
213 556 516 
214 516 557 
215 557 524 
216 524 558 
217 558 523 
218 523 559 
219 559 522 
220 522 560 
221 560 521 
222 521 561 
223 561 520 
224 520 562 
225 562 519 
226 519 563 
227 563 518 
228 518 564 
229 564 517 
230 517 565 
231 565 525 
232 525 566 
233 566 534 
234 534 567 
235 567 535 
236 535 568 
237 568 536 
238 536 569 
239 569 537 
240 537 570 
241 570 538 
242 538 571 
243 571 539 
244 539 572 
245 572 540 
246 540 573 
247 573 541 
248 541 574 
249 574 542 
250 542 575 
251 575 543 
252 543 576 
253 576 544 
254 544 577 
255 577 545 
256 545 578 
257 578 546 
258 546 579 
259 579 547 
260 547 580 
261 580 548 
262 548 11 
1 15 1 6
263 11 581 
264 581 584 
265 584 582 
266 582 585 
267 585 583 
268 583 6 
1 16 1 6
269 5 586 
270 586 589 
271 589 587 
272 587 590 
273 590 588 
274 588 12 
1 17 1 66
275 12 640 
276 640 591 
277 591 641 
278 641 592 
279 592 642 
280 642 593 
281 593 643 
282 643 594 
283 594 644 
284 644 595 
285 595 645 
286 645 596 
287 596 646 
288 646 597 
289 597 647 
290 647 598 
291 598 639 
292 639 599 
293 599 649 
294 649 600 
295 600 650 
296 650 601 
297 601 651 
298 651 602 
299 602 652 
300 652 603 
301 603 653 
302 653 604 
303 604 654 
304 654 605 
305 605 655 
306 655 606 
307 606 648 
308 648 607 
309 607 623 
310 623 608 
311 608 624 
312 624 609 
313 609 625 
314 625 610 
315 610 626 
316 626 611 
317 611 627 
318 627 612 
319 612 628 
320 628 613 
321 613 629 
322 629 614 
323 614 630 
324 630 615 
325 615 631 
326 631 616 
327 616 632 
328 632 617 
329 617 633 
330 633 618 
331 618 634 
332 634 619 
333 619 635 
334 635 620 
335 620 636 
336 636 621 
337 621 637 
338 637 622 
339 622 638 
340 638 10 
2 1 3 1100
341 2 37 898 152 
342 152 898 896 132 
343 898 897 656 896 
344 37 61 897 898 
345 61 36 901 897 
346 897 901 899 656 
347 901 900 657 899 
348 36 60 900 901 
349 60 35 904 900 
350 900 904 902 657 
351 904 903 658 902 
352 35 59 903 904 
353 59 34 907 903 
354 903 907 905 658 
355 907 906 659 905 
356 34 58 906 907 
357 58 33 910 906 
358 906 910 908 659 
359 910 909 660 908 
360 33 57 909 910 
361 57 32 913 909 
362 909 913 911 660 
363 913 912 661 911 
364 32 56 912 913 
365 56 31 916 912 
366 912 916 914 661 
367 916 915 662 914 
368 31 55 915 916 
369 55 30 919 915 
370 915 919 917 662 
371 919 918 663 917 
372 30 54 918 919 
373 54 29 922 918 
374 918 922 920 663 
375 922 921 664 920 
376 29 53 921 922 
377 53 28 925 921 
378 921 925 923 664 
379 925 924 665 923 
380 28 52 924 925 
381 52 27 928 924 
382 924 928 926 665 
383 928 927 666 926 
384 27 51 927 928 
385 51 13 931 927 
386 927 931 929 666 
387 931 930 667 929 
388 13 50 930 931 
389 50 25 934 930 
390 930 934 932 667 
391 934 933 668 932 
392 25 49 933 934 
393 49 24 937 933 
394 933 937 935 668 
395 937 936 669 935 
396 24 48 936 937 
397 48 23 940 936 
398 936 940 938 669 
399 940 939 670 938 
400 23 47 939 940 
401 47 22 943 939 
402 939 943 941 670 
403 943 942 671 941 
404 22 46 942 943 
405 46 21 946 942 
406 942 946 944 671 
407 946 945 672 944 
408 21 45 945 946 
409 45 20 949 945 
410 945 949 947 672 
411 949 948 673 947 
412 20 44 948 949 
413 44 19 952 948 
414 948 952 950 673 
415 952 951 674 950 
416 19 43 951 952 
417 43 18 955 951 
418 951 955 953 674 
419 955 954 675 953 
420 18 42 954 955 
421 42 17 958 954 
422 954 958 956 675 
423 958 957 676 956 
424 17 41 957 958 
425 41 16 961 957 
426 957 961 959 676 
427 961 960 677 959 
428 16 40 960 961 
429 40 15 964 960 
430 960 964 962 677 
431 964 963 678 962 
432 15 39 963 964 
433 39 14 967 963 
434 963 967 965 678 
435 967 966 679 965 
436 14 38 966 967 
437 38 26 969 966 
438 966 969 968 679 
439 969 82 62 968 
440 26 1 82 969 
441 132 896 972 151 
442 151 972 970 133 
443 972 971 680 970 
444 896 656 971 972 
445 656 899 975 971 
446 971 975 973 680 
447 975 974 681 973 
448 899 657 974 975 
449 657 902 978 974 
450 974 978 976 681 
451 978 977 682 976 
452 902 658 977 978 
453 658 905 981 977 
454 977 981 979 682 
455 981 980 683 979 
456 905 659 980 981 
457 659 908 984 980 
458 980 984 982 683 
459 984 983 684 982 
460 908 660 983 984 
461 660 911 987 983 
462 983 987 985 684 
463 987 986 685 985 
464 911 661 986 987 
465 661 914 990 986 
466 986 990 988 685 
467 990 989 686 988 
468 914 662 989 990 
469 662 917 993 989 
470 989 993 991 686 
471 993 992 687 991 
472 917 663 992 993 
473 663 920 996 992 
474 992 996 994 687 
475 996 995 688 994 
476 920 664 995 996 
477 664 923 999 995 
478 995 999 997 688 
479 999 998 689 997 
480 923 665 998 999 
481 665 926 1002 998 
482 998 1002 1000 689 
483 1002 1001 690 1000 
484 926 666 1001 1002 
485 666 929 1005 1001 
486 1001 1005 1003 690 
487 1005 1004 691 1003 
488 929 667 1004 1005 
489 667 932 1008 1004 
490 1004 1008 1006 691 
491 1008 1007 692 1006 
492 932 668 1007 1008 
493 668 935 1011 1007 
494 1007 1011 1009 692 
495 1011 1010 693 1009 
496 935 669 1010 1011 
497 669 938 1014 1010 
498 1010 1014 1012 693 
499 1014 1013 694 1012 
500 938 670 1013 1014 
501 670 941 1017 1013 
502 1013 1017 1015 694 
503 1017 1016 695 1015 
504 941 671 1016 1017 
505 671 944 1020 1016 
506 1016 1020 1018 695 
507 1020 1019 696 1018 
508 944 672 1019 1020 
509 672 947 1023 1019 
510 1019 1023 1021 696 
511 1023 1022 697 1021 
512 947 673 1022 1023 
513 673 950 1026 1022 
514 1022 1026 1024 697 
515 1026 1025 698 1024 
516 950 674 1025 1026 
517 674 953 1029 1025 
518 1025 1029 1027 698 
519 1029 1028 699 1027 
520 953 675 1028 1029 
521 675 956 1032 1028 
522 1028 1032 1030 699 
523 1032 1031 700 1030 
524 956 676 1031 1032 
525 676 959 1035 1031 
526 1031 1035 1033 700 
527 1035 1034 701 1033 
528 959 677 1034 1035 
529 677 962 1038 1034 
530 1034 1038 1036 701 
531 1038 1037 702 1036 
532 962 678 1037 1038 
533 678 965 1041 1037 
534 1037 1041 1039 702 
535 1041 1040 703 1039 
536 965 679 1040 1041 
537 679 968 1043 1040 
538 1040 1043 1042 703 
539 1043 81 63 1042 
540 968 62 81 1043 
541 133 970 1046 150 
542 150 1046 1044 134 
543 1046 1045 704 1044 
544 970 680 1045 1046 
545 680 973 1049 1045 
546 1045 1049 1047 704 
547 1049 1048 705 1047 
548 973 681 1048 1049 
549 681 976 1052 1048 
550 1048 1052 1050 705 
551 1052 1051 706 1050 
552 976 682 1051 1052 
553 682 979 1055 1051 
554 1051 1055 1053 706 
555 1055 1054 707 1053 
556 979 683 1054 1055 
557 683 982 1058 1054 
558 1054 1058 1056 707 
559 1058 1057 708 1056 
560 982 684 1057 1058 
561 684 985 1061 1057 
562 1057 1061 1059 708 
563 1061 1060 709 1059 
564 985 685 1060 1061 
565 685 988 1064 1060 
566 1060 1064 1062 709 
567 1064 1063 710 1062 
568 988 686 1063 1064 
569 686 991 1067 1063 
570 1063 1067 1065 710 
571 1067 1066 711 1065 
572 991 687 1066 1067 
573 687 994 1070 1066 
574 1066 1070 1068 711 
575 1070 1069 712 1068 
576 994 688 1069 1070 
577 688 997 1073 1069 
578 1069 1073 1071 712 
579 1073 1072 713 1071 
580 997 689 1072 1073 
581 689 1000 1076 1072 
582 1072 1076 1074 713 
583 1076 1075 714 1074 
584 1000 690 1075 1076 
585 690 1003 1079 1075 
586 1075 1079 1077 714 
587 1079 1078 715 1077 
588 1003 691 1078 1079 
589 691 1006 1082 1078 
590 1078 1082 1080 715 
591 1082 1081 716 1080 
592 1006 692 1081 1082 
593 692 1009 1085 1081 
594 1081 1085 1083 716 
595 1085 1084 717 1083 
596 1009 693 1084 1085 
597 693 1012 1088 1084 
598 1084 1088 1086 717 
599 1088 1087 718 1086 
600 1012 694 1087 1088 
601 694 1015 1091 1087 
602 1087 1091 1089 718 
603 1091 1090 719 1089 
604 1015 695 1090 1091 
605 695 1018 1094 1090 
606 1090 1094 1092 719 
607 1094 1093 720 1092 
608 1018 696 1093 1094 
609 696 1021 1097 1093 
610 1093 1097 1095 720 
611 1097 1096 721 1095 
612 1021 697 1096 1097 
613 697 1024 1100 1096 
614 1096 1100 1098 721 
615 1100 1099 722 1098 
616 1024 698 1099 1100 
617 698 1027 1103 1099 
618 1099 1103 1101 722 
619 1103 1102 723 1101 
620 1027 699 1102 1103 
621 699 1030 1106 1102 
622 1102 1106 1104 723 
623 1106 1105 724 1104 
624 1030 700 1105 1106 
625 700 1033 1109 1105 
626 1105 1109 1107 724 
627 1109 1108 725 1107 
628 1033 701 1108 1109 
629 701 1036 1112 1108 
630 1108 1112 1110 725 
631 1112 1111 726 1110 
632 1036 702 1111 1112 
633 702 1039 1115 1111 
634 1111 1115 1113 726 
635 1115 1114 727 1113 
636 1039 703 1114 1115 
637 703 1042 1117 1114 
638 1114 1117 1116 727 
639 1117 80 64 1116 
640 1042 63 80 1117 
641 134 1044 1120 149 
642 149 1120 1118 135 
643 1120 1119 728 1118 
644 1044 704 1119 1120 
645 704 1047 1123 1119 
646 1119 1123 1121 728 
647 1123 1122 729 1121 
648 1047 705 1122 1123 
649 705 1050 1126 1122 
650 1122 1126 1124 729 
651 1126 1125 730 1124 
652 1050 706 1125 1126 
653 706 1053 1129 1125 
654 1125 1129 1127 730 
655 1129 1128 731 1127 
656 1053 707 1128 1129 
657 707 1056 1132 1128 
658 1128 1132 1130 731 
659 1132 1131 732 1130 
660 1056 708 1131 1132 
661 708 1059 1135 1131 
662 1131 1135 1133 732 
663 1135 1134 733 1133 
664 1059 709 1134 1135 
665 709 1062 1138 1134 
666 1134 1138 1136 733 
667 1138 1137 734 1136 
668 1062 710 1137 1138 
669 710 1065 1141 1137 
670 1137 1141 1139 734 
671 1141 1140 735 1139 
672 1065 711 1140 1141 
673 711 1068 1144 1140 
674 1140 1144 1142 735 
675 1144 1143 736 1142 
676 1068 712 1143 1144 
677 712 1071 1147 1143 
678 1143 1147 1145 736 
679 1147 1146 737 1145 
680 1071 713 1146 1147 
681 713 1074 1150 1146 
682 1146 1150 1148 737 
683 1150 1149 738 1148 
684 1074 714 1149 1150 
685 714 1077 1153 1149 
686 1149 1153 1151 738 
687 1153 1152 739 1151 
688 1077 715 1152 1153 
689 715 1080 1156 1152 
690 1152 1156 1154 739 
691 1156 1155 740 1154 
692 1080 716 1155 1156 
693 716 1083 1159 1155 
694 1155 1159 1157 740 
695 1159 1158 741 1157 
696 1083 717 1158 1159 
697 717 1086 1162 1158 
698 1158 1162 1160 741 
699 1162 1161 742 1160 
700 1086 718 1161 1162 
701 718 1089 1165 1161 
702 1161 1165 1163 742 
703 1165 1164 743 1163 
704 1089 719 1164 1165 
705 719 1092 1168 1164 
706 1164 1168 1166 743 
707 1168 1167 744 1166 
708 1092 720 1167 1168 
709 720 1095 1171 1167 
710 1167 1171 1169 744 
711 1171 1170 745 1169 
712 1095 721 1170 1171 
713 721 1098 1174 1170 
714 1170 1174 1172 745 
715 1174 1173 746 1172 
716 1098 722 1173 1174 
717 722 1101 1177 1173 
718 1173 1177 1175 746 
719 1177 1176 747 1175 
720 1101 723 1176 1177 
721 723 1104 1180 1176 
722 1176 1180 1178 747 
723 1180 1179 748 1178 
724 1104 724 1179 1180 
725 724 1107 1183 1179 
726 1179 1183 1181 748 
727 1183 1182 749 1181 
728 1107 725 1182 1183 
729 725 1110 1186 1182 
730 1182 1186 1184 749 
731 1186 1185 750 1184 
732 1110 726 1185 1186 
733 726 1113 1189 1185 
734 1185 1189 1187 750 
735 1189 1188 751 1187 
736 1113 727 1188 1189 
737 727 1116 1191 1188 
738 1188 1191 1190 751 
739 1191 79 65 1190 
740 1116 64 79 1191 
741 135 1118 1194 148 
742 148 1194 1192 136 
743 1194 1193 752 1192 
744 1118 728 1193 1194 
745 728 1121 1197 1193 
746 1193 1197 1195 752 
747 1197 1196 753 1195 
748 1121 729 1196 1197 
749 729 1124 1200 1196 
750 1196 1200 1198 753 
751 1200 1199 754 1198 
752 1124 730 1199 1200 
753 730 1127 1203 1199 
754 1199 1203 1201 754 
755 1203 1202 755 1201 
756 1127 731 1202 1203 
757 731 1130 1206 1202 
758 1202 1206 1204 755 
759 1206 1205 756 1204 
760 1130 732 1205 1206 
761 732 1133 1209 1205 
762 1205 1209 1207 756 
763 1209 1208 757 1207 
764 1133 733 1208 1209 
765 733 1136 1212 1208 
766 1208 1212 1210 757 
767 1212 1211 758 1210 
768 1136 734 1211 1212 
769 734 1139 1215 1211 
770 1211 1215 1213 758 
771 1215 1214 759 1213 
772 1139 735 1214 1215 
773 735 1142 1218 1214 
774 1214 1218 1216 759 
775 1218 1217 760 1216 
776 1142 736 1217 1218 
777 736 1145 1221 1217 
778 1217 1221 1219 760 
779 1221 1220 761 1219 
780 1145 737 1220 1221 
781 737 1148 1224 1220 
782 1220 1224 1222 761 
783 1224 1223 762 1222 
784 1148 738 1223 1224 
785 738 1151 1227 1223 
786 1223 1227 1225 762 
787 1227 1226 763 1225 
788 1151 739 1226 1227 
789 739 1154 1230 1226 
790 1226 1230 1228 763 
791 1230 1229 764 1228 
792 1154 740 1229 1230 
793 740 1157 1233 1229 
794 1229 1233 1231 764 
795 1233 1232 765 1231 
796 1157 741 1232 1233 
797 741 1160 1236 1232 
798 1232 1236 1234 765 
799 1236 1235 766 1234 
800 1160 742 1235 1236 
801 742 1163 1239 1235 
802 1235 1239 1237 766 
803 1239 1238 767 1237 
804 1163 743 1238 1239 
805 743 1166 1242 1238 
806 1238 1242 1240 767 
807 1242 1241 768 1240 
808 1166 744 1241 1242 
809 744 1169 1245 1241 
810 1241 1245 1243 768 
811 1245 1244 769 1243 
812 1169 745 1244 1245 
813 745 1172 1248 1244 
814 1244 1248 1246 769 
815 1248 1247 770 1246 
816 1172 746 1247 1248 
817 746 1175 1251 1247 
818 1247 1251 1249 770 
819 1251 1250 771 1249 
820 1175 747 1250 1251 
821 747 1178 1254 1250 
822 1250 1254 1252 771 
823 1254 1253 772 1252 
824 1178 748 1253 1254 
825 748 1181 1257 1253 
826 1253 1257 1255 772 
827 1257 1256 773 1255 
828 1181 749 1256 1257 
829 749 1184 1260 1256 
830 1256 1260 1258 773 
831 1260 1259 774 1258 
832 1184 750 1259 1260 
833 750 1187 1263 1259 
834 1259 1263 1261 774 
835 1263 1262 775 1261 
836 1187 751 1262 1263 
837 751 1190 1265 1262 
838 1262 1265 1264 775 
839 1265 78 66 1264 
840 1190 65 78 1265 
841 136 1192 1268 147 
842 147 1268 1266 137 
843 1268 1267 776 1266 
844 1192 752 1267 1268 
845 752 1195 1271 1267 
846 1267 1271 1269 776 
847 1271 1270 777 1269 
848 1195 753 1270 1271 
849 753 1198 1274 1270 
850 1270 1274 1272 777 
851 1274 1273 778 1272 
852 1198 754 1273 1274 
853 754 1201 1277 1273 
854 1273 1277 1275 778 
855 1277 1276 779 1275 
856 1201 755 1276 1277 
857 755 1204 1280 1276 
858 1276 1280 1278 779 
859 1280 1279 780 1278 
860 1204 756 1279 1280 
861 756 1207 1283 1279 
862 1279 1283 1281 780 
863 1283 1282 781 1281 
864 1207 757 1282 1283 
865 757 1210 1286 1282 
866 1282 1286 1284 781 
867 1286 1285 782 1284 
868 1210 758 1285 1286 
869 758 1213 1289 1285 
870 1285 1289 1287 782 
871 1289 1288 783 1287 
872 1213 759 1288 1289 
873 759 1216 1292 1288 
874 1288 1292 1290 783 
875 1292 1291 784 1290 
876 1216 760 1291 1292 
877 760 1219 1295 1291 
878 1291 1295 1293 784 
879 1295 1294 785 1293 
880 1219 761 1294 1295 
881 761 1222 1298 1294 
882 1294 1298 1296 785 
883 1298 1297 786 1296 
884 1222 762 1297 1298 
885 762 1225 1301 1297 
886 1297 1301 1299 786 
887 1301 1300 787 1299 
888 1225 763 1300 1301 
889 763 1228 1304 1300 
890 1300 1304 1302 787 
891 1304 1303 788 1302 
892 1228 764 1303 1304 
893 764 1231 1307 1303 
894 1303 1307 1305 788 
895 1307 1306 789 1305 
896 1231 765 1306 1307 
897 765 1234 1310 1306 
898 1306 1310 1308 789 
899 1310 1309 790 1308 
900 1234 766 1309 1310 
901 766 1237 1313 1309 
902 1309 1313 1311 790 
903 1313 1312 791 1311 
904 1237 767 1312 1313 
905 767 1240 1316 1312 
906 1312 1316 1314 791 
907 1316 1315 792 1314 
908 1240 768 1315 1316 
909 768 1243 1319 1315 
910 1315 1319 1317 792 
911 1319 1318 793 1317 
912 1243 769 1318 1319 
913 769 1246 1322 1318 
914 1318 1322 1320 793 
915 1322 1321 794 1320 
916 1246 770 1321 1322 
917 770 1249 1325 1321 
918 1321 1325 1323 794 
919 1325 1324 795 1323 
920 1249 771 1324 1325 
921 771 1252 1328 1324 
922 1324 1328 1326 795 
923 1328 1327 796 1326 
924 1252 772 1327 1328 
925 772 1255 1331 1327 
926 1327 1331 1329 796 
927 1331 1330 797 1329 
928 1255 773 1330 1331 
929 773 1258 1334 1330 
930 1330 1334 1332 797 
931 1334 1333 798 1332 
932 1258 774 1333 1334 
933 774 1261 1337 1333 
934 1333 1337 1335 798 
935 1337 1336 799 1335 
936 1261 775 1336 1337 
937 775 1264 1339 1336 
938 1336 1339 1338 799 
939 1339 77 67 1338 
940 1264 66 77 1339 
941 137 1266 1342 146 
942 146 1342 1340 138 
943 1342 1341 800 1340 
944 1266 776 1341 1342 
945 776 1269 1345 1341 
946 1341 1345 1343 800 
947 1345 1344 801 1343 
948 1269 777 1344 1345 
949 777 1272 1348 1344 
950 1344 1348 1346 801 
951 1348 1347 802 1346 
952 1272 778 1347 1348 
953 778 1275 1351 1347 
954 1347 1351 1349 802 
955 1351 1350 803 1349 
956 1275 779 1350 1351 
957 779 1278 1354 1350 
958 1350 1354 1352 803 
959 1354 1353 804 1352 
960 1278 780 1353 1354 
961 780 1281 1357 1353 
962 1353 1357 1355 804 
963 1357 1356 805 1355 
964 1281 781 1356 1357 
965 781 1284 1360 1356 
966 1356 1360 1358 805 
967 1360 1359 806 1358 
968 1284 782 1359 1360 
969 782 1287 1363 1359 
970 1359 1363 1361 806 
971 1363 1362 807 1361 
972 1287 783 1362 1363 
973 783 1290 1366 1362 
974 1362 1366 1364 807 
975 1366 1365 808 1364 
976 1290 784 1365 1366 
977 784 1293 1369 1365 
978 1365 1369 1367 808 
979 1369 1368 809 1367 
980 1293 785 1368 1369 
981 785 1296 1372 1368 
982 1368 1372 1370 809 
983 1372 1371 810 1370 
984 1296 786 1371 1372 
985 786 1299 1375 1371 
986 1371 1375 1373 810 
987 1375 1374 811 1373 
988 1299 787 1374 1375 
989 787 1302 1378 1374 
990 1374 1378 1376 811 
991 1378 1377 812 1376 
992 1302 788 1377 1378 
993 788 1305 1381 1377 
994 1377 1381 1379 812 
995 1381 1380 813 1379 
996 1305 789 1380 1381 
997 789 1308 1384 1380 
998 1380 1384 1382 813 
999 1384 1383 814 1382 
1000 1308 790 1383 1384 
1001 790 1311 1387 1383 
1002 1383 1387 1385 814 
1003 1387 1386 815 1385 
1004 1311 791 1386 1387 
1005 791 1314 1390 1386 
1006 1386 1390 1388 815 
1007 1390 1389 816 1388 
1008 1314 792 1389 1390 
1009 792 1317 1393 1389 
1010 1389 1393 1391 816 
1011 1393 1392 817 1391 
1012 1317 793 1392 1393 
1013 793 1320 1396 1392 
1014 1392 1396 1394 817 
1015 1396 1395 818 1394 
1016 1320 794 1395 1396 
1017 794 1323 1399 1395 
1018 1395 1399 1397 818 
1019 1399 1398 819 1397 
1020 1323 795 1398 1399 
1021 795 1326 1402 1398 
1022 1398 1402 1400 819 
1023 1402 1401 820 1400 
1024 1326 796 1401 1402 
1025 796 1329 1405 1401 
1026 1401 1405 1403 820 
1027 1405 1404 821 1403 
1028 1329 797 1404 1405 
1029 797 1332 1408 1404 
1030 1404 1408 1406 821 
1031 1408 1407 822 1406 
1032 1332 798 1407 1408 
1033 798 1335 1411 1407 
1034 1407 1411 1409 822 
1035 1411 1410 823 1409 
1036 1335 799 1410 1411 
1037 799 1338 1413 1410 
1038 1410 1413 1412 823 
1039 1413 76 68 1412 
1040 1338 67 76 1413 
1041 138 1340 1416 145 
1042 145 1416 1414 139 
1043 1416 1415 824 1414 
1044 1340 800 1415 1416 
1045 800 1343 1419 1415 
1046 1415 1419 1417 824 
1047 1419 1418 825 1417 
1048 1343 801 1418 1419 
1049 801 1346 1422 1418 
1050 1418 1422 1420 825 
1051 1422 1421 826 1420 
1052 1346 802 1421 1422 
1053 802 1349 1425 1421 
1054 1421 1425 1423 826 
1055 1425 1424 827 1423 
1056 1349 803 1424 1425 
1057 803 1352 1428 1424 
1058 1424 1428 1426 827 
1059 1428 1427 828 1426 
1060 1352 804 1427 1428 
1061 804 1355 1431 1427 
1062 1427 1431 1429 828 
1063 1431 1430 829 1429 
1064 1355 805 1430 1431 
1065 805 1358 1434 1430 
1066 1430 1434 1432 829 
1067 1434 1433 830 1432 
1068 1358 806 1433 1434 
1069 806 1361 1437 1433 
1070 1433 1437 1435 830 
1071 1437 1436 831 1435 
1072 1361 807 1436 1437 
1073 807 1364 1440 1436 
1074 1436 1440 1438 831 
1075 1440 1439 832 1438 
1076 1364 808 1439 1440 
1077 808 1367 1443 1439 
1078 1439 1443 1441 832 
1079 1443 1442 833 1441 
1080 1367 809 1442 1443 
1081 809 1370 1446 1442 
1082 1442 1446 1444 833 
1083 1446 1445 834 1444 
1084 1370 810 1445 1446 
1085 810 1373 1449 1445 
1086 1445 1449 1447 834 
1087 1449 1448 835 1447 
1088 1373 811 1448 1449 
1089 811 1376 1452 1448 
1090 1448 1452 1450 835 
1091 1452 1451 836 1450 
1092 1376 812 1451 1452 
1093 812 1379 1455 1451 
1094 1451 1455 1453 836 
1095 1455 1454 837 1453 
1096 1379 813 1454 1455 
1097 813 1382 1458 1454 
1098 1454 1458 1456 837 
1099 1458 1457 838 1456 
1100 1382 814 1457 1458 
1101 814 1385 1461 1457 
1102 1457 1461 1459 838 
1103 1461 1460 839 1459 
1104 1385 815 1460 1461 
1105 815 1388 1464 1460 
1106 1460 1464 1462 839 
1107 1464 1463 840 1462 
1108 1388 816 1463 1464 
1109 816 1391 1467 1463 
1110 1463 1467 1465 840 
1111 1467 1466 841 1465 
1112 1391 817 1466 1467 
1113 817 1394 1470 1466 
1114 1466 1470 1468 841 
1115 1470 1469 842 1468 
1116 1394 818 1469 1470 
1117 818 1397 1473 1469 
1118 1469 1473 1471 842 
1119 1473 1472 843 1471 
1120 1397 819 1472 1473 
1121 819 1400 1476 1472 
1122 1472 1476 1474 843 
1123 1476 1475 844 1474 
1124 1400 820 1475 1476 
1125 820 1403 1479 1475 
1126 1475 1479 1477 844 
1127 1479 1478 845 1477 
1128 1403 821 1478 1479 
1129 821 1406 1482 1478 
1130 1478 1482 1480 845 
1131 1482 1481 846 1480 
1132 1406 822 1481 1482 
1133 822 1409 1485 1481 
1134 1481 1485 1483 846 
1135 1485 1484 847 1483 
1136 1409 823 1484 1485 
1137 823 1412 1487 1484 
1138 1484 1487 1486 847 
1139 1487 75 69 1486 
1140 1412 68 75 1487 
1141 139 1414 1490 144 
1142 144 1490 1488 140 
1143 1490 1489 848 1488 
1144 1414 824 1489 1490 
1145 824 1417 1493 1489 
1146 1489 1493 1491 848 
1147 1493 1492 849 1491 
1148 1417 825 1492 1493 
1149 825 1420 1496 1492 
1150 1492 1496 1494 849 
1151 1496 1495 850 1494 
1152 1420 826 1495 1496 
1153 826 1423 1499 1495 
1154 1495 1499 1497 850 
1155 1499 1498 851 1497 
1156 1423 827 1498 1499 
1157 827 1426 1502 1498 
1158 1498 1502 1500 851 
1159 1502 1501 852 1500 
1160 1426 828 1501 1502 
1161 828 1429 1505 1501 
1162 1501 1505 1503 852 
1163 1505 1504 853 1503 
1164 1429 829 1504 1505 
1165 829 1432 1508 1504 
1166 1504 1508 1506 853 
1167 1508 1507 854 1506 
1168 1432 830 1507 1508 
1169 830 1435 1511 1507 
1170 1507 1511 1509 854 
1171 1511 1510 855 1509 
1172 1435 831 1510 1511 
1173 831 1438 1514 1510 
1174 1510 1514 1512 855 
1175 1514 1513 856 1512 
1176 1438 832 1513 1514 
1177 832 1441 1517 1513 
1178 1513 1517 1515 856 
1179 1517 1516 857 1515 
1180 1441 833 1516 1517 
1181 833 1444 1520 1516 
1182 1516 1520 1518 857 
1183 1520 1519 858 1518 
1184 1444 834 1519 1520 
1185 834 1447 1523 1519 
1186 1519 1523 1521 858 
1187 1523 1522 859 1521 
1188 1447 835 1522 1523 
1189 835 1450 1526 1522 
1190 1522 1526 1524 859 
1191 1526 1525 860 1524 
1192 1450 836 1525 1526 
1193 836 1453 1529 1525 
1194 1525 1529 1527 860 
1195 1529 1528 861 1527 
1196 1453 837 1528 1529 
1197 837 1456 1532 1528 
1198 1528 1532 1530 861 
1199 1532 1531 862 1530 
1200 1456 838 1531 1532 
1201 838 1459 1535 1531 
1202 1531 1535 1533 862 
1203 1535 1534 863 1533 
1204 1459 839 1534 1535 
1205 839 1462 1538 1534 
1206 1534 1538 1536 863 
1207 1538 1537 864 1536 
1208 1462 840 1537 1538 
1209 840 1465 1541 1537 
1210 1537 1541 1539 864 
1211 1541 1540 865 1539 
1212 1465 841 1540 1541 
1213 841 1468 1544 1540 
1214 1540 1544 1542 865 
1215 1544 1543 866 1542 
1216 1468 842 1543 1544 
1217 842 1471 1547 1543 
1218 1543 1547 1545 866 
1219 1547 1546 867 1545 
1220 1471 843 1546 1547 
1221 843 1474 1550 1546 
1222 1546 1550 1548 867 
1223 1550 1549 868 1548 
1224 1474 844 1549 1550 
1225 844 1477 1553 1549 
1226 1549 1553 1551 868 
1227 1553 1552 869 1551 
1228 1477 845 1552 1553 
1229 845 1480 1556 1552 
1230 1552 1556 1554 869 
1231 1556 1555 870 1554 
1232 1480 846 1555 1556 
1233 846 1483 1559 1555 
1234 1555 1559 1557 870 
1235 1559 1558 871 1557 
1236 1483 847 1558 1559 
1237 847 1486 1561 1558 
1238 1558 1561 1560 871 
1239 1561 74 70 1560 
1240 1486 69 74 1561 
1241 140 1488 1564 143 
1242 143 1564 1562 141 
1243 1564 1563 872 1562 
1244 1488 848 1563 1564 
1245 848 1491 1567 1563 
1246 1563 1567 1565 872 
1247 1567 1566 873 1565 
1248 1491 849 1566 1567 
1249 849 1494 1570 1566 
1250 1566 1570 1568 873 
1251 1570 1569 874 1568 
1252 1494 850 1569 1570 
1253 850 1497 1573 1569 
1254 1569 1573 1571 874 
1255 1573 1572 875 1571 
1256 1497 851 1572 1573 
1257 851 1500 1576 1572 
1258 1572 1576 1574 875 
1259 1576 1575 876 1574 
1260 1500 852 1575 1576 
1261 852 1503 1579 1575 
1262 1575 1579 1577 876 
1263 1579 1578 877 1577 
1264 1503 853 1578 1579 
1265 853 1506 1582 1578 
1266 1578 1582 1580 877 
1267 1582 1581 878 1580 
1268 1506 854 1581 1582 
1269 854 1509 1585 1581 
1270 1581 1585 1583 878 
1271 1585 1584 879 1583 
1272 1509 855 1584 1585 
1273 855 1512 1588 1584 
1274 1584 1588 1586 879 
1275 1588 1587 880 1586 
1276 1512 856 1587 1588 
1277 856 1515 1591 1587 
1278 1587 1591 1589 880 
1279 1591 1590 881 1589 
1280 1515 857 1590 1591 
1281 857 1518 1594 1590 
1282 1590 1594 1592 881 
1283 1594 1593 882 1592 
1284 1518 858 1593 1594 
1285 858 1521 1597 1593 
1286 1593 1597 1595 882 
1287 1597 1596 883 1595 
1288 1521 859 1596 1597 
1289 859 1524 1600 1596 
1290 1596 1600 1598 883 
1291 1600 1599 884 1598 
1292 1524 860 1599 1600 
1293 860 1527 1603 1599 
1294 1599 1603 1601 884 
1295 1603 1602 885 1601 
1296 1527 861 1602 1603 
1297 861 1530 1606 1602 
1298 1602 1606 1604 885 
1299 1606 1605 886 1604 
1300 1530 862 1605 1606 
1301 862 1533 1609 1605 
1302 1605 1609 1607 886 
1303 1609 1608 887 1607 
1304 1533 863 1608 1609 
1305 863 1536 1612 1608 
1306 1608 1612 1610 887 
1307 1612 1611 888 1610 
1308 1536 864 1611 1612 
1309 864 1539 1615 1611 
1310 1611 1615 1613 888 
1311 1615 1614 889 1613 
1312 1539 865 1614 1615 
1313 865 1542 1618 1614 
1314 1614 1618 1616 889 
1315 1618 1617 890 1616 
1316 1542 866 1617 1618 
1317 866 1545 1621 1617 
1318 1617 1621 1619 890 
1319 1621 1620 891 1619 
1320 1545 867 1620 1621 
1321 867 1548 1624 1620 
1322 1620 1624 1622 891 
1323 1624 1623 892 1622 
1324 1548 868 1623 1624 
1325 868 1551 1627 1623 
1326 1623 1627 1625 892 
1327 1627 1626 893 1625 
1328 1551 869 1626 1627 
1329 869 1554 1630 1626 
1330 1626 1630 1628 893 
1331 1630 1629 894 1628 
1332 1554 870 1629 1630 
1333 870 1557 1633 1629 
1334 1629 1633 1631 894 
1335 1633 1632 895 1631 
1336 1557 871 1632 1633 
1337 871 1560 1635 1632 
1338 1632 1635 1634 895 
1339 1635 73 71 1634 
1340 1560 70 73 1635 
1341 141 1562 1637 142 
1342 142 1637 107 4 
1343 1637 1636 131 107 
1344 1562 872 1636 1637 
1345 872 1565 1639 1636 
1346 1636 1639 106 131 
1347 1639 1638 130 106 
1348 1565 873 1638 1639 
1349 873 1568 1641 1638 
1350 1638 1641 105 130 
1351 1641 1640 129 105 
1352 1568 874 1640 1641 
1353 874 1571 1643 1640 
1354 1640 1643 104 129 
1355 1643 1642 128 104 
1356 1571 875 1642 1643 
1357 875 1574 1645 1642 
1358 1642 1645 103 128 
1359 1645 1644 127 103 
1360 1574 876 1644 1645 
1361 876 1577 1647 1644 
1362 1644 1647 102 127 
1363 1647 1646 126 102 
1364 1577 877 1646 1647 
1365 877 1580 1649 1646 
1366 1646 1649 101 126 
1367 1649 1648 125 101 
1368 1580 878 1648 1649 
1369 878 1583 1651 1648 
1370 1648 1651 100 125 
1371 1651 1650 124 100 
1372 1583 879 1650 1651 
1373 879 1586 1653 1650 
1374 1650 1653 99 124 
1375 1653 1652 123 99 
1376 1586 880 1652 1653 
1377 880 1589 1655 1652 
1378 1652 1655 98 123 
1379 1655 1654 122 98 
1380 1589 881 1654 1655 
1381 881 1592 1657 1654 
1382 1654 1657 97 122 
1383 1657 1656 121 97 
1384 1592 882 1656 1657 
1385 882 1595 1659 1656 
1386 1656 1659 83 121 
1387 1659 1658 120 83 
1388 1595 883 1658 1659 
1389 883 1598 1661 1658 
1390 1658 1661 95 120 
1391 1661 1660 119 95 
1392 1598 884 1660 1661 
1393 884 1601 1663 1660 
1394 1660 1663 94 119 
1395 1663 1662 118 94 
1396 1601 885 1662 1663 
1397 885 1604 1665 1662 
1398 1662 1665 93 118 
1399 1665 1664 117 93 
1400 1604 886 1664 1665 
1401 886 1607 1667 1664 
1402 1664 1667 92 117 
1403 1667 1666 116 92 
1404 1607 887 1666 1667 
1405 887 1610 1669 1666 
1406 1666 1669 91 116 
1407 1669 1668 115 91 
1408 1610 888 1668 1669 
1409 888 1613 1671 1668 
1410 1668 1671 90 115 
1411 1671 1670 114 90 
1412 1613 889 1670 1671 
1413 889 1616 1673 1670 
1414 1670 1673 89 114 
1415 1673 1672 113 89 
1416 1616 890 1672 1673 
1417 890 1619 1675 1672 
1418 1672 1675 88 113 
1419 1675 1674 112 88 
1420 1619 891 1674 1675 
1421 891 1622 1677 1674 
1422 1674 1677 87 112 
1423 1677 1676 111 87 
1424 1622 892 1676 1677 
1425 892 1625 1679 1676 
1426 1676 1679 86 111 
1427 1679 1678 110 86 
1428 1625 893 1678 1679 
1429 893 1628 1681 1678 
1430 1678 1681 85 110 
1431 1681 1680 109 85 
1432 1628 894 1680 1681 
1433 894 1631 1683 1680 
1434 1680 1683 84 109 
1435 1683 1682 108 84 
1436 1631 895 1682 1683 
1437 895 1634 1684 1682 
1438 1682 1684 96 108 
1439 1684 72 3 96 
1440 1634 71 72 1684 
2 2 3 1452
1441 6 283 2007 250 
1442 283 294 2005 2007 
1443 2007 2005 1685 2006 
1444 250 2007 2006 282 
1445 282 2006 2010 249 
1446 2006 1685 2008 2010 
1447 2010 2008 1686 2009 
1448 249 2010 2009 281 
1449 281 2009 2013 248 
1450 2009 1686 2011 2013 
1451 2013 2011 1687 2012 
1452 248 2013 2012 280 
1453 280 2012 2016 247 
1454 2012 1687 2014 2016 
1455 2016 2014 1688 2015 
1456 247 2016 2015 279 
1457 279 2015 2019 246 
1458 2015 1688 2017 2019 
1459 2019 2017 1689 2018 
1460 246 2019 2018 278 
1461 278 2018 2022 245 
1462 2018 1689 2020 2022 
1463 2022 2020 1690 2021 
1464 245 2022 2021 277 
1465 277 2021 2025 244 
1466 2021 1690 2023 2025 
1467 2025 2023 1691 2024 
1468 244 2025 2024 276 
1469 276 2024 2028 243 
1470 2024 1691 2026 2028 
1471 2028 2026 1692 2027 
1472 243 2028 2027 275 
1473 275 2027 2031 242 
1474 2027 1692 2029 2031 
1475 2031 2029 1693 2030 
1476 242 2031 2030 274 
1477 274 2030 2034 241 
1478 2030 1693 2032 2034 
1479 2034 2032 1694 2033 
1480 241 2034 2033 273 
1481 273 2033 2037 240 
1482 2033 1694 2035 2037 
1483 2037 2035 1695 2036 
1484 240 2037 2036 272 
1485 272 2036 2040 239 
1486 2036 1695 2038 2040 
1487 2040 2038 1696 2039 
1488 239 2040 2039 271 
1489 271 2039 2043 238 
1490 2039 1696 2041 2043 
1491 2043 2041 1697 2042 
1492 238 2043 2042 270 
1493 270 2042 2046 237 
1494 2042 1697 2044 2046 
1495 2046 2044 1698 2045 
1496 237 2046 2045 269 
1497 269 2045 2049 236 
1498 2045 1698 2047 2049 
1499 2049 2047 1699 2048 
1500 236 2049 2048 268 
1501 268 2048 2052 227 
1502 2048 1699 2050 2052 
1503 2052 2050 1700 2051 
1504 227 2052 2051 267 
1505 267 2051 2055 219 
1506 2051 1700 2053 2055 
1507 2055 2053 1701 2054 
1508 219 2055 2054 266 
1509 266 2054 2058 220 
1510 2054 1701 2056 2058 
1511 2058 2056 1702 2057 
1512 220 2058 2057 265 
1513 265 2057 2061 221 
1514 2057 1702 2059 2061 
1515 2061 2059 1703 2060 
1516 221 2061 2060 264 
1517 264 2060 2064 222 
1518 2060 1703 2062 2064 
1519 2064 2062 1704 2063 
1520 222 2064 2063 263 
1521 263 2063 2067 223 
1522 2063 1704 2065 2067 
1523 2067 2065 1705 2066 
1524 223 2067 2066 262 
1525 262 2066 2070 224 
1526 2066 1705 2068 2070 
1527 2070 2068 1706 2069 
1528 224 2070 2069 261 
1529 261 2069 2073 225 
1530 2069 1706 2071 2073 
1531 2073 2071 1707 2072 
1532 225 2073 2072 260 
1533 260 2072 2076 226 
1534 2072 1707 2074 2076 
1535 2076 2074 1708 2075 
1536 226 2076 2075 259 
1537 259 2075 2079 218 
1538 2075 1708 2077 2079 
1539 2079 2077 1709 2078 
1540 218 2079 2078 258 
1541 258 2078 2082 228 
1542 2078 1709 2080 2082 
1543 2082 2080 1710 2081 
1544 228 2082 2081 257 
1545 257 2081 2085 229 
1546 2081 1710 2083 2085 
1547 2085 2083 1711 2084 
1548 229 2085 2084 256 
1549 256 2084 2088 230 
1550 2084 1711 2086 2088 
1551 2088 2086 1712 2087 
1552 230 2088 2087 255 
1553 255 2087 2091 231 
1554 2087 1712 2089 2091 
1555 2091 2089 1713 2090 
1556 231 2091 2090 254 
1557 254 2090 2094 232 
1558 2090 1713 2092 2094 
1559 2094 2092 1714 2093 
1560 232 2094 2093 253 
1561 253 2093 2097 233 
1562 2093 1714 2095 2097 
1563 2097 2095 1715 2096 
1564 233 2097 2096 252 
1565 252 2096 2100 234 
1566 2096 1715 2098 2100 
1567 2100 2098 1716 2099 
1568 234 2100 2099 251 
1569 251 2099 2102 235 
1570 2099 1716 2101 2102 
1571 2102 2101 141 142 
1572 235 2102 142 4 
1573 294 293 2105 2005 
1574 293 295 2103 2105 
1575 2105 2103 1717 2104 
1576 2005 2105 2104 1685 
1577 1685 2104 2108 2008 
1578 2104 1717 2106 2108 
1579 2108 2106 1718 2107 
1580 2008 2108 2107 1686 
1581 1686 2107 2111 2011 
1582 2107 1718 2109 2111 
1583 2111 2109 1719 2110 
1584 2011 2111 2110 1687 
1585 1687 2110 2114 2014 
1586 2110 1719 2112 2114 
1587 2114 2112 1720 2113 
1588 2014 2114 2113 1688 
1589 1688 2113 2117 2017 
1590 2113 1720 2115 2117 
1591 2117 2115 1721 2116 
1592 2017 2117 2116 1689 
1593 1689 2116 2120 2020 
1594 2116 1721 2118 2120 
1595 2120 2118 1722 2119 
1596 2020 2120 2119 1690 
1597 1690 2119 2123 2023 
1598 2119 1722 2121 2123 
1599 2123 2121 1723 2122 
1600 2023 2123 2122 1691 
1601 1691 2122 2126 2026 
1602 2122 1723 2124 2126 
1603 2126 2124 1724 2125 
1604 2026 2126 2125 1692 
1605 1692 2125 2129 2029 
1606 2125 1724 2127 2129 
1607 2129 2127 1725 2128 
1608 2029 2129 2128 1693 
1609 1693 2128 2132 2032 
1610 2128 1725 2130 2132 
1611 2132 2130 1726 2131 
1612 2032 2132 2131 1694 
1613 1694 2131 2135 2035 
1614 2131 1726 2133 2135 
1615 2135 2133 1727 2134 
1616 2035 2135 2134 1695 
1617 1695 2134 2138 2038 
1618 2134 1727 2136 2138 
1619 2138 2136 1728 2137 
1620 2038 2138 2137 1696 
1621 1696 2137 2141 2041 
1622 2137 1728 2139 2141 
1623 2141 2139 1729 2140 
1624 2041 2141 2140 1697 
1625 1697 2140 2144 2044 
1626 2140 1729 2142 2144 
1627 2144 2142 1730 2143 
1628 2044 2144 2143 1698 
1629 1698 2143 2147 2047 
1630 2143 1730 2145 2147 
1631 2147 2145 1731 2146 
1632 2047 2147 2146 1699 
1633 1699 2146 2150 2050 
1634 2146 1731 2148 2150 
1635 2150 2148 1732 2149 
1636 2050 2150 2149 1700 
1637 1700 2149 2153 2053 
1638 2149 1732 2151 2153 
1639 2153 2151 1733 2152 
1640 2053 2153 2152 1701 
1641 1701 2152 2156 2056 
1642 2152 1733 2154 2156 
1643 2156 2154 1734 2155 
1644 2056 2156 2155 1702 
1645 1702 2155 2159 2059 
1646 2155 1734 2157 2159 
1647 2159 2157 1735 2158 
1648 2059 2159 2158 1703 
1649 1703 2158 2162 2062 
1650 2158 1735 2160 2162 
1651 2162 2160 1736 2161 
1652 2062 2162 2161 1704 
1653 1704 2161 2165 2065 
1654 2161 1736 2163 2165 
1655 2165 2163 1737 2164 
1656 2065 2165 2164 1705 
1657 1705 2164 2168 2068 
1658 2164 1737 2166 2168 
1659 2168 2166 1738 2167 
1660 2068 2168 2167 1706 
1661 1706 2167 2171 2071 
1662 2167 1738 2169 2171 
1663 2171 2169 1739 2170 
1664 2071 2171 2170 1707 
1665 1707 2170 2174 2074 
1666 2170 1739 2172 2174 
1667 2174 2172 1740 2173 
1668 2074 2174 2173 1708 
1669 1708 2173 2177 2077 
1670 2173 1740 2175 2177 
1671 2177 2175 1741 2176 
1672 2077 2177 2176 1709 
1673 1709 2176 2180 2080 
1674 2176 1741 2178 2180 
1675 2180 2178 1742 2179 
1676 2080 2180 2179 1710 
1677 1710 2179 2183 2083 
1678 2179 1742 2181 2183 
1679 2183 2181 1743 2182 
1680 2083 2183 2182 1711 
1681 1711 2182 2186 2086 
1682 2182 1743 2184 2186 
1683 2186 2184 1744 2185 
1684 2086 2186 2185 1712 
1685 1712 2185 2189 2089 
1686 2185 1744 2187 2189 
1687 2189 2187 1745 2188 
1688 2089 2189 2188 1713 
1689 1713 2188 2192 2092 
1690 2188 1745 2190 2192 
1691 2192 2190 1746 2191 
1692 2092 2192 2191 1714 
1693 1714 2191 2195 2095 
1694 2191 1746 2193 2195 
1695 2195 2193 1747 2194 
1696 2095 2195 2194 1715 
1697 1715 2194 2198 2098 
1698 2194 1747 2196 2198 
1699 2198 2196 1748 2197 
1700 2098 2198 2197 1716 
1701 1716 2197 2200 2101 
1702 2197 1748 2199 2200 
1703 2200 2199 140 143 
1704 2101 2200 143 141 
1705 295 292 2203 2103 
1706 292 296 2201 2203 
1707 2203 2201 1749 2202 
1708 2103 2203 2202 1717 
1709 1717 2202 2206 2106 
1710 2202 1749 2204 2206 
1711 2206 2204 1750 2205 
1712 2106 2206 2205 1718 
1713 1718 2205 2209 2109 
1714 2205 1750 2207 2209 
1715 2209 2207 1751 2208 
1716 2109 2209 2208 1719 
1717 1719 2208 2212 2112 
1718 2208 1751 2210 2212 
1719 2212 2210 1752 2211 
1720 2112 2212 2211 1720 
1721 1720 2211 2215 2115 
1722 2211 1752 2213 2215 
1723 2215 2213 1753 2214 
1724 2115 2215 2214 1721 
1725 1721 2214 2218 2118 
1726 2214 1753 2216 2218 
1727 2218 2216 1754 2217 
1728 2118 2218 2217 1722 
1729 1722 2217 2221 2121 
1730 2217 1754 2219 2221 
1731 2221 2219 1755 2220 
1732 2121 2221 2220 1723 
1733 1723 2220 2224 2124 
1734 2220 1755 2222 2224 
1735 2224 2222 1756 2223 
1736 2124 2224 2223 1724 
1737 1724 2223 2227 2127 
1738 2223 1756 2225 2227 
1739 2227 2225 1757 2226 
1740 2127 2227 2226 1725 
1741 1725 2226 2230 2130 
1742 2226 1757 2228 2230 
1743 2230 2228 1758 2229 
1744 2130 2230 2229 1726 
1745 1726 2229 2233 2133 
1746 2229 1758 2231 2233 
1747 2233 2231 1759 2232 
1748 2133 2233 2232 1727 
1749 1727 2232 2236 2136 
1750 2232 1759 2234 2236 
1751 2236 2234 1760 2235 
1752 2136 2236 2235 1728 
1753 1728 2235 2239 2139 
1754 2235 1760 2237 2239 
1755 2239 2237 1761 2238 
1756 2139 2239 2238 1729 
1757 1729 2238 2242 2142 
1758 2238 1761 2240 2242 
1759 2242 2240 1762 2241 
1760 2142 2242 2241 1730 
1761 1730 2241 2245 2145 
1762 2241 1762 2243 2245 
1763 2245 2243 1763 2244 
1764 2145 2245 2244 1731 
1765 1731 2244 2248 2148 
1766 2244 1763 2246 2248 
1767 2248 2246 1764 2247 
1768 2148 2248 2247 1732 
1769 1732 2247 2251 2151 
1770 2247 1764 2249 2251 
1771 2251 2249 1765 2250 
1772 2151 2251 2250 1733 
1773 1733 2250 2254 2154 
1774 2250 1765 2252 2254 
1775 2254 2252 1766 2253 
1776 2154 2254 2253 1734 
1777 1734 2253 2257 2157 
1778 2253 1766 2255 2257 
1779 2257 2255 1767 2256 
1780 2157 2257 2256 1735 
1781 1735 2256 2260 2160 
1782 2256 1767 2258 2260 
1783 2260 2258 1768 2259 
1784 2160 2260 2259 1736 
1785 1736 2259 2263 2163 
1786 2259 1768 2261 2263 
1787 2263 2261 1769 2262 
1788 2163 2263 2262 1737 
1789 1737 2262 2266 2166 
1790 2262 1769 2264 2266 
1791 2266 2264 1770 2265 
1792 2166 2266 2265 1738 
1793 1738 2265 2269 2169 
1794 2265 1770 2267 2269 
1795 2269 2267 1771 2268 
1796 2169 2269 2268 1739 
1797 1739 2268 2272 2172 
1798 2268 1771 2270 2272 
1799 2272 2270 1772 2271 
1800 2172 2272 2271 1740 
1801 1740 2271 2275 2175 
1802 2271 1772 2273 2275 
1803 2275 2273 1773 2274 
1804 2175 2275 2274 1741 
1805 1741 2274 2278 2178 
1806 2274 1773 2276 2278 
1807 2278 2276 1774 2277 
1808 2178 2278 2277 1742 
1809 1742 2277 2281 2181 
1810 2277 1774 2279 2281 
1811 2281 2279 1775 2280 
1812 2181 2281 2280 1743 
1813 1743 2280 2284 2184 
1814 2280 1775 2282 2284 
1815 2284 2282 1776 2283 
1816 2184 2284 2283 1744 
1817 1744 2283 2287 2187 
1818 2283 1776 2285 2287 
1819 2287 2285 1777 2286 
1820 2187 2287 2286 1745 
1821 1745 2286 2290 2190 
1822 2286 1777 2288 2290 
1823 2290 2288 1778 2289 
1824 2190 2290 2289 1746 
1825 1746 2289 2293 2193 
1826 2289 1778 2291 2293 
1827 2293 2291 1779 2292 
1828 2193 2293 2292 1747 
1829 1747 2292 2296 2196 
1830 2292 1779 2294 2296 
1831 2296 2294 1780 2295 
1832 2196 2296 2295 1748 
1833 1748 2295 2298 2199 
1834 2295 1780 2297 2298 
1835 2298 2297 139 144 
1836 2199 2298 144 140 
1837 296 291 2301 2201 
1838 291 297 2299 2301 
1839 2301 2299 1781 2300 
1840 2201 2301 2300 1749 
1841 1749 2300 2304 2204 
1842 2300 1781 2302 2304 
1843 2304 2302 1782 2303 
1844 2204 2304 2303 1750 
1845 1750 2303 2307 2207 
1846 2303 1782 2305 2307 
1847 2307 2305 1783 2306 
1848 2207 2307 2306 1751 
1849 1751 2306 2310 2210 
1850 2306 1783 2308 2310 
1851 2310 2308 1784 2309 
1852 2210 2310 2309 1752 
1853 1752 2309 2313 2213 
1854 2309 1784 2311 2313 
1855 2313 2311 1785 2312 
1856 2213 2313 2312 1753 
1857 1753 2312 2316 2216 
1858 2312 1785 2314 2316 
1859 2316 2314 1786 2315 
1860 2216 2316 2315 1754 
1861 1754 2315 2319 2219 
1862 2315 1786 2317 2319 
1863 2319 2317 1787 2318 
1864 2219 2319 2318 1755 
1865 1755 2318 2322 2222 
1866 2318 1787 2320 2322 
1867 2322 2320 1788 2321 
1868 2222 2322 2321 1756 
1869 1756 2321 2325 2225 
1870 2321 1788 2323 2325 
1871 2325 2323 1789 2324 
1872 2225 2325 2324 1757 
1873 1757 2324 2328 2228 
1874 2324 1789 2326 2328 
1875 2328 2326 1790 2327 
1876 2228 2328 2327 1758 
1877 1758 2327 2331 2231 
1878 2327 1790 2329 2331 
1879 2331 2329 1791 2330 
1880 2231 2331 2330 1759 
1881 1759 2330 2334 2234 
1882 2330 1791 2332 2334 
1883 2334 2332 1792 2333 
1884 2234 2334 2333 1760 
1885 1760 2333 2337 2237 
1886 2333 1792 2335 2337 
1887 2337 2335 1793 2336 
1888 2237 2337 2336 1761 
1889 1761 2336 2340 2240 
1890 2336 1793 2338 2340 
1891 2340 2338 1794 2339 
1892 2240 2340 2339 1762 
1893 1762 2339 2343 2243 
1894 2339 1794 2341 2343 
1895 2343 2341 1795 2342 
1896 2243 2343 2342 1763 
1897 1763 2342 2346 2246 
1898 2342 1795 2344 2346 
1899 2346 2344 1796 2345 
1900 2246 2346 2345 1764 
1901 1764 2345 2349 2249 
1902 2345 1796 2347 2349 
1903 2349 2347 1797 2348 
1904 2249 2349 2348 1765 
1905 1765 2348 2352 2252 
1906 2348 1797 2350 2352 
1907 2352 2350 1798 2351 
1908 2252 2352 2351 1766 
1909 1766 2351 2355 2255 
1910 2351 1798 2353 2355 
1911 2355 2353 1799 2354 
1912 2255 2355 2354 1767 
1913 1767 2354 2358 2258 
1914 2354 1799 2356 2358 
1915 2358 2356 1800 2357 
1916 2258 2358 2357 1768 
1917 1768 2357 2361 2261 
1918 2357 1800 2359 2361 
1919 2361 2359 1801 2360 
1920 2261 2361 2360 1769 
1921 1769 2360 2364 2264 
1922 2360 1801 2362 2364 
1923 2364 2362 1802 2363 
1924 2264 2364 2363 1770 
1925 1770 2363 2367 2267 
1926 2363 1802 2365 2367 
1927 2367 2365 1803 2366 
1928 2267 2367 2366 1771 
1929 1771 2366 2370 2270 
1930 2366 1803 2368 2370 
1931 2370 2368 1804 2369 
1932 2270 2370 2369 1772 
1933 1772 2369 2373 2273 
1934 2369 1804 2371 2373 
1935 2373 2371 1805 2372 
1936 2273 2373 2372 1773 
1937 1773 2372 2376 2276 
1938 2372 1805 2374 2376 
1939 2376 2374 1806 2375 
1940 2276 2376 2375 1774 
1941 1774 2375 2379 2279 
1942 2375 1806 2377 2379 
1943 2379 2377 1807 2378 
1944 2279 2379 2378 1775 
1945 1775 2378 2382 2282 
1946 2378 1807 2380 2382 
1947 2382 2380 1808 2381 
1948 2282 2382 2381 1776 
1949 1776 2381 2385 2285 
1950 2381 1808 2383 2385 
1951 2385 2383 1809 2384 
1952 2285 2385 2384 1777 
1953 1777 2384 2388 2288 
1954 2384 1809 2386 2388 
1955 2388 2386 1810 2387 
1956 2288 2388 2387 1778 
1957 1778 2387 2391 2291 
1958 2387 1810 2389 2391 
1959 2391 2389 1811 2390 
1960 2291 2391 2390 1779 
1961 1779 2390 2394 2294 
1962 2390 1811 2392 2394 
1963 2394 2392 1812 2393 
1964 2294 2394 2393 1780 
1965 1780 2393 2396 2297 
1966 2393 1812 2395 2396 
1967 2396 2395 138 145 
1968 2297 2396 145 139 
1969 297 290 2399 2299 
1970 290 298 2397 2399 
1971 2399 2397 1813 2398 
1972 2299 2399 2398 1781 
1973 1781 2398 2402 2302 
1974 2398 1813 2400 2402 
1975 2402 2400 1814 2401 
1976 2302 2402 2401 1782 
1977 1782 2401 2405 2305 
1978 2401 1814 2403 2405 
1979 2405 2403 1815 2404 
1980 2305 2405 2404 1783 
1981 1783 2404 2408 2308 
1982 2404 1815 2406 2408 
1983 2408 2406 1816 2407 
1984 2308 2408 2407 1784 
1985 1784 2407 2411 2311 
1986 2407 1816 2409 2411 
1987 2411 2409 1817 2410 
1988 2311 2411 2410 1785 
1989 1785 2410 2414 2314 
1990 2410 1817 2412 2414 
1991 2414 2412 1818 2413 
1992 2314 2414 2413 1786 
1993 1786 2413 2417 2317 
1994 2413 1818 2415 2417 
1995 2417 2415 1819 2416 
1996 2317 2417 2416 1787 
1997 1787 2416 2420 2320 
1998 2416 1819 2418 2420 
1999 2420 2418 1820 2419 
2000 2320 2420 2419 1788 
2001 1788 2419 2423 2323 
2002 2419 1820 2421 2423 
2003 2423 2421 1821 2422 
2004 2323 2423 2422 1789 
2005 1789 2422 2426 2326 
2006 2422 1821 2424 2426 
2007 2426 2424 1822 2425 
2008 2326 2426 2425 1790 
2009 1790 2425 2429 2329 
2010 2425 1822 2427 2429 
2011 2429 2427 1823 2428 
2012 2329 2429 2428 1791 
2013 1791 2428 2432 2332 
2014 2428 1823 2430 2432 
2015 2432 2430 1824 2431 
2016 2332 2432 2431 1792 
2017 1792 2431 2435 2335 
2018 2431 1824 2433 2435 
2019 2435 2433 1825 2434 
2020 2335 2435 2434 1793 
2021 1793 2434 2438 2338 
2022 2434 1825 2436 2438 
2023 2438 2436 1826 2437 
2024 2338 2438 2437 1794 
2025 1794 2437 2441 2341 
2026 2437 1826 2439 2441 
2027 2441 2439 1827 2440 
2028 2341 2441 2440 1795 
2029 1795 2440 2444 2344 
2030 2440 1827 2442 2444 
2031 2444 2442 1828 2443 
2032 2344 2444 2443 1796 
2033 1796 2443 2447 2347 
2034 2443 1828 2445 2447 
2035 2447 2445 1829 2446 
2036 2347 2447 2446 1797 
2037 1797 2446 2450 2350 
2038 2446 1829 2448 2450 
2039 2450 2448 1830 2449 
2040 2350 2450 2449 1798 
2041 1798 2449 2453 2353 
2042 2449 1830 2451 2453 
2043 2453 2451 1831 2452 
2044 2353 2453 2452 1799 
2045 1799 2452 2456 2356 
2046 2452 1831 2454 2456 
2047 2456 2454 1832 2455 
2048 2356 2456 2455 1800 
2049 1800 2455 2459 2359 
2050 2455 1832 2457 2459 
2051 2459 2457 1833 2458 
2052 2359 2459 2458 1801 
2053 1801 2458 2462 2362 
2054 2458 1833 2460 2462 
2055 2462 2460 1834 2461 
2056 2362 2462 2461 1802 
2057 1802 2461 2465 2365 
2058 2461 1834 2463 2465 
2059 2465 2463 1835 2464 
2060 2365 2465 2464 1803 
2061 1803 2464 2468 2368 
2062 2464 1835 2466 2468 
2063 2468 2466 1836 2467 
2064 2368 2468 2467 1804 
2065 1804 2467 2471 2371 
2066 2467 1836 2469 2471 
2067 2471 2469 1837 2470 
2068 2371 2471 2470 1805 
2069 1805 2470 2474 2374 
2070 2470 1837 2472 2474 
2071 2474 2472 1838 2473 
2072 2374 2474 2473 1806 
2073 1806 2473 2477 2377 
2074 2473 1838 2475 2477 
2075 2477 2475 1839 2476 
2076 2377 2477 2476 1807 
2077 1807 2476 2480 2380 
2078 2476 1839 2478 2480 
2079 2480 2478 1840 2479 
2080 2380 2480 2479 1808 
2081 1808 2479 2483 2383 
2082 2479 1840 2481 2483 
2083 2483 2481 1841 2482 
2084 2383 2483 2482 1809 
2085 1809 2482 2486 2386 
2086 2482 1841 2484 2486 
2087 2486 2484 1842 2485 
2088 2386 2486 2485 1810 
2089 1810 2485 2489 2389 
2090 2485 1842 2487 2489 
2091 2489 2487 1843 2488 
2092 2389 2489 2488 1811 
2093 1811 2488 2492 2392 
2094 2488 1843 2490 2492 
2095 2492 2490 1844 2491 
2096 2392 2492 2491 1812 
2097 1812 2491 2494 2395 
2098 2491 1844 2493 2494 
2099 2494 2493 137 146 
2100 2395 2494 146 138 
2101 298 289 2497 2397 
2102 289 299 2495 2497 
2103 2497 2495 1845 2496 
2104 2397 2497 2496 1813 
2105 1813 2496 2500 2400 
2106 2496 1845 2498 2500 
2107 2500 2498 1846 2499 
2108 2400 2500 2499 1814 
2109 1814 2499 2503 2403 
2110 2499 1846 2501 2503 
2111 2503 2501 1847 2502 
2112 2403 2503 2502 1815 
2113 1815 2502 2506 2406 
2114 2502 1847 2504 2506 
2115 2506 2504 1848 2505 
2116 2406 2506 2505 1816 
2117 1816 2505 2509 2409 
2118 2505 1848 2507 2509 
2119 2509 2507 1849 2508 
2120 2409 2509 2508 1817 
2121 1817 2508 2512 2412 
2122 2508 1849 2510 2512 
2123 2512 2510 1850 2511 
2124 2412 2512 2511 1818 
2125 1818 2511 2515 2415 
2126 2511 1850 2513 2515 
2127 2515 2513 1851 2514 
2128 2415 2515 2514 1819 
2129 1819 2514 2518 2418 
2130 2514 1851 2516 2518 
2131 2518 2516 1852 2517 
2132 2418 2518 2517 1820 
2133 1820 2517 2521 2421 
2134 2517 1852 2519 2521 
2135 2521 2519 1853 2520 
2136 2421 2521 2520 1821 
2137 1821 2520 2524 2424 
2138 2520 1853 2522 2524 
2139 2524 2522 1854 2523 
2140 2424 2524 2523 1822 
2141 1822 2523 2527 2427 
2142 2523 1854 2525 2527 
2143 2527 2525 1855 2526 
2144 2427 2527 2526 1823 
2145 1823 2526 2530 2430 
2146 2526 1855 2528 2530 
2147 2530 2528 1856 2529 
2148 2430 2530 2529 1824 
2149 1824 2529 2533 2433 
2150 2529 1856 2531 2533 
2151 2533 2531 1857 2532 
2152 2433 2533 2532 1825 
2153 1825 2532 2536 2436 
2154 2532 1857 2534 2536 
2155 2536 2534 1858 2535 
2156 2436 2536 2535 1826 
2157 1826 2535 2539 2439 
2158 2535 1858 2537 2539 
2159 2539 2537 1859 2538 
2160 2439 2539 2538 1827 
2161 1827 2538 2542 2442 
2162 2538 1859 2540 2542 
2163 2542 2540 1860 2541 
2164 2442 2542 2541 1828 
2165 1828 2541 2545 2445 
2166 2541 1860 2543 2545 
2167 2545 2543 1861 2544 
2168 2445 2545 2544 1829 
2169 1829 2544 2548 2448 
2170 2544 1861 2546 2548 
2171 2548 2546 1862 2547 
2172 2448 2548 2547 1830 
2173 1830 2547 2551 2451 
2174 2547 1862 2549 2551 
2175 2551 2549 1863 2550 
2176 2451 2551 2550 1831 
2177 1831 2550 2554 2454 
2178 2550 1863 2552 2554 
2179 2554 2552 1864 2553 
2180 2454 2554 2553 1832 
2181 1832 2553 2557 2457 
2182 2553 1864 2555 2557 
2183 2557 2555 1865 2556 
2184 2457 2557 2556 1833 
2185 1833 2556 2560 2460 
2186 2556 1865 2558 2560 
2187 2560 2558 1866 2559 
2188 2460 2560 2559 1834 
2189 1834 2559 2563 2463 
2190 2559 1866 2561 2563 
2191 2563 2561 1867 2562 
2192 2463 2563 2562 1835 
2193 1835 2562 2566 2466 
2194 2562 1867 2564 2566 
2195 2566 2564 1868 2565 
2196 2466 2566 2565 1836 
2197 1836 2565 2569 2469 
2198 2565 1868 2567 2569 
2199 2569 2567 1869 2568 
2200 2469 2569 2568 1837 
2201 1837 2568 2572 2472 
2202 2568 1869 2570 2572 
2203 2572 2570 1870 2571 
2204 2472 2572 2571 1838 
2205 1838 2571 2575 2475 
2206 2571 1870 2573 2575 
2207 2575 2573 1871 2574 
2208 2475 2575 2574 1839 
2209 1839 2574 2578 2478 
2210 2574 1871 2576 2578 
2211 2578 2576 1872 2577 
2212 2478 2578 2577 1840 
2213 1840 2577 2581 2481 
2214 2577 1872 2579 2581 
2215 2581 2579 1873 2580 
2216 2481 2581 2580 1841 
2217 1841 2580 2584 2484 
2218 2580 1873 2582 2584 
2219 2584 2582 1874 2583 
2220 2484 2584 2583 1842 
2221 1842 2583 2587 2487 
2222 2583 1874 2585 2587 
2223 2587 2585 1875 2586 
2224 2487 2587 2586 1843 
2225 1843 2586 2590 2490 
2226 2586 1875 2588 2590 
2227 2590 2588 1876 2589 
2228 2490 2590 2589 1844 
2229 1844 2589 2592 2493 
2230 2589 1876 2591 2592 
2231 2592 2591 136 147 
2232 2493 2592 147 137 
2233 299 288 2595 2495 
2234 288 300 2593 2595 
2235 2595 2593 1877 2594 
2236 2495 2595 2594 1845 
2237 1845 2594 2598 2498 
2238 2594 1877 2596 2598 
2239 2598 2596 1878 2597 
2240 2498 2598 2597 1846 
2241 1846 2597 2601 2501 
2242 2597 1878 2599 2601 
2243 2601 2599 1879 2600 
2244 2501 2601 2600 1847 
2245 1847 2600 2604 2504 
2246 2600 1879 2602 2604 
2247 2604 2602 1880 2603 
2248 2504 2604 2603 1848 
2249 1848 2603 2607 2507 
2250 2603 1880 2605 2607 
2251 2607 2605 1881 2606 
2252 2507 2607 2606 1849 
2253 1849 2606 2610 2510 
2254 2606 1881 2608 2610 
2255 2610 2608 1882 2609 
2256 2510 2610 2609 1850 
2257 1850 2609 2613 2513 
2258 2609 1882 2611 2613 
2259 2613 2611 1883 2612 
2260 2513 2613 2612 1851 
2261 1851 2612 2616 2516 
2262 2612 1883 2614 2616 
2263 2616 2614 1884 2615 
2264 2516 2616 2615 1852 
2265 1852 2615 2619 2519 
2266 2615 1884 2617 2619 
2267 2619 2617 1885 2618 
2268 2519 2619 2618 1853 
2269 1853 2618 2622 2522 
2270 2618 1885 2620 2622 
2271 2622 2620 1886 2621 
2272 2522 2622 2621 1854 
2273 1854 2621 2625 2525 
2274 2621 1886 2623 2625 
2275 2625 2623 1887 2624 
2276 2525 2625 2624 1855 
2277 1855 2624 2628 2528 
2278 2624 1887 2626 2628 
2279 2628 2626 1888 2627 
2280 2528 2628 2627 1856 
2281 1856 2627 2631 2531 
2282 2627 1888 2629 2631 
2283 2631 2629 1889 2630 
2284 2531 2631 2630 1857 
2285 1857 2630 2634 2534 
2286 2630 1889 2632 2634 
2287 2634 2632 1890 2633 
2288 2534 2634 2633 1858 
2289 1858 2633 2637 2537 
2290 2633 1890 2635 2637 
2291 2637 2635 1891 2636 
2292 2537 2637 2636 1859 
2293 1859 2636 2640 2540 
2294 2636 1891 2638 2640 
2295 2640 2638 1892 2639 
2296 2540 2640 2639 1860 
2297 1860 2639 2643 2543 
2298 2639 1892 2641 2643 
2299 2643 2641 1893 2642 
2300 2543 2643 2642 1861 
2301 1861 2642 2646 2546 
2302 2642 1893 2644 2646 
2303 2646 2644 1894 2645 
2304 2546 2646 2645 1862 
2305 1862 2645 2649 2549 
2306 2645 1894 2647 2649 
2307 2649 2647 1895 2648 
2308 2549 2649 2648 1863 
2309 1863 2648 2652 2552 
2310 2648 1895 2650 2652 
2311 2652 2650 1896 2651 
2312 2552 2652 2651 1864 
2313 1864 2651 2655 2555 
2314 2651 1896 2653 2655 
2315 2655 2653 1897 2654 
2316 2555 2655 2654 1865 
2317 1865 2654 2658 2558 
2318 2654 1897 2656 2658 
2319 2658 2656 1898 2657 
2320 2558 2658 2657 1866 
2321 1866 2657 2661 2561 
2322 2657 1898 2659 2661 
2323 2661 2659 1899 2660 
2324 2561 2661 2660 1867 
2325 1867 2660 2664 2564 
2326 2660 1899 2662 2664 
2327 2664 2662 1900 2663 
2328 2564 2664 2663 1868 
2329 1868 2663 2667 2567 
2330 2663 1900 2665 2667 
2331 2667 2665 1901 2666 
2332 2567 2667 2666 1869 
2333 1869 2666 2670 2570 
2334 2666 1901 2668 2670 
2335 2670 2668 1902 2669 
2336 2570 2670 2669 1870 
2337 1870 2669 2673 2573 
2338 2669 1902 2671 2673 
2339 2673 2671 1903 2672 
2340 2573 2673 2672 1871 
2341 1871 2672 2676 2576 
2342 2672 1903 2674 2676 
2343 2676 2674 1904 2675 
2344 2576 2676 2675 1872 
2345 1872 2675 2679 2579 
2346 2675 1904 2677 2679 
2347 2679 2677 1905 2678 
2348 2579 2679 2678 1873 
2349 1873 2678 2682 2582 
2350 2678 1905 2680 2682 
2351 2682 2680 1906 2681 
2352 2582 2682 2681 1874 
2353 1874 2681 2685 2585 
2354 2681 1906 2683 2685 
2355 2685 2683 1907 2684 
2356 2585 2685 2684 1875 
2357 1875 2684 2688 2588 
2358 2684 1907 2686 2688 
2359 2688 2686 1908 2687 
2360 2588 2688 2687 1876 
2361 1876 2687 2690 2591 
2362 2687 1908 2689 2690 
2363 2690 2689 135 148 
2364 2591 2690 148 136 
2365 300 287 2693 2593 
2366 287 301 2691 2693 
2367 2693 2691 1909 2692 
2368 2593 2693 2692 1877 
2369 1877 2692 2696 2596 
2370 2692 1909 2694 2696 
2371 2696 2694 1910 2695 
2372 2596 2696 2695 1878 
2373 1878 2695 2699 2599 
2374 2695 1910 2697 2699 
2375 2699 2697 1911 2698 
2376 2599 2699 2698 1879 
2377 1879 2698 2702 2602 
2378 2698 1911 2700 2702 
2379 2702 2700 1912 2701 
2380 2602 2702 2701 1880 
2381 1880 2701 2705 2605 
2382 2701 1912 2703 2705 
2383 2705 2703 1913 2704 
2384 2605 2705 2704 1881 
2385 1881 2704 2708 2608 
2386 2704 1913 2706 2708 
2387 2708 2706 1914 2707 
2388 2608 2708 2707 1882 
2389 1882 2707 2711 2611 
2390 2707 1914 2709 2711 
2391 2711 2709 1915 2710 
2392 2611 2711 2710 1883 
2393 1883 2710 2714 2614 
2394 2710 1915 2712 2714 
2395 2714 2712 1916 2713 
2396 2614 2714 2713 1884 
2397 1884 2713 2717 2617 
2398 2713 1916 2715 2717 
2399 2717 2715 1917 2716 
2400 2617 2717 2716 1885 
2401 1885 2716 2720 2620 
2402 2716 1917 2718 2720 
2403 2720 2718 1918 2719 
2404 2620 2720 2719 1886 
2405 1886 2719 2723 2623 
2406 2719 1918 2721 2723 
2407 2723 2721 1919 2722 
2408 2623 2723 2722 1887 
2409 1887 2722 2726 2626 
2410 2722 1919 2724 2726 
2411 2726 2724 1920 2725 
2412 2626 2726 2725 1888 
2413 1888 2725 2729 2629 
2414 2725 1920 2727 2729 
2415 2729 2727 1921 2728 
2416 2629 2729 2728 1889 
2417 1889 2728 2732 2632 
2418 2728 1921 2730 2732 
2419 2732 2730 1922 2731 
2420 2632 2732 2731 1890 
2421 1890 2731 2735 2635 
2422 2731 1922 2733 2735 
2423 2735 2733 1923 2734 
2424 2635 2735 2734 1891 
2425 1891 2734 2738 2638 
2426 2734 1923 2736 2738 
2427 2738 2736 1924 2737 
2428 2638 2738 2737 1892 
2429 1892 2737 2741 2641 
2430 2737 1924 2739 2741 
2431 2741 2739 1925 2740 
2432 2641 2741 2740 1893 
2433 1893 2740 2744 2644 
2434 2740 1925 2742 2744 
2435 2744 2742 1926 2743 
2436 2644 2744 2743 1894 
2437 1894 2743 2747 2647 
2438 2743 1926 2745 2747 
2439 2747 2745 1927 2746 
2440 2647 2747 2746 1895 
2441 1895 2746 2750 2650 
2442 2746 1927 2748 2750 
2443 2750 2748 1928 2749 
2444 2650 2750 2749 1896 
2445 1896 2749 2753 2653 
2446 2749 1928 2751 2753 
2447 2753 2751 1929 2752 
2448 2653 2753 2752 1897 
2449 1897 2752 2756 2656 
2450 2752 1929 2754 2756 
2451 2756 2754 1930 2755 
2452 2656 2756 2755 1898 
2453 1898 2755 2759 2659 
2454 2755 1930 2757 2759 
2455 2759 2757 1931 2758 
2456 2659 2759 2758 1899 
2457 1899 2758 2762 2662 
2458 2758 1931 2760 2762 
2459 2762 2760 1932 2761 
2460 2662 2762 2761 1900 
2461 1900 2761 2765 2665 
2462 2761 1932 2763 2765 
2463 2765 2763 1933 2764 
2464 2665 2765 2764 1901 
2465 1901 2764 2768 2668 
2466 2764 1933 2766 2768 
2467 2768 2766 1934 2767 
2468 2668 2768 2767 1902 
2469 1902 2767 2771 2671 
2470 2767 1934 2769 2771 
2471 2771 2769 1935 2770 
2472 2671 2771 2770 1903 
2473 1903 2770 2774 2674 
2474 2770 1935 2772 2774 
2475 2774 2772 1936 2773 
2476 2674 2774 2773 1904 
2477 1904 2773 2777 2677 
2478 2773 1936 2775 2777 
2479 2777 2775 1937 2776 
2480 2677 2777 2776 1905 
2481 1905 2776 2780 2680 
2482 2776 1937 2778 2780 
2483 2780 2778 1938 2779 
2484 2680 2780 2779 1906 
2485 1906 2779 2783 2683 
2486 2779 1938 2781 2783 
2487 2783 2781 1939 2782 
2488 2683 2783 2782 1907 
2489 1907 2782 2786 2686 
2490 2782 1939 2784 2786 
2491 2786 2784 1940 2785 
2492 2686 2786 2785 1908 
2493 1908 2785 2788 2689 
2494 2785 1940 2787 2788 
2495 2788 2787 134 149 
2496 2689 2788 149 135 
2497 301 286 2791 2691 
2498 286 302 2789 2791 
2499 2791 2789 1941 2790 
2500 2691 2791 2790 1909 
2501 1909 2790 2794 2694 
2502 2790 1941 2792 2794 
2503 2794 2792 1942 2793 
2504 2694 2794 2793 1910 
2505 1910 2793 2797 2697 
2506 2793 1942 2795 2797 
2507 2797 2795 1943 2796 
2508 2697 2797 2796 1911 
2509 1911 2796 2800 2700 
2510 2796 1943 2798 2800 
2511 2800 2798 1944 2799 
2512 2700 2800 2799 1912 
2513 1912 2799 2803 2703 
2514 2799 1944 2801 2803 
2515 2803 2801 1945 2802 
2516 2703 2803 2802 1913 
2517 1913 2802 2806 2706 
2518 2802 1945 2804 2806 
2519 2806 2804 1946 2805 
2520 2706 2806 2805 1914 
2521 1914 2805 2809 2709 
2522 2805 1946 2807 2809 
2523 2809 2807 1947 2808 
2524 2709 2809 2808 1915 
2525 1915 2808 2812 2712 
2526 2808 1947 2810 2812 
2527 2812 2810 1948 2811 
2528 2712 2812 2811 1916 
2529 1916 2811 2815 2715 
2530 2811 1948 2813 2815 
2531 2815 2813 1949 2814 
2532 2715 2815 2814 1917 
2533 1917 2814 2818 2718 
2534 2814 1949 2816 2818 
2535 2818 2816 1950 2817 
2536 2718 2818 2817 1918 
2537 1918 2817 2821 2721 
2538 2817 1950 2819 2821 
2539 2821 2819 1951 2820 
2540 2721 2821 2820 1919 
2541 1919 2820 2824 2724 
2542 2820 1951 2822 2824 
2543 2824 2822 1952 2823 
2544 2724 2824 2823 1920 
2545 1920 2823 2827 2727 
2546 2823 1952 2825 2827 
2547 2827 2825 1953 2826 
2548 2727 2827 2826 1921 
2549 1921 2826 2830 2730 
2550 2826 1953 2828 2830 
2551 2830 2828 1954 2829 
2552 2730 2830 2829 1922 
2553 1922 2829 2833 2733 
2554 2829 1954 2831 2833 
2555 2833 2831 1955 2832 
2556 2733 2833 2832 1923 
2557 1923 2832 2836 2736 
2558 2832 1955 2834 2836 
2559 2836 2834 1956 2835 
2560 2736 2836 2835 1924 
2561 1924 2835 2839 2739 
2562 2835 1956 2837 2839 
2563 2839 2837 1957 2838 
2564 2739 2839 2838 1925 
2565 1925 2838 2842 2742 
2566 2838 1957 2840 2842 
2567 2842 2840 1958 2841 
2568 2742 2842 2841 1926 
2569 1926 2841 2845 2745 
2570 2841 1958 2843 2845 
2571 2845 2843 1959 2844 
2572 2745 2845 2844 1927 
2573 1927 2844 2848 2748 
2574 2844 1959 2846 2848 
2575 2848 2846 1960 2847 
2576 2748 2848 2847 1928 
2577 1928 2847 2851 2751 
2578 2847 1960 2849 2851 
2579 2851 2849 1961 2850 
2580 2751 2851 2850 1929 
2581 1929 2850 2854 2754 
2582 2850 1961 2852 2854 
2583 2854 2852 1962 2853 
2584 2754 2854 2853 1930 
2585 1930 2853 2857 2757 
2586 2853 1962 2855 2857 
2587 2857 2855 1963 2856 
2588 2757 2857 2856 1931 
2589 1931 2856 2860 2760 
2590 2856 1963 2858 2860 
2591 2860 2858 1964 2859 
2592 2760 2860 2859 1932 
2593 1932 2859 2863 2763 
2594 2859 1964 2861 2863 
2595 2863 2861 1965 2862 
2596 2763 2863 2862 1933 
2597 1933 2862 2866 2766 
2598 2862 1965 2864 2866 
2599 2866 2864 1966 2865 
2600 2766 2866 2865 1934 
2601 1934 2865 2869 2769 
2602 2865 1966 2867 2869 
2603 2869 2867 1967 2868 
2604 2769 2869 2868 1935 
2605 1935 2868 2872 2772 
2606 2868 1967 2870 2872 
2607 2872 2870 1968 2871 
2608 2772 2872 2871 1936 
2609 1936 2871 2875 2775 
2610 2871 1968 2873 2875 
2611 2875 2873 1969 2874 
2612 2775 2875 2874 1937 
2613 1937 2874 2878 2778 
2614 2874 1969 2876 2878 
2615 2878 2876 1970 2877 
2616 2778 2878 2877 1938 
2617 1938 2877 2881 2781 
2618 2877 1970 2879 2881 
2619 2881 2879 1971 2880 
2620 2781 2881 2880 1939 
2621 1939 2880 2884 2784 
2622 2880 1971 2882 2884 
2623 2884 2882 1972 2883 
2624 2784 2884 2883 1940 
2625 1940 2883 2886 2787 
2626 2883 1972 2885 2886 
2627 2886 2885 133 150 
2628 2787 2886 150 134 
2629 302 285 2889 2789 
2630 285 303 2887 2889 
2631 2889 2887 1973 2888 
2632 2789 2889 2888 1941 
2633 1941 2888 2892 2792 
2634 2888 1973 2890 2892 
2635 2892 2890 1974 2891 
2636 2792 2892 2891 1942 
2637 1942 2891 2895 2795 
2638 2891 1974 2893 2895 
2639 2895 2893 1975 2894 
2640 2795 2895 2894 1943 
2641 1943 2894 2898 2798 
2642 2894 1975 2896 2898 
2643 2898 2896 1976 2897 
2644 2798 2898 2897 1944 
2645 1944 2897 2901 2801 
2646 2897 1976 2899 2901 
2647 2901 2899 1977 2900 
2648 2801 2901 2900 1945 
2649 1945 2900 2904 2804 
2650 2900 1977 2902 2904 
2651 2904 2902 1978 2903 
2652 2804 2904 2903 1946 
2653 1946 2903 2907 2807 
2654 2903 1978 2905 2907 
2655 2907 2905 1979 2906 
2656 2807 2907 2906 1947 
2657 1947 2906 2910 2810 
2658 2906 1979 2908 2910 
2659 2910 2908 1980 2909 
2660 2810 2910 2909 1948 
2661 1948 2909 2913 2813 
2662 2909 1980 2911 2913 
2663 2913 2911 1981 2912 
2664 2813 2913 2912 1949 
2665 1949 2912 2916 2816 
2666 2912 1981 2914 2916 
2667 2916 2914 1982 2915 
2668 2816 2916 2915 1950 
2669 1950 2915 2919 2819 
2670 2915 1982 2917 2919 
2671 2919 2917 1983 2918 
2672 2819 2919 2918 1951 
2673 1951 2918 2922 2822 
2674 2918 1983 2920 2922 
2675 2922 2920 1984 2921 
2676 2822 2922 2921 1952 
2677 1952 2921 2925 2825 
2678 2921 1984 2923 2925 
2679 2925 2923 1985 2924 
2680 2825 2925 2924 1953 
2681 1953 2924 2928 2828 
2682 2924 1985 2926 2928 
2683 2928 2926 1986 2927 
2684 2828 2928 2927 1954 
2685 1954 2927 2931 2831 
2686 2927 1986 2929 2931 
2687 2931 2929 1987 2930 
2688 2831 2931 2930 1955 
2689 1955 2930 2934 2834 
2690 2930 1987 2932 2934 
2691 2934 2932 1988 2933 
2692 2834 2934 2933 1956 
2693 1956 2933 2937 2837 
2694 2933 1988 2935 2937 
2695 2937 2935 1989 2936 
2696 2837 2937 2936 1957 
2697 1957 2936 2940 2840 
2698 2936 1989 2938 2940 
2699 2940 2938 1990 2939 
2700 2840 2940 2939 1958 
2701 1958 2939 2943 2843 
2702 2939 1990 2941 2943 
2703 2943 2941 1991 2942 
2704 2843 2943 2942 1959 
2705 1959 2942 2946 2846 
2706 2942 1991 2944 2946 
2707 2946 2944 1992 2945 
2708 2846 2946 2945 1960 
2709 1960 2945 2949 2849 
2710 2945 1992 2947 2949 
2711 2949 2947 1993 2948 
2712 2849 2949 2948 1961 
2713 1961 2948 2952 2852 
2714 2948 1993 2950 2952 
2715 2952 2950 1994 2951 
2716 2852 2952 2951 1962 
2717 1962 2951 2955 2855 
2718 2951 1994 2953 2955 
2719 2955 2953 1995 2954 
2720 2855 2955 2954 1963 
2721 1963 2954 2958 2858 
2722 2954 1995 2956 2958 
2723 2958 2956 1996 2957 
2724 2858 2958 2957 1964 
2725 1964 2957 2961 2861 
2726 2957 1996 2959 2961 
2727 2961 2959 1997 2960 
2728 2861 2961 2960 1965 
2729 1965 2960 2964 2864 
2730 2960 1997 2962 2964 
2731 2964 2962 1998 2963 
2732 2864 2964 2963 1966 
2733 1966 2963 2967 2867 
2734 2963 1998 2965 2967 
2735 2967 2965 1999 2966 
2736 2867 2967 2966 1967 
2737 1967 2966 2970 2870 
2738 2966 1999 2968 2970 
2739 2970 2968 2000 2969 
2740 2870 2970 2969 1968 
2741 1968 2969 2973 2873 
2742 2969 2000 2971 2973 
2743 2973 2971 2001 2972 
2744 2873 2973 2972 1969 
2745 1969 2972 2976 2876 
2746 2972 2001 2974 2976 
2747 2976 2974 2002 2975 
2748 2876 2976 2975 1970 
2749 1970 2975 2979 2879 
2750 2975 2002 2977 2979 
2751 2979 2977 2003 2978 
2752 2879 2979 2978 1971 
2753 1971 2978 2982 2882 
2754 2978 2003 2980 2982 
2755 2982 2980 2004 2981 
2756 2882 2982 2981 1972 
2757 1972 2981 2984 2885 
2758 2981 2004 2983 2984 
2759 2984 2983 132 151 
2760 2885 2984 151 133 
2761 303 284 2986 2887 
2762 284 5 185 2986 
2763 2986 185 217 2985 
2764 2887 2986 2985 1973 
2765 1973 2985 2988 2890 
2766 2985 217 184 2988 
2767 2988 184 216 2987 
2768 2890 2988 2987 1974 
2769 1974 2987 2990 2893 
2770 2987 216 183 2990 
2771 2990 183 215 2989 
2772 2893 2990 2989 1975 
2773 1975 2989 2992 2896 
2774 2989 215 182 2992 
2775 2992 182 214 2991 
2776 2896 2992 2991 1976 
2777 1976 2991 2994 2899 
2778 2991 214 181 2994 
2779 2994 181 213 2993 
2780 2899 2994 2993 1977 
2781 1977 2993 2996 2902 
2782 2993 213 180 2996 
2783 2996 180 212 2995 
2784 2902 2996 2995 1978 
2785 1978 2995 2998 2905 
2786 2995 212 179 2998 
2787 2998 179 211 2997 
2788 2905 2998 2997 1979 
2789 1979 2997 3000 2908 
2790 2997 211 178 3000 
2791 3000 178 210 2999 
2792 2908 3000 2999 1980 
2793 1980 2999 3002 2911 
2794 2999 210 177 3002 
2795 3002 177 209 3001 
2796 2911 3002 3001 1981 
2797 1981 3001 3004 2914 
2798 3001 209 176 3004 
2799 3004 176 208 3003 
2800 2914 3004 3003 1982 
2801 1982 3003 3006 2917 
2802 3003 208 175 3006 
2803 3006 175 207 3005 
2804 2917 3006 3005 1983 
2805 1983 3005 3008 2920 
2806 3005 207 174 3008 
2807 3008 174 206 3007 
2808 2920 3008 3007 1984 
2809 1984 3007 3010 2923 
2810 3007 206 173 3010 
2811 3010 173 205 3009 
2812 2923 3010 3009 1985 
2813 1985 3009 3012 2926 
2814 3009 205 172 3012 
2815 3012 172 204 3011 
2816 2926 3012 3011 1986 
2817 1986 3011 3014 2929 
2818 3011 204 171 3014 
2819 3014 171 203 3013 
2820 2929 3014 3013 1987 
2821 1987 3013 3016 2932 
2822 3013 203 162 3016 
2823 3016 162 202 3015 
2824 2932 3016 3015 1988 
2825 1988 3015 3018 2935 
2826 3015 202 154 3018 
2827 3018 154 201 3017 
2828 2935 3018 3017 1989 
2829 1989 3017 3020 2938 
2830 3017 201 155 3020 
2831 3020 155 200 3019 
2832 2938 3020 3019 1990 
2833 1990 3019 3022 2941 
2834 3019 200 156 3022 
2835 3022 156 199 3021 
2836 2941 3022 3021 1991 
2837 1991 3021 3024 2944 
2838 3021 199 157 3024 
2839 3024 157 198 3023 
2840 2944 3024 3023 1992 
2841 1992 3023 3026 2947 
2842 3023 198 158 3026 
2843 3026 158 197 3025 
2844 2947 3026 3025 1993 
2845 1993 3025 3028 2950 
2846 3025 197 159 3028 
2847 3028 159 196 3027 
2848 2950 3028 3027 1994 
2849 1994 3027 3030 2953 
2850 3027 196 160 3030 
2851 3030 160 195 3029 
2852 2953 3030 3029 1995 
2853 1995 3029 3032 2956 
2854 3029 195 161 3032 
2855 3032 161 194 3031 
2856 2956 3032 3031 1996 
2857 1996 3031 3034 2959 
2858 3031 194 153 3034 
2859 3034 153 193 3033 
2860 2959 3034 3033 1997 
2861 1997 3033 3036 2962 
2862 3033 193 163 3036 
2863 3036 163 192 3035 
2864 2962 3036 3035 1998 
2865 1998 3035 3038 2965 
2866 3035 192 164 3038 
2867 3038 164 191 3037 
2868 2965 3038 3037 1999 
2869 1999 3037 3040 2968 
2870 3037 191 165 3040 
2871 3040 165 190 3039 
2872 2968 3040 3039 2000 
2873 2000 3039 3042 2971 
2874 3039 190 166 3042 
2875 3042 166 189 3041 
2876 2971 3042 3041 2001 
2877 2001 3041 3044 2974 
2878 3041 189 167 3044 
2879 3044 167 188 3043 
2880 2974 3044 3043 2002 
2881 2002 3043 3046 2977 
2882 3043 188 168 3046 
2883 3046 168 187 3045 
2884 2977 3046 3045 2003 
2885 2003 3045 3048 2980 
2886 3045 187 169 3048 
2887 3048 169 186 3047 
2888 2980 3048 3047 2004 
2889 2004 3047 3049 2983 
2890 3047 186 170 3049 
2891 3049 170 2 152 
2892 2983 3049 152 132 
2 3 3 1459
2893 3050 3054 3201 3072 
2894 3072 3201 3202 3073 
2895 3073 3202 3203 3074 
2896 3074 3203 3204 3075 
2897 3075 3204 3205 3076 
2898 3076 3205 3206 3077 
2899 3077 3206 3207 3078 
2900 3078 3207 3208 3079 
2901 3079 3208 3071 3051 
2902 3054 3055 3209 3201 
2903 3201 3209 3210 3202 
2904 3202 3210 3211 3203 
2905 3203 3211 3212 3204 
2906 3204 3212 3213 3205 
2907 3205 3213 3214 3206 
2908 3206 3214 3215 3207 
2909 3207 3215 3216 3208 
2910 3208 3216 3070 3071 
2911 3055 3056 3217 3209 
2912 3209 3217 3218 3210 
2913 3210 3218 3219 3211 
2914 3211 3219 3220 3212 
2915 3212 3220 3221 3213 
2916 3213 3221 3222 3214 
2917 3214 3222 3223 3215 
2918 3215 3223 3224 3216 
2919 3216 3224 3069 3070 
2920 3056 3057 3225 3217 
2921 3217 3225 3226 3218 
2922 3218 3226 3227 3219 
2923 3219 3227 3228 3220 
2924 3220 3228 3229 3221 
2925 3221 3229 3230 3222 
2926 3222 3230 3231 3223 
2927 3223 3231 3232 3224 
2928 3224 3232 3068 3069 
2929 3057 3058 3233 3225 
2930 3225 3233 3234 3226 
2931 3226 3234 3235 3227 
2932 3227 3235 3236 3228 
2933 3228 3236 3237 3229 
2934 3229 3237 3238 3230 
2935 3230 3238 3239 3231 
2936 3231 3239 3240 3232 
2937 3232 3240 3067 3068 
2938 3058 3059 3241 3233 
2939 3233 3241 3242 3234 
2940 3234 3242 3243 3235 
2941 3235 3243 3244 3236 
2942 3236 3244 3245 3237 
2943 3237 3245 3246 3238 
2944 3238 3246 3247 3239 
2945 3239 3247 3248 3240 
2946 3240 3248 3066 3067 
2947 3059 3060 3249 3241 
2948 3241 3249 3250 3242 
2949 3242 3250 3251 3243 
2950 3243 3251 3252 3244 
2951 3244 3252 3253 3245 
2952 3245 3253 3254 3246 
2953 3246 3254 3255 3247 
2954 3247 3255 3256 3248 
2955 3248 3256 3065 3066 
2956 3060 3061 3257 3249 
2957 3249 3257 3258 3250 
2958 3250 3258 3259 3251 
2959 3251 3259 3260 3252 
2960 3252 3260 3261 3253 
2961 3253 3261 3262 3254 
2962 3254 3262 3263 3255 
2963 3255 3263 3264 3256 
2964 3256 3264 3064 3065 
2965 3061 3062 3265 3257 
2966 3257 3265 3266 3258 
2967 3258 3266 3267 3259 
2968 3259 3267 3268 3260 
2969 3260 3268 3269 3261 
2970 3261 3269 3270 3262 
2971 3262 3270 3271 3263 
2972 3263 3271 3272 3264 
2973 3264 3272 3063 3064 
2974 3062 394 370 3265 
2975 3265 370 395 3266 
2976 3266 395 371 3267 
2977 3267 371 396 3268 
2978 3268 396 372 3269 
2979 3269 372 397 3270 
2980 3270 397 360 3271 
2981 3271 360 398 3272 
2982 3272 398 374 3063 
2983 3050 3080 3273 3054 
2984 3054 3273 3274 3055 
2985 3055 3274 3275 3056 
2986 3056 3275 3276 3057 
2987 3057 3276 3277 3058 
2988 3058 3277 3278 3059 
2989 3059 3278 3279 3060 
2990 3060 3279 3280 3061 
2991 3061 3280 3281 3062 
2992 3062 3281 369 394 
2993 3080 3081 3282 3273 
2994 3273 3282 3283 3274 
2995 3274 3283 3284 3275 
2996 3275 3284 3285 3276 
2997 3276 3285 3286 3277 
2998 3277 3286 3287 3278 
2999 3278 3287 3288 3279 
3000 3279 3288 3289 3280 
3001 3280 3289 3290 3281 
3002 3281 3290 393 369 
3003 3081 3082 3291 3282 
3004 3282 3291 3292 3283 
3005 3283 3292 3293 3284 
3006 3284 3293 3294 3285 
3007 3285 3294 3295 3286 
3008 3286 3295 3296 3287 
3009 3287 3296 3297 3288 
3010 3288 3297 3298 3289 
3011 3289 3298 3299 3290 
3012 3290 3299 368 393 
3013 3082 3083 3300 3291 
3014 3291 3300 3301 3292 
3015 3292 3301 3302 3293 
3016 3293 3302 3303 3294 
3017 3294 3303 3304 3295 
3018 3295 3304 3305 3296 
3019 3296 3305 3306 3297 
3020 3297 3306 3307 3298 
3021 3298 3307 3308 3299 
3022 3299 3308 392 368 
3023 3083 3084 3309 3300 
3024 3300 3309 3310 3301 
3025 3301 3310 3311 3302 
3026 3302 3311 3312 3303 
3027 3303 3312 3313 3304 
3028 3304 3313 3314 3305 
3029 3305 3314 3315 3306 
3030 3306 3315 3316 3307 
3031 3307 3316 3317 3308 
3032 3308 3317 367 392 
3033 3084 3085 3318 3309 
3034 3309 3318 3319 3310 
3035 3310 3319 3320 3311 
3036 3311 3320 3321 3312 
3037 3312 3321 3322 3313 
3038 3313 3322 3323 3314 
3039 3314 3323 3324 3315 
3040 3315 3324 3325 3316 
3041 3316 3325 3326 3317 
3042 3317 3326 391 367 
3043 3085 3086 3327 3318 
3044 3318 3327 3328 3319 
3045 3319 3328 3329 3320 
3046 3320 3329 3330 3321 
3047 3321 3330 3331 3322 
3048 3322 3331 3332 3323 
3049 3323 3332 3333 3324 
3050 3324 3333 3334 3325 
3051 3325 3334 3335 3326 
3052 3326 3335 366 391 
3053 3086 3087 3336 3327 
3054 3327 3336 3337 3328 
3055 3328 3337 3338 3329 
3056 3329 3338 3339 3330 
3057 3330 3339 3340 3331 
3058 3331 3340 3341 3332 
3059 3332 3341 3342 3333 
3060 3333 3342 3343 3334 
3061 3334 3343 3344 3335 
3062 3335 3344 390 366 
3063 3087 3088 3345 3336 
3064 3336 3345 3346 3337 
3065 3337 3346 3347 3338 
3066 3338 3347 3348 3339 
3067 3339 3348 3349 3340 
3068 3340 3349 3350 3341 
3069 3341 3350 3351 3342 
3070 3342 3351 3352 3343 
3071 3343 3352 3353 3344 
3072 3344 3353 365 390 
3073 3088 3089 3354 3345 
3074 3345 3354 3355 3346 
3075 3346 3355 3356 3347 
3076 3347 3356 3357 3348 
3077 3348 3357 3358 3349 
3078 3349 3358 3359 3350 
3079 3350 3359 3360 3351 
3080 3351 3360 3361 3352 
3081 3352 3361 3362 3353 
3082 3353 3362 389 365 
3083 3089 3090 3363 3354 
3084 3354 3363 3364 3355 
3085 3355 3364 3365 3356 
3086 3356 3365 3366 3357 
3087 3357 3366 3367 3358 
3088 3358 3367 3368 3359 
3089 3359 3368 3369 3360 
3090 3360 3369 3370 3361 
3091 3361 3370 3371 3362 
3092 3362 3371 364 389 
3093 3090 3091 3372 3363 
3094 3363 3372 3373 3364 
3095 3364 3373 3374 3365 
3096 3365 3374 3375 3366 
3097 3366 3375 3376 3367 
3098 3367 3376 3377 3368 
3099 3368 3377 3378 3369 
3100 3369 3378 3379 3370 
3101 3370 3379 3380 3371 
3102 3371 3380 388 364 
3103 3091 3092 3381 3372 
3104 3372 3381 3382 3373 
3105 3373 3382 3383 3374 
3106 3374 3383 3384 3375 
3107 3375 3384 3385 3376 
3108 3376 3385 3386 3377 
3109 3377 3386 3387 3378 
3110 3378 3387 3388 3379 
3111 3379 3388 3389 3380 
3112 3380 3389 363 388 
3113 3092 3093 3390 3381 
3114 3381 3390 3391 3382 
3115 3382 3391 3392 3383 
3116 3383 3392 3393 3384 
3117 3384 3393 3394 3385 
3118 3385 3394 3395 3386 
3119 3386 3395 3396 3387 
3120 3387 3396 3397 3388 
3121 3388 3397 3398 3389 
3122 3389 3398 387 363 
3123 3093 3094 3399 3390 
3124 3390 3399 3400 3391 
3125 3391 3400 3401 3392 
3126 3392 3401 3402 3393 
3127 3393 3402 3403 3394 
3128 3394 3403 3404 3395 
3129 3395 3404 3405 3396 
3130 3396 3405 3406 3397 
3131 3397 3406 3407 3398 
3132 3398 3407 362 387 
3133 3094 3095 3408 3399 
3134 3399 3408 3409 3400 
3135 3400 3409 3410 3401 
3136 3401 3410 3411 3402 
3137 3402 3411 3412 3403 
3138 3403 3412 3413 3404 
3139 3404 3413 3414 3405 
3140 3405 3414 3415 3406 
3141 3406 3415 3416 3407 
3142 3407 3416 386 362 
3143 3095 3096 3417 3408 
3144 3408 3417 3418 3409 
3145 3409 3418 3419 3410 
3146 3410 3419 3420 3411 
3147 3411 3420 3421 3412 
3148 3412 3421 3422 3413 
3149 3413 3422 3423 3414 
3150 3414 3423 3424 3415 
3151 3415 3424 3425 3416 
3152 3416 3425 361 386 
3153 3096 3097 3426 3417 
3154 3417 3426 3427 3418 
3155 3418 3427 3428 3419 
3156 3419 3428 3429 3420 
3157 3420 3429 3430 3421 
3158 3421 3430 3431 3422 
3159 3422 3431 3432 3423 
3160 3423 3432 3433 3424 
3161 3424 3433 3434 3425 
3162 3425 3434 385 361 
3163 3097 3098 3435 3426 
3164 3426 3435 3436 3427 
3165 3427 3436 3437 3428 
3166 3428 3437 3438 3429 
3167 3429 3438 3439 3430 
3168 3430 3439 3440 3431 
3169 3431 3440 3441 3432 
3170 3432 3441 3442 3433 
3171 3433 3442 3443 3434 
3172 3434 3443 373 385 
3173 3098 345 354 3435 
3174 3435 354 346 3436 
3175 3436 346 353 3437 
3176 3437 353 347 3438 
3177 3438 347 352 3439 
3178 3439 352 348 3440 
3179 3440 348 351 3441 
3180 3441 351 349 3442 
3181 3442 349 350 3443 
3182 3443 350 8 373 
3183 3050 3099 3444 3080 
3184 3080 3444 3445 3081 
3185 3081 3445 3446 3082 
3186 3082 3446 3447 3083 
3187 3083 3447 3448 3084 
3188 3084 3448 3449 3085 
3189 3085 3449 3450 3086 
3190 3086 3450 3451 3087 
3191 3087 3451 3452 3088 
3192 3088 3452 3453 3089 
3193 3089 3453 3454 3090 
3194 3090 3454 3455 3091 
3195 3091 3455 3456 3092 
3196 3092 3456 3457 3093 
3197 3093 3457 3458 3094 
3198 3094 3458 3459 3095 
3199 3095 3459 3460 3096 
3200 3096 3460 3461 3097 
3201 3097 3461 3462 3098 
3202 3098 3462 355 345 
3203 3099 3100 3463 3444 
3204 3444 3463 3464 3445 
3205 3445 3464 3465 3446 
3206 3446 3465 3466 3447 
3207 3447 3466 3467 3448 
3208 3448 3467 3468 3449 
3209 3449 3468 3469 3450 
3210 3450 3469 3470 3451 
3211 3451 3470 3471 3452 
3212 3452 3471 3472 3453 
3213 3453 3472 3473 3454 
3214 3454 3473 3474 3455 
3215 3455 3474 3475 3456 
3216 3456 3475 3476 3457 
3217 3457 3476 3477 3458 
3218 3458 3477 3478 3459 
3219 3459 3478 3479 3460 
3220 3460 3479 3480 3461 
3221 3461 3480 3481 3462 
3222 3462 3481 344 355 
3223 3100 3101 3482 3463 
3224 3463 3482 3483 3464 
3225 3464 3483 3484 3465 
3226 3465 3484 3485 3466 
3227 3466 3485 3486 3467 
3228 3467 3486 3487 3468 
3229 3468 3487 3488 3469 
3230 3469 3488 3489 3470 
3231 3470 3489 3490 3471 
3232 3471 3490 3491 3472 
3233 3472 3491 3492 3473 
3234 3473 3492 3493 3474 
3235 3474 3493 3494 3475 
3236 3475 3494 3495 3476 
3237 3476 3495 3496 3477 
3238 3477 3496 3497 3478 
3239 3478 3497 3498 3479 
3240 3479 3498 3499 3480 
3241 3480 3499 3500 3481 
3242 3481 3500 356 344 
3243 3101 3102 3501 3482 
3244 3482 3501 3502 3483 
3245 3483 3502 3503 3484 
3246 3484 3503 3504 3485 
3247 3485 3504 3505 3486 
3248 3486 3505 3506 3487 
3249 3487 3506 3507 3488 
3250 3488 3507 3508 3489 
3251 3489 3508 3509 3490 
3252 3490 3509 3510 3491 
3253 3491 3510 3511 3492 
3254 3492 3511 3512 3493 
3255 3493 3512 3513 3494 
3256 3494 3513 3514 3495 
3257 3495 3514 3515 3496 
3258 3496 3515 3516 3497 
3259 3497 3516 3517 3498 
3260 3498 3517 3518 3499 
3261 3499 3518 3519 3500 
3262 3500 3519 343 356 
3263 3102 3103 3520 3501 
3264 3501 3520 3521 3502 
3265 3502 3521 3522 3503 
3266 3503 3522 3523 3504 
3267 3504 3523 3524 3505 
3268 3505 3524 3525 3506 
3269 3506 3525 3526 3507 
3270 3507 3526 3527 3508 
3271 3508 3527 3528 3509 
3272 3509 3528 3529 3510 
3273 3510 3529 3530 3511 
3274 3511 3530 3531 3512 
3275 3512 3531 3532 3513 
3276 3513 3532 3533 3514 
3277 3514 3533 3534 3515 
3278 3515 3534 3535 3516 
3279 3516 3535 3536 3517 
3280 3517 3536 3537 3518 
3281 3518 3537 3538 3519 
3282 3519 3538 357 343 
3283 3103 3104 3539 3520 
3284 3520 3539 3540 3521 
3285 3521 3540 3541 3522 
3286 3522 3541 3542 3523 
3287 3523 3542 3543 3524 
3288 3524 3543 3544 3525 
3289 3525 3544 3545 3526 
3290 3526 3545 3546 3527 
3291 3527 3546 3547 3528 
3292 3528 3547 3548 3529 
3293 3529 3548 3549 3530 
3294 3530 3549 3550 3531 
3295 3531 3550 3551 3532 
3296 3532 3551 3552 3533 
3297 3533 3552 3553 3534 
3298 3534 3553 3554 3535 
3299 3535 3554 3555 3536 
3300 3536 3555 3556 3537 
3301 3537 3556 3557 3538 
3302 3538 3557 342 357 
3303 3104 3105 3558 3539 
3304 3539 3558 3559 3540 
3305 3540 3559 3560 3541 
3306 3541 3560 3561 3542 
3307 3542 3561 3562 3543 
3308 3543 3562 3563 3544 
3309 3544 3563 3564 3545 
3310 3545 3564 3565 3546 
3311 3546 3565 3566 3547 
3312 3547 3566 3567 3548 
3313 3548 3567 3568 3549 
3314 3549 3568 3569 3550 
3315 3550 3569 3570 3551 
3316 3551 3570 3571 3552 
3317 3552 3571 3572 3553 
3318 3553 3572 3573 3554 
3319 3554 3573 3574 3555 
3320 3555 3574 3575 3556 
3321 3556 3575 3576 3557 
3322 3557 3576 358 342 
3323 3105 3106 3577 3558 
3324 3558 3577 3578 3559 
3325 3559 3578 3579 3560 
3326 3560 3579 3580 3561 
3327 3561 3580 3581 3562 
3328 3562 3581 3582 3563 
3329 3563 3582 3583 3564 
3330 3564 3583 3584 3565 
3331 3565 3584 3585 3566 
3332 3566 3585 3586 3567 
3333 3567 3586 3587 3568 
3334 3568 3587 3588 3569 
3335 3569 3588 3589 3570 
3336 3570 3589 3590 3571 
3337 3571 3590 3591 3572 
3338 3572 3591 3592 3573 
3339 3573 3592 3593 3574 
3340 3574 3593 3594 3575 
3341 3575 3594 3595 3576 
3342 3576 3595 341 358 
3343 3106 3107 3596 3577 
3344 3577 3596 3597 3578 
3345 3578 3597 3598 3579 
3346 3579 3598 3599 3580 
3347 3580 3599 3600 3581 
3348 3581 3600 3601 3582 
3349 3582 3601 3602 3583 
3350 3583 3602 3603 3584 
3351 3584 3603 3604 3585 
3352 3585 3604 3605 3586 
3353 3586 3605 3606 3587 
3354 3587 3606 3607 3588 
3355 3588 3607 3608 3589 
3356 3589 3608 3609 3590 
3357 3590 3609 3610 3591 
3358 3591 3610 3611 3592 
3359 3592 3611 3612 3593 
3360 3593 3612 3613 3594 
3361 3594 3613 3614 3595 
3362 3595 3614 359 341 
3363 3107 117 92 3596 
3364 3596 92 116 3597 
3365 3597 116 91 3598 
3366 3598 91 115 3599 
3367 3599 115 90 3600 
3368 3600 90 114 3601 
3369 3601 114 89 3602 
3370 3602 89 113 3603 
3371 3603 113 88 3604 
3372 3604 88 112 3605 
3373 3605 112 87 3606 
3374 3606 87 111 3607 
3375 3607 111 86 3608 
3376 3608 86 110 3609 
3377 3609 110 85 3610 
3378 3610 85 109 3611 
3379 3611 109 84 3612 
3380 3612 84 108 3613 
3381 3613 108 96 3614 
3382 3614 96 3 359 
3383 3050 3108 3615 3099 
3384 3099 3615 3616 3100 
3385 3100 3616 3617 3101 
3386 3101 3617 3618 3102 
3387 3102 3618 3619 3103 
3388 3103 3619 3620 3104 
3389 3104 3620 3621 3105 
3390 3105 3621 3622 3106 
3391 3106 3622 3623 3107 
3392 3107 3623 93 117 
3393 3108 3109 3624 3615 
3394 3615 3624 3625 3616 
3395 3616 3625 3626 3617 
3396 3617 3626 3627 3618 
3397 3618 3627 3628 3619 
3398 3619 3628 3629 3620 
3399 3620 3629 3630 3621 
3400 3621 3630 3631 3622 
3401 3622 3631 3632 3623 
3402 3623 3632 118 93 
3403 3109 3110 3633 3624 
3404 3624 3633 3634 3625 
3405 3625 3634 3635 3626 
3406 3626 3635 3636 3627 
3407 3627 3636 3637 3628 
3408 3628 3637 3638 3629 
3409 3629 3638 3639 3630 
3410 3630 3639 3640 3631 
3411 3631 3640 3641 3632 
3412 3632 3641 94 118 
3413 3110 3111 3642 3633 
3414 3633 3642 3643 3634 
3415 3634 3643 3644 3635 
3416 3635 3644 3645 3636 
3417 3636 3645 3646 3637 
3418 3637 3646 3647 3638 
3419 3638 3647 3648 3639 
3420 3639 3648 3649 3640 
3421 3640 3649 3650 3641 
3422 3641 3650 119 94 
3423 3111 3112 3651 3642 
3424 3642 3651 3652 3643 
3425 3643 3652 3653 3644 
3426 3644 3653 3654 3645 
3427 3645 3654 3655 3646 
3428 3646 3655 3656 3647 
3429 3647 3656 3657 3648 
3430 3648 3657 3658 3649 
3431 3649 3658 3659 3650 
3432 3650 3659 95 119 
3433 3112 3113 3660 3651 
3434 3651 3660 3661 3652 
3435 3652 3661 3662 3653 
3436 3653 3662 3663 3654 
3437 3654 3663 3664 3655 
3438 3655 3664 3665 3656 
3439 3656 3665 3666 3657 
3440 3657 3666 3667 3658 
3441 3658 3667 3668 3659 
3442 3659 3668 120 95 
3443 3113 3114 3669 3660 
3444 3660 3669 3670 3661 
3445 3661 3670 3671 3662 
3446 3662 3671 3672 3663 
3447 3663 3672 3673 3664 
3448 3664 3673 3674 3665 
3449 3665 3674 3675 3666 
3450 3666 3675 3676 3667 
3451 3667 3676 3677 3668 
3452 3668 3677 83 120 
3453 3114 3115 3678 3669 
3454 3669 3678 3679 3670 
3455 3670 3679 3680 3671 
3456 3671 3680 3681 3672 
3457 3672 3681 3682 3673 
3458 3673 3682 3683 3674 
3459 3674 3683 3684 3675 
3460 3675 3684 3685 3676 
3461 3676 3685 3686 3677 
3462 3677 3686 121 83 
3463 3115 3052 3124 3678 
3464 3678 3124 3123 3679 
3465 3679 3123 3122 3680 
3466 3680 3122 3121 3681 
3467 3681 3121 3120 3682 
3468 3682 3120 3119 3683 
3469 3683 3119 3118 3684 
3470 3684 3118 3117 3685 
3471 3685 3117 3116 3686 
3472 3686 3116 97 121 
3473 3050 3072 3687 3108 
3474 3108 3687 3688 3109 
3475 3109 3688 3689 3110 
3476 3110 3689 3690 3111 
3477 3111 3690 3691 3112 
3478 3112 3691 3692 3113 
3479 3113 3692 3693 3114 
3480 3114 3693 3694 3115 
3481 3115 3694 3133 3052 
3482 3072 3073 3695 3687 
3483 3687 3695 3696 3688 
3484 3688 3696 3697 3689 
3485 3689 3697 3698 3690 
3486 3690 3698 3699 3691 
3487 3691 3699 3700 3692 
3488 3692 3700 3701 3693 
3489 3693 3701 3702 3694 
3490 3694 3702 3134 3133 
3491 3073 3074 3703 3695 
3492 3695 3703 3704 3696 
3493 3696 3704 3705 3697 
3494 3697 3705 3706 3698 
3495 3698 3706 3707 3699 
3496 3699 3707 3708 3700 
3497 3700 3708 3709 3701 
3498 3701 3709 3710 3702 
3499 3702 3710 3135 3134 
3500 3074 3075 3711 3703 
3501 3703 3711 3712 3704 
3502 3704 3712 3713 3705 
3503 3705 3713 3714 3706 
3504 3706 3714 3715 3707 
3505 3707 3715 3716 3708 
3506 3708 3716 3717 3709 
3507 3709 3717 3718 3710 
3508 3710 3718 3136 3135 
3509 3075 3076 3719 3711 
3510 3711 3719 3720 3712 
3511 3712 3720 3721 3713 
3512 3713 3721 3722 3714 
3513 3714 3722 3723 3715 
3514 3715 3723 3724 3716 
3515 3716 3724 3725 3717 
3516 3717 3725 3726 3718 
3517 3718 3726 3137 3136 
3518 3076 3077 3727 3719 
3519 3719 3727 3728 3720 
3520 3720 3728 3729 3721 
3521 3721 3729 3730 3722 
3522 3722 3730 3731 3723 
3523 3723 3731 3732 3724 
3524 3724 3732 3733 3725 
3525 3725 3733 3734 3726 
3526 3726 3734 3138 3137 
3527 3077 3078 3735 3727 
3528 3727 3735 3736 3728 
3529 3728 3736 3737 3729 
3530 3729 3737 3738 3730 
3531 3730 3738 3739 3731 
3532 3731 3739 3740 3732 
3533 3732 3740 3741 3733 
3534 3733 3741 3742 3734 
3535 3734 3742 3139 3138 
3536 3078 3079 3743 3735 
3537 3735 3743 3744 3736 
3538 3736 3744 3745 3737 
3539 3737 3745 3746 3738 
3540 3738 3746 3747 3739 
3541 3739 3747 3748 3740 
3542 3740 3748 3749 3741 
3543 3741 3749 3750 3742 
3544 3742 3750 3140 3139 
3545 3079 3051 3125 3743 
3546 3743 3125 3126 3744 
3547 3744 3126 3127 3745 
3548 3745 3127 3128 3746 
3549 3746 3128 3129 3747 
3550 3747 3129 3130 3748 
3551 3748 3130 3131 3749 
3552 3749 3131 3132 3750 
3553 3750 3132 3053 3140 
3554 3052 3133 3751 3161 
3555 3161 3751 3752 3162 
3556 3162 3752 3753 3163 
3557 3163 3753 3754 3164 
3558 3164 3754 3755 3165 
3559 3165 3755 3756 3166 
3560 3166 3756 3757 3167 
3561 3167 3757 3758 3168 
3562 3168 3758 3759 3169 
3563 3169 3759 3760 3170 
3564 3170 3760 3761 3171 
3565 3171 3761 3762 3172 
3566 3172 3762 3763 3173 
3567 3173 3763 3764 3174 
3568 3174 3764 3765 3175 
3569 3175 3765 3766 3176 
3570 3176 3766 3767 3177 
3571 3177 3767 3768 3178 
3572 3178 3768 3769 3179 
3573 3179 3769 3770 3180 
3574 3180 3770 335 308 
3575 3133 3134 3771 3751 
3576 3751 3771 3772 3752 
3577 3752 3772 3773 3753 
3578 3753 3773 3774 3754 
3579 3754 3774 3775 3755 
3580 3755 3775 3776 3756 
3581 3756 3776 3777 3757 
3582 3757 3777 3778 3758 
3583 3758 3778 3779 3759 
3584 3759 3779 3780 3760 
3585 3760 3780 3781 3761 
3586 3761 3781 3782 3762 
3587 3762 3782 3783 3763 
3588 3763 3783 3784 3764 
3589 3764 3784 3785 3765 
3590 3765 3785 3786 3766 
3591 3766 3786 3787 3767 
3592 3767 3787 3788 3768 
3593 3768 3788 3789 3769 
3594 3769 3789 3790 3770 
3595 3770 3790 309 335 
3596 3134 3135 3791 3771 
3597 3771 3791 3792 3772 
3598 3772 3792 3793 3773 
3599 3773 3793 3794 3774 
3600 3774 3794 3795 3775 
3601 3775 3795 3796 3776 
3602 3776 3796 3797 3777 
3603 3777 3797 3798 3778 
3604 3778 3798 3799 3779 
3605 3779 3799 3800 3780 
3606 3780 3800 3801 3781 
3607 3781 3801 3802 3782 
3608 3782 3802 3803 3783 
3609 3783 3803 3804 3784 
3610 3784 3804 3805 3785 
3611 3785 3805 3806 3786 
3612 3786 3806 3807 3787 
3613 3787 3807 3808 3788 
3614 3788 3808 3809 3789 
3615 3789 3809 3810 3790 
3616 3790 3810 334 309 
3617 3135 3136 3811 3791 
3618 3791 3811 3812 3792 
3619 3792 3812 3813 3793 
3620 3793 3813 3814 3794 
3621 3794 3814 3815 3795 
3622 3795 3815 3816 3796 
3623 3796 3816 3817 3797 
3624 3797 3817 3818 3798 
3625 3798 3818 3819 3799 
3626 3799 3819 3820 3800 
3627 3800 3820 3821 3801 
3628 3801 3821 3822 3802 
3629 3802 3822 3823 3803 
3630 3803 3823 3824 3804 
3631 3804 3824 3825 3805 
3632 3805 3825 3826 3806 
3633 3806 3826 3827 3807 
3634 3807 3827 3828 3808 
3635 3808 3828 3829 3809 
3636 3809 3829 3830 3810 
3637 3810 3830 310 334 
3638 3136 3137 3831 3811 
3639 3811 3831 3832 3812 
3640 3812 3832 3833 3813 
3641 3813 3833 3834 3814 
3642 3814 3834 3835 3815 
3643 3815 3835 3836 3816 
3644 3816 3836 3837 3817 
3645 3817 3837 3838 3818 
3646 3818 3838 3839 3819 
3647 3819 3839 3840 3820 
3648 3820 3840 3841 3821 
3649 3821 3841 3842 3822 
3650 3822 3842 3843 3823 
3651 3823 3843 3844 3824 
3652 3824 3844 3845 3825 
3653 3825 3845 3846 3826 
3654 3826 3846 3847 3827 
3655 3827 3847 3848 3828 
3656 3828 3848 3849 3829 
3657 3829 3849 3850 3830 
3658 3830 3850 333 310 
3659 3137 3138 3851 3831 
3660 3831 3851 3852 3832 
3661 3832 3852 3853 3833 
3662 3833 3853 3854 3834 
3663 3834 3854 3855 3835 
3664 3835 3855 3856 3836 
3665 3836 3856 3857 3837 
3666 3837 3857 3858 3838 
3667 3838 3858 3859 3839 
3668 3839 3859 3860 3840 
3669 3840 3860 3861 3841 
3670 3841 3861 3862 3842 
3671 3842 3862 3863 3843 
3672 3843 3863 3864 3844 
3673 3844 3864 3865 3845 
3674 3845 3865 3866 3846 
3675 3846 3866 3867 3847 
3676 3847 3867 3868 3848 
3677 3848 3868 3869 3849 
3678 3849 3869 3870 3850 
3679 3850 3870 311 333 
3680 3138 3139 3871 3851 
3681 3851 3871 3872 3852 
3682 3852 3872 3873 3853 
3683 3853 3873 3874 3854 
3684 3854 3874 3875 3855 
3685 3855 3875 3876 3856 
3686 3856 3876 3877 3857 
3687 3857 3877 3878 3858 
3688 3858 3878 3879 3859 
3689 3859 3879 3880 3860 
3690 3860 3880 3881 3861 
3691 3861 3881 3882 3862 
3692 3862 3882 3883 3863 
3693 3863 3883 3884 3864 
3694 3864 3884 3885 3865 
3695 3865 3885 3886 3866 
3696 3866 3886 3887 3867 
3697 3867 3887 3888 3868 
3698 3868 3888 3889 3869 
3699 3869 3889 3890 3870 
3700 3870 3890 332 311 
3701 3139 3140 3891 3871 
3702 3871 3891 3892 3872 
3703 3872 3892 3893 3873 
3704 3873 3893 3894 3874 
3705 3874 3894 3895 3875 
3706 3875 3895 3896 3876 
3707 3876 3896 3897 3877 
3708 3877 3897 3898 3878 
3709 3878 3898 3899 3879 
3710 3879 3899 3900 3880 
3711 3880 3900 3901 3881 
3712 3881 3901 3902 3882 
3713 3882 3902 3903 3883 
3714 3883 3903 3904 3884 
3715 3884 3904 3905 3885 
3716 3885 3905 3906 3886 
3717 3886 3906 3907 3887 
3718 3887 3907 3908 3888 
3719 3888 3908 3909 3889 
3720 3889 3909 3910 3890 
3721 3890 3910 312 332 
3722 3140 3053 3141 3891 
3723 3891 3141 3142 3892 
3724 3892 3142 3143 3893 
3725 3893 3143 3144 3894 
3726 3894 3144 3145 3895 
3727 3895 3145 3146 3896 
3728 3896 3146 3147 3897 
3729 3897 3147 3148 3898 
3730 3898 3148 3149 3899 
3731 3899 3149 3150 3900 
3732 3900 3150 3151 3901 
3733 3901 3151 3152 3902 
3734 3902 3152 3153 3903 
3735 3903 3153 3154 3904 
3736 3904 3154 3155 3905 
3737 3905 3155 3156 3906 
3738 3906 3156 3157 3907 
3739 3907 3157 3158 3908 
3740 3908 3158 3159 3909 
3741 3909 3159 3160 3910 
3742 3910 3160 331 312 
3743 3051 3181 3911 3125 
3744 3125 3911 3912 3126 
3745 3126 3912 3913 3127 
3746 3127 3913 3914 3128 
3747 3128 3914 3915 3129 
3748 3129 3915 3916 3130 
3749 3130 3916 3917 3131 
3750 3131 3917 3918 3132 
3751 3132 3918 3141 3053 
3752 3181 3182 3919 3911 
3753 3911 3919 3920 3912 
3754 3912 3920 3921 3913 
3755 3913 3921 3922 3914 
3756 3914 3922 3923 3915 
3757 3915 3923 3924 3916 
3758 3916 3924 3925 3917 
3759 3917 3925 3926 3918 
3760 3918 3926 3142 3141 
3761 3182 3183 3927 3919 
3762 3919 3927 3928 3920 
3763 3920 3928 3929 3921 
3764 3921 3929 3930 3922 
3765 3922 3930 3931 3923 
3766 3923 3931 3932 3924 
3767 3924 3932 3933 3925 
3768 3925 3933 3934 3926 
3769 3926 3934 3143 3142 
3770 3183 3184 3935 3927 
3771 3927 3935 3936 3928 
3772 3928 3936 3937 3929 
3773 3929 3937 3938 3930 
3774 3930 3938 3939 3931 
3775 3931 3939 3940 3932 
3776 3932 3940 3941 3933 
3777 3933 3941 3942 3934 
3778 3934 3942 3144 3143 
3779 3184 3185 3943 3935 
3780 3935 3943 3944 3936 
3781 3936 3944 3945 3937 
3782 3937 3945 3946 3938 
3783 3938 3946 3947 3939 
3784 3939 3947 3948 3940 
3785 3940 3948 3949 3941 
3786 3941 3949 3950 3942 
3787 3942 3950 3145 3144 
3788 3185 3186 3951 3943 
3789 3943 3951 3952 3944 
3790 3944 3952 3953 3945 
3791 3945 3953 3954 3946 
3792 3946 3954 3955 3947 
3793 3947 3955 3956 3948 
3794 3948 3956 3957 3949 
3795 3949 3957 3958 3950 
3796 3950 3958 3146 3145 
3797 3186 3187 3959 3951 
3798 3951 3959 3960 3952 
3799 3952 3960 3961 3953 
3800 3953 3961 3962 3954 
3801 3954 3962 3963 3955 
3802 3955 3963 3964 3956 
3803 3956 3964 3965 3957 
3804 3957 3965 3966 3958 
3805 3958 3966 3147 3146 
3806 3187 3188 3967 3959 
3807 3959 3967 3968 3960 
3808 3960 3968 3969 3961 
3809 3961 3969 3970 3962 
3810 3962 3970 3971 3963 
3811 3963 3971 3972 3964 
3812 3964 3972 3973 3965 
3813 3965 3973 3974 3966 
3814 3966 3974 3148 3147 
3815 3188 3189 3975 3967 
3816 3967 3975 3976 3968 
3817 3968 3976 3977 3969 
3818 3969 3977 3978 3970 
3819 3970 3978 3979 3971 
3820 3971 3979 3980 3972 
3821 3972 3980 3981 3973 
3822 3973 3981 3982 3974 
3823 3974 3982 3149 3148 
3824 3189 3190 3983 3975 
3825 3975 3983 3984 3976 
3826 3976 3984 3985 3977 
3827 3977 3985 3986 3978 
3828 3978 3986 3987 3979 
3829 3979 3987 3988 3980 
3830 3980 3988 3989 3981 
3831 3981 3989 3990 3982 
3832 3982 3990 3150 3149 
3833 3190 3191 3991 3983 
3834 3983 3991 3992 3984 
3835 3984 3992 3993 3985 
3836 3985 3993 3994 3986 
3837 3986 3994 3995 3987 
3838 3987 3995 3996 3988 
3839 3988 3996 3997 3989 
3840 3989 3997 3998 3990 
3841 3990 3998 3151 3150 
3842 3191 3192 3999 3991 
3843 3991 3999 4000 3992 
3844 3992 4000 4001 3993 
3845 3993 4001 4002 3994 
3846 3994 4002 4003 3995 
3847 3995 4003 4004 3996 
3848 3996 4004 4005 3997 
3849 3997 4005 4006 3998 
3850 3998 4006 3152 3151 
3851 3192 3193 4007 3999 
3852 3999 4007 4008 4000 
3853 4000 4008 4009 4001 
3854 4001 4009 4010 4002 
3855 4002 4010 4011 4003 
3856 4003 4011 4012 4004 
3857 4004 4012 4013 4005 
3858 4005 4013 4014 4006 
3859 4006 4014 3153 3152 
3860 3193 3194 4015 4007 
3861 4007 4015 4016 4008 
3862 4008 4016 4017 4009 
3863 4009 4017 4018 4010 
3864 4010 4018 4019 4011 
3865 4011 4019 4020 4012 
3866 4012 4020 4021 4013 
3867 4013 4021 4022 4014 
3868 4014 4022 3154 3153 
3869 3194 3195 4023 4015 
3870 4015 4023 4024 4016 
3871 4016 4024 4025 4017 
3872 4017 4025 4026 4018 
3873 4018 4026 4027 4019 
3874 4019 4027 4028 4020 
3875 4020 4028 4029 4021 
3876 4021 4029 4030 4022 
3877 4022 4030 3155 3154 
3878 3195 3196 4031 4023 
3879 4023 4031 4032 4024 
3880 4024 4032 4033 4025 
3881 4025 4033 4034 4026 
3882 4026 4034 4035 4027 
3883 4027 4035 4036 4028 
3884 4028 4036 4037 4029 
3885 4029 4037 4038 4030 
3886 4030 4038 3156 3155 
3887 3196 3197 4039 4031 
3888 4031 4039 4040 4032 
3889 4032 4040 4041 4033 
3890 4033 4041 4042 4034 
3891 4034 4042 4043 4035 
3892 4035 4043 4044 4036 
3893 4036 4044 4045 4037 
3894 4037 4045 4046 4038 
3895 4038 4046 3157 3156 
3896 3197 3198 4047 4039 
3897 4039 4047 4048 4040 
3898 4040 4048 4049 4041 
3899 4041 4049 4050 4042 
3900 4042 4050 4051 4043 
3901 4043 4051 4052 4044 
3902 4044 4052 4053 4045 
3903 4045 4053 4054 4046 
3904 4046 4054 3158 3157 
3905 3198 3199 4055 4047 
3906 4047 4055 4056 4048 
3907 4048 4056 4057 4049 
3908 4049 4057 4058 4050 
3909 4050 4058 4059 4051 
3910 4051 4059 4060 4052 
3911 4052 4060 4061 4053 
3912 4053 4061 4062 4054 
3913 4054 4062 3159 3158 
3914 3199 3200 4063 4055 
3915 4055 4063 4064 4056 
3916 4056 4064 4065 4057 
3917 4057 4065 4066 4058 
3918 4058 4066 4067 4059 
3919 4059 4067 4068 4060 
3920 4060 4068 4069 4061 
3921 4061 4069 4070 4062 
3922 4062 4070 3160 3159 
3923 3200 317 327 4063 
3924 4063 327 316 4064 
3925 4064 316 328 4065 
3926 4065 328 315 4066 
3927 4066 315 329 4067 
3928 4067 329 314 4068 
3929 4068 314 330 4069 
3930 4069 330 313 4070 
3931 4070 313 331 3160 
3932 97 3116 4071 122 
3933 122 4071 4072 98 
3934 98 4072 4073 123 
3935 123 4073 4074 99 
3936 99 4074 4075 124 
3937 124 4075 4076 100 
3938 100 4076 4077 125 
3939 125 4077 4078 101 
3940 101 4078 4079 126 
3941 126 4079 4080 102 
3942 102 4080 4081 127 
3943 127 4081 4082 103 
3944 103 4082 4083 128 
3945 128 4083 4084 104 
3946 104 4084 4085 129 
3947 129 4085 4086 105 
3948 105 4086 4087 130 
3949 130 4087 4088 106 
3950 106 4088 4089 131 
3951 131 4089 4090 107 
3952 107 4090 340 4 
3953 3116 3117 4091 4071 
3954 4071 4091 4092 4072 
3955 4072 4092 4093 4073 
3956 4073 4093 4094 4074 
3957 4074 4094 4095 4075 
3958 4075 4095 4096 4076 
3959 4076 4096 4097 4077 
3960 4077 4097 4098 4078 
3961 4078 4098 4099 4079 
3962 4079 4099 4100 4080 
3963 4080 4100 4101 4081 
3964 4081 4101 4102 4082 
3965 4082 4102 4103 4083 
3966 4083 4103 4104 4084 
3967 4084 4104 4105 4085 
3968 4085 4105 4106 4086 
3969 4086 4106 4107 4087 
3970 4087 4107 4108 4088 
3971 4088 4108 4109 4089 
3972 4089 4109 4110 4090 
3973 4090 4110 304 340 
3974 3117 3118 4111 4091 
3975 4091 4111 4112 4092 
3976 4092 4112 4113 4093 
3977 4093 4113 4114 4094 
3978 4094 4114 4115 4095 
3979 4095 4115 4116 4096 
3980 4096 4116 4117 4097 
3981 4097 4117 4118 4098 
3982 4098 4118 4119 4099 
3983 4099 4119 4120 4100 
3984 4100 4120 4121 4101 
3985 4101 4121 4122 4102 
3986 4102 4122 4123 4103 
3987 4103 4123 4124 4104 
3988 4104 4124 4125 4105 
3989 4105 4125 4126 4106 
3990 4106 4126 4127 4107 
3991 4107 4127 4128 4108 
3992 4108 4128 4129 4109 
3993 4109 4129 4130 4110 
3994 4110 4130 339 304 
3995 3118 3119 4131 4111 
3996 4111 4131 4132 4112 
3997 4112 4132 4133 4113 
3998 4113 4133 4134 4114 
3999 4114 4134 4135 4115 
4000 4115 4135 4136 4116 
4001 4116 4136 4137 4117 
4002 4117 4137 4138 4118 
4003 4118 4138 4139 4119 
4004 4119 4139 4140 4120 
4005 4120 4140 4141 4121 
4006 4121 4141 4142 4122 
4007 4122 4142 4143 4123 
4008 4123 4143 4144 4124 
4009 4124 4144 4145 4125 
4010 4125 4145 4146 4126 
4011 4126 4146 4147 4127 
4012 4127 4147 4148 4128 
4013 4128 4148 4149 4129 
4014 4129 4149 4150 4130 
4015 4130 4150 305 339 
4016 3119 3120 4151 4131 
4017 4131 4151 4152 4132 
4018 4132 4152 4153 4133 
4019 4133 4153 4154 4134 
4020 4134 4154 4155 4135 
4021 4135 4155 4156 4136 
4022 4136 4156 4157 4137 
4023 4137 4157 4158 4138 
4024 4138 4158 4159 4139 
4025 4139 4159 4160 4140 
4026 4140 4160 4161 4141 
4027 4141 4161 4162 4142 
4028 4142 4162 4163 4143 
4029 4143 4163 4164 4144 
4030 4144 4164 4165 4145 
4031 4145 4165 4166 4146 
4032 4146 4166 4167 4147 
4033 4147 4167 4168 4148 
4034 4148 4168 4169 4149 
4035 4149 4169 4170 4150 
4036 4150 4170 338 305 
4037 3120 3121 4171 4151 
4038 4151 4171 4172 4152 
4039 4152 4172 4173 4153 
4040 4153 4173 4174 4154 
4041 4154 4174 4175 4155 
4042 4155 4175 4176 4156 
4043 4156 4176 4177 4157 
4044 4157 4177 4178 4158 
4045 4158 4178 4179 4159 
4046 4159 4179 4180 4160 
4047 4160 4180 4181 4161 
4048 4161 4181 4182 4162 
4049 4162 4182 4183 4163 
4050 4163 4183 4184 4164 
4051 4164 4184 4185 4165 
4052 4165 4185 4186 4166 
4053 4166 4186 4187 4167 
4054 4167 4187 4188 4168 
4055 4168 4188 4189 4169 
4056 4169 4189 4190 4170 
4057 4170 4190 306 338 
4058 3121 3122 4191 4171 
4059 4171 4191 4192 4172 
4060 4172 4192 4193 4173 
4061 4173 4193 4194 4174 
4062 4174 4194 4195 4175 
4063 4175 4195 4196 4176 
4064 4176 4196 4197 4177 
4065 4177 4197 4198 4178 
4066 4178 4198 4199 4179 
4067 4179 4199 4200 4180 
4068 4180 4200 4201 4181 
4069 4181 4201 4202 4182 
4070 4182 4202 4203 4183 
4071 4183 4203 4204 4184 
4072 4184 4204 4205 4185 
4073 4185 4205 4206 4186 
4074 4186 4206 4207 4187 
4075 4187 4207 4208 4188 
4076 4188 4208 4209 4189 
4077 4189 4209 4210 4190 
4078 4190 4210 337 306 
4079 3122 3123 4211 4191 
4080 4191 4211 4212 4192 
4081 4192 4212 4213 4193 
4082 4193 4213 4214 4194 
4083 4194 4214 4215 4195 
4084 4195 4215 4216 4196 
4085 4196 4216 4217 4197 
4086 4197 4217 4218 4198 
4087 4198 4218 4219 4199 
4088 4199 4219 4220 4200 
4089 4200 4220 4221 4201 
4090 4201 4221 4222 4202 
4091 4202 4222 4223 4203 
4092 4203 4223 4224 4204 
4093 4204 4224 4225 4205 
4094 4205 4225 4226 4206 
4095 4206 4226 4227 4207 
4096 4207 4227 4228 4208 
4097 4208 4228 4229 4209 
4098 4209 4229 4230 4210 
4099 4210 4230 307 337 
4100 3123 3124 4231 4211 
4101 4211 4231 4232 4212 
4102 4212 4232 4233 4213 
4103 4213 4233 4234 4214 
4104 4214 4234 4235 4215 
4105 4215 4235 4236 4216 
4106 4216 4236 4237 4217 
4107 4217 4237 4238 4218 
4108 4218 4238 4239 4219 
4109 4219 4239 4240 4220 
4110 4220 4240 4241 4221 
4111 4221 4241 4242 4222 
4112 4222 4242 4243 4223 
4113 4223 4243 4244 4224 
4114 4224 4244 4245 4225 
4115 4225 4245 4246 4226 
4116 4226 4246 4247 4227 
4117 4227 4247 4248 4228 
4118 4228 4248 4249 4229 
4119 4229 4249 4250 4230 
4120 4230 4250 336 307 
4121 3124 3052 3161 4231 
4122 4231 3161 3162 4232 
4123 4232 3162 3163 4233 
4124 4233 3163 3164 4234 
4125 4234 3164 3165 4235 
4126 4235 3165 3166 4236 
4127 4236 3166 3167 4237 
4128 4237 3167 3168 4238 
4129 4238 3168 3169 4239 
4130 4239 3169 3170 4240 
4131 4240 3170 3171 4241 
4132 4241 3171 3172 4242 
4133 4242 3172 3173 4243 
4134 4243 3173 3174 4244 
4135 4244 3174 3175 4245 
4136 4245 3175 3176 4246 
4137 4246 3176 3177 4247 
4138 4247 3177 3178 4248 
4139 4248 3178 3179 4249 
4140 4249 3179 3180 4250 
4141 4250 3180 308 336 
4142 374 399 4251 3063 
4143 3063 4251 4252 3064 
4144 3064 4252 4253 3065 
4145 3065 4253 4254 3066 
4146 3066 4254 4255 3067 
4147 3067 4255 4256 3068 
4148 3068 4256 4257 3069 
4149 3069 4257 4258 3070 
4150 3070 4258 4259 3071 
4151 3071 4259 3181 3051 
4152 399 375 4260 4251 
4153 4251 4260 4261 4252 
4154 4252 4261 4262 4253 
4155 4253 4262 4263 4254 
4156 4254 4263 4264 4255 
4157 4255 4264 4265 4256 
4158 4256 4265 4266 4257 
4159 4257 4266 4267 4258 
4160 4258 4267 4268 4259 
4161 4259 4268 3182 3181 
4162 375 400 4269 4260 
4163 4260 4269 4270 4261 
4164 4261 4270 4271 4262 
4165 4262 4271 4272 4263 
4166 4263 4272 4273 4264 
4167 4264 4273 4274 4265 
4168 4265 4274 4275 4266 
4169 4266 4275 4276 4267 
4170 4267 4276 4277 4268 
4171 4268 4277 3183 3182 
4172 400 376 4278 4269 
4173 4269 4278 4279 4270 
4174 4270 4279 4280 4271 
4175 4271 4280 4281 4272 
4176 4272 4281 4282 4273 
4177 4273 4282 4283 4274 
4178 4274 4283 4284 4275 
4179 4275 4284 4285 4276 
4180 4276 4285 4286 4277 
4181 4277 4286 3184 3183 
4182 376 401 4287 4278 
4183 4278 4287 4288 4279 
4184 4279 4288 4289 4280 
4185 4280 4289 4290 4281 
4186 4281 4290 4291 4282 
4187 4282 4291 4292 4283 
4188 4283 4292 4293 4284 
4189 4284 4293 4294 4285 
4190 4285 4294 4295 4286 
4191 4286 4295 3185 3184 
4192 401 377 4296 4287 
4193 4287 4296 4297 4288 
4194 4288 4297 4298 4289 
4195 4289 4298 4299 4290 
4196 4290 4299 4300 4291 
4197 4291 4300 4301 4292 
4198 4292 4301 4302 4293 
4199 4293 4302 4303 4294 
4200 4294 4303 4304 4295 
4201 4295 4304 3186 3185 
4202 377 402 4305 4296 
4203 4296 4305 4306 4297 
4204 4297 4306 4307 4298 
4205 4298 4307 4308 4299 
4206 4299 4308 4309 4300 
4207 4300 4309 4310 4301 
4208 4301 4310 4311 4302 
4209 4302 4311 4312 4303 
4210 4303 4312 4313 4304 
4211 4304 4313 3187 3186 
4212 402 378 4314 4305 
4213 4305 4314 4315 4306 
4214 4306 4315 4316 4307 
4215 4307 4316 4317 4308 
4216 4308 4317 4318 4309 
4217 4309 4318 4319 4310 
4218 4310 4319 4320 4311 
4219 4311 4320 4321 4312 
4220 4312 4321 4322 4313 
4221 4313 4322 3188 3187 
4222 378 403 4323 4314 
4223 4314 4323 4324 4315 
4224 4315 4324 4325 4316 
4225 4316 4325 4326 4317 
4226 4317 4326 4327 4318 
4227 4318 4327 4328 4319 
4228 4319 4328 4329 4320 
4229 4320 4329 4330 4321 
4230 4321 4330 4331 4322 
4231 4322 4331 3189 3188 
4232 403 379 4332 4323 
4233 4323 4332 4333 4324 
4234 4324 4333 4334 4325 
4235 4325 4334 4335 4326 
4236 4326 4335 4336 4327 
4237 4327 4336 4337 4328 
4238 4328 4337 4338 4329 
4239 4329 4338 4339 4330 
4240 4330 4339 4340 4331 
4241 4331 4340 3190 3189 
4242 379 404 4341 4332 
4243 4332 4341 4342 4333 
4244 4333 4342 4343 4334 
4245 4334 4343 4344 4335 
4246 4335 4344 4345 4336 
4247 4336 4345 4346 4337 
4248 4337 4346 4347 4338 
4249 4338 4347 4348 4339 
4250 4339 4348 4349 4340 
4251 4340 4349 3191 3190 
4252 404 380 4350 4341 
4253 4341 4350 4351 4342 
4254 4342 4351 4352 4343 
4255 4343 4352 4353 4344 
4256 4344 4353 4354 4345 
4257 4345 4354 4355 4346 
4258 4346 4355 4356 4347 
4259 4347 4356 4357 4348 
4260 4348 4357 4358 4349 
4261 4349 4358 3192 3191 
4262 380 405 4359 4350 
4263 4350 4359 4360 4351 
4264 4351 4360 4361 4352 
4265 4352 4361 4362 4353 
4266 4353 4362 4363 4354 
4267 4354 4363 4364 4355 
4268 4355 4364 4365 4356 
4269 4356 4365 4366 4357 
4270 4357 4366 4367 4358 
4271 4358 4367 3193 3192 
4272 405 381 4368 4359 
4273 4359 4368 4369 4360 
4274 4360 4369 4370 4361 
4275 4361 4370 4371 4362 
4276 4362 4371 4372 4363 
4277 4363 4372 4373 4364 
4278 4364 4373 4374 4365 
4279 4365 4374 4375 4366 
4280 4366 4375 4376 4367 
4281 4367 4376 3194 3193 
4282 381 406 4377 4368 
4283 4368 4377 4378 4369 
4284 4369 4378 4379 4370 
4285 4370 4379 4380 4371 
4286 4371 4380 4381 4372 
4287 4372 4381 4382 4373 
4288 4373 4382 4383 4374 
4289 4374 4383 4384 4375 
4290 4375 4384 4385 4376 
4291 4376 4385 3195 3194 
4292 406 382 4386 4377 
4293 4377 4386 4387 4378 
4294 4378 4387 4388 4379 
4295 4379 4388 4389 4380 
4296 4380 4389 4390 4381 
4297 4381 4390 4391 4382 
4298 4382 4391 4392 4383 
4299 4383 4392 4393 4384 
4300 4384 4393 4394 4385 
4301 4385 4394 3196 3195 
4302 382 407 4395 4386 
4303 4386 4395 4396 4387 
4304 4387 4396 4397 4388 
4305 4388 4397 4398 4389 
4306 4389 4398 4399 4390 
4307 4390 4399 4400 4391 
4308 4391 4400 4401 4392 
4309 4392 4401 4402 4393 
4310 4393 4402 4403 4394 
4311 4394 4403 3197 3196 
4312 407 383 4404 4395 
4313 4395 4404 4405 4396 
4314 4396 4405 4406 4397 
4315 4397 4406 4407 4398 
4316 4398 4407 4408 4399 
4317 4399 4408 4409 4400 
4318 4400 4409 4410 4401 
4319 4401 4410 4411 4402 
4320 4402 4411 4412 4403 
4321 4403 4412 3198 3197 
4322 383 408 4413 4404 
4323 4404 4413 4414 4405 
4324 4405 4414 4415 4406 
4325 4406 4415 4416 4407 
4326 4407 4416 4417 4408 
4327 4408 4417 4418 4409 
4328 4409 4418 4419 4410 
4329 4410 4419 4420 4411 
4330 4411 4420 4421 4412 
4331 4412 4421 3199 3198 
4332 408 384 4422 4413 
4333 4413 4422 4423 4414 
4334 4414 4423 4424 4415 
4335 4415 4424 4425 4416 
4336 4416 4425 4426 4417 
4337 4417 4426 4427 4418 
4338 4418 4427 4428 4419 
4339 4419 4428 4429 4420 
4340 4420 4429 4430 4421 
4341 4421 4430 3200 3199 
4342 384 7 322 4422 
4343 4422 322 321 4423 
4344 4423 321 323 4424 
4345 4424 323 320 4425 
4346 4425 320 324 4426 
4347 4426 324 319 4427 
4348 4427 319 325 4428 
4349 4428 325 318 4429 
4350 4429 318 326 4430 
4351 4430 326 317 3200 
2 4 3 1500
4352 4454 4582 4583 4455 
4353 4455 4583 4448 5850 
4354 5847 5846 4584 4577 
4355 4577 4584 4585 4578 
4356 4578 4585 4586 4579 
4357 4579 4586 4587 4580 
4358 4580 4587 4588 4581 
4359 4581 4588 4589 4582 
4360 4582 4589 4590 4583 
4361 4583 4590 4447 4448 
4362 5846 4431 4591 4584 
4363 4584 4591 4592 4585 
4364 4585 4592 4593 4586 
4365 4586 4593 4594 4587 
4366 4587 4594 4595 4588 
4367 4588 4595 4596 4589 
4368 4589 4596 4597 4590 
4369 4590 4597 4446 4447 
4370 4431 4432 4598 4591 
4371 4591 4598 4599 4592 
4372 4592 4599 4600 4593 
4373 4593 4600 4601 4594 
4374 4594 4601 4602 4595 
4375 4595 4602 4603 4596 
4376 4596 4603 4604 4597 
4377 4597 4604 4445 4446 
4378 4432 4433 4605 4598 
4379 4598 4605 4606 4599 
4380 4599 4606 4607 4600 
4381 4600 4607 4608 4601 
4382 4601 4608 4609 4602 
4383 4602 4609 4610 4603 
4384 4603 4610 4611 4604 
4385 4604 4611 4444 4445 
4386 4433 4434 4612 4605 
4387 4605 4612 4613 4606 
4388 4606 4613 4614 4607 
4389 4607 4614 4615 4608 
4390 4608 4615 4616 4609 
4391 4609 4616 4617 4610 
4392 4610 4617 4618 4611 
4393 4611 4618 4443 4444 
4394 4434 4435 4619 4612 
4395 4612 4619 4620 4613 
4396 4613 4620 4621 4614 
4397 4614 4621 4622 4615 
4398 4615 4622 4623 4616 
4399 4616 4623 4624 4617 
4400 4617 4624 4625 4618 
4401 4618 4625 4442 4443 
4402 4435 4436 4626 4619 
4403 4619 4626 4627 4620 
4404 4620 4627 4628 4621 
4405 4621 4628 4629 4622 
4406 4622 4629 4630 4623 
4407 4623 4630 4631 4624 
4408 4624 4631 4632 4625 
4409 4625 4632 4441 4442 
4410 4436 4437 4633 4626 
4411 4626 4633 4634 4627 
4412 4627 4634 4635 4628 
4413 4628 4635 4636 4629 
4414 4629 4636 4637 4630 
4415 4630 4637 4638 4631 
4416 4631 4638 4639 4632 
4417 4632 4639 4440 4441 
4418 4437 4438 4640 4633 
4419 4633 4640 4641 4634 
4420 4634 4641 4642 4635 
4421 4635 4642 4643 4636 
4422 4636 4643 4644 4637 
4423 4637 4644 4645 4638 
4424 4638 4645 4646 4639 
4425 4639 4646 4439 4440 
4426 4438 23 48 4640 
4427 4640 48 24 4641 
4428 4641 24 49 4642 
4429 4642 49 25 4643 
4430 4643 25 50 4644 
4431 4644 50 13 4645 
4432 4645 13 51 4646 
4433 4646 51 27 4439 
4434 5851 4456 4647 5847 
4435 5847 4647 4648 5846 
4436 5846 4648 4649 4431 
4437 4431 4649 4650 4432 
4438 4432 4650 4651 4433 
4439 4433 4651 4652 4434 
4440 4434 4652 4653 4435 
4441 4435 4653 4654 4436 
4442 4436 4654 4655 4437 
4443 4437 4655 4656 4438 
4444 4438 4656 47 23 
4445 4456 4457 4657 4647 
4446 4647 4657 4658 4648 
4447 4648 4658 4659 4649 
4448 4649 4659 4660 4650 
4449 4650 4660 4661 4651 
4450 4651 4661 4662 4652 
4451 4652 4662 4663 4653 
4452 4653 4663 4664 4654 
4453 4654 4664 4665 4655 
4454 4655 4665 4666 4656 
4455 4656 4666 22 47 
4456 4457 4458 4667 4657 
4457 4657 4667 4668 4658 
4458 4658 4668 4669 4659 
4459 4659 4669 4670 4660 
4460 4660 4670 4671 4661 
4461 4661 4671 4672 4662 
4462 4662 4672 4673 4663 
4463 4663 4673 4674 4664 
4464 4664 4674 4675 4665 
4465 4665 4675 4676 4666 
4466 4666 4676 46 22 
4467 4458 4459 4677 4667 
4468 4667 4677 4678 4668 
4469 4668 4678 4679 4669 
4470 4669 4679 4680 4670 
4471 4670 4680 4681 4671 
4472 4671 4681 4682 4672 
4473 4672 4682 4683 4673 
4474 4673 4683 4684 4674 
4475 4674 4684 4685 4675 
4476 4675 4685 4686 4676 
4477 4676 4686 21 46 
4478 4459 4460 4687 4677 
4479 4677 4687 4688 4678 
4480 4678 4688 4689 4679 
4481 4679 4689 4690 4680 
4482 4680 4690 4691 4681 
4483 4681 4691 4692 4682 
4484 4682 4692 4693 4683 
4485 4683 4693 4694 4684 
4486 4684 4694 4695 4685 
4487 4685 4695 4696 4686 
4488 4686 4696 45 21 
4489 4460 4461 4697 4687 
4490 4687 4697 4698 4688 
4491 4688 4698 4699 4689 
4492 4689 4699 4700 4690 
4493 4690 4700 4701 4691 
4494 4691 4701 4702 4692 
4495 4692 4702 4703 4693 
4496 4693 4703 4704 4694 
4497 4694 4704 4705 4695 
4498 4695 4705 4706 4696 
4499 4696 4706 20 45 
4500 4461 4462 4707 4697 
4501 4697 4707 4708 4698 
4502 4698 4708 4709 4699 
4503 4699 4709 4710 4700 
4504 4700 4710 4711 4701 
4505 4701 4711 4712 4702 
4506 4702 4712 4713 4703 
4507 4703 4713 4714 4704 
4508 4704 4714 4715 4705 
4509 4705 4715 4716 4706 
4510 4706 4716 44 20 
4511 4462 4463 4717 4707 
4512 4707 4717 4718 4708 
4513 4708 4718 4719 4709 
4514 4709 4719 4720 4710 
4515 4710 4720 4721 4711 
4516 4711 4721 4722 4712 
4517 4712 4722 4723 4713 
4518 4713 4723 4724 4714 
4519 4714 4724 4725 4715 
4520 4715 4725 4726 4716 
4521 4716 4726 19 44 
4522 4463 4464 4727 4717 
4523 4717 4727 4728 4718 
4524 4718 4728 4729 4719 
4525 4719 4729 4730 4720 
4526 4720 4730 4731 4721 
4527 4721 4731 4732 4722 
4528 4722 4732 4733 4723 
4529 4723 4733 4734 4724 
4530 4724 4734 4735 4725 
4531 4725 4735 4736 4726 
4532 4726 4736 43 19 
4533 4464 4465 4737 4727 
4534 4727 4737 4738 4728 
4535 4728 4738 4739 4729 
4536 4729 4739 4740 4730 
4537 4730 4740 4741 4731 
4538 4731 4741 4742 4732 
4539 4732 4742 4743 4733 
4540 4733 4743 4744 4734 
4541 4734 4744 4745 4735 
4542 4735 4745 4746 4736 
4543 4736 4746 18 43 
4544 4465 4466 4747 4737 
4545 4737 4747 4748 4738 
4546 4738 4748 4749 4739 
4547 4739 4749 4750 4740 
4548 4740 4750 4751 4741 
4549 4741 4751 4752 4742 
4550 4742 4752 4753 4743 
4551 4743 4753 4754 4744 
4552 4744 4754 4755 4745 
4553 4745 4755 4756 4746 
4554 4746 4756 42 18 
4555 4466 4467 4757 4747 
4556 4747 4757 4758 4748 
4557 4748 4758 4759 4749 
4558 4749 4759 4760 4750 
4559 4750 4760 4761 4751 
4560 4751 4761 4762 4752 
4561 4752 4762 4763 4753 
4562 4753 4763 4764 4754 
4563 4754 4764 4765 4755 
4564 4755 4765 4766 4756 
4565 4756 4766 17 42 
4566 4467 4468 4767 4757 
4567 4757 4767 4768 4758 
4568 4758 4768 4769 4759 
4569 4759 4769 4770 4760 
4570 4760 4770 4771 4761 
4571 4761 4771 4772 4762 
4572 4762 4772 4773 4763 
4573 4763 4773 4774 4764 
4574 4764 4774 4775 4765 
4575 4765 4775 4776 4766 
4576 4766 4776 41 17 
4577 4468 4469 4777 4767 
4578 4767 4777 4778 4768 
4579 4768 4778 4779 4769 
4580 4769 4779 4780 4770 
4581 4770 4780 4781 4771 
4582 4771 4781 4782 4772 
4583 4772 4782 4783 4773 
4584 4773 4783 4784 4774 
4585 4774 4784 4785 4775 
4586 4775 4785 4786 4776 
4587 4776 4786 16 41 
4588 4469 4470 4787 4777 
4589 4777 4787 4788 4778 
4590 4778 4788 4789 4779 
4591 4779 4789 4790 4780 
4592 4780 4790 4791 4781 
4593 4781 4791 4792 4782 
4594 4782 4792 4793 4783 
4595 4783 4793 4794 4784 
4596 4784 4794 4795 4785 
4597 4785 4795 4796 4786 
4598 4786 4796 40 16 
4599 4470 4471 4797 4787 
4600 4787 4797 4798 4788 
4601 4788 4798 4799 4789 
4602 4789 4799 4800 4790 
4603 4790 4800 4801 4791 
4604 4791 4801 4802 4792 
4605 4792 4802 4803 4793 
4606 4793 4803 4804 4794 
4607 4794 4804 4805 4795 
4608 4795 4805 4806 4796 
4609 4796 4806 15 40 
4610 4471 4472 4807 4797 
4611 4797 4807 4808 4798 
4612 4798 4808 4809 4799 
4613 4799 4809 4810 4800 
4614 4800 4810 4811 4801 
4615 4801 4811 4812 4802 
4616 4802 4812 4813 4803 
4617 4803 4813 4814 4804 
4618 4804 4814 4815 4805 
4619 4805 4815 4816 4806 
4620 4806 4816 39 15 
4621 4472 4473 4817 4807 
4622 4807 4817 4818 4808 
4623 4808 4818 4819 4809 
4624 4809 4819 4820 4810 
4625 4810 4820 4821 4811 
4626 4811 4821 4822 4812 
4627 4812 4822 4823 4813 
4628 4813 4823 4824 4814 
4629 4814 4824 4825 4815 
4630 4815 4825 4826 4816 
4631 4816 4826 14 39 
4632 4473 4474 4827 4817 
4633 4817 4827 4828 4818 
4634 4818 4828 4829 4819 
4635 4819 4829 4830 4820 
4636 4820 4830 4831 4821 
4637 4821 4831 4832 4822 
4638 4822 4832 4833 4823 
4639 4823 4833 4834 4824 
4640 4824 4834 4835 4825 
4641 4825 4835 4836 4826 
4642 4826 4836 38 14 
4643 4474 4475 4837 4827 
4644 4827 4837 4838 4828 
4645 4828 4838 4839 4829 
4646 4829 4839 4840 4830 
4647 4830 4840 4841 4831 
4648 4831 4841 4842 4832 
4649 4832 4842 4843 4833 
4650 4833 4843 4844 4834 
4651 4834 4844 4845 4835 
4652 4835 4845 4846 4836 
4653 4836 4846 26 38 
4654 4475 424 414 4837 
4655 4837 414 423 4838 
4656 4838 423 415 4839 
4657 4839 415 422 4840 
4658 4840 422 416 4841 
4659 4841 416 421 4842 
4660 4842 421 417 4843 
4661 4843 417 420 4844 
4662 4844 420 418 4845 
4663 4845 418 419 4846 
4664 4846 419 1 26 
4665 5851 4476 4847 4456 
4666 4456 4847 4848 4457 
4667 4457 4848 4849 4458 
4668 4458 4849 4850 4459 
4669 4459 4850 4851 4460 
4670 4460 4851 4852 4461 
4671 4461 4852 4853 4462 
4672 4462 4853 4854 4463 
4673 4463 4854 4855 4464 
4674 4464 4855 4856 4465 
4675 4465 4856 4857 4466 
4676 4466 4857 4858 4467 
4677 4467 4858 4859 4468 
4678 4468 4859 4860 4469 
4679 4469 4860 4861 4470 
4680 4470 4861 4862 4471 
4681 4471 4862 4863 4472 
4682 4472 4863 4864 4473 
4683 4473 4864 4865 4474 
4684 4474 4865 4866 4475 
4685 4475 4866 413 424 
4686 4476 4477 4867 4847 
4687 4847 4867 4868 4848 
4688 4848 4868 4869 4849 
4689 4849 4869 4870 4850 
4690 4850 4870 4871 4851 
4691 4851 4871 4872 4852 
4692 4852 4872 4873 4853 
4693 4853 4873 4874 4854 
4694 4854 4874 4875 4855 
4695 4855 4875 4876 4856 
4696 4856 4876 4877 4857 
4697 4857 4877 4878 4858 
4698 4858 4878 4879 4859 
4699 4859 4879 4880 4860 
4700 4860 4880 4881 4861 
4701 4861 4881 4882 4862 
4702 4862 4882 4883 4863 
4703 4863 4883 4884 4864 
4704 4864 4884 4885 4865 
4705 4865 4885 4886 4866 
4706 4866 4886 425 413 
4707 4477 4478 4887 4867 
4708 4867 4887 4888 4868 
4709 4868 4888 4889 4869 
4710 4869 4889 4890 4870 
4711 4870 4890 4891 4871 
4712 4871 4891 4892 4872 
4713 4872 4892 4893 4873 
4714 4873 4893 4894 4874 
4715 4874 4894 4895 4875 
4716 4875 4895 4896 4876 
4717 4876 4896 4897 4877 
4718 4877 4897 4898 4878 
4719 4878 4898 4899 4879 
4720 4879 4899 4900 4880 
4721 4880 4900 4901 4881 
4722 4881 4901 4902 4882 
4723 4882 4902 4903 4883 
4724 4883 4903 4904 4884 
4725 4884 4904 4905 4885 
4726 4885 4905 4906 4886 
4727 4886 4906 412 425 
4728 4478 4479 4907 4887 
4729 4887 4907 4908 4888 
4730 4888 4908 4909 4889 
4731 4889 4909 4910 4890 
4732 4890 4910 4911 4891 
4733 4891 4911 4912 4892 
4734 4892 4912 4913 4893 
4735 4893 4913 4914 4894 
4736 4894 4914 4915 4895 
4737 4895 4915 4916 4896 
4738 4896 4916 4917 4897 
4739 4897 4917 4918 4898 
4740 4898 4918 4919 4899 
4741 4899 4919 4920 4900 
4742 4900 4920 4921 4901 
4743 4901 4921 4922 4902 
4744 4902 4922 4923 4903 
4745 4903 4923 4924 4904 
4746 4904 4924 4925 4905 
4747 4905 4925 4926 4906 
4748 4906 4926 426 412 
4749 4479 4480 4927 4907 
4750 4907 4927 4928 4908 
4751 4908 4928 4929 4909 
4752 4909 4929 4930 4910 
4753 4910 4930 4931 4911 
4754 4911 4931 4932 4912 
4755 4912 4932 4933 4913 
4756 4913 4933 4934 4914 
4757 4914 4934 4935 4915 
4758 4915 4935 4936 4916 
4759 4916 4936 4937 4917 
4760 4917 4937 4938 4918 
4761 4918 4938 4939 4919 
4762 4919 4939 4940 4920 
4763 4920 4940 4941 4921 
4764 4921 4941 4942 4922 
4765 4922 4942 4943 4923 
4766 4923 4943 4944 4924 
4767 4924 4944 4945 4925 
4768 4925 4945 4946 4926 
4769 4926 4946 411 426 
4770 4480 4481 4947 4927 
4771 4927 4947 4948 4928 
4772 4928 4948 4949 4929 
4773 4929 4949 4950 4930 
4774 4930 4950 4951 4931 
4775 4931 4951 4952 4932 
4776 4932 4952 4953 4933 
4777 4933 4953 4954 4934 
4778 4934 4954 4955 4935 
4779 4935 4955 4956 4936 
4780 4936 4956 4957 4937 
4781 4937 4957 4958 4938 
4782 4938 4958 4959 4939 
4783 4939 4959 4960 4940 
4784 4940 4960 4961 4941 
4785 4941 4961 4962 4942 
4786 4942 4962 4963 4943 
4787 4943 4963 4964 4944 
4788 4944 4964 4965 4945 
4789 4945 4965 4966 4946 
4790 4946 4966 427 411 
4791 4481 4482 4967 4947 
4792 4947 4967 4968 4948 
4793 4948 4968 4969 4949 
4794 4949 4969 4970 4950 
4795 4950 4970 4971 4951 
4796 4951 4971 4972 4952 
4797 4952 4972 4973 4953 
4798 4953 4973 4974 4954 
4799 4954 4974 4975 4955 
4800 4955 4975 4976 4956 
4801 4956 4976 4977 4957 
4802 4957 4977 4978 4958 
4803 4958 4978 4979 4959 
4804 4959 4979 4980 4960 
4805 4960 4980 4981 4961 
4806 4961 4981 4982 4962 
4807 4962 4982 4983 4963 
4808 4963 4983 4984 4964 
4809 4964 4984 4985 4965 
4810 4965 4985 4986 4966 
4811 4966 4986 410 427 
4812 4482 4483 4987 4967 
4813 4967 4987 4988 4968 
4814 4968 4988 4989 4969 
4815 4969 4989 4990 4970 
4816 4970 4990 4991 4971 
4817 4971 4991 4992 4972 
4818 4972 4992 4993 4973 
4819 4973 4993 4994 4974 
4820 4974 4994 4995 4975 
4821 4975 4995 4996 4976 
4822 4976 4996 4997 4977 
4823 4977 4997 4998 4978 
4824 4978 4998 4999 4979 
4825 4979 4999 5000 4980 
4826 4980 5000 5001 4981 
4827 4981 5001 5002 4982 
4828 4982 5002 5003 4983 
4829 4983 5003 5004 4984 
4830 4984 5004 5005 4985 
4831 4985 5005 5006 4986 
4832 4986 5006 428 410 
4833 4483 4484 5007 4987 
4834 4987 5007 5008 4988 
4835 4988 5008 5009 4989 
4836 4989 5009 5010 4990 
4837 4990 5010 5011 4991 
4838 4991 5011 5012 4992 
4839 4992 5012 5013 4993 
4840 4993 5013 5014 4994 
4841 4994 5014 5015 4995 
4842 4995 5015 5016 4996 
4843 4996 5016 5017 4997 
4844 4997 5017 5018 4998 
4845 4998 5018 5019 4999 
4846 4999 5019 5020 5000 
4847 5000 5020 5021 5001 
4848 5001 5021 5022 5002 
4849 5002 5022 5023 5003 
4850 5003 5023 5024 5004 
4851 5004 5024 5025 5005 
4852 5005 5025 5026 5006 
4853 5006 5026 409 428 
4854 4484 4485 5027 5007 
4855 5007 5027 5028 5008 
4856 5008 5028 5029 5009 
4857 5009 5029 5030 5010 
4858 5010 5030 5031 5011 
4859 5011 5031 5032 5012 
4860 5012 5032 5033 5013 
4861 5013 5033 5034 5014 
4862 5014 5034 5035 5015 
4863 5015 5035 5036 5016 
4864 5016 5036 5037 5017 
4865 5017 5037 5038 5018 
4866 5018 5038 5039 5019 
4867 5019 5039 5040 5020 
4868 5020 5040 5041 5021 
4869 5021 5041 5042 5022 
4870 5022 5042 5043 5023 
4871 5023 5043 5044 5024 
4872 5024 5044 5045 5025 
4873 5025 5045 5046 5026 
4874 5026 5046 429 409 
4875 4485 492 481 5027 
4876 5027 481 493 5028 
4877 5028 493 482 5029 
4878 5029 482 494 5030 
4879 5030 494 483 5031 
4880 5031 483 495 5032 
4881 5032 495 484 5033 
4882 5033 484 496 5034 
4883 5034 496 485 5035 
4884 5035 485 497 5036 
4885 5036 497 486 5037 
4886 5037 486 498 5038 
4887 5038 498 487 5039 
4888 5039 487 499 5040 
4889 5040 499 488 5041 
4890 5041 488 500 5042 
4891 5042 500 489 5043 
4892 5043 489 501 5044 
4893 5044 501 490 5045 
4894 5045 490 502 5046 
4895 5046 502 9 429 
4896 5851 4486 5047 4476 
4897 4476 5047 5048 4477 
4898 4477 5048 5049 4478 
4899 4478 5049 5050 4479 
4900 4479 5050 5051 4480 
4901 4480 5051 5052 4481 
4902 4481 5052 5053 4482 
4903 4482 5053 5054 4483 
4904 4483 5054 5055 4484 
4905 4484 5055 5056 4485 
4906 4485 5056 480 492 
4907 4486 4487 5057 5047 
4908 5047 5057 5058 5048 
4909 5048 5058 5059 5049 
4910 5049 5059 5060 5050 
4911 5050 5060 5061 5051 
4912 5051 5061 5062 5052 
4913 5052 5062 5063 5053 
4914 5053 5063 5064 5054 
4915 5054 5064 5065 5055 
4916 5055 5065 5066 5056 
4917 5056 5066 491 480 
4918 4487 4488 5067 5057 
4919 5057 5067 5068 5058 
4920 5058 5068 5069 5059 
4921 5059 5069 5070 5060 
4922 5060 5070 5071 5061 
4923 5061 5071 5072 5062 
4924 5062 5072 5073 5063 
4925 5063 5073 5074 5064 
4926 5064 5074 5075 5065 
4927 5065 5075 5076 5066 
4928 5066 5076 479 491 
4929 4488 4489 5077 5067 
4930 5067 5077 5078 5068 
4931 5068 5078 5079 5069 
4932 5069 5079 5080 5070 
4933 5070 5080 5081 5071 
4934 5071 5081 5082 5072 
4935 5072 5082 5083 5073 
4936 5073 5083 5084 5074 
4937 5074 5084 5085 5075 
4938 5075 5085 5086 5076 
4939 5076 5086 503 479 
4940 4489 4490 5087 5077 
4941 5077 5087 5088 5078 
4942 5078 5088 5089 5079 
4943 5079 5089 5090 5080 
4944 5080 5090 5091 5081 
4945 5081 5091 5092 5082 
4946 5082 5092 5093 5083 
4947 5083 5093 5094 5084 
4948 5084 5094 5095 5085 
4949 5085 5095 5096 5086 
4950 5086 5096 478 503 
4951 4490 4491 5097 5087 
4952 5087 5097 5098 5088 
4953 5088 5098 5099 5089 
4954 5089 5099 5100 5090 
4955 5090 5100 5101 5091 
4956 5091 5101 5102 5092 
4957 5092 5102 5103 5093 
4958 5093 5103 5104 5094 
4959 5094 5104 5105 5095 
4960 5095 5105 5106 5096 
4961 5096 5106 504 478 
4962 4491 4492 5107 5097 
4963 5097 5107 5108 5098 
4964 5098 5108 5109 5099 
4965 5099 5109 5110 5100 
4966 5100 5110 5111 5101 
4967 5101 5111 5112 5102 
4968 5102 5112 5113 5103 
4969 5103 5113 5114 5104 
4970 5104 5114 5115 5105 
4971 5105 5115 5116 5106 
4972 5106 5116 477 504 
4973 4492 5849 4502 5107 
4974 5107 4502 4501 5108 
4975 5108 4501 4500 5109 
4976 5109 4500 4499 5110 
4977 5110 4499 4498 5111 
4978 5111 4498 4497 5112 
4979 5112 4497 4496 5113 
4980 5113 4496 4495 5114 
4981 5114 4495 4494 5115 
4982 5115 4494 4493 5116 
4983 5116 4493 505 477 
4984 5851 4449 5117 4486 
4985 4486 5117 5118 4487 
4986 4487 5118 5119 4488 
4987 4488 5119 5120 4489 
4988 4489 5120 5121 4490 
4989 4490 5121 5122 4491 
4990 4491 5122 5123 4492 
4991 4492 5123 4510 5849 
4992 4449 4450 5124 5117 
4993 5117 5124 5125 5118 
4994 5118 5125 5126 5119 
4995 5119 5126 5127 5120 
4996 5120 5127 5128 5121 
4997 5121 5128 5129 5122 
4998 5122 5129 5130 5123 
4999 5123 5130 4511 4510 
5000 4450 4451 5131 5124 
5001 5124 5131 5132 5125 
5002 5125 5132 5133 5126 
5003 5126 5133 5134 5127 
5004 5127 5134 5135 5128 
5005 5128 5135 5136 5129 
5006 5129 5136 5137 5130 
5007 5130 5137 4512 4511 
5008 4451 4452 5138 5131 
5009 5131 5138 5139 5132 
5010 5132 5139 5140 5133 
5011 5133 5140 5141 5134 
5012 5134 5141 5142 5135 
5013 5135 5142 5143 5136 
5014 5136 5143 5144 5137 
5015 5137 5144 4513 4512 
5016 4452 4453 5145 5138 
5017 5138 5145 5146 5139 
5018 5139 5146 5147 5140 
5019 5140 5147 5148 5141 
5020 5141 5148 5149 5142 
5021 5142 5149 5150 5143 
5022 5143 5150 5151 5144 
5023 5144 5151 4514 4513 
5024 4453 4454 5152 5145 
5025 5145 5152 5153 5146 
5026 5146 5153 5154 5147 
5027 5147 5154 5155 5148 
5028 5148 5155 5156 5149 
5029 5149 5156 5157 5150 
5030 5150 5157 5158 5151 
5031 5151 5158 4515 4514 
5032 4454 4455 5159 5152 
5033 5152 5159 5160 5153 
5034 5153 5160 5161 5154 
5035 5154 5161 5162 5155 
5036 5155 5162 5163 5156 
5037 5156 5163 5164 5157 
5038 5157 5164 5165 5158 
5039 5158 5165 4516 4515 
5040 4455 5850 4503 5159 
5041 5159 4503 4504 5160 
5042 5160 4504 4505 5161 
5043 5161 4505 4506 5162 
5044 5162 4506 4507 5163 
5045 5163 4507 4508 5164 
5046 5164 4508 4509 5165 
5047 5165 4509 5848 4516 
5048 5849 4510 5166 4537 
5049 4537 5166 5167 4538 
5050 4538 5167 5168 4539 
5051 4539 5168 5169 4540 
5052 4540 5169 5170 4541 
5053 4541 5170 5171 4542 
5054 4542 5171 5172 4543 
5055 4543 5172 5173 4544 
5056 4544 5173 5174 4545 
5057 4545 5174 5175 4546 
5058 4546 5175 5176 4547 
5059 4547 5176 5177 4548 
5060 4548 5177 5178 4549 
5061 4549 5178 5179 4550 
5062 4550 5179 5180 4551 
5063 4551 5180 5181 4552 
5064 4552 5181 5182 4553 
5065 4553 5182 5183 4554 
5066 4554 5183 5184 4555 
5067 4555 5184 5185 4556 
5068 4556 5185 435 461 
5069 4510 4511 5186 5166 
5070 5166 5186 5187 5167 
5071 5167 5187 5188 5168 
5072 5168 5188 5189 5169 
5073 5169 5189 5190 5170 
5074 5170 5190 5191 5171 
5075 5171 5191 5192 5172 
5076 5172 5192 5193 5173 
5077 5173 5193 5194 5174 
5078 5174 5194 5195 5175 
5079 5175 5195 5196 5176 
5080 5176 5196 5197 5177 
5081 5177 5197 5198 5178 
5082 5178 5198 5199 5179 
5083 5179 5199 5200 5180 
5084 5180 5200 5201 5181 
5085 5181 5201 5202 5182 
5086 5182 5202 5203 5183 
5087 5183 5203 5204 5184 
5088 5184 5204 5205 5185 
5089 5185 5205 460 435 
5090 4511 4512 5206 5186 
5091 5186 5206 5207 5187 
5092 5187 5207 5208 5188 
5093 5188 5208 5209 5189 
5094 5189 5209 5210 5190 
5095 5190 5210 5211 5191 
5096 5191 5211 5212 5192 
5097 5192 5212 5213 5193 
5098 5193 5213 5214 5194 
5099 5194 5214 5215 5195 
5100 5195 5215 5216 5196 
5101 5196 5216 5217 5197 
5102 5197 5217 5218 5198 
5103 5198 5218 5219 5199 
5104 5199 5219 5220 5200 
5105 5200 5220 5221 5201 
5106 5201 5221 5222 5202 
5107 5202 5222 5223 5203 
5108 5203 5223 5224 5204 
5109 5204 5224 5225 5205 
5110 5205 5225 436 460 
5111 4512 4513 5226 5206 
5112 5206 5226 5227 5207 
5113 5207 5227 5228 5208 
5114 5208 5228 5229 5209 
5115 5209 5229 5230 5210 
5116 5210 5230 5231 5211 
5117 5211 5231 5232 5212 
5118 5212 5232 5233 5213 
5119 5213 5233 5234 5214 
5120 5214 5234 5235 5215 
5121 5215 5235 5236 5216 
5122 5216 5236 5237 5217 
5123 5217 5237 5238 5218 
5124 5218 5238 5239 5219 
5125 5219 5239 5240 5220 
5126 5220 5240 5241 5221 
5127 5221 5241 5242 5222 
5128 5222 5242 5243 5223 
5129 5223 5243 5244 5224 
5130 5224 5244 5245 5225 
5131 5225 5245 459 436 
5132 4513 4514 5246 5226 
5133 5226 5246 5247 5227 
5134 5227 5247 5248 5228 
5135 5228 5248 5249 5229 
5136 5229 5249 5250 5230 
5137 5230 5250 5251 5231 
5138 5231 5251 5252 5232 
5139 5232 5252 5253 5233 
5140 5233 5253 5254 5234 
5141 5234 5254 5255 5235 
5142 5235 5255 5256 5236 
5143 5236 5256 5257 5237 
5144 5237 5257 5258 5238 
5145 5238 5258 5259 5239 
5146 5239 5259 5260 5240 
5147 5240 5260 5261 5241 
5148 5241 5261 5262 5242 
5149 5242 5262 5263 5243 
5150 5243 5263 5264 5244 
5151 5244 5264 5265 5245 
5152 5245 5265 437 459 
5153 4514 4515 5266 5246 
5154 5246 5266 5267 5247 
5155 5247 5267 5268 5248 
5156 5248 5268 5269 5249 
5157 5249 5269 5270 5250 
5158 5250 5270 5271 5251 
5159 5251 5271 5272 5252 
5160 5252 5272 5273 5253 
5161 5253 5273 5274 5254 
5162 5254 5274 5275 5255 
5163 5255 5275 5276 5256 
5164 5256 5276 5277 5257 
5165 5257 5277 5278 5258 
5166 5258 5278 5279 5259 
5167 5259 5279 5280 5260 
5168 5260 5280 5281 5261 
5169 5261 5281 5282 5262 
5170 5262 5282 5283 5263 
5171 5263 5283 5284 5264 
5172 5264 5284 5285 5265 
5173 5265 5285 458 437 
5174 4515 4516 5286 5266 
5175 5266 5286 5287 5267 
5176 5267 5287 5288 5268 
5177 5268 5288 5289 5269 
5178 5269 5289 5290 5270 
5179 5270 5290 5291 5271 
5180 5271 5291 5292 5272 
5181 5272 5292 5293 5273 
5182 5273 5293 5294 5274 
5183 5274 5294 5295 5275 
5184 5275 5295 5296 5276 
5185 5276 5296 5297 5277 
5186 5277 5297 5298 5278 
5187 5278 5298 5299 5279 
5188 5279 5299 5300 5280 
5189 5280 5300 5301 5281 
5190 5281 5301 5302 5282 
5191 5282 5302 5303 5283 
5192 5283 5303 5304 5284 
5193 5284 5304 5305 5285 
5194 5285 5305 438 458 
5195 4516 5848 4517 5286 
5196 5286 4517 4518 5287 
5197 5287 4518 4519 5288 
5198 5288 4519 4520 5289 
5199 5289 4520 4521 5290 
5200 5290 4521 4522 5291 
5201 5291 4522 4523 5292 
5202 5292 4523 4524 5293 
5203 5293 4524 4525 5294 
5204 5294 4525 4526 5295 
5205 5295 4526 4527 5296 
5206 5296 4527 4528 5297 
5207 5297 4528 4529 5298 
5208 5298 4529 4530 5299 
5209 5299 4530 4531 5300 
5210 5300 4531 4532 5301 
5211 5301 4532 4533 5302 
5212 5302 4533 4534 5303 
5213 5303 4534 4535 5304 
5214 5304 4535 4536 5305 
5215 5305 4536 457 438 
5216 5850 4557 5306 4503 
5217 4503 5306 5307 4504 
5218 4504 5307 5308 4505 
5219 4505 5308 5309 4506 
5220 4506 5309 5310 4507 
5221 4507 5310 5311 4508 
5222 4508 5311 5312 4509 
5223 4509 5312 4517 5848 
5224 4557 4558 5313 5306 
5225 5306 5313 5314 5307 
5226 5307 5314 5315 5308 
5227 5308 5315 5316 5309 
5228 5309 5316 5317 5310 
5229 5310 5317 5318 5311 
5230 5311 5318 5319 5312 
5231 5312 5319 4518 4517 
5232 4558 4559 5320 5313 
5233 5313 5320 5321 5314 
5234 5314 5321 5322 5315 
5235 5315 5322 5323 5316 
5236 5316 5323 5324 5317 
5237 5317 5324 5325 5318 
5238 5318 5325 5326 5319 
5239 5319 5326 4519 4518 
5240 4559 4560 5327 5320 
5241 5320 5327 5328 5321 
5242 5321 5328 5329 5322 
5243 5322 5329 5330 5323 
5244 5323 5330 5331 5324 
5245 5324 5331 5332 5325 
5246 5325 5332 5333 5326 
5247 5326 5333 4520 4519 
5248 4560 4561 5334 5327 
5249 5327 5334 5335 5328 
5250 5328 5335 5336 5329 
5251 5329 5336 5337 5330 
5252 5330 5337 5338 5331 
5253 5331 5338 5339 5332 
5254 5332 5339 5340 5333 
5255 5333 5340 4521 4520 
5256 4561 4562 5341 5334 
5257 5334 5341 5342 5335 
5258 5335 5342 5343 5336 
5259 5336 5343 5344 5337 
5260 5337 5344 5345 5338 
5261 5338 5345 5346 5339 
5262 5339 5346 5347 5340 
5263 5340 5347 4522 4521 
5264 4562 4563 5348 5341 
5265 5341 5348 5349 5342 
5266 5342 5349 5350 5343 
5267 5343 5350 5351 5344 
5268 5344 5351 5352 5345 
5269 5345 5352 5353 5346 
5270 5346 5353 5354 5347 
5271 5347 5354 4523 4522 
5272 4563 4564 5355 5348 
5273 5348 5355 5356 5349 
5274 5349 5356 5357 5350 
5275 5350 5357 5358 5351 
5276 5351 5358 5359 5352 
5277 5352 5359 5360 5353 
5278 5353 5360 5361 5354 
5279 5354 5361 4524 4523 
5280 4564 4565 5362 5355 
5281 5355 5362 5363 5356 
5282 5356 5363 5364 5357 
5283 5357 5364 5365 5358 
5284 5358 5365 5366 5359 
5285 5359 5366 5367 5360 
5286 5360 5367 5368 5361 
5287 5361 5368 4525 4524 
5288 4565 4566 5369 5362 
5289 5362 5369 5370 5363 
5290 5363 5370 5371 5364 
5291 5364 5371 5372 5365 
5292 5365 5372 5373 5366 
5293 5366 5373 5374 5367 
5294 5367 5374 5375 5368 
5295 5368 5375 4526 4525 
5296 4566 4567 5376 5369 
5297 5369 5376 5377 5370 
5298 5370 5377 5378 5371 
5299 5371 5378 5379 5372 
5300 5372 5379 5380 5373 
5301 5373 5380 5381 5374 
5302 5374 5381 5382 5375 
5303 5375 5382 4527 4526 
5304 4567 4568 5383 5376 
5305 5376 5383 5384 5377 
5306 5377 5384 5385 5378 
5307 5378 5385 5386 5379 
5308 5379 5386 5387 5380 
5309 5380 5387 5388 5381 
5310 5381 5388 5389 5382 
5311 5382 5389 4528 4527 
5312 4568 4569 5390 5383 
5313 5383 5390 5391 5384 
5314 5384 5391 5392 5385 
5315 5385 5392 5393 5386 
5316 5386 5393 5394 5387 
5317 5387 5394 5395 5388 
5318 5388 5395 5396 5389 
5319 5389 5396 4529 4528 
5320 4569 4570 5397 5390 
5321 5390 5397 5398 5391 
5322 5391 5398 5399 5392 
5323 5392 5399 5400 5393 
5324 5393 5400 5401 5394 
5325 5394 5401 5402 5395 
5326 5395 5402 5403 5396 
5327 5396 5403 4530 4529 
5328 4570 4571 5404 5397 
5329 5397 5404 5405 5398 
5330 5398 5405 5406 5399 
5331 5399 5406 5407 5400 
5332 5400 5407 5408 5401 
5333 5401 5408 5409 5402 
5334 5402 5409 5410 5403 
5335 5403 5410 4531 4530 
5336 4571 4572 5411 5404 
5337 5404 5411 5412 5405 
5338 5405 5412 5413 5406 
5339 5406 5413 5414 5407 
5340 5407 5414 5415 5408 
5341 5408 5415 5416 5409 
5342 5409 5416 5417 5410 
5343 5410 5417 4532 4531 
5344 4572 4573 5418 5411 
5345 5411 5418 5419 5412 
5346 5412 5419 5420 5413 
5347 5413 5420 5421 5414 
5348 5414 5421 5422 5415 
5349 5415 5422 5423 5416 
5350 5416 5423 5424 5417 
5351 5417 5424 4533 4532 
5352 4573 4574 5425 5418 
5353 5418 5425 5426 5419 
5354 5419 5426 5427 5420 
5355 5420 5427 5428 5421 
5356 5421 5428 5429 5422 
5357 5422 5429 5430 5423 
5358 5423 5430 5431 5424 
5359 5424 5431 4534 4533 
5360 4574 4575 5432 5425 
5361 5425 5432 5433 5426 
5362 5426 5433 5434 5427 
5363 5427 5434 5435 5428 
5364 5428 5435 5436 5429 
5365 5429 5436 5437 5430 
5366 5430 5437 5438 5431 
5367 5431 5438 4535 4534 
5368 4575 4576 5439 5432 
5369 5432 5439 5440 5433 
5370 5433 5440 5441 5434 
5371 5434 5441 5442 5435 
5372 5435 5442 5443 5436 
5373 5436 5443 5444 5437 
5374 5437 5444 5445 5438 
5375 5438 5445 4536 4535 
5376 4576 453 442 5439 
5377 5439 442 454 5440 
5378 5440 454 441 5441 
5379 5441 441 455 5442 
5380 5442 455 440 5443 
5381 5443 440 456 5444 
5382 5444 456 439 5445 
5383 5445 439 457 4536 
5384 505 4493 5446 476 
5385 476 5446 5447 506 
5386 506 5447 5448 475 
5387 475 5448 5449 507 
5388 507 5449 5450 474 
5389 474 5450 5451 508 
5390 508 5451 5452 473 
5391 473 5452 5453 509 
5392 509 5453 5454 472 
5393 472 5454 5455 510 
5394 510 5455 5456 471 
5395 471 5456 5457 511 
5396 511 5457 5458 470 
5397 470 5458 5459 512 
5398 512 5459 5460 469 
5399 469 5460 5461 513 
5400 513 5461 5462 468 
5401 468 5462 5463 514 
5402 514 5463 5464 467 
5403 467 5464 5465 515 
5404 515 5465 466 10 
5405 4493 4494 5466 5446 
5406 5446 5466 5467 5447 
5407 5447 5467 5468 5448 
5408 5448 5468 5469 5449 
5409 5449 5469 5470 5450 
5410 5450 5470 5471 5451 
5411 5451 5471 5472 5452 
5412 5452 5472 5473 5453 
5413 5453 5473 5474 5454 
5414 5454 5474 5475 5455 
5415 5455 5475 5476 5456 
5416 5456 5476 5477 5457 
5417 5457 5477 5478 5458 
5418 5458 5478 5479 5459 
5419 5459 5479 5480 5460 
5420 5460 5480 5481 5461 
5421 5461 5481 5482 5462 
5422 5462 5482 5483 5463 
5423 5463 5483 5484 5464 
5424 5464 5484 5485 5465 
5425 5465 5485 430 466 
5426 4494 4495 5486 5466 
5427 5466 5486 5487 5467 
5428 5467 5487 5488 5468 
5429 5468 5488 5489 5469 
5430 5469 5489 5490 5470 
5431 5470 5490 5491 5471 
5432 5471 5491 5492 5472 
5433 5472 5492 5493 5473 
5434 5473 5493 5494 5474 
5435 5474 5494 5495 5475 
5436 5475 5495 5496 5476 
5437 5476 5496 5497 5477 
5438 5477 5497 5498 5478 
5439 5478 5498 5499 5479 
5440 5479 5499 5500 5480 
5441 5480 5500 5501 5481 
5442 5481 5501 5502 5482 
5443 5482 5502 5503 5483 
5444 5483 5503 5504 5484 
5445 5484 5504 5505 5485 
5446 5485 5505 465 430 
5447 4495 4496 5506 5486 
5448 5486 5506 5507 5487 
5449 5487 5507 5508 5488 
5450 5488 5508 5509 5489 
5451 5489 5509 5510 5490 
5452 5490 5510 5511 5491 
5453 5491 5511 5512 5492 
5454 5492 5512 5513 5493 
5455 5493 5513 5514 5494 
5456 5494 5514 5515 5495 
5457 5495 5515 5516 5496 
5458 5496 5516 5517 5497 
5459 5497 5517 5518 5498 
5460 5498 5518 5519 5499 
5461 5499 5519 5520 5500 
5462 5500 5520 5521 5501 
5463 5501 5521 5522 5502 
5464 5502 5522 5523 5503 
5465 5503 5523 5524 5504 
5466 5504 5524 5525 5505 
5467 5505 5525 431 465 
5468 4496 4497 5526 5506 
5469 5506 5526 5527 5507 
5470 5507 5527 5528 5508 
5471 5508 5528 5529 5509 
5472 5509 5529 5530 5510 
5473 5510 5530 5531 5511 
5474 5511 5531 5532 5512 
5475 5512 5532 5533 5513 
5476 5513 5533 5534 5514 
5477 5514 5534 5535 5515 
5478 5515 5535 5536 5516 
5479 5516 5536 5537 5517 
5480 5517 5537 5538 5518 
5481 5518 5538 5539 5519 
5482 5519 5539 5540 5520 
5483 5520 5540 5541 5521 
5484 5521 5541 5542 5522 
5485 5522 5542 5543 5523 
5486 5523 5543 5544 5524 
5487 5524 5544 5545 5525 
5488 5525 5545 464 431 
5489 4497 4498 5546 5526 
5490 5526 5546 5547 5527 
5491 5527 5547 5548 5528 
5492 5528 5548 5549 5529 
5493 5529 5549 5550 5530 
5494 5530 5550 5551 5531 
5495 5531 5551 5552 5532 
5496 5532 5552 5553 5533 
5497 5533 5553 5554 5534 
5498 5534 5554 5555 5535 
5499 5535 5555 5556 5536 
5500 5536 5556 5557 5537 
5501 5537 5557 5558 5538 
5502 5538 5558 5559 5539 
5503 5539 5559 5560 5540 
5504 5540 5560 5561 5541 
5505 5541 5561 5562 5542 
5506 5542 5562 5563 5543 
5507 5543 5563 5564 5544 
5508 5544 5564 5565 5545 
5509 5545 5565 432 464 
5510 4498 4499 5566 5546 
5511 5546 5566 5567 5547 
5512 5547 5567 5568 5548 
5513 5548 5568 5569 5549 
5514 5549 5569 5570 5550 
5515 5550 5570 5571 5551 
5516 5551 5571 5572 5552 
5517 5552 5572 5573 5553 
5518 5553 5573 5574 5554 
5519 5554 5574 5575 5555 
5520 5555 5575 5576 5556 
5521 5556 5576 5577 5557 
5522 5557 5577 5578 5558 
5523 5558 5578 5579 5559 
5524 5559 5579 5580 5560 
5525 5560 5580 5581 5561 
5526 5561 5581 5582 5562 
5527 5562 5582 5583 5563 
5528 5563 5583 5584 5564 
5529 5564 5584 5585 5565 
5530 5565 5585 463 432 
5531 4499 4500 5586 5566 
5532 5566 5586 5587 5567 
5533 5567 5587 5588 5568 
5534 5568 5588 5589 5569 
5535 5569 5589 5590 5570 
5536 5570 5590 5591 5571 
5537 5571 5591 5592 5572 
5538 5572 5592 5593 5573 
5539 5573 5593 5594 5574 
5540 5574 5594 5595 5575 
5541 5575 5595 5596 5576 
5542 5576 5596 5597 5577 
5543 5577 5597 5598 5578 
5544 5578 5598 5599 5579 
5545 5579 5599 5600 5580 
5546 5580 5600 5601 5581 
5547 5581 5601 5602 5582 
5548 5582 5602 5603 5583 
5549 5583 5603 5604 5584 
5550 5584 5604 5605 5585 
5551 5585 5605 433 463 
5552 4500 4501 5606 5586 
5553 5586 5606 5607 5587 
5554 5587 5607 5608 5588 
5555 5588 5608 5609 5589 
5556 5589 5609 5610 5590 
5557 5590 5610 5611 5591 
5558 5591 5611 5612 5592 
5559 5592 5612 5613 5593 
5560 5593 5613 5614 5594 
5561 5594 5614 5615 5595 
5562 5595 5615 5616 5596 
5563 5596 5616 5617 5597 
5564 5597 5617 5618 5598 
5565 5598 5618 5619 5599 
5566 5599 5619 5620 5600 
5567 5600 5620 5621 5601 
5568 5601 5621 5622 5602 
5569 5602 5622 5623 5603 
5570 5603 5623 5624 5604 
5571 5604 5624 5625 5605 
5572 5605 5625 462 433 
5573 4501 4502 5626 5606 
5574 5606 5626 5627 5607 
5575 5607 5627 5628 5608 
5576 5608 5628 5629 5609 
5577 5609 5629 5630 5610 
5578 5610 5630 5631 5611 
5579 5611 5631 5632 5612 
5580 5612 5632 5633 5613 
5581 5613 5633 5634 5614 
5582 5614 5634 5635 5615 
5583 5615 5635 5636 5616 
5584 5616 5636 5637 5617 
5585 5617 5637 5638 5618 
5586 5618 5638 5639 5619 
5587 5619 5639 5640 5620 
5588 5620 5640 5641 5621 
5589 5621 5641 5642 5622 
5590 5622 5642 5643 5623 
5591 5623 5643 5644 5624 
5592 5624 5644 5645 5625 
5593 5625 5645 434 462 
5594 4502 5849 4537 5626 
5595 5626 4537 4538 5627 
5596 5627 4538 4539 5628 
5597 5628 4539 4540 5629 
5598 5629 4540 4541 5630 
5599 5630 4541 4542 5631 
5600 5631 4542 4543 5632 
5601 5632 4543 4544 5633 
5602 5633 4544 4545 5634 
5603 5634 4545 4546 5635 
5604 5635 4546 4547 5636 
5605 5636 4547 4548 5637 
5606 5637 4548 4549 5638 
5607 5638 4549 4550 5639 
5608 5639 4550 4551 5640 
5609 5640 4551 4552 5641 
5610 5641 4552 4553 5642 
5611 5642 4553 4554 5643 
5612 5643 4554 4555 5644 
5613 5644 4555 4556 5645 
5614 5645 4556 461 434 
5615 27 52 5646 4439 
5616 4439 5646 5647 4440 
5617 4440 5647 5648 4441 
5618 4441 5648 5649 4442 
5619 4442 5649 5650 4443 
5620 4443 5650 5651 4444 
5621 4444 5651 5652 4445 
5622 4445 5652 5653 4446 
5623 4446 5653 5654 4447 
5624 4447 5654 5655 4448 
5625 4448 5655 4557 5850 
5626 52 28 5656 5646 
5627 5646 5656 5657 5647 
5628 5647 5657 5658 5648 
5629 5648 5658 5659 5649 
5630 5649 5659 5660 5650 
5631 5650 5660 5661 5651 
5632 5651 5661 5662 5652 
5633 5652 5662 5663 5653 
5634 5653 5663 5664 5654 
5635 5654 5664 5665 5655 
5636 5655 5665 4558 4557 
5637 28 53 5666 5656 
5638 5656 5666 5667 5657 
5639 5657 5667 5668 5658 
5640 5658 5668 5669 5659 
5641 5659 5669 5670 5660 
5642 5660 5670 5671 5661 
5643 5661 5671 5672 5662 
5644 5662 5672 5673 5663 
5645 5663 5673 5674 5664 
5646 5664 5674 5675 5665 
5647 5665 5675 4559 4558 
5648 53 29 5676 5666 
5649 5666 5676 5677 5667 
5650 5667 5677 5678 5668 
5651 5668 5678 5679 5669 
5652 5669 5679 5680 5670 
5653 5670 5680 5681 5671 
5654 5671 5681 5682 5672 
5655 5672 5682 5683 5673 
5656 5673 5683 5684 5674 
5657 5674 5684 5685 5675 
5658 5675 5685 4560 4559 
5659 29 54 5686 5676 
5660 5676 5686 5687 5677 
5661 5677 5687 5688 5678 
5662 5678 5688 5689 5679 
5663 5679 5689 5690 5680 
5664 5680 5690 5691 5681 
5665 5681 5691 5692 5682 
5666 5682 5692 5693 5683 
5667 5683 5693 5694 5684 
5668 5684 5694 5695 5685 
5669 5685 5695 4561 4560 
5670 54 30 5696 5686 
5671 5686 5696 5697 5687 
5672 5687 5697 5698 5688 
5673 5688 5698 5699 5689 
5674 5689 5699 5700 5690 
5675 5690 5700 5701 5691 
5676 5691 5701 5702 5692 
5677 5692 5702 5703 5693 
5678 5693 5703 5704 5694 
5679 5694 5704 5705 5695 
5680 5695 5705 4562 4561 
5681 30 55 5706 5696 
5682 5696 5706 5707 5697 
5683 5697 5707 5708 5698 
5684 5698 5708 5709 5699 
5685 5699 5709 5710 5700 
5686 5700 5710 5711 5701 
5687 5701 5711 5712 5702 
5688 5702 5712 5713 5703 
5689 5703 5713 5714 5704 
5690 5704 5714 5715 5705 
5691 5705 5715 4563 4562 
5692 55 31 5716 5706 
5693 5706 5716 5717 5707 
5694 5707 5717 5718 5708 
5695 5708 5718 5719 5709 
5696 5709 5719 5720 5710 
5697 5710 5720 5721 5711 
5698 5711 5721 5722 5712 
5699 5712 5722 5723 5713 
5700 5713 5723 5724 5714 
5701 5714 5724 5725 5715 
5702 5715 5725 4564 4563 
5703 31 56 5726 5716 
5704 5716 5726 5727 5717 
5705 5717 5727 5728 5718 
5706 5718 5728 5729 5719 
5707 5719 5729 5730 5720 
5708 5720 5730 5731 5721 
5709 5721 5731 5732 5722 
5710 5722 5732 5733 5723 
5711 5723 5733 5734 5724 
5712 5724 5734 5735 5725 
5713 5725 5735 4565 4564 
5714 56 32 5736 5726 
5715 5726 5736 5737 5727 
5716 5727 5737 5738 5728 
5717 5728 5738 5739 5729 
5718 5729 5739 5740 5730 
5719 5730 5740 5741 5731 
5720 5731 5741 5742 5732 
5721 5732 5742 5743 5733 
5722 5733 5743 5744 5734 
5723 5734 5744 5745 5735 
5724 5735 5745 4566 4565 
5725 32 57 5746 5736 
5726 5736 5746 5747 5737 
5727 5737 5747 5748 5738 
5728 5738 5748 5749 5739 
5729 5739 5749 5750 5740 
5730 5740 5750 5751 5741 
5731 5741 5751 5752 5742 
5732 5742 5752 5753 5743 
5733 5743 5753 5754 5744 
5734 5744 5754 5755 5745 
5735 5745 5755 4567 4566 
5736 57 33 5756 5746 
5737 5746 5756 5757 5747 
5738 5747 5757 5758 5748 
5739 5748 5758 5759 5749 
5740 5749 5759 5760 5750 
5741 5750 5760 5761 5751 
5742 5751 5761 5762 5752 
5743 5752 5762 5763 5753 
5744 5753 5763 5764 5754 
5745 5754 5764 5765 5755 
5746 5755 5765 4568 4567 
5747 33 58 5766 5756 
5748 5756 5766 5767 5757 
5749 5757 5767 5768 5758 
5750 5758 5768 5769 5759 
5751 5759 5769 5770 5760 
5752 5760 5770 5771 5761 
5753 5761 5771 5772 5762 
5754 5762 5772 5773 5763 
5755 5763 5773 5774 5764 
5756 5764 5774 5775 5765 
5757 5765 5775 4569 4568 
5758 58 34 5776 5766 
5759 5766 5776 5777 5767 
5760 5767 5777 5778 5768 
5761 5768 5778 5779 5769 
5762 5769 5779 5780 5770 
5763 5770 5780 5781 5771 
5764 5771 5781 5782 5772 
5765 5772 5782 5783 5773 
5766 5773 5783 5784 5774 
5767 5774 5784 5785 5775 
5768 5775 5785 4570 4569 
5769 34 59 5786 5776 
5770 5776 5786 5787 5777 
5771 5777 5787 5788 5778 
5772 5778 5788 5789 5779 
5773 5779 5789 5790 5780 
5774 5780 5790 5791 5781 
5775 5781 5791 5792 5782 
5776 5782 5792 5793 5783 
5777 5783 5793 5794 5784 
5778 5784 5794 5795 5785 
5779 5785 5795 4571 4570 
5780 59 35 5796 5786 
5781 5786 5796 5797 5787 
5782 5787 5797 5798 5788 
5783 5788 5798 5799 5789 
5784 5789 5799 5800 5790 
5785 5790 5800 5801 5791 
5786 5791 5801 5802 5792 
5787 5792 5802 5803 5793 
5788 5793 5803 5804 5794 
5789 5794 5804 5805 5795 
5790 5795 5805 4572 4571 
5791 35 60 5806 5796 
5792 5796 5806 5807 5797 
5793 5797 5807 5808 5798 
5794 5798 5808 5809 5799 
5795 5799 5809 5810 5800 
5796 5800 5810 5811 5801 
5797 5801 5811 5812 5802 
5798 5802 5812 5813 5803 
5799 5803 5813 5814 5804 
5800 5804 5814 5815 5805 
5801 5805 5815 4573 4572 
5802 60 36 5816 5806 
5803 5806 5816 5817 5807 
5804 5807 5817 5818 5808 
5805 5808 5818 5819 5809 
5806 5809 5819 5820 5810 
5807 5810 5820 5821 5811 
5808 5811 5821 5822 5812 
5809 5812 5822 5823 5813 
5810 5813 5823 5824 5814 
5811 5814 5824 5825 5815 
5812 5815 5825 4574 4573 
5813 36 61 5826 5816 
5814 5816 5826 5827 5817 
5815 5817 5827 5828 5818 
5816 5818 5828 5829 5819 
5817 5819 5829 5830 5820 
5818 5820 5830 5831 5821 
5819 5821 5831 5832 5822 
5820 5822 5832 5833 5823 
5821 5823 5833 5834 5824 
5822 5824 5834 5835 5825 
5823 5825 5835 4575 4574 
5824 61 37 5836 5826 
5825 5826 5836 5837 5827 
5826 5827 5837 5838 5828 
5827 5828 5838 5839 5829 
5828 5829 5839 5840 5830 
5829 5830 5840 5841 5831 
5830 5831 5841 5842 5832 
5831 5832 5842 5843 5833 
5832 5833 5843 5844 5834 
5833 5834 5844 5845 5835 
5834 5835 5845 4576 4575 
5835 37 2 448 5836 
5836 5836 448 447 5837 
5837 5837 447 449 5838 
5838 5838 449 446 5839 
5839 5839 446 450 5840 
5840 5840 450 445 5841 
5841 5841 445 451 5842 
5842 5842 451 444 5843 
5843 5843 444 452 5844 
5844 5844 452 443 5845 
5845 5845 443 453 4576 
5846 4453 4581 4582 4454 
5847 4452 4580 4581 4453 
5848 4451 4579 4580 4452 
5849 4450 4578 4579 4451 
5850 4449 4577 4578 4450 
5851 5851 5847 4577 4449 
2 5 3 1452
5852 6002 222 263 6003 
5853 6003 263 223 7210 
5854 7216 7193 6004 7212 
5855 7212 6004 6005 7211 
5856 7211 6005 271 238 
5857 7193 7192 6006 6004 
5858 6004 6006 6007 6005 
5859 6005 6007 239 271 
5860 7192 7191 6008 6006 
5861 6006 6008 6009 6007 
5862 6007 6009 272 239 
5863 7191 7190 6010 6008 
5864 6008 6010 6011 6009 
5865 6009 6011 240 272 
5866 7190 7189 6012 6010 
5867 6010 6012 6013 6011 
5868 6011 6013 273 240 
5869 7189 7188 6014 6012 
5870 6012 6014 6015 6013 
5871 6013 6015 241 273 
5872 7188 7187 6016 6014 
5873 6014 6016 6017 6015 
5874 6015 6017 274 241 
5875 7187 7186 6018 6016 
5876 6016 6018 6019 6017 
5877 6017 6019 242 274 
5878 7186 7185 6020 6018 
5879 6018 6020 6021 6019 
5880 6019 6021 275 242 
5881 7185 7184 6022 6020 
5882 6020 6022 6023 6021 
5883 6021 6023 243 275 
5884 7184 7183 6024 6022 
5885 6022 6024 6025 6023 
5886 6023 6025 276 243 
5887 7183 7182 6026 6024 
5888 6024 6026 6027 6025 
5889 6025 6027 244 276 
5890 7182 7181 6028 6026 
5891 6026 6028 6029 6027 
5892 6027 6029 277 244 
5893 7181 7180 6030 6028 
5894 6028 6030 6031 6029 
5895 6029 6031 245 277 
5896 7180 7179 6032 6030 
5897 6030 6032 6033 6031 
5898 6031 6033 278 245 
5899 7179 7178 6034 6032 
5900 6032 6034 6035 6033 
5901 6033 6035 246 278 
5902 7178 7177 6036 6034 
5903 6034 6036 6037 6035 
5904 6035 6037 279 246 
5905 7177 7176 6038 6036 
5906 6036 6038 6039 6037 
5907 6037 6039 247 279 
5908 7176 7175 6040 6038 
5909 6038 6040 6041 6039 
5910 6039 6041 280 247 
5911 7175 7174 6042 6040 
5912 6040 6042 6043 6041 
5913 6041 6043 248 280 
5914 7174 7173 6044 6042 
5915 6042 6044 6045 6043 
5916 6043 6045 281 248 
5917 7173 7172 6046 6044 
5918 6044 6046 6047 6045 
5919 6045 6047 249 281 
5920 7172 7171 6048 6046 
5921 6046 6048 6049 6047 
5922 6047 6049 282 249 
5923 7171 5852 6050 6048 
5924 6048 6050 6051 6049 
5925 6049 6051 250 282 
5926 5852 582 585 6050 
5927 6050 585 583 6051 
5928 6051 583 6 250 
5929 7216 5853 6052 7193 
5930 7193 6052 6053 7192 
5931 7192 6053 6054 7191 
5932 7191 6054 6055 7190 
5933 7190 6055 6056 7189 
5934 7189 6056 6057 7188 
5935 7188 6057 6058 7187 
5936 7187 6058 6059 7186 
5937 7186 6059 6060 7185 
5938 7185 6060 6061 7184 
5939 7184 6061 6062 7183 
5940 7183 6062 6063 7182 
5941 7182 6063 6064 7181 
5942 7181 6064 6065 7180 
5943 7180 6065 6066 7179 
5944 7179 6066 6067 7178 
5945 7178 6067 6068 7177 
5946 7177 6068 6069 7176 
5947 7176 6069 6070 7175 
5948 7175 6070 6071 7174 
5949 7174 6071 6072 7173 
5950 7173 6072 6073 7172 
5951 7172 6073 6074 7171 
5952 7171 6074 6075 5852 
5953 5852 6075 584 582 
5954 5853 5854 6076 6052 
5955 6052 6076 6077 6053 
5956 6053 6077 6078 6054 
5957 6054 6078 6079 6055 
5958 6055 6079 6080 6056 
5959 6056 6080 6081 6057 
5960 6057 6081 6082 6058 
5961 6058 6082 6083 6059 
5962 6059 6083 6084 6060 
5963 6060 6084 6085 6061 
5964 6061 6085 6086 6062 
5965 6062 6086 6087 6063 
5966 6063 6087 6088 6064 
5967 6064 6088 6089 6065 
5968 6065 6089 6090 6066 
5969 6066 6090 6091 6067 
5970 6067 6091 6092 6068 
5971 6068 6092 6093 6069 
5972 6069 6093 6094 6070 
5973 6070 6094 6095 6071 
5974 6071 6095 6096 6072 
5975 6072 6096 6097 6073 
5976 6073 6097 6098 6074 
5977 6074 6098 6099 6075 
5978 6075 6099 581 584 
5979 5854 536 569 6076 
5980 6076 569 537 6077 
5981 6077 537 570 6078 
5982 6078 570 538 6079 
5983 6079 538 571 6080 
5984 6080 571 539 6081 
5985 6081 539 572 6082 
5986 6082 572 540 6083 
5987 6083 540 573 6084 
5988 6084 573 541 6085 
5989 6085 541 574 6086 
5990 6086 574 542 6087 
5991 6087 542 575 6088 
5992 6088 575 543 6089 
5993 6089 543 576 6090 
5994 6090 576 544 6091 
5995 6091 544 577 6092 
5996 6092 577 545 6093 
5997 6093 545 578 6094 
5998 6094 578 546 6095 
5999 6095 546 579 6096 
6000 6096 579 547 6097 
6001 6097 547 580 6098 
6002 6098 580 548 6099 
6003 6099 548 11 581 
6004 7216 5855 6100 5853 
6005 5853 6100 6101 5854 
6006 5854 6101 568 536 
6007 5855 5856 6102 6100 
6008 6100 6102 6103 6101 
6009 6101 6103 535 568 
6010 5856 5857 6104 6102 
6011 6102 6104 6105 6103 
6012 6103 6105 567 535 
6013 5857 5858 6106 6104 
6014 6104 6106 6107 6105 
6015 6105 6107 534 567 
6016 5858 5859 6108 6106 
6017 6106 6108 6109 6107 
6018 6107 6109 566 534 
6019 5859 5860 6110 6108 
6020 6108 6110 6111 6109 
6021 6109 6111 525 566 
6022 5860 5861 6112 6110 
6023 6110 6112 6113 6111 
6024 6111 6113 565 525 
6025 5861 5862 6114 6112 
6026 6112 6114 6115 6113 
6027 6113 6115 517 565 
6028 5862 5863 6116 6114 
6029 6114 6116 6117 6115 
6030 6115 6117 564 517 
6031 5863 5864 6118 6116 
6032 6116 6118 6119 6117 
6033 6117 6119 518 564 
6034 5864 5865 6120 6118 
6035 6118 6120 6121 6119 
6036 6119 6121 563 518 
6037 5865 5866 6122 6120 
6038 6120 6122 6123 6121 
6039 6121 6123 519 563 
6040 5866 5867 6124 6122 
6041 6122 6124 6125 6123 
6042 6123 6125 562 519 
6043 5867 5868 6126 6124 
6044 6124 6126 6127 6125 
6045 6125 6127 520 562 
6046 5868 5869 6128 6126 
6047 6126 6128 6129 6127 
6048 6127 6129 561 520 
6049 5869 7214 5871 6128 
6050 6128 5871 5870 6129 
6051 6129 5870 521 561 
6052 7216 7208 6130 5855 
6053 5855 6130 6131 5856 
6054 5856 6131 6132 5857 
6055 5857 6132 6133 5858 
6056 5858 6133 6134 5859 
6057 5859 6134 6135 5860 
6058 5860 6135 6136 5861 
6059 5861 6136 6137 5862 
6060 5862 6137 6138 5863 
6061 5863 6138 6139 5864 
6062 5864 6139 6140 5865 
6063 5865 6140 6141 5866 
6064 5866 6141 6142 5867 
6065 5867 6142 6143 5868 
6066 5868 6143 6144 5869 
6067 5869 6144 5887 7214 
6068 7208 7207 6145 6130 
6069 6130 6145 6146 6131 
6070 6131 6146 6147 6132 
6071 6132 6147 6148 6133 
6072 6133 6148 6149 6134 
6073 6134 6149 6150 6135 
6074 6135 6150 6151 6136 
6075 6136 6151 6152 6137 
6076 6137 6152 6153 6138 
6077 6138 6153 6154 6139 
6078 6139 6154 6155 6140 
6079 6140 6155 6156 6141 
6080 6141 6156 6157 6142 
6081 6142 6157 6158 6143 
6082 6143 6158 6159 6144 
6083 6144 6159 5888 5887 
6084 7207 7206 6160 6145 
6085 6145 6160 6161 6146 
6086 6146 6161 6162 6147 
6087 6147 6162 6163 6148 
6088 6148 6163 6164 6149 
6089 6149 6164 6165 6150 
6090 6150 6165 6166 6151 
6091 6151 6166 6167 6152 
6092 6152 6167 6168 6153 
6093 6153 6168 6169 6154 
6094 6154 6169 6170 6155 
6095 6155 6170 6171 6156 
6096 6156 6171 6172 6157 
6097 6157 6172 6173 6158 
6098 6158 6173 6174 6159 
6099 6159 6174 5889 5888 
6100 7206 7205 6175 6160 
6101 6160 6175 6176 6161 
6102 6161 6176 6177 6162 
6103 6162 6177 6178 6163 
6104 6163 6178 6179 6164 
6105 6164 6179 6180 6165 
6106 6165 6180 6181 6166 
6107 6166 6181 6182 6167 
6108 6167 6182 6183 6168 
6109 6168 6183 6184 6169 
6110 6169 6184 6185 6170 
6111 6170 6185 6186 6171 
6112 6171 6186 6187 6172 
6113 6172 6187 6188 6173 
6114 6173 6188 6189 6174 
6115 6174 6189 5890 5889 
6116 7205 7204 6190 6175 
6117 6175 6190 6191 6176 
6118 6176 6191 6192 6177 
6119 6177 6192 6193 6178 
6120 6178 6193 6194 6179 
6121 6179 6194 6195 6180 
6122 6180 6195 6196 6181 
6123 6181 6196 6197 6182 
6124 6182 6197 6198 6183 
6125 6183 6198 6199 6184 
6126 6184 6199 6200 6185 
6127 6185 6200 6201 6186 
6128 6186 6201 6202 6187 
6129 6187 6202 6203 6188 
6130 6188 6203 6204 6189 
6131 6189 6204 5891 5890 
6132 7204 7203 6205 6190 
6133 6190 6205 6206 6191 
6134 6191 6206 6207 6192 
6135 6192 6207 6208 6193 
6136 6193 6208 6209 6194 
6137 6194 6209 6210 6195 
6138 6195 6210 6211 6196 
6139 6196 6211 6212 6197 
6140 6197 6212 6213 6198 
6141 6198 6213 6214 6199 
6142 6199 6214 6215 6200 
6143 6200 6215 6216 6201 
6144 6201 6216 6217 6202 
6145 6202 6217 6218 6203 
6146 6203 6218 6219 6204 
6147 6204 6219 5892 5891 
6148 7203 7202 6220 6205 
6149 6205 6220 6221 6206 
6150 6206 6221 6222 6207 
6151 6207 6222 6223 6208 
6152 6208 6223 6224 6209 
6153 6209 6224 6225 6210 
6154 6210 6225 6226 6211 
6155 6211 6226 6227 6212 
6156 6212 6227 6228 6213 
6157 6213 6228 6229 6214 
6158 6214 6229 6230 6215 
6159 6215 6230 6231 6216 
6160 6216 6231 6232 6217 
6161 6217 6232 6233 6218 
6162 6218 6233 6234 6219 
6163 6219 6234 5893 5892 
6164 7202 7201 6235 6220 
6165 6220 6235 6236 6221 
6166 6221 6236 6237 6222 
6167 6222 6237 6238 6223 
6168 6223 6238 6239 6224 
6169 6224 6239 6240 6225 
6170 6225 6240 6241 6226 
6171 6226 6241 6242 6227 
6172 6227 6242 6243 6228 
6173 6228 6243 6244 6229 
6174 6229 6244 6245 6230 
6175 6230 6245 6246 6231 
6176 6231 6246 6247 6232 
6177 6232 6247 6248 6233 
6178 6233 6248 6249 6234 
6179 6234 6249 5894 5893 
6180 7201 7200 6250 6235 
6181 6235 6250 6251 6236 
6182 6236 6251 6252 6237 
6183 6237 6252 6253 6238 
6184 6238 6253 6254 6239 
6185 6239 6254 6255 6240 
6186 6240 6255 6256 6241 
6187 6241 6256 6257 6242 
6188 6242 6257 6258 6243 
6189 6243 6258 6259 6244 
6190 6244 6259 6260 6245 
6191 6245 6260 6261 6246 
6192 6246 6261 6262 6247 
6193 6247 6262 6263 6248 
6194 6248 6263 6264 6249 
6195 6249 6264 5895 5894 
6196 7200 7199 6265 6250 
6197 6250 6265 6266 6251 
6198 6251 6266 6267 6252 
6199 6252 6267 6268 6253 
6200 6253 6268 6269 6254 
6201 6254 6269 6270 6255 
6202 6255 6270 6271 6256 
6203 6256 6271 6272 6257 
6204 6257 6272 6273 6258 
6205 6258 6273 6274 6259 
6206 6259 6274 6275 6260 
6207 6260 6275 6276 6261 
6208 6261 6276 6277 6262 
6209 6262 6277 6278 6263 
6210 6263 6278 6279 6264 
6211 6264 6279 5896 5895 
6212 7199 7198 6280 6265 
6213 6265 6280 6281 6266 
6214 6266 6281 6282 6267 
6215 6267 6282 6283 6268 
6216 6268 6283 6284 6269 
6217 6269 6284 6285 6270 
6218 6270 6285 6286 6271 
6219 6271 6286 6287 6272 
6220 6272 6287 6288 6273 
6221 6273 6288 6289 6274 
6222 6274 6289 6290 6275 
6223 6275 6290 6291 6276 
6224 6276 6291 6292 6277 
6225 6277 6292 6293 6278 
6226 6278 6293 6294 6279 
6227 6279 6294 5897 5896 
6228 7198 7197 6295 6280 
6229 6280 6295 6296 6281 
6230 6281 6296 6297 6282 
6231 6282 6297 6298 6283 
6232 6283 6298 6299 6284 
6233 6284 6299 6300 6285 
6234 6285 6300 6301 6286 
6235 6286 6301 6302 6287 
6236 6287 6302 6303 6288 
6237 6288 6303 6304 6289 
6238 6289 6304 6305 6290 
6239 6290 6305 6306 6291 
6240 6291 6306 6307 6292 
6241 6292 6307 6308 6293 
6242 6293 6308 6309 6294 
6243 6294 6309 5898 5897 
6244 7197 7196 6310 6295 
6245 6295 6310 6311 6296 
6246 6296 6311 6312 6297 
6247 6297 6312 6313 6298 
6248 6298 6313 6314 6299 
6249 6299 6314 6315 6300 
6250 6300 6315 6316 6301 
6251 6301 6316 6317 6302 
6252 6302 6317 6318 6303 
6253 6303 6318 6319 6304 
6254 6304 6319 6320 6305 
6255 6305 6320 6321 6306 
6256 6306 6321 6322 6307 
6257 6307 6322 6323 6308 
6258 6308 6323 6324 6309 
6259 6309 6324 5899 5898 
6260 7196 7195 6325 6310 
6261 6310 6325 6326 6311 
6262 6311 6326 6327 6312 
6263 6312 6327 6328 6313 
6264 6313 6328 6329 6314 
6265 6314 6329 6330 6315 
6266 6315 6330 6331 6316 
6267 6316 6331 6332 6317 
6268 6317 6332 6333 6318 
6269 6318 6333 6334 6319 
6270 6319 6334 6335 6320 
6271 6320 6335 6336 6321 
6272 6321 6336 6337 6322 
6273 6322 6337 6338 6323 
6274 6323 6338 6339 6324 
6275 6324 6339 5900 5899 
6276 7195 7194 6340 6325 
6277 6325 6340 6341 6326 
6278 6326 6341 6342 6327 
6279 6327 6342 6343 6328 
6280 6328 6343 6344 6329 
6281 6329 6344 6345 6330 
6282 6330 6345 6346 6331 
6283 6331 6346 6347 6332 
6284 6332 6347 6348 6333 
6285 6333 6348 6349 6334 
6286 6334 6349 6350 6335 
6287 6335 6350 6351 6336 
6288 6336 6351 6352 6337 
6289 6337 6352 6353 6338 
6290 6338 6353 6354 6339 
6291 6339 6354 5901 5900 
6292 7194 7215 5872 6340 
6293 6340 5872 5873 6341 
6294 6341 5873 5874 6342 
6295 6342 5874 5875 6343 
6296 6343 5875 5876 6344 
6297 6344 5876 5877 6345 
6298 6345 5877 5878 6346 
6299 6346 5878 5879 6347 
6300 6347 5879 5880 6348 
6301 6348 5880 5881 6349 
6302 6349 5881 5882 6350 
6303 6350 5882 5883 6351 
6304 6351 5883 5884 6352 
6305 6352 5884 5885 6353 
6306 6353 5885 5886 6354 
6307 6354 5886 7213 5901 
6308 7214 5887 6355 5926 
6309 5926 6355 6356 5927 
6310 5927 6356 6357 5928 
6311 5928 6357 6358 5929 
6312 5929 6358 6359 5930 
6313 5930 6359 6360 5931 
6314 5931 6360 6361 5932 
6315 5932 6361 6362 5933 
6316 5933 6362 6363 5934 
6317 5934 6363 6364 5935 
6318 5935 6364 6365 5936 
6319 5936 6365 6366 5937 
6320 5937 6366 6367 5938 
6321 5938 6367 6368 5939 
6322 5939 6368 6369 5940 
6323 5940 6369 6370 5941 
6324 5941 6370 6371 5942 
6325 5942 6371 6372 5943 
6326 5943 6372 6373 5944 
6327 5944 6373 6374 5945 
6328 5945 6374 6375 5946 
6329 5946 6375 6376 5947 
6330 5947 6376 6377 5948 
6331 5948 6377 6378 5949 
6332 5949 6378 320 323 
6333 5887 5888 6379 6355 
6334 6355 6379 6380 6356 
6335 6356 6380 6381 6357 
6336 6357 6381 6382 6358 
6337 6358 6382 6383 6359 
6338 6359 6383 6384 6360 
6339 6360 6384 6385 6361 
6340 6361 6385 6386 6362 
6341 6362 6386 6387 6363 
6342 6363 6387 6388 6364 
6343 6364 6388 6389 6365 
6344 6365 6389 6390 6366 
6345 6366 6390 6391 6367 
6346 6367 6391 6392 6368 
6347 6368 6392 6393 6369 
6348 6369 6393 6394 6370 
6349 6370 6394 6395 6371 
6350 6371 6395 6396 6372 
6351 6372 6396 6397 6373 
6352 6373 6397 6398 6374 
6353 6374 6398 6399 6375 
6354 6375 6399 6400 6376 
6355 6376 6400 6401 6377 
6356 6377 6401 6402 6378 
6357 6378 6402 324 320 
6358 5888 5889 6403 6379 
6359 6379 6403 6404 6380 
6360 6380 6404 6405 6381 
6361 6381 6405 6406 6382 
6362 6382 6406 6407 6383 
6363 6383 6407 6408 6384 
6364 6384 6408 6409 6385 
6365 6385 6409 6410 6386 
6366 6386 6410 6411 6387 
6367 6387 6411 6412 6388 
6368 6388 6412 6413 6389 
6369 6389 6413 6414 6390 
6370 6390 6414 6415 6391 
6371 6391 6415 6416 6392 
6372 6392 6416 6417 6393 
6373 6393 6417 6418 6394 
6374 6394 6418 6419 6395 
6375 6395 6419 6420 6396 
6376 6396 6420 6421 6397 
6377 6397 6421 6422 6398 
6378 6398 6422 6423 6399 
6379 6399 6423 6424 6400 
6380 6400 6424 6425 6401 
6381 6401 6425 6426 6402 
6382 6402 6426 319 324 
6383 5889 5890 6427 6403 
6384 6403 6427 6428 6404 
6385 6404 6428 6429 6405 
6386 6405 6429 6430 6406 
6387 6406 6430 6431 6407 
6388 6407 6431 6432 6408 
6389 6408 6432 6433 6409 
6390 6409 6433 6434 6410 
6391 6410 6434 6435 6411 
6392 6411 6435 6436 6412 
6393 6412 6436 6437 6413 
6394 6413 6437 6438 6414 
6395 6414 6438 6439 6415 
6396 6415 6439 6440 6416 
6397 6416 6440 6441 6417 
6398 6417 6441 6442 6418 
6399 6418 6442 6443 6419 
6400 6419 6443 6444 6420 
6401 6420 6444 6445 6421 
6402 6421 6445 6446 6422 
6403 6422 6446 6447 6423 
6404 6423 6447 6448 6424 
6405 6424 6448 6449 6425 
6406 6425 6449 6450 6426 
6407 6426 6450 325 319 
6408 5890 5891 6451 6427 
6409 6427 6451 6452 6428 
6410 6428 6452 6453 6429 
6411 6429 6453 6454 6430 
6412 6430 6454 6455 6431 
6413 6431 6455 6456 6432 
6414 6432 6456 6457 6433 
6415 6433 6457 6458 6434 
6416 6434 6458 6459 6435 
6417 6435 6459 6460 6436 
6418 6436 6460 6461 6437 
6419 6437 6461 6462 6438 
6420 6438 6462 6463 6439 
6421 6439 6463 6464 6440 
6422 6440 6464 6465 6441 
6423 6441 6465 6466 6442 
6424 6442 6466 6467 6443 
6425 6443 6467 6468 6444 
6426 6444 6468 6469 6445 
6427 6445 6469 6470 6446 
6428 6446 6470 6471 6447 
6429 6447 6471 6472 6448 
6430 6448 6472 6473 6449 
6431 6449 6473 6474 6450 
6432 6450 6474 318 325 
6433 5891 5892 6475 6451 
6434 6451 6475 6476 6452 
6435 6452 6476 6477 6453 
6436 6453 6477 6478 6454 
6437 6454 6478 6479 6455 
6438 6455 6479 6480 6456 
6439 6456 6480 6481 6457 
6440 6457 6481 6482 6458 
6441 6458 6482 6483 6459 
6442 6459 6483 6484 6460 
6443 6460 6484 6485 6461 
6444 6461 6485 6486 6462 
6445 6462 6486 6487 6463 
6446 6463 6487 6488 6464 
6447 6464 6488 6489 6465 
6448 6465 6489 6490 6466 
6449 6466 6490 6491 6467 
6450 6467 6491 6492 6468 
6451 6468 6492 6493 6469 
6452 6469 6493 6494 6470 
6453 6470 6494 6495 6471 
6454 6471 6495 6496 6472 
6455 6472 6496 6497 6473 
6456 6473 6497 6498 6474 
6457 6474 6498 326 318 
6458 5892 5893 6499 6475 
6459 6475 6499 6500 6476 
6460 6476 6500 6501 6477 
6461 6477 6501 6502 6478 
6462 6478 6502 6503 6479 
6463 6479 6503 6504 6480 
6464 6480 6504 6505 6481 
6465 6481 6505 6506 6482 
6466 6482 6506 6507 6483 
6467 6483 6507 6508 6484 
6468 6484 6508 6509 6485 
6469 6485 6509 6510 6486 
6470 6486 6510 6511 6487 
6471 6487 6511 6512 6488 
6472 6488 6512 6513 6489 
6473 6489 6513 6514 6490 
6474 6490 6514 6515 6491 
6475 6491 6515 6516 6492 
6476 6492 6516 6517 6493 
6477 6493 6517 6518 6494 
6478 6494 6518 6519 6495 
6479 6495 6519 6520 6496 
6480 6496 6520 6521 6497 
6481 6497 6521 6522 6498 
6482 6498 6522 317 326 
6483 5893 5894 6523 6499 
6484 6499 6523 6524 6500 
6485 6500 6524 6525 6501 
6486 6501 6525 6526 6502 
6487 6502 6526 6527 6503 
6488 6503 6527 6528 6504 
6489 6504 6528 6529 6505 
6490 6505 6529 6530 6506 
6491 6506 6530 6531 6507 
6492 6507 6531 6532 6508 
6493 6508 6532 6533 6509 
6494 6509 6533 6534 6510 
6495 6510 6534 6535 6511 
6496 6511 6535 6536 6512 
6497 6512 6536 6537 6513 
6498 6513 6537 6538 6514 
6499 6514 6538 6539 6515 
6500 6515 6539 6540 6516 
6501 6516 6540 6541 6517 
6502 6517 6541 6542 6518 
6503 6518 6542 6543 6519 
6504 6519 6543 6544 6520 
6505 6520 6544 6545 6521 
6506 6521 6545 6546 6522 
6507 6522 6546 327 317 
6508 5894 5895 6547 6523 
6509 6523 6547 6548 6524 
6510 6524 6548 6549 6525 
6511 6525 6549 6550 6526 
6512 6526 6550 6551 6527 
6513 6527 6551 6552 6528 
6514 6528 6552 6553 6529 
6515 6529 6553 6554 6530 
6516 6530 6554 6555 6531 
6517 6531 6555 6556 6532 
6518 6532 6556 6557 6533 
6519 6533 6557 6558 6534 
6520 6534 6558 6559 6535 
6521 6535 6559 6560 6536 
6522 6536 6560 6561 6537 
6523 6537 6561 6562 6538 
6524 6538 6562 6563 6539 
6525 6539 6563 6564 6540 
6526 6540 6564 6565 6541 
6527 6541 6565 6566 6542 
6528 6542 6566 6567 6543 
6529 6543 6567 6568 6544 
6530 6544 6568 6569 6545 
6531 6545 6569 6570 6546 
6532 6546 6570 316 327 
6533 5895 5896 6571 6547 
6534 6547 6571 6572 6548 
6535 6548 6572 6573 6549 
6536 6549 6573 6574 6550 
6537 6550 6574 6575 6551 
6538 6551 6575 6576 6552 
6539 6552 6576 6577 6553 
6540 6553 6577 6578 6554 
6541 6554 6578 6579 6555 
6542 6555 6579 6580 6556 
6543 6556 6580 6581 6557 
6544 6557 6581 6582 6558 
6545 6558 6582 6583 6559 
6546 6559 6583 6584 6560 
6547 6560 6584 6585 6561 
6548 6561 6585 6586 6562 
6549 6562 6586 6587 6563 
6550 6563 6587 6588 6564 
6551 6564 6588 6589 6565 
6552 6565 6589 6590 6566 
6553 6566 6590 6591 6567 
6554 6567 6591 6592 6568 
6555 6568 6592 6593 6569 
6556 6569 6593 6594 6570 
6557 6570 6594 328 316 
6558 5896 5897 6595 6571 
6559 6571 6595 6596 6572 
6560 6572 6596 6597 6573 
6561 6573 6597 6598 6574 
6562 6574 6598 6599 6575 
6563 6575 6599 6600 6576 
6564 6576 6600 6601 6577 
6565 6577 6601 6602 6578 
6566 6578 6602 6603 6579 
6567 6579 6603 6604 6580 
6568 6580 6604 6605 6581 
6569 6581 6605 6606 6582 
6570 6582 6606 6607 6583 
6571 6583 6607 6608 6584 
6572 6584 6608 6609 6585 
6573 6585 6609 6610 6586 
6574 6586 6610 6611 6587 
6575 6587 6611 6612 6588 
6576 6588 6612 6613 6589 
6577 6589 6613 6614 6590 
6578 6590 6614 6615 6591 
6579 6591 6615 6616 6592 
6580 6592 6616 6617 6593 
6581 6593 6617 6618 6594 
6582 6594 6618 315 328 
6583 5897 5898 6619 6595 
6584 6595 6619 6620 6596 
6585 6596 6620 6621 6597 
6586 6597 6621 6622 6598 
6587 6598 6622 6623 6599 
6588 6599 6623 6624 6600 
6589 6600 6624 6625 6601 
6590 6601 6625 6626 6602 
6591 6602 6626 6627 6603 
6592 6603 6627 6628 6604 
6593 6604 6628 6629 6605 
6594 6605 6629 6630 6606 
6595 6606 6630 6631 6607 
6596 6607 6631 6632 6608 
6597 6608 6632 6633 6609 
6598 6609 6633 6634 6610 
6599 6610 6634 6635 6611 
6600 6611 6635 6636 6612 
6601 6612 6636 6637 6613 
6602 6613 6637 6638 6614 
6603 6614 6638 6639 6615 
6604 6615 6639 6640 6616 
6605 6616 6640 6641 6617 
6606 6617 6641 6642 6618 
6607 6618 6642 329 315 
6608 5898 5899 6643 6619 
6609 6619 6643 6644 6620 
6610 6620 6644 6645 6621 
6611 6621 6645 6646 6622 
6612 6622 6646 6647 6623 
6613 6623 6647 6648 6624 
6614 6624 6648 6649 6625 
6615 6625 6649 6650 6626 
6616 6626 6650 6651 6627 
6617 6627 6651 6652 6628 
6618 6628 6652 6653 6629 
6619 6629 6653 6654 6630 
6620 6630 6654 6655 6631 
6621 6631 6655 6656 6632 
6622 6632 6656 6657 6633 
6623 6633 6657 6658 6634 
6624 6634 6658 6659 6635 
6625 6635 6659 6660 6636 
6626 6636 6660 6661 6637 
6627 6637 6661 6662 6638 
6628 6638 6662 6663 6639 
6629 6639 6663 6664 6640 
6630 6640 6664 6665 6641 
6631 6641 6665 6666 6642 
6632 6642 6666 314 329 
6633 5899 5900 6667 6643 
6634 6643 6667 6668 6644 
6635 6644 6668 6669 6645 
6636 6645 6669 6670 6646 
6637 6646 6670 6671 6647 
6638 6647 6671 6672 6648 
6639 6648 6672 6673 6649 
6640 6649 6673 6674 6650 
6641 6650 6674 6675 6651 
6642 6651 6675 6676 6652 
6643 6652 6676 6677 6653 
6644 6653 6677 6678 6654 
6645 6654 6678 6679 6655 
6646 6655 6679 6680 6656 
6647 6656 6680 6681 6657 
6648 6657 6681 6682 6658 
6649 6658 6682 6683 6659 
6650 6659 6683 6684 6660 
6651 6660 6684 6685 6661 
6652 6661 6685 6686 6662 
6653 6662 6686 6687 6663 
6654 6663 6687 6688 6664 
6655 6664 6688 6689 6665 
6656 6665 6689 6690 6666 
6657 6666 6690 330 314 
6658 5900 5901 6691 6667 
6659 6667 6691 6692 6668 
6660 6668 6692 6693 6669 
6661 6669 6693 6694 6670 
6662 6670 6694 6695 6671 
6663 6671 6695 6696 6672 
6664 6672 6696 6697 6673 
6665 6673 6697 6698 6674 
6666 6674 6698 6699 6675 
6667 6675 6699 6700 6676 
6668 6676 6700 6701 6677 
6669 6677 6701 6702 6678 
6670 6678 6702 6703 6679 
6671 6679 6703 6704 6680 
6672 6680 6704 6705 6681 
6673 6681 6705 6706 6682 
6674 6682 6706 6707 6683 
6675 6683 6707 6708 6684 
6676 6684 6708 6709 6685 
6677 6685 6709 6710 6686 
6678 6686 6710 6711 6687 
6679 6687 6711 6712 6688 
6680 6688 6712 6713 6689 
6681 6689 6713 6714 6690 
6682 6690 6714 313 330 
6683 5901 7213 5902 6691 
6684 6691 5902 5903 6692 
6685 6692 5903 5904 6693 
6686 6693 5904 5905 6694 
6687 6694 5905 5906 6695 
6688 6695 5906 5907 6696 
6689 6696 5907 5908 6697 
6690 6697 5908 5909 6698 
6691 6698 5909 5910 6699 
6692 6699 5910 5911 6700 
6693 6700 5911 5912 6701 
6694 6701 5912 5913 6702 
6695 6702 5913 5914 6703 
6696 6703 5914 5915 6704 
6697 6704 5915 5916 6705 
6698 6705 5916 5917 6706 
6699 6706 5917 5918 6707 
6700 6707 5918 5919 6708 
6701 6708 5919 5920 6709 
6702 6709 5920 5921 6710 
6703 6710 5921 5922 6711 
6704 6711 5922 5923 6712 
6705 6712 5923 5924 6713 
6706 6713 5924 5925 6714 
6707 6714 5925 331 313 
6708 7215 5950 6715 5872 
6709 5872 6715 6716 5873 
6710 5873 6716 6717 5874 
6711 5874 6717 6718 5875 
6712 5875 6718 6719 5876 
6713 5876 6719 6720 5877 
6714 5877 6720 6721 5878 
6715 5878 6721 6722 5879 
6716 5879 6722 6723 5880 
6717 5880 6723 6724 5881 
6718 5881 6724 6725 5882 
6719 5882 6725 6726 5883 
6720 5883 6726 6727 5884 
6721 5884 6727 6728 5885 
6722 5885 6728 6729 5886 
6723 5886 6729 5902 7213 
6724 5950 5951 6730 6715 
6725 6715 6730 6731 6716 
6726 6716 6731 6732 6717 
6727 6717 6732 6733 6718 
6728 6718 6733 6734 6719 
6729 6719 6734 6735 6720 
6730 6720 6735 6736 6721 
6731 6721 6736 6737 6722 
6732 6722 6737 6738 6723 
6733 6723 6738 6739 6724 
6734 6724 6739 6740 6725 
6735 6725 6740 6741 6726 
6736 6726 6741 6742 6727 
6737 6727 6742 6743 6728 
6738 6728 6743 6744 6729 
6739 6729 6744 5903 5902 
6740 5951 5952 6745 6730 
6741 6730 6745 6746 6731 
6742 6731 6746 6747 6732 
6743 6732 6747 6748 6733 
6744 6733 6748 6749 6734 
6745 6734 6749 6750 6735 
6746 6735 6750 6751 6736 
6747 6736 6751 6752 6737 
6748 6737 6752 6753 6738 
6749 6738 6753 6754 6739 
6750 6739 6754 6755 6740 
6751 6740 6755 6756 6741 
6752 6741 6756 6757 6742 
6753 6742 6757 6758 6743 
6754 6743 6758 6759 6744 
6755 6744 6759 5904 5903 
6756 5952 5953 6760 6745 
6757 6745 6760 6761 6746 
6758 6746 6761 6762 6747 
6759 6747 6762 6763 6748 
6760 6748 6763 6764 6749 
6761 6749 6764 6765 6750 
6762 6750 6765 6766 6751 
6763 6751 6766 6767 6752 
6764 6752 6767 6768 6753 
6765 6753 6768 6769 6754 
6766 6754 6769 6770 6755 
6767 6755 6770 6771 6756 
6768 6756 6771 6772 6757 
6769 6757 6772 6773 6758 
6770 6758 6773 6774 6759 
6771 6759 6774 5905 5904 
6772 5953 5954 6775 6760 
6773 6760 6775 6776 6761 
6774 6761 6776 6777 6762 
6775 6762 6777 6778 6763 
6776 6763 6778 6779 6764 
6777 6764 6779 6780 6765 
6778 6765 6780 6781 6766 
6779 6766 6781 6782 6767 
6780 6767 6782 6783 6768 
6781 6768 6783 6784 6769 
6782 6769 6784 6785 6770 
6783 6770 6785 6786 6771 
6784 6771 6786 6787 6772 
6785 6772 6787 6788 6773 
6786 6773 6788 6789 6774 
6787 6774 6789 5906 5905 
6788 5954 5955 6790 6775 
6789 6775 6790 6791 6776 
6790 6776 6791 6792 6777 
6791 6777 6792 6793 6778 
6792 6778 6793 6794 6779 
6793 6779 6794 6795 6780 
6794 6780 6795 6796 6781 
6795 6781 6796 6797 6782 
6796 6782 6797 6798 6783 
6797 6783 6798 6799 6784 
6798 6784 6799 6800 6785 
6799 6785 6800 6801 6786 
6800 6786 6801 6802 6787 
6801 6787 6802 6803 6788 
6802 6788 6803 6804 6789 
6803 6789 6804 5907 5906 
6804 5955 5956 6805 6790 
6805 6790 6805 6806 6791 
6806 6791 6806 6807 6792 
6807 6792 6807 6808 6793 
6808 6793 6808 6809 6794 
6809 6794 6809 6810 6795 
6810 6795 6810 6811 6796 
6811 6796 6811 6812 6797 
6812 6797 6812 6813 6798 
6813 6798 6813 6814 6799 
6814 6799 6814 6815 6800 
6815 6800 6815 6816 6801 
6816 6801 6816 6817 6802 
6817 6802 6817 6818 6803 
6818 6803 6818 6819 6804 
6819 6804 6819 5908 5907 
6820 5956 5957 6820 6805 
6821 6805 6820 6821 6806 
6822 6806 6821 6822 6807 
6823 6807 6822 6823 6808 
6824 6808 6823 6824 6809 
6825 6809 6824 6825 6810 
6826 6810 6825 6826 6811 
6827 6811 6826 6827 6812 
6828 6812 6827 6828 6813 
6829 6813 6828 6829 6814 
6830 6814 6829 6830 6815 
6831 6815 6830 6831 6816 
6832 6816 6831 6832 6817 
6833 6817 6832 6833 6818 
6834 6818 6833 6834 6819 
6835 6819 6834 5909 5908 
6836 5957 5958 6835 6820 
6837 6820 6835 6836 6821 
6838 6821 6836 6837 6822 
6839 6822 6837 6838 6823 
6840 6823 6838 6839 6824 
6841 6824 6839 6840 6825 
6842 6825 6840 6841 6826 
6843 6826 6841 6842 6827 
6844 6827 6842 6843 6828 
6845 6828 6843 6844 6829 
6846 6829 6844 6845 6830 
6847 6830 6845 6846 6831 
6848 6831 6846 6847 6832 
6849 6832 6847 6848 6833 
6850 6833 6848 6849 6834 
6851 6834 6849 5910 5909 
6852 5958 5959 6850 6835 
6853 6835 6850 6851 6836 
6854 6836 6851 6852 6837 
6855 6837 6852 6853 6838 
6856 6838 6853 6854 6839 
6857 6839 6854 6855 6840 
6858 6840 6855 6856 6841 
6859 6841 6856 6857 6842 
6860 6842 6857 6858 6843 
6861 6843 6858 6859 6844 
6862 6844 6859 6860 6845 
6863 6845 6860 6861 6846 
6864 6846 6861 6862 6847 
6865 6847 6862 6863 6848 
6866 6848 6863 6864 6849 
6867 6849 6864 5911 5910 
6868 5959 5960 6865 6850 
6869 6850 6865 6866 6851 
6870 6851 6866 6867 6852 
6871 6852 6867 6868 6853 
6872 6853 6868 6869 6854 
6873 6854 6869 6870 6855 
6874 6855 6870 6871 6856 
6875 6856 6871 6872 6857 
6876 6857 6872 6873 6858 
6877 6858 6873 6874 6859 
6878 6859 6874 6875 6860 
6879 6860 6875 6876 6861 
6880 6861 6876 6877 6862 
6881 6862 6877 6878 6863 
6882 6863 6878 6879 6864 
6883 6864 6879 5912 5911 
6884 5960 5961 6880 6865 
6885 6865 6880 6881 6866 
6886 6866 6881 6882 6867 
6887 6867 6882 6883 6868 
6888 6868 6883 6884 6869 
6889 6869 6884 6885 6870 
6890 6870 6885 6886 6871 
6891 6871 6886 6887 6872 
6892 6872 6887 6888 6873 
6893 6873 6888 6889 6874 
6894 6874 6889 6890 6875 
6895 6875 6890 6891 6876 
6896 6876 6891 6892 6877 
6897 6877 6892 6893 6878 
6898 6878 6893 6894 6879 
6899 6879 6894 5913 5912 
6900 5961 5962 6895 6880 
6901 6880 6895 6896 6881 
6902 6881 6896 6897 6882 
6903 6882 6897 6898 6883 
6904 6883 6898 6899 6884 
6905 6884 6899 6900 6885 
6906 6885 6900 6901 6886 
6907 6886 6901 6902 6887 
6908 6887 6902 6903 6888 
6909 6888 6903 6904 6889 
6910 6889 6904 6905 6890 
6911 6890 6905 6906 6891 
6912 6891 6906 6907 6892 
6913 6892 6907 6908 6893 
6914 6893 6908 6909 6894 
6915 6894 6909 5914 5913 
6916 5962 5963 6910 6895 
6917 6895 6910 6911 6896 
6918 6896 6911 6912 6897 
6919 6897 6912 6913 6898 
6920 6898 6913 6914 6899 
6921 6899 6914 6915 6900 
6922 6900 6915 6916 6901 
6923 6901 6916 6917 6902 
6924 6902 6917 6918 6903 
6925 6903 6918 6919 6904 
6926 6904 6919 6920 6905 
6927 6905 6920 6921 6906 
6928 6906 6921 6922 6907 
6929 6907 6922 6923 6908 
6930 6908 6923 6924 6909 
6931 6909 6924 5915 5914 
6932 5963 5964 6925 6910 
6933 6910 6925 6926 6911 
6934 6911 6926 6927 6912 
6935 6912 6927 6928 6913 
6936 6913 6928 6929 6914 
6937 6914 6929 6930 6915 
6938 6915 6930 6931 6916 
6939 6916 6931 6932 6917 
6940 6917 6932 6933 6918 
6941 6918 6933 6934 6919 
6942 6919 6934 6935 6920 
6943 6920 6935 6936 6921 
6944 6921 6936 6937 6922 
6945 6922 6937 6938 6923 
6946 6923 6938 6939 6924 
6947 6924 6939 5916 5915 
6948 5964 5965 6940 6925 
6949 6925 6940 6941 6926 
6950 6926 6941 6942 6927 
6951 6927 6942 6943 6928 
6952 6928 6943 6944 6929 
6953 6929 6944 6945 6930 
6954 6930 6945 6946 6931 
6955 6931 6946 6947 6932 
6956 6932 6947 6948 6933 
6957 6933 6948 6949 6934 
6958 6934 6949 6950 6935 
6959 6935 6950 6951 6936 
6960 6936 6951 6952 6937 
6961 6937 6952 6953 6938 
6962 6938 6953 6954 6939 
6963 6939 6954 5917 5916 
6964 5965 5966 6955 6940 
6965 6940 6955 6956 6941 
6966 6941 6956 6957 6942 
6967 6942 6957 6958 6943 
6968 6943 6958 6959 6944 
6969 6944 6959 6960 6945 
6970 6945 6960 6961 6946 
6971 6946 6961 6962 6947 
6972 6947 6962 6963 6948 
6973 6948 6963 6964 6949 
6974 6949 6964 6965 6950 
6975 6950 6965 6966 6951 
6976 6951 6966 6967 6952 
6977 6952 6967 6968 6953 
6978 6953 6968 6969 6954 
6979 6954 6969 5918 5917 
6980 5966 5967 6970 6955 
6981 6955 6970 6971 6956 
6982 6956 6971 6972 6957 
6983 6957 6972 6973 6958 
6984 6958 6973 6974 6959 
6985 6959 6974 6975 6960 
6986 6960 6975 6976 6961 
6987 6961 6976 6977 6962 
6988 6962 6977 6978 6963 
6989 6963 6978 6979 6964 
6990 6964 6979 6980 6965 
6991 6965 6980 6981 6966 
6992 6966 6981 6982 6967 
6993 6967 6982 6983 6968 
6994 6968 6983 6984 6969 
6995 6969 6984 5919 5918 
6996 5967 5968 6985 6970 
6997 6970 6985 6986 6971 
6998 6971 6986 6987 6972 
6999 6972 6987 6988 6973 
7000 6973 6988 6989 6974 
7001 6974 6989 6990 6975 
7002 6975 6990 6991 6976 
7003 6976 6991 6992 6977 
7004 6977 6992 6993 6978 
7005 6978 6993 6994 6979 
7006 6979 6994 6995 6980 
7007 6980 6995 6996 6981 
7008 6981 6996 6997 6982 
7009 6982 6997 6998 6983 
7010 6983 6998 6999 6984 
7011 6984 6999 5920 5919 
7012 5968 5969 7000 6985 
7013 6985 7000 7001 6986 
7014 6986 7001 7002 6987 
7015 6987 7002 7003 6988 
7016 6988 7003 7004 6989 
7017 6989 7004 7005 6990 
7018 6990 7005 7006 6991 
7019 6991 7006 7007 6992 
7020 6992 7007 7008 6993 
7021 6993 7008 7009 6994 
7022 6994 7009 7010 6995 
7023 6995 7010 7011 6996 
7024 6996 7011 7012 6997 
7025 6997 7012 7013 6998 
7026 6998 7013 7014 6999 
7027 6999 7014 5921 5920 
7028 5969 5970 7015 7000 
7029 7000 7015 7016 7001 
7030 7001 7016 7017 7002 
7031 7002 7017 7018 7003 
7032 7003 7018 7019 7004 
7033 7004 7019 7020 7005 
7034 7005 7020 7021 7006 
7035 7006 7021 7022 7007 
7036 7007 7022 7023 7008 
7037 7008 7023 7024 7009 
7038 7009 7024 7025 7010 
7039 7010 7025 7026 7011 
7040 7011 7026 7027 7012 
7041 7012 7027 7028 7013 
7042 7013 7028 7029 7014 
7043 7014 7029 5922 5921 
7044 5970 5971 7030 7015 
7045 7015 7030 7031 7016 
7046 7016 7031 7032 7017 
7047 7017 7032 7033 7018 
7048 7018 7033 7034 7019 
7049 7019 7034 7035 7020 
7050 7020 7035 7036 7021 
7051 7021 7036 7037 7022 
7052 7022 7037 7038 7023 
7053 7023 7038 7039 7024 
7054 7024 7039 7040 7025 
7055 7025 7040 7041 7026 
7056 7026 7041 7042 7027 
7057 7027 7042 7043 7028 
7058 7028 7043 7044 7029 
7059 7029 7044 5923 5922 
7060 5971 5972 7045 7030 
7061 7030 7045 7046 7031 
7062 7031 7046 7047 7032 
7063 7032 7047 7048 7033 
7064 7033 7048 7049 7034 
7065 7034 7049 7050 7035 
7066 7035 7050 7051 7036 
7067 7036 7051 7052 7037 
7068 7037 7052 7053 7038 
7069 7038 7053 7054 7039 
7070 7039 7054 7055 7040 
7071 7040 7055 7056 7041 
7072 7041 7056 7057 7042 
7073 7042 7057 7058 7043 
7074 7043 7058 7059 7044 
7075 7044 7059 5924 5923 
7076 5972 5973 7060 7045 
7077 7045 7060 7061 7046 
7078 7046 7061 7062 7047 
7079 7047 7062 7063 7048 
7080 7048 7063 7064 7049 
7081 7049 7064 7065 7050 
7082 7050 7065 7066 7051 
7083 7051 7066 7067 7052 
7084 7052 7067 7068 7053 
7085 7053 7068 7069 7054 
7086 7054 7069 7070 7055 
7087 7055 7070 7071 7056 
7088 7056 7071 7072 7057 
7089 7057 7072 7073 7058 
7090 7058 7073 7074 7059 
7091 7059 7074 5925 5924 
7092 5973 339 305 7060 
7093 7060 305 338 7061 
7094 7061 338 306 7062 
7095 7062 306 337 7063 
7096 7063 337 307 7064 
7097 7064 307 336 7065 
7098 7065 336 308 7066 
7099 7066 308 335 7067 
7100 7067 335 309 7068 
7101 7068 309 334 7069 
7102 7069 334 310 7070 
7103 7070 310 333 7071 
7104 7071 333 311 7072 
7105 7072 311 332 7073 
7106 7073 332 312 7074 
7107 7074 312 331 5925 
7108 521 5870 7075 560 
7109 560 7075 7076 522 
7110 522 7076 7077 559 
7111 559 7077 7078 523 
7112 523 7078 7079 558 
7113 558 7079 7080 524 
7114 524 7080 7081 557 
7115 557 7081 7082 516 
7116 516 7082 7083 556 
7117 556 7083 7084 526 
7118 526 7084 7085 555 
7119 555 7085 7086 527 
7120 527 7086 7087 554 
7121 554 7087 7088 528 
7122 528 7088 7089 553 
7123 553 7089 7090 529 
7124 529 7090 7091 552 
7125 552 7091 7092 530 
7126 530 7092 7093 551 
7127 551 7093 7094 531 
7128 531 7094 7095 550 
7129 550 7095 7096 532 
7130 532 7096 7097 549 
7131 549 7097 7098 533 
7132 533 7098 322 7 
7133 5870 5871 7099 7075 
7134 7075 7099 7100 7076 
7135 7076 7100 7101 7077 
7136 7077 7101 7102 7078 
7137 7078 7102 7103 7079 
7138 7079 7103 7104 7080 
7139 7080 7104 7105 7081 
7140 7081 7105 7106 7082 
7141 7082 7106 7107 7083 
7142 7083 7107 7108 7084 
7143 7084 7108 7109 7085 
7144 7085 7109 7110 7086 
7145 7086 7110 7111 7087 
7146 7087 7111 7112 7088 
7147 7088 7112 7113 7089 
7148 7089 7113 7114 7090 
7149 7090 7114 7115 7091 
7150 7091 7115 7116 7092 
7151 7092 7116 7117 7093 
7152 7093 7117 7118 7094 
7153 7094 7118 7119 7095 
7154 7095 7119 7120 7096 
7155 7096 7120 7121 7097 
7156 7097 7121 7122 7098 
7157 7098 7122 321 322 
7158 5871 7214 5926 7099 
7159 7099 5926 5927 7100 
7160 7100 5927 5928 7101 
7161 7101 5928 5929 7102 
7162 7102 5929 5930 7103 
7163 7103 5930 5931 7104 
7164 7104 5931 5932 7105 
7165 7105 5932 5933 7106 
7166 7106 5933 5934 7107 
7167 7107 5934 5935 7108 
7168 7108 5935 5936 7109 
7169 7109 5936 5937 7110 
7170 7110 5937 5938 7111 
7171 7111 5938 5939 7112 
7172 7112 5939 5940 7113 
7173 7113 5940 5941 7114 
7174 7114 5941 5942 7115 
7175 7115 5942 5943 7116 
7176 7116 5943 5944 7117 
7177 7117 5944 5945 7118 
7178 7118 5945 5946 7119 
7179 7119 5946 5947 7120 
7180 7120 5947 5948 7121 
7181 7121 5948 5949 7122 
7182 7122 5949 323 321 
7183 223 262 7123 7210 
7184 7210 7123 7124 7209 
7185 7209 7124 5950 7215 
7186 262 224 7125 7123 
7187 7123 7125 7126 7124 
7188 7124 7126 5951 5950 
7189 224 261 7127 7125 
7190 7125 7127 7128 7126 
7191 7126 7128 5952 5951 
7192 261 225 7129 7127 
7193 7127 7129 7130 7128 
7194 7128 7130 5953 5952 
7195 225 260 7131 7129 
7196 7129 7131 7132 7130 
7197 7130 7132 5954 5953 
7198 260 226 7133 7131 
7199 7131 7133 7134 7132 
7200 7132 7134 5955 5954 
7201 226 259 7135 7133 
7202 7133 7135 7136 7134 
7203 7134 7136 5956 5955 
7204 259 218 7137 7135 
7205 7135 7137 7138 7136 
7206 7136 7138 5957 5956 
7207 218 258 7139 7137 
7208 7137 7139 7140 7138 
7209 7138 7140 5958 5957 
7210 258 228 7141 7139 
7211 7139 7141 7142 7140 
7212 7140 7142 5959 5958 
7213 228 257 7143 7141 
7214 7141 7143 7144 7142 
7215 7142 7144 5960 5959 
7216 257 229 7145 7143 
7217 7143 7145 7146 7144 
7218 7144 7146 5961 5960 
7219 229 256 7147 7145 
7220 7145 7147 7148 7146 
7221 7146 7148 5962 5961 
7222 256 230 7149 7147 
7223 7147 7149 7150 7148 
7224 7148 7150 5963 5962 
7225 230 255 7151 7149 
7226 7149 7151 7152 7150 
7227 7150 7152 5964 5963 
7228 255 231 7153 7151 
7229 7151 7153 7154 7152 
7230 7152 7154 5965 5964 
7231 231 254 7155 7153 
7232 7153 7155 7156 7154 
7233 7154 7156 5966 5965 
7234 254 232 7157 7155 
7235 7155 7157 7158 7156 
7236 7156 7158 5967 5966 
7237 232 253 7159 7157 
7238 7157 7159 7160 7158 
7239 7158 7160 5968 5967 
7240 253 233 7161 7159 
7241 7159 7161 7162 7160 
7242 7160 7162 5969 5968 
7243 233 252 7163 7161 
7244 7161 7163 7164 7162 
7245 7162 7164 5970 5969 
7246 252 234 7165 7163 
7247 7163 7165 7166 7164 
7248 7164 7166 5971 5970 
7249 234 251 7167 7165 
7250 7165 7167 7168 7166 
7251 7166 7168 5972 5971 
7252 251 235 7169 7167 
7253 7167 7169 7170 7168 
7254 7168 7170 5973 5972 
7255 235 4 340 7169 
7256 7169 340 304 7170 
7257 7170 304 339 5973 
7258 6001 264 222 6002 
7259 6000 221 264 6001 
7260 5999 265 221 6000 
7261 5998 220 265 5999 
7262 5997 266 220 5998 
7263 5996 219 266 5997 
7264 5995 267 219 5996 
7265 5994 227 267 5995 
7266 5993 268 227 5994 
7267 5992 236 268 5993 
7268 5991 269 236 5992 
7269 5990 237 269 5991 
7270 5989 270 237 5990 
7271 7211 238 270 5989 
7272 5988 6003 7210 7209 
7273 5987 6002 6003 5988 
7274 5986 6001 6002 5987 
7275 5985 6000 6001 5986 
7276 5984 5999 6000 5985 
7277 5983 5998 5999 5984 
7278 5982 5997 5998 5983 
7279 5981 5996 5997 5982 
7280 5980 5995 5996 5981 
7281 5979 5994 5995 5980 
7282 5978 5993 5994 5979 
7283 5977 5992 5993 5978 
7284 5976 5991 5992 5977 
7285 5975 5990 5991 5976 
7286 5974 5989 5990 5975 
7287 7212 7211 5989 5974 
7288 7194 5988 7209 7215 
7289 7195 5987 5988 7194 
7290 7196 5986 5987 7195 
7291 7197 5985 5986 7196 
7292 7198 5984 5985 7197 
7293 7199 5983 5984 7198 
7294 7200 5982 5983 7199 
7295 7201 5981 5982 7200 
7296 7202 5980 5981 7201 
7297 7203 5979 5980 7202 
7298 7204 5978 5979 7203 
7299 7205 5977 5978 7204 
7300 7206 5976 5977 7205 
7301 7207 5975 5976 7206 
7302 7208 5974 5975 7207 
7303 7216 7212 5974 7208 
2 6 3 1452
7304 8553 8552 7361 7359 
7305 7359 7361 7362 7360 
7306 7360 7362 599 649 
7307 8552 8551 7363 7361 
7308 7361 7363 7364 7362 
7309 7362 7364 639 599 
7310 8551 8550 7365 7363 
7311 7363 7365 7366 7364 
7312 7364 7366 598 639 
7313 8550 8549 7367 7365 
7314 7365 7367 7368 7366 
7315 7366 7368 647 598 
7316 8549 8548 7369 7367 
7317 7367 7369 7370 7368 
7318 7368 7370 597 647 
7319 8548 8547 7371 7369 
7320 7369 7371 7372 7370 
7321 7370 7372 646 597 
7322 8547 8546 7373 7371 
7323 7371 7373 7374 7372 
7324 7372 7374 596 646 
7325 8546 8545 7375 7373 
7326 7373 7375 7376 7374 
7327 7374 7376 645 596 
7328 8545 8544 7377 7375 
7329 7375 7377 7378 7376 
7330 7376 7378 595 645 
7331 8544 8543 7379 7377 
7332 7377 7379 7380 7378 
7333 7378 7380 644 595 
7334 8543 8542 7381 7379 
7335 7379 7381 7382 7380 
7336 7380 7382 594 644 
7337 8542 8541 7383 7381 
7338 7381 7383 7384 7382 
7339 7382 7384 643 594 
7340 8541 8540 7385 7383 
7341 7383 7385 7386 7384 
7342 7384 7386 593 643 
7343 8540 8539 7387 7385 
7344 7385 7387 7388 7386 
7345 7386 7388 642 593 
7346 8539 8538 7389 7387 
7347 7387 7389 7390 7388 
7348 7388 7390 592 642 
7349 8538 8537 7391 7389 
7350 7389 7391 7392 7390 
7351 7390 7392 641 592 
7352 8537 8536 7393 7391 
7353 7391 7393 7394 7392 
7354 7392 7394 591 641 
7355 8536 8535 7395 7393 
7356 7393 7395 7396 7394 
7357 7394 7396 640 591 
7358 8535 587 590 7395 
7359 7395 590 588 7396 
7360 7396 588 12 640 
7361 8581 8534 7397 8558 
7362 8558 7397 7398 8557 
7363 8557 7398 7399 8556 
7364 8556 7399 7400 8555 
7365 8555 7400 7401 8554 
7366 8554 7401 7402 8553 
7367 8553 7402 7403 8552 
7368 8552 7403 7404 8551 
7369 8551 7404 7405 8550 
7370 8550 7405 7406 8549 
7371 8549 7406 7407 8548 
7372 8548 7407 7408 8547 
7373 8547 7408 7409 8546 
7374 8546 7409 7410 8545 
7375 8545 7410 7411 8544 
7376 8544 7411 7412 8543 
7377 8543 7412 7413 8542 
7378 8542 7413 7414 8541 
7379 8541 7414 7415 8540 
7380 8540 7415 7416 8539 
7381 8539 7416 7417 8538 
7382 8538 7417 7418 8537 
7383 8537 7418 7419 8536 
7384 8536 7419 7420 8535 
7385 8535 7420 589 587 
7386 8534 8533 7421 7397 
7387 7397 7421 7422 7398 
7388 7398 7422 7423 7399 
7389 7399 7423 7424 7400 
7390 7400 7424 7425 7401 
7391 7401 7425 7426 7402 
7392 7402 7426 7427 7403 
7393 7403 7427 7428 7404 
7394 7404 7428 7429 7405 
7395 7405 7429 7430 7406 
7396 7406 7430 7431 7407 
7397 7407 7431 7432 7408 
7398 7408 7432 7433 7409 
7399 7409 7433 7434 7410 
7400 7410 7434 7435 7411 
7401 7411 7435 7436 7412 
7402 7412 7436 7437 7413 
7403 7413 7437 7438 7414 
7404 7414 7438 7439 7415 
7405 7415 7439 7440 7416 
7406 7416 7440 7441 7417 
7407 7417 7441 7442 7418 
7408 7418 7442 7443 7419 
7409 7419 7443 7444 7420 
7410 7420 7444 586 589 
7411 8533 173 206 7421 
7412 7421 206 174 7422 
7413 7422 174 207 7423 
7414 7423 207 175 7424 
7415 7424 175 208 7425 
7416 7425 208 176 7426 
7417 7426 176 209 7427 
7418 7427 209 177 7428 
7419 7428 177 210 7429 
7420 7429 210 178 7430 
7421 7430 178 211 7431 
7422 7431 211 179 7432 
7423 7432 179 212 7433 
7424 7433 212 180 7434 
7425 7434 180 213 7435 
7426 7435 213 181 7436 
7427 7436 181 214 7437 
7428 7437 214 182 7438 
7429 7438 182 215 7439 
7430 7439 215 183 7440 
7431 7440 183 216 7441 
7432 7441 216 184 7442 
7433 7442 184 217 7443 
7434 7443 217 185 7444 
7435 7444 185 5 586 
7436 8581 8532 7445 8534 
7437 8534 7445 7446 8533 
7438 8533 7446 205 173 
7439 8532 8531 7447 7445 
7440 7445 7447 7448 7446 
7441 7446 7448 172 205 
7442 8531 8530 7449 7447 
7443 7447 7449 7450 7448 
7444 7448 7450 204 172 
7445 8530 8529 7451 7449 
7446 7449 7451 7452 7450 
7447 7450 7452 171 204 
7448 8529 8528 7453 7451 
7449 7451 7453 7454 7452 
7450 7452 7454 203 171 
7451 8528 8527 7455 7453 
7452 7453 7455 7456 7454 
7453 7454 7456 162 203 
7454 8527 8526 7457 7455 
7455 7455 7457 7458 7456 
7456 7456 7458 202 162 
7457 8526 8525 7459 7457 
7458 7457 7459 7460 7458 
7459 7458 7460 154 202 
7460 8525 8524 7461 7459 
7461 7459 7461 7462 7460 
7462 7460 7462 201 154 
7463 8524 8523 7463 7461 
7464 7461 7463 7464 7462 
7465 7462 7464 155 201 
7466 8523 8522 7465 7463 
7467 7463 7465 7466 7464 
7468 7464 7466 200 155 
7469 8522 8521 7467 7465 
7470 7465 7467 7468 7466 
7471 7466 7468 156 200 
7472 8521 8520 7469 7467 
7473 7467 7469 7470 7468 
7474 7468 7470 199 156 
7475 8520 8519 7471 7469 
7476 7469 7471 7472 7470 
7477 7470 7472 157 199 
7478 8519 8518 7473 7471 
7479 7471 7473 7474 7472 
7480 7472 7474 198 157 
7481 8518 8579 8516 7473 
7482 7473 8516 8517 7474 
7483 7474 8517 158 198 
7484 8581 8573 7475 8532 
7485 8532 7475 7476 8531 
7486 8531 7476 7477 8530 
7487 8530 7477 7478 8529 
7488 8529 7478 7479 8528 
7489 8528 7479 7480 8527 
7490 8527 7480 7481 8526 
7491 8526 7481 7482 8525 
7492 8525 7482 7483 8524 
7493 8524 7483 7484 8523 
7494 8523 7484 7485 8522 
7495 8522 7485 7486 8521 
7496 8521 7486 7487 8520 
7497 8520 7487 7488 8519 
7498 8519 7488 7489 8518 
7499 8518 7489 7232 8579 
7500 8573 8572 7490 7475 
7501 7475 7490 7491 7476 
7502 7476 7491 7492 7477 
7503 7477 7492 7493 7478 
7504 7478 7493 7494 7479 
7505 7479 7494 7495 7480 
7506 7480 7495 7496 7481 
7507 7481 7496 7497 7482 
7508 7482 7497 7498 7483 
7509 7483 7498 7499 7484 
7510 7484 7499 7500 7485 
7511 7485 7500 7501 7486 
7512 7486 7501 7502 7487 
7513 7487 7502 7503 7488 
7514 7488 7503 7504 7489 
7515 7489 7504 7233 7232 
7516 8572 8571 7505 7490 
7517 7490 7505 7506 7491 
7518 7491 7506 7507 7492 
7519 7492 7507 7508 7493 
7520 7493 7508 7509 7494 
7521 7494 7509 7510 7495 
7522 7495 7510 7511 7496 
7523 7496 7511 7512 7497 
7524 7497 7512 7513 7498 
7525 7498 7513 7514 7499 
7526 7499 7514 7515 7500 
7527 7500 7515 7516 7501 
7528 7501 7516 7517 7502 
7529 7502 7517 7518 7503 
7530 7503 7518 7519 7504 
7531 7504 7519 7234 7233 
7532 8571 8570 7520 7505 
7533 7505 7520 7521 7506 
7534 7506 7521 7522 7507 
7535 7507 7522 7523 7508 
7536 7508 7523 7524 7509 
7537 7509 7524 7525 7510 
7538 7510 7525 7526 7511 
7539 7511 7526 7527 7512 
7540 7512 7527 7528 7513 
7541 7513 7528 7529 7514 
7542 7514 7529 7530 7515 
7543 7515 7530 7531 7516 
7544 7516 7531 7532 7517 
7545 7517 7532 7533 7518 
7546 7518 7533 7534 7519 
7547 7519 7534 7235 7234 
7548 8570 8569 7535 7520 
7549 7520 7535 7536 7521 
7550 7521 7536 7537 7522 
7551 7522 7537 7538 7523 
7552 7523 7538 7539 7524 
7553 7524 7539 7540 7525 
7554 7525 7540 7541 7526 
7555 7526 7541 7542 7527 
7556 7527 7542 7543 7528 
7557 7528 7543 7544 7529 
7558 7529 7544 7545 7530 
7559 7530 7545 7546 7531 
7560 7531 7546 7547 7532 
7561 7532 7547 7548 7533 
7562 7533 7548 7549 7534 
7563 7534 7549 7236 7235 
7564 8569 8568 7550 7535 
7565 7535 7550 7551 7536 
7566 7536 7551 7552 7537 
7567 7537 7552 7553 7538 
7568 7538 7553 7554 7539 
7569 7539 7554 7555 7540 
7570 7540 7555 7556 7541 
7571 7541 7556 7557 7542 
7572 7542 7557 7558 7543 
7573 7543 7558 7559 7544 
7574 7544 7559 7560 7545 
7575 7545 7560 7561 7546 
7576 7546 7561 7562 7547 
7577 7547 7562 7563 7548 
7578 7548 7563 7564 7549 
7579 7549 7564 7237 7236 
7580 8568 8567 7565 7550 
7581 7550 7565 7566 7551 
7582 7551 7566 7567 7552 
7583 7552 7567 7568 7553 
7584 7553 7568 7569 7554 
7585 7554 7569 7570 7555 
7586 7555 7570 7571 7556 
7587 7556 7571 7572 7557 
7588 7557 7572 7573 7558 
7589 7558 7573 7574 7559 
7590 7559 7574 7575 7560 
7591 7560 7575 7576 7561 
7592 7561 7576 7577 7562 
7593 7562 7577 7578 7563 
7594 7563 7578 7579 7564 
7595 7564 7579 7238 7237 
7596 8567 8566 7580 7565 
7597 7565 7580 7581 7566 
7598 7566 7581 7582 7567 
7599 7567 7582 7583 7568 
7600 7568 7583 7584 7569 
7601 7569 7584 7585 7570 
7602 7570 7585 7586 7571 
7603 7571 7586 7587 7572 
7604 7572 7587 7588 7573 
7605 7573 7588 7589 7574 
7606 7574 7589 7590 7575 
7607 7575 7590 7591 7576 
7608 7576 7591 7592 7577 
7609 7577 7592 7593 7578 
7610 7578 7593 7594 7579 
7611 7579 7594 7239 7238 
7612 8566 8565 7595 7580 
7613 7580 7595 7596 7581 
7614 7581 7596 7597 7582 
7615 7582 7597 7598 7583 
7616 7583 7598 7599 7584 
7617 7584 7599 7600 7585 
7618 7585 7600 7601 7586 
7619 7586 7601 7602 7587 
7620 7587 7602 7603 7588 
7621 7588 7603 7604 7589 
7622 7589 7604 7605 7590 
7623 7590 7605 7606 7591 
7624 7591 7606 7607 7592 
7625 7592 7607 7608 7593 
7626 7593 7608 7609 7594 
7627 7594 7609 7240 7239 
7628 8565 8564 7610 7595 
7629 7595 7610 7611 7596 
7630 7596 7611 7612 7597 
7631 7597 7612 7613 7598 
7632 7598 7613 7614 7599 
7633 7599 7614 7615 7600 
7634 7600 7615 7616 7601 
7635 7601 7616 7617 7602 
7636 7602 7617 7618 7603 
7637 7603 7618 7619 7604 
7638 7604 7619 7620 7605 
7639 7605 7620 7621 7606 
7640 7606 7621 7622 7607 
7641 7607 7622 7623 7608 
7642 7608 7623 7624 7609 
7643 7609 7624 7241 7240 
7644 8564 8563 7625 7610 
7645 7610 7625 7626 7611 
7646 7611 7626 7627 7612 
7647 7612 7627 7628 7613 
7648 7613 7628 7629 7614 
7649 7614 7629 7630 7615 
7650 7615 7630 7631 7616 
7651 7616 7631 7632 7617 
7652 7617 7632 7633 7618 
7653 7618 7633 7634 7619 
7654 7619 7634 7635 7620 
7655 7620 7635 7636 7621 
7656 7621 7636 7637 7622 
7657 7622 7637 7638 7623 
7658 7623 7638 7639 7624 
7659 7624 7639 7242 7241 
7660 8563 8562 7640 7625 
7661 7625 7640 7641 7626 
7662 7626 7641 7642 7627 
7663 7627 7642 7643 7628 
7664 7628 7643 7644 7629 
7665 7629 7644 7645 7630 
7666 7630 7645 7646 7631 
7667 7631 7646 7647 7632 
7668 7632 7647 7648 7633 
7669 7633 7648 7649 7634 
7670 7634 7649 7650 7635 
7671 7635 7650 7651 7636 
7672 7636 7651 7652 7637 
7673 7637 7652 7653 7638 
7674 7638 7653 7654 7639 
7675 7639 7654 7243 7242 
7676 8562 8561 7655 7640 
7677 7640 7655 7656 7641 
7678 7641 7656 7657 7642 
7679 7642 7657 7658 7643 
7680 7643 7658 7659 7644 
7681 7644 7659 7660 7645 
7682 7645 7660 7661 7646 
7683 7646 7661 7662 7647 
7684 7647 7662 7663 7648 
7685 7648 7663 7664 7649 
7686 7649 7664 7665 7650 
7687 7650 7665 7666 7651 
7688 7651 7666 7667 7652 
7689 7652 7667 7668 7653 
7690 7653 7668 7669 7654 
7691 7654 7669 7244 7243 
7692 8561 8560 7670 7655 
7693 7655 7670 7671 7656 
7694 7656 7671 7672 7657 
7695 7657 7672 7673 7658 
7696 7658 7673 7674 7659 
7697 7659 7674 7675 7660 
7698 7660 7675 7676 7661 
7699 7661 7676 7677 7662 
7700 7662 7677 7678 7663 
7701 7663 7678 7679 7664 
7702 7664 7679 7680 7665 
7703 7665 7680 7681 7666 
7704 7666 7681 7682 7667 
7705 7667 7682 7683 7668 
7706 7668 7683 7684 7669 
7707 7669 7684 7245 7244 
7708 8560 8559 7685 7670 
7709 7670 7685 7686 7671 
7710 7671 7686 7687 7672 
7711 7672 7687 7688 7673 
7712 7673 7688 7689 7674 
7713 7674 7689 7690 7675 
7714 7675 7690 7691 7676 
7715 7676 7691 7692 7677 
7716 7677 7692 7693 7678 
7717 7678 7693 7694 7679 
7718 7679 7694 7695 7680 
7719 7680 7695 7696 7681 
7720 7681 7696 7697 7682 
7721 7682 7697 7698 7683 
7722 7683 7698 7699 7684 
7723 7684 7699 7246 7245 
7724 8559 8580 7217 7685 
7725 7685 7217 7218 7686 
7726 7686 7218 7219 7687 
7727 7687 7219 7220 7688 
7728 7688 7220 7221 7689 
7729 7689 7221 7222 7690 
7730 7690 7222 7223 7691 
7731 7691 7223 7224 7692 
7732 7692 7224 7225 7693 
7733 7693 7225 7226 7694 
7734 7694 7226 7227 7695 
7735 7695 7227 7228 7696 
7736 7696 7228 7229 7697 
7737 7697 7229 7230 7698 
7738 7698 7230 7231 7699 
7739 7699 7231 8578 7246 
7740 8579 7232 7700 7271 
7741 7271 7700 7701 7272 
7742 7272 7701 7702 7273 
7743 7273 7702 7703 7274 
7744 7274 7703 7704 7275 
7745 7275 7704 7705 7276 
7746 7276 7705 7706 7277 
7747 7277 7706 7707 7278 
7748 7278 7707 7708 7279 
7749 7279 7708 7709 7280 
7750 7280 7709 7710 7281 
7751 7281 7710 7711 7282 
7752 7282 7711 7712 7283 
7753 7283 7712 7713 7284 
7754 7284 7713 7714 7285 
7755 7285 7714 7715 7286 
7756 7286 7715 7716 7287 
7757 7287 7716 7717 7288 
7758 7288 7717 7718 7289 
7759 7289 7718 7719 7290 
7760 7290 7719 7720 7291 
7761 7291 7720 7721 7292 
7762 7292 7721 7722 7293 
7763 7293 7722 7723 7294 
7764 7294 7723 446 449 
7765 7232 7233 7724 7700 
7766 7700 7724 7725 7701 
7767 7701 7725 7726 7702 
7768 7702 7726 7727 7703 
7769 7703 7727 7728 7704 
7770 7704 7728 7729 7705 
7771 7705 7729 7730 7706 
7772 7706 7730 7731 7707 
7773 7707 7731 7732 7708 
7774 7708 7732 7733 7709 
7775 7709 7733 7734 7710 
7776 7710 7734 7735 7711 
7777 7711 7735 7736 7712 
7778 7712 7736 7737 7713 
7779 7713 7737 7738 7714 
7780 7714 7738 7739 7715 
7781 7715 7739 7740 7716 
7782 7716 7740 7741 7717 
7783 7717 7741 7742 7718 
7784 7718 7742 7743 7719 
7785 7719 7743 7744 7720 
7786 7720 7744 7745 7721 
7787 7721 7745 7746 7722 
7788 7722 7746 7747 7723 
7789 7723 7747 450 446 
7790 7233 7234 7748 7724 
7791 7724 7748 7749 7725 
7792 7725 7749 7750 7726 
7793 7726 7750 7751 7727 
7794 7727 7751 7752 7728 
7795 7728 7752 7753 7729 
7796 7729 7753 7754 7730 
7797 7730 7754 7755 7731 
7798 7731 7755 7756 7732 
7799 7732 7756 7757 7733 
7800 7733 7757 7758 7734 
7801 7734 7758 7759 7735 
7802 7735 7759 7760 7736 
7803 7736 7760 7761 7737 
7804 7737 7761 7762 7738 
7805 7738 7762 7763 7739 
7806 7739 7763 7764 7740 
7807 7740 7764 7765 7741 
7808 7741 7765 7766 7742 
7809 7742 7766 7767 7743 
7810 7743 7767 7768 7744 
7811 7744 7768 7769 7745 
7812 7745 7769 7770 7746 
7813 7746 7770 7771 7747 
7814 7747 7771 445 450 
7815 7234 7235 7772 7748 
7816 7748 7772 7773 7749 
7817 7749 7773 7774 7750 
7818 7750 7774 7775 7751 
7819 7751 7775 7776 7752 
7820 7752 7776 7777 7753 
7821 7753 7777 7778 7754 
7822 7754 7778 7779 7755 
7823 7755 7779 7780 7756 
7824 7756 7780 7781 7757 
7825 7757 7781 7782 7758 
7826 7758 7782 7783 7759 
7827 7759 7783 7784 7760 
7828 7760 7784 7785 7761 
7829 7761 7785 7786 7762 
7830 7762 7786 7787 7763 
7831 7763 7787 7788 7764 
7832 7764 7788 7789 7765 
7833 7765 7789 7790 7766 
7834 7766 7790 7791 7767 
7835 7767 7791 7792 7768 
7836 7768 7792 7793 7769 
7837 7769 7793 7794 7770 
7838 7770 7794 7795 7771 
7839 7771 7795 451 445 
7840 7235 7236 7796 7772 
7841 7772 7796 7797 7773 
7842 7773 7797 7798 7774 
7843 7774 7798 7799 7775 
7844 7775 7799 7800 7776 
7845 7776 7800 7801 7777 
7846 7777 7801 7802 7778 
7847 7778 7802 7803 7779 
7848 7779 7803 7804 7780 
7849 7780 7804 7805 7781 
7850 7781 7805 7806 7782 
7851 7782 7806 7807 7783 
7852 7783 7807 7808 7784 
7853 7784 7808 7809 7785 
7854 7785 7809 7810 7786 
7855 7786 7810 7811 7787 
7856 7787 7811 7812 7788 
7857 7788 7812 7813 7789 
7858 7789 7813 7814 7790 
7859 7790 7814 7815 7791 
7860 7791 7815 7816 7792 
7861 7792 7816 7817 7793 
7862 7793 7817 7818 7794 
7863 7794 7818 7819 7795 
7864 7795 7819 444 451 
7865 7236 7237 7820 7796 
7866 7796 7820 7821 7797 
7867 7797 7821 7822 7798 
7868 7798 7822 7823 7799 
7869 7799 7823 7824 7800 
7870 7800 7824 7825 7801 
7871 7801 7825 7826 7802 
7872 7802 7826 7827 7803 
7873 7803 7827 7828 7804 
7874 7804 7828 7829 7805 
7875 7805 7829 7830 7806 
7876 7806 7830 7831 7807 
7877 7807 7831 7832 7808 
7878 7808 7832 7833 7809 
7879 7809 7833 7834 7810 
7880 7810 7834 7835 7811 
7881 7811 7835 7836 7812 
7882 7812 7836 7837 7813 
7883 7813 7837 7838 7814 
7884 7814 7838 7839 7815 
7885 7815 7839 7840 7816 
7886 7816 7840 7841 7817 
7887 7817 7841 7842 7818 
7888 7818 7842 7843 7819 
7889 7819 7843 452 444 
7890 7237 7238 7844 7820 
7891 7820 7844 7845 7821 
7892 7821 7845 7846 7822 
7893 7822 7846 7847 7823 
7894 7823 7847 7848 7824 
7895 7824 7848 7849 7825 
7896 7825 7849 7850 7826 
7897 7826 7850 7851 7827 
7898 7827 7851 7852 7828 
7899 7828 7852 7853 7829 
7900 7829 7853 7854 7830 
7901 7830 7854 7855 7831 
7902 7831 7855 7856 7832 
7903 7832 7856 7857 7833 
7904 7833 7857 7858 7834 
7905 7834 7858 7859 7835 
7906 7835 7859 7860 7836 
7907 7836 7860 7861 7837 
7908 7837 7861 7862 7838 
7909 7838 7862 7863 7839 
7910 7839 7863 7864 7840 
7911 7840 7864 7865 7841 
7912 7841 7865 7866 7842 
7913 7842 7866 7867 7843 
7914 7843 7867 443 452 
7915 7238 7239 7868 7844 
7916 7844 7868 7869 7845 
7917 7845 7869 7870 7846 
7918 7846 7870 7871 7847 
7919 7847 7871 7872 7848 
7920 7848 7872 7873 7849 
7921 7849 7873 7874 7850 
7922 7850 7874 7875 7851 
7923 7851 7875 7876 7852 
7924 7852 7876 7877 7853 
7925 7853 7877 7878 7854 
7926 7854 7878 7879 7855 
7927 7855 7879 7880 7856 
7928 7856 7880 7881 7857 
7929 7857 7881 7882 7858 
7930 7858 7882 7883 7859 
7931 7859 7883 7884 7860 
7932 7860 7884 7885 7861 
7933 7861 7885 7886 7862 
7934 7862 7886 7887 7863 
7935 7863 7887 7888 7864 
7936 7864 7888 7889 7865 
7937 7865 7889 7890 7866 
7938 7866 7890 7891 7867 
7939 7867 7891 453 443 
7940 7239 7240 7892 7868 
7941 7868 7892 7893 7869 
7942 7869 7893 7894 7870 
7943 7870 7894 7895 7871 
7944 7871 7895 7896 7872 
7945 7872 7896 7897 7873 
7946 7873 7897 7898 7874 
7947 7874 7898 7899 7875 
7948 7875 7899 7900 7876 
7949 7876 7900 7901 7877 
7950 7877 7901 7902 7878 
7951 7878 7902 7903 7879 
7952 7879 7903 7904 7880 
7953 7880 7904 7905 7881 
7954 7881 7905 7906 7882 
7955 7882 7906 7907 7883 
7956 7883 7907 7908 7884 
7957 7884 7908 7909 7885 
7958 7885 7909 7910 7886 
7959 7886 7910 7911 7887 
7960 7887 7911 7912 7888 
7961 7888 7912 7913 7889 
7962 7889 7913 7914 7890 
7963 7890 7914 7915 7891 
7964 7891 7915 442 453 
7965 7240 7241 7916 7892 
7966 7892 7916 7917 7893 
7967 7893 7917 7918 7894 
7968 7894 7918 7919 7895 
7969 7895 7919 7920 7896 
7970 7896 7920 7921 7897 
7971 7897 7921 7922 7898 
7972 7898 7922 7923 7899 
7973 7899 7923 7924 7900 
7974 7900 7924 7925 7901 
7975 7901 7925 7926 7902 
7976 7902 7926 7927 7903 
7977 7903 7927 7928 7904 
7978 7904 7928 7929 7905 
7979 7905 7929 7930 7906 
7980 7906 7930 7931 7907 
7981 7907 7931 7932 7908 
7982 7908 7932 7933 7909 
7983 7909 7933 7934 7910 
7984 7910 7934 7935 7911 
7985 7911 7935 7936 7912 
7986 7912 7936 7937 7913 
7987 7913 7937 7938 7914 
7988 7914 7938 7939 7915 
7989 7915 7939 454 442 
7990 7241 7242 7940 7916 
7991 7916 7940 7941 7917 
7992 7917 7941 7942 7918 
7993 7918 7942 7943 7919 
7994 7919 7943 7944 7920 
7995 7920 7944 7945 7921 
7996 7921 7945 7946 7922 
7997 7922 7946 7947 7923 
7998 7923 7947 7948 7924 
7999 7924 7948 7949 7925 
8000 7925 7949 7950 7926 
8001 7926 7950 7951 7927 
8002 7927 7951 7952 7928 
8003 7928 7952 7953 7929 
8004 7929 7953 7954 7930 
8005 7930 7954 7955 7931 
8006 7931 7955 7956 7932 
8007 7932 7956 7957 7933 
8008 7933 7957 7958 7934 
8009 7934 7958 7959 7935 
8010 7935 7959 7960 7936 
8011 7936 7960 7961 7937 
8012 7937 7961 7962 7938 
8013 7938 7962 7963 7939 
8014 7939 7963 441 454 
8015 7242 7243 7964 7940 
8016 7940 7964 7965 7941 
8017 7941 7965 7966 7942 
8018 7942 7966 7967 7943 
8019 7943 7967 7968 7944 
8020 7944 7968 7969 7945 
8021 7945 7969 7970 7946 
8022 7946 7970 7971 7947 
8023 7947 7971 7972 7948 
8024 7948 7972 7973 7949 
8025 7949 7973 7974 7950 
8026 7950 7974 7975 7951 
8027 7951 7975 7976 7952 
8028 7952 7976 7977 7953 
8029 7953 7977 7978 7954 
8030 7954 7978 7979 7955 
8031 7955 7979 7980 7956 
8032 7956 7980 7981 7957 
8033 7957 7981 7982 7958 
8034 7958 7982 7983 7959 
8035 7959 7983 7984 7960 
8036 7960 7984 7985 7961 
8037 7961 7985 7986 7962 
8038 7962 7986 7987 7963 
8039 7963 7987 455 441 
8040 7243 7244 7988 7964 
8041 7964 7988 7989 7965 
8042 7965 7989 7990 7966 
8043 7966 7990 7991 7967 
8044 7967 7991 7992 7968 
8045 7968 7992 7993 7969 
8046 7969 7993 7994 7970 
8047 7970 7994 7995 7971 
8048 7971 7995 7996 7972 
8049 7972 7996 7997 7973 
8050 7973 7997 7998 7974 
8051 7974 7998 7999 7975 
8052 7975 7999 8000 7976 
8053 7976 8000 8001 7977 
8054 7977 8001 8002 7978 
8055 7978 8002 8003 7979 
8056 7979 8003 8004 7980 
8057 7980 8004 8005 7981 
8058 7981 8005 8006 7982 
8059 7982 8006 8007 7983 
8060 7983 8007 8008 7984 
8061 7984 8008 8009 7985 
8062 7985 8009 8010 7986 
8063 7986 8010 8011 7987 
8064 7987 8011 440 455 
8065 7244 7245 8012 7988 
8066 7988 8012 8013 7989 
8067 7989 8013 8014 7990 
8068 7990 8014 8015 7991 
8069 7991 8015 8016 7992 
8070 7992 8016 8017 7993 
8071 7993 8017 8018 7994 
8072 7994 8018 8019 7995 
8073 7995 8019 8020 7996 
8074 7996 8020 8021 7997 
8075 7997 8021 8022 7998 
8076 7998 8022 8023 7999 
8077 7999 8023 8024 8000 
8078 8000 8024 8025 8001 
8079 8001 8025 8026 8002 
8080 8002 8026 8027 8003 
8081 8003 8027 8028 8004 
8082 8004 8028 8029 8005 
8083 8005 8029 8030 8006 
8084 8006 8030 8031 8007 
8085 8007 8031 8032 8008 
8086 8008 8032 8033 8009 
8087 8009 8033 8034 8010 
8088 8010 8034 8035 8011 
8089 8011 8035 456 440 
8090 7245 7246 8036 8012 
8091 8012 8036 8037 8013 
8092 8013 8037 8038 8014 
8093 8014 8038 8039 8015 
8094 8015 8039 8040 8016 
8095 8016 8040 8041 8017 
8096 8017 8041 8042 8018 
8097 8018 8042 8043 8019 
8098 8019 8043 8044 8020 
8099 8020 8044 8045 8021 
8100 8021 8045 8046 8022 
8101 8022 8046 8047 8023 
8102 8023 8047 8048 8024 
8103 8024 8048 8049 8025 
8104 8025 8049 8050 8026 
8105 8026 8050 8051 8027 
8106 8027 8051 8052 8028 
8107 8028 8052 8053 8029 
8108 8029 8053 8054 8030 
8109 8030 8054 8055 8031 
8110 8031 8055 8056 8032 
8111 8032 8056 8057 8033 
8112 8033 8057 8058 8034 
8113 8034 8058 8059 8035 
8114 8035 8059 439 456 
8115 7246 8578 7247 8036 
8116 8036 7247 7248 8037 
8117 8037 7248 7249 8038 
8118 8038 7249 7250 8039 
8119 8039 7250 7251 8040 
8120 8040 7251 7252 8041 
8121 8041 7252 7253 8042 
8122 8042 7253 7254 8043 
8123 8043 7254 7255 8044 
8124 8044 7255 7256 8045 
8125 8045 7256 7257 8046 
8126 8046 7257 7258 8047 
8127 8047 7258 7259 8048 
8128 8048 7259 7260 8049 
8129 8049 7260 7261 8050 
8130 8050 7261 7262 8051 
8131 8051 7262 7263 8052 
8132 8052 7263 7264 8053 
8133 8053 7264 7265 8054 
8134 8054 7265 7266 8055 
8135 8055 7266 7267 8056 
8136 8056 7267 7268 8057 
8137 8057 7268 7269 8058 
8138 8058 7269 7270 8059 
8139 8059 7270 457 439 
8140 8580 7295 8060 7217 
8141 7217 8060 8061 7218 
8142 7218 8061 8062 7219 
8143 7219 8062 8063 7220 
8144 7220 8063 8064 7221 
8145 7221 8064 8065 7222 
8146 7222 8065 8066 7223 
8147 7223 8066 8067 7224 
8148 7224 8067 8068 7225 
8149 7225 8068 8069 7226 
8150 7226 8069 8070 7227 
8151 7227 8070 8071 7228 
8152 7228 8071 8072 7229 
8153 7229 8072 8073 7230 
8154 7230 8073 8074 7231 
8155 7231 8074 7247 8578 
8156 7295 7296 8075 8060 
8157 8060 8075 8076 8061 
8158 8061 8076 8077 8062 
8159 8062 8077 8078 8063 
8160 8063 8078 8079 8064 
8161 8064 8079 8080 8065 
8162 8065 8080 8081 8066 
8163 8066 8081 8082 8067 
8164 8067 8082 8083 8068 
8165 8068 8083 8084 8069 
8166 8069 8084 8085 8070 
8167 8070 8085 8086 8071 
8168 8071 8086 8087 8072 
8169 8072 8087 8088 8073 
8170 8073 8088 8089 8074 
8171 8074 8089 7248 7247 
8172 7296 7297 8090 8075 
8173 8075 8090 8091 8076 
8174 8076 8091 8092 8077 
8175 8077 8092 8093 8078 
8176 8078 8093 8094 8079 
8177 8079 8094 8095 8080 
8178 8080 8095 8096 8081 
8179 8081 8096 8097 8082 
8180 8082 8097 8098 8083 
8181 8083 8098 8099 8084 
8182 8084 8099 8100 8085 
8183 8085 8100 8101 8086 
8184 8086 8101 8102 8087 
8185 8087 8102 8103 8088 
8186 8088 8103 8104 8089 
8187 8089 8104 7249 7248 
8188 7297 7298 8105 8090 
8189 8090 8105 8106 8091 
8190 8091 8106 8107 8092 
8191 8092 8107 8108 8093 
8192 8093 8108 8109 8094 
8193 8094 8109 8110 8095 
8194 8095 8110 8111 8096 
8195 8096 8111 8112 8097 
8196 8097 8112 8113 8098 
8197 8098 8113 8114 8099 
8198 8099 8114 8115 8100 
8199 8100 8115 8116 8101 
8200 8101 8116 8117 8102 
8201 8102 8117 8118 8103 
8202 8103 8118 8119 8104 
8203 8104 8119 7250 7249 
8204 7298 7299 8120 8105 
8205 8105 8120 8121 8106 
8206 8106 8121 8122 8107 
8207 8107 8122 8123 8108 
8208 8108 8123 8124 8109 
8209 8109 8124 8125 8110 
8210 8110 8125 8126 8111 
8211 8111 8126 8127 8112 
8212 8112 8127 8128 8113 
8213 8113 8128 8129 8114 
8214 8114 8129 8130 8115 
8215 8115 8130 8131 8116 
8216 8116 8131 8132 8117 
8217 8117 8132 8133 8118 
8218 8118 8133 8134 8119 
8219 8119 8134 7251 7250 
8220 7299 7300 8135 8120 
8221 8120 8135 8136 8121 
8222 8121 8136 8137 8122 
8223 8122 8137 8138 8123 
8224 8123 8138 8139 8124 
8225 8124 8139 8140 8125 
8226 8125 8140 8141 8126 
8227 8126 8141 8142 8127 
8228 8127 8142 8143 8128 
8229 8128 8143 8144 8129 
8230 8129 8144 8145 8130 
8231 8130 8145 8146 8131 
8232 8131 8146 8147 8132 
8233 8132 8147 8148 8133 
8234 8133 8148 8149 8134 
8235 8134 8149 7252 7251 
8236 7300 7301 8150 8135 
8237 8135 8150 8151 8136 
8238 8136 8151 8152 8137 
8239 8137 8152 8153 8138 
8240 8138 8153 8154 8139 
8241 8139 8154 8155 8140 
8242 8140 8155 8156 8141 
8243 8141 8156 8157 8142 
8244 8142 8157 8158 8143 
8245 8143 8158 8159 8144 
8246 8144 8159 8160 8145 
8247 8145 8160 8161 8146 
8248 8146 8161 8162 8147 
8249 8147 8162 8163 8148 
8250 8148 8163 8164 8149 
8251 8149 8164 7253 7252 
8252 7301 7302 8165 8150 
8253 8150 8165 8166 8151 
8254 8151 8166 8167 8152 
8255 8152 8167 8168 8153 
8256 8153 8168 8169 8154 
8257 8154 8169 8170 8155 
8258 8155 8170 8171 8156 
8259 8156 8171 8172 8157 
8260 8157 8172 8173 8158 
8261 8158 8173 8174 8159 
8262 8159 8174 8175 8160 
8263 8160 8175 8176 8161 
8264 8161 8176 8177 8162 
8265 8162 8177 8178 8163 
8266 8163 8178 8179 8164 
8267 8164 8179 7254 7253 
8268 7302 7303 8180 8165 
8269 8165 8180 8181 8166 
8270 8166 8181 8182 8167 
8271 8167 8182 8183 8168 
8272 8168 8183 8184 8169 
8273 8169 8184 8185 8170 
8274 8170 8185 8186 8171 
8275 8171 8186 8187 8172 
8276 8172 8187 8188 8173 
8277 8173 8188 8189 8174 
8278 8174 8189 8190 8175 
8279 8175 8190 8191 8176 
8280 8176 8191 8192 8177 
8281 8177 8192 8193 8178 
8282 8178 8193 8194 8179 
8283 8179 8194 7255 7254 
8284 7303 7304 8195 8180 
8285 8180 8195 8196 8181 
8286 8181 8196 8197 8182 
8287 8182 8197 8198 8183 
8288 8183 8198 8199 8184 
8289 8184 8199 8200 8185 
8290 8185 8200 8201 8186 
8291 8186 8201 8202 8187 
8292 8187 8202 8203 8188 
8293 8188 8203 8204 8189 
8294 8189 8204 8205 8190 
8295 8190 8205 8206 8191 
8296 8191 8206 8207 8192 
8297 8192 8207 8208 8193 
8298 8193 8208 8209 8194 
8299 8194 8209 7256 7255 
8300 7304 7305 8210 8195 
8301 8195 8210 8211 8196 
8302 8196 8211 8212 8197 
8303 8197 8212 8213 8198 
8304 8198 8213 8214 8199 
8305 8199 8214 8215 8200 
8306 8200 8215 8216 8201 
8307 8201 8216 8217 8202 
8308 8202 8217 8218 8203 
8309 8203 8218 8219 8204 
8310 8204 8219 8220 8205 
8311 8205 8220 8221 8206 
8312 8206 8221 8222 8207 
8313 8207 8222 8223 8208 
8314 8208 8223 8224 8209 
8315 8209 8224 7257 7256 
8316 7305 7306 8225 8210 
8317 8210 8225 8226 8211 
8318 8211 8226 8227 8212 
8319 8212 8227 8228 8213 
8320 8213 8228 8229 8214 
8321 8214 8229 8230 8215 
8322 8215 8230 8231 8216 
8323 8216 8231 8232 8217 
8324 8217 8232 8233 8218 
8325 8218 8233 8234 8219 
8326 8219 8234 8235 8220 
8327 8220 8235 8236 8221 
8328 8221 8236 8237 8222 
8329 8222 8237 8238 8223 
8330 8223 8238 8239 8224 
8331 8224 8239 7258 7257 
8332 7306 7307 8240 8225 
8333 8225 8240 8241 8226 
8334 8226 8241 8242 8227 
8335 8227 8242 8243 8228 
8336 8228 8243 8244 8229 
8337 8229 8244 8245 8230 
8338 8230 8245 8246 8231 
8339 8231 8246 8247 8232 
8340 8232 8247 8248 8233 
8341 8233 8248 8249 8234 
8342 8234 8249 8250 8235 
8343 8235 8250 8251 8236 
8344 8236 8251 8252 8237 
8345 8237 8252 8253 8238 
8346 8238 8253 8254 8239 
8347 8239 8254 7259 7258 
8348 7307 7308 8255 8240 
8349 8240 8255 8256 8241 
8350 8241 8256 8257 8242 
8351 8242 8257 8258 8243 
8352 8243 8258 8259 8244 
8353 8244 8259 8260 8245 
8354 8245 8260 8261 8246 
8355 8246 8261 8262 8247 
8356 8247 8262 8263 8248 
8357 8248 8263 8264 8249 
8358 8249 8264 8265 8250 
8359 8250 8265 8266 8251 
8360 8251 8266 8267 8252 
8361 8252 8267 8268 8253 
8362 8253 8268 8269 8254 
8363 8254 8269 7260 7259 
8364 7308 7309 8270 8255 
8365 8255 8270 8271 8256 
8366 8256 8271 8272 8257 
8367 8257 8272 8273 8258 
8368 8258 8273 8274 8259 
8369 8259 8274 8275 8260 
8370 8260 8275 8276 8261 
8371 8261 8276 8277 8262 
8372 8262 8277 8278 8263 
8373 8263 8278 8279 8264 
8374 8264 8279 8280 8265 
8375 8265 8280 8281 8266 
8376 8266 8281 8282 8267 
8377 8267 8282 8283 8268 
8378 8268 8283 8284 8269 
8379 8269 8284 7261 7260 
8380 7309 7310 8285 8270 
8381 8270 8285 8286 8271 
8382 8271 8286 8287 8272 
8383 8272 8287 8288 8273 
8384 8273 8288 8289 8274 
8385 8274 8289 8290 8275 
8386 8275 8290 8291 8276 
8387 8276 8291 8292 8277 
8388 8277 8292 8293 8278 
8389 8278 8293 8294 8279 
8390 8279 8294 8295 8280 
8391 8280 8295 8296 8281 
8392 8281 8296 8297 8282 
8393 8282 8297 8298 8283 
8394 8283 8298 8299 8284 
8395 8284 8299 7262 7261 
8396 7310 7311 8300 8285 
8397 8285 8300 8301 8286 
8398 8286 8301 8302 8287 
8399 8287 8302 8303 8288 
8400 8288 8303 8304 8289 
8401 8289 8304 8305 8290 
8402 8290 8305 8306 8291 
8403 8291 8306 8307 8292 
8404 8292 8307 8308 8293 
8405 8293 8308 8309 8294 
8406 8294 8309 8310 8295 
8407 8295 8310 8311 8296 
8408 8296 8311 8312 8297 
8409 8297 8312 8313 8298 
8410 8298 8313 8314 8299 
8411 8299 8314 7263 7262 
8412 7311 7312 8315 8300 
8413 8300 8315 8316 8301 
8414 8301 8316 8317 8302 
8415 8302 8317 8318 8303 
8416 8303 8318 8319 8304 
8417 8304 8319 8320 8305 
8418 8305 8320 8321 8306 
8419 8306 8321 8322 8307 
8420 8307 8322 8323 8308 
8421 8308 8323 8324 8309 
8422 8309 8324 8325 8310 
8423 8310 8325 8326 8311 
8424 8311 8326 8327 8312 
8425 8312 8327 8328 8313 
8426 8313 8328 8329 8314 
8427 8314 8329 7264 7263 
8428 7312 7313 8330 8315 
8429 8315 8330 8331 8316 
8430 8316 8331 8332 8317 
8431 8317 8332 8333 8318 
8432 8318 8333 8334 8319 
8433 8319 8334 8335 8320 
8434 8320 8335 8336 8321 
8435 8321 8336 8337 8322 
8436 8322 8337 8338 8323 
8437 8323 8338 8339 8324 
8438 8324 8339 8340 8325 
8439 8325 8340 8341 8326 
8440 8326 8341 8342 8327 
8441 8327 8342 8343 8328 
8442 8328 8343 8344 8329 
8443 8329 8344 7265 7264 
8444 7313 7314 8345 8330 
8445 8330 8345 8346 8331 
8446 8331 8346 8347 8332 
8447 8332 8347 8348 8333 
8448 8333 8348 8349 8334 
8449 8334 8349 8350 8335 
8450 8335 8350 8351 8336 
8451 8336 8351 8352 8337 
8452 8337 8352 8353 8338 
8453 8338 8353 8354 8339 
8454 8339 8354 8355 8340 
8455 8340 8355 8356 8341 
8456 8341 8356 8357 8342 
8457 8342 8357 8358 8343 
8458 8343 8358 8359 8344 
8459 8344 8359 7266 7265 
8460 7314 7315 8360 8345 
8461 8345 8360 8361 8346 
8462 8346 8361 8362 8347 
8463 8347 8362 8363 8348 
8464 8348 8363 8364 8349 
8465 8349 8364 8365 8350 
8466 8350 8365 8366 8351 
8467 8351 8366 8367 8352 
8468 8352 8367 8368 8353 
8469 8353 8368 8369 8354 
8470 8354 8369 8370 8355 
8471 8355 8370 8371 8356 
8472 8356 8371 8372 8357 
8473 8357 8372 8373 8358 
8474 8358 8373 8374 8359 
8475 8359 8374 7267 7266 
8476 7315 7316 8375 8360 
8477 8360 8375 8376 8361 
8478 8361 8376 8377 8362 
8479 8362 8377 8378 8363 
8480 8363 8378 8379 8364 
8481 8364 8379 8380 8365 
8482 8365 8380 8381 8366 
8483 8366 8381 8382 8367 
8484 8367 8382 8383 8368 
8485 8368 8383 8384 8369 
8486 8369 8384 8385 8370 
8487 8370 8385 8386 8371 
8488 8371 8386 8387 8372 
8489 8372 8387 8388 8373 
8490 8373 8388 8389 8374 
8491 8374 8389 7268 7267 
8492 7316 7317 8390 8375 
8493 8375 8390 8391 8376 
8494 8376 8391 8392 8377 
8495 8377 8392 8393 8378 
8496 8378 8393 8394 8379 
8497 8379 8394 8395 8380 
8498 8380 8395 8396 8381 
8499 8381 8396 8397 8382 
8500 8382 8397 8398 8383 
8501 8383 8398 8399 8384 
8502 8384 8399 8400 8385 
8503 8385 8400 8401 8386 
8504 8386 8401 8402 8387 
8505 8387 8402 8403 8388 
8506 8388 8403 8404 8389 
8507 8389 8404 7269 7268 
8508 7317 7318 8405 8390 
8509 8390 8405 8406 8391 
8510 8391 8406 8407 8392 
8511 8392 8407 8408 8393 
8512 8393 8408 8409 8394 
8513 8394 8409 8410 8395 
8514 8395 8410 8411 8396 
8515 8396 8411 8412 8397 
8516 8397 8412 8413 8398 
8517 8398 8413 8414 8399 
8518 8399 8414 8415 8400 
8519 8400 8415 8416 8401 
8520 8401 8416 8417 8402 
8521 8402 8417 8418 8403 
8522 8403 8418 8419 8404 
8523 8404 8419 7270 7269 
8524 7318 465 431 8405 
8525 8405 431 464 8406 
8526 8406 464 432 8407 
8527 8407 432 463 8408 
8528 8408 463 433 8409 
8529 8409 433 462 8410 
8530 8410 462 434 8411 
8531 8411 434 461 8412 
8532 8412 461 435 8413 
8533 8413 435 460 8414 
8534 8414 460 436 8415 
8535 8415 436 459 8416 
8536 8416 459 437 8417 
8537 8417 437 458 8418 
8538 8418 458 438 8419 
8539 8419 438 457 7270 
8540 158 8517 8420 197 
8541 197 8420 8421 159 
8542 159 8421 8422 196 
8543 196 8422 8423 160 
8544 160 8423 8424 195 
8545 195 8424 8425 161 
8546 161 8425 8426 194 
8547 194 8426 8427 153 
8548 153 8427 8428 193 
8549 193 8428 8429 163 
8550 163 8429 8430 192 
8551 192 8430 8431 164 
8552 164 8431 8432 191 
8553 191 8432 8433 165 
8554 165 8433 8434 190 
8555 190 8434 8435 166 
8556 166 8435 8436 189 
8557 189 8436 8437 167 
8558 167 8437 8438 188 
8559 188 8438 8439 168 
8560 168 8439 8440 187 
8561 187 8440 8441 169 
8562 169 8441 8442 186 
8563 186 8442 8443 170 
8564 170 8443 448 2 
8565 8517 8516 8444 8420 
8566 8420 8444 8445 8421 
8567 8421 8445 8446 8422 
8568 8422 8446 8447 8423 
8569 8423 8447 8448 8424 
8570 8424 8448 8449 8425 
8571 8425 8449 8450 8426 
8572 8426 8450 8451 8427 
8573 8427 8451 8452 8428 
8574 8428 8452 8453 8429 
8575 8429 8453 8454 8430 
8576 8430 8454 8455 8431 
8577 8431 8455 8456 8432 
8578 8432 8456 8457 8433 
8579 8433 8457 8458 8434 
8580 8434 8458 8459 8435 
8581 8435 8459 8460 8436 
8582 8436 8460 8461 8437 
8583 8437 8461 8462 8438 
8584 8438 8462 8463 8439 
8585 8439 8463 8464 8440 
8586 8440 8464 8465 8441 
8587 8441 8465 8466 8442 
8588 8442 8466 8467 8443 
8589 8443 8467 447 448 
8590 8516 8579 7271 8444 
8591 8444 7271 7272 8445 
8592 8445 7272 7273 8446 
8593 8446 7273 7274 8447 
8594 8447 7274 7275 8448 
8595 8448 7275 7276 8449 
8596 8449 7276 7277 8450 
8597 8450 7277 7278 8451 
8598 8451 7278 7279 8452 
8599 8452 7279 7280 8453 
8600 8453 7280 7281 8454 
8601 8454 7281 7282 8455 
8602 8455 7282 7283 8456 
8603 8456 7283 7284 8457 
8604 8457 7284 7285 8458 
8605 8458 7285 7286 8459 
8606 8459 7286 7287 8460 
8607 8460 7287 7288 8461 
8608 8461 7288 7289 8462 
8609 8462 7289 7290 8463 
8610 8463 7290 7291 8464 
8611 8464 7291 7292 8465 
8612 8465 7292 7293 8466 
8613 8466 7293 7294 8467 
8614 8467 7294 449 447 
8615 626 611 8468 8575 
8616 8575 8468 8469 8574 
8617 8574 8469 7295 8580 
8618 611 627 8470 8468 
8619 8468 8470 8471 8469 
8620 8469 8471 7296 7295 
8621 627 612 8472 8470 
8622 8470 8472 8473 8471 
8623 8471 8473 7297 7296 
8624 612 628 8474 8472 
8625 8472 8474 8475 8473 
8626 8473 8475 7298 7297 
8627 628 613 8476 8474 
8628 8474 8476 8477 8475 
8629 8475 8477 7299 7298 
8630 613 629 8478 8476 
8631 8476 8478 8479 8477 
8632 8477 8479 7300 7299 
8633 629 614 8480 8478 
8634 8478 8480 8481 8479 
8635 8479 8481 7301 7300 
8636 614 630 8482 8480 
8637 8480 8482 8483 8481 
8638 8481 8483 7302 7301 
8639 630 615 8484 8482 
8640 8482 8484 8485 8483 
8641 8483 8485 7303 7302 
8642 615 631 8486 8484 
8643 8484 8486 8487 8485 
8644 8485 8487 7304 7303 
8645 631 616 8488 8486 
8646 8486 8488 8489 8487 
8647 8487 8489 7305 7304 
8648 616 632 8490 8488 
8649 8488 8490 8491 8489 
8650 8489 8491 7306 7305 
8651 632 617 8492 8490 
8652 8490 8492 8493 8491 
8653 8491 8493 7307 7306 
8654 617 633 8494 8492 
8655 8492 8494 8495 8493 
8656 8493 8495 7308 7307 
8657 633 618 8496 8494 
8658 8494 8496 8497 8495 
8659 8495 8497 7309 7308 
8660 618 634 8498 8496 
8661 8496 8498 8499 8497 
8662 8497 8499 7310 7309 
8663 634 619 8500 8498 
8664 8498 8500 8501 8499 
8665 8499 8501 7311 7310 
8666 619 635 8502 8500 
8667 8500 8502 8503 8501 
8668 8501 8503 7312 7311 
8669 635 620 8504 8502 
8670 8502 8504 8505 8503 
8671 8503 8505 7313 7312 
8672 620 636 8506 8504 
8673 8504 8506 8507 8505 
8674 8505 8507 7314 7313 
8675 636 621 8508 8506 
8676 8506 8508 8509 8507 
8677 8507 8509 7315 7314 
8678 621 637 8510 8508 
8679 8508 8510 8511 8509 
8680 8509 8511 7316 7315 
8681 637 622 8512 8510 
8682 8510 8512 8513 8511 
8683 8511 8513 7317 7316 
8684 622 638 8514 8512 
8685 8512 8514 8515 8513 
8686 8513 8515 7318 7317 
8687 638 10 466 8514 
8688 8514 466 430 8515 
8689 8515 430 465 7318 
8690 7358 7360 649 600 
8691 7357 7359 7360 7358 
8692 8554 8553 7359 7357 
8693 7356 7358 600 650 
8694 7355 7357 7358 7356 
8695 8555 8554 7357 7355 
8696 7354 7356 650 601 
8697 7353 7355 7356 7354 
8698 8556 8555 7355 7353 
8699 7352 7354 601 651 
8700 7351 7353 7354 7352 
8701 8557 8556 7353 7351 
8702 7350 7352 651 602 
8703 7349 7351 7352 7350 
8704 8558 8557 7351 7349 
8705 8576 7350 602 652 
8706 8577 7349 7350 8576 
8707 8581 8558 7349 8577 
8708 7348 610 626 8575 
8709 7347 625 610 7348 
8710 7346 609 625 7347 
8711 7345 624 609 7346 
8712 7344 608 624 7345 
8713 7343 623 608 7344 
8714 7342 607 623 7343 
8715 7341 648 607 7342 
8716 7340 606 648 7341 
8717 7339 655 606 7340 
8718 7338 605 655 7339 
8719 7337 654 605 7338 
8720 7336 604 654 7337 
8721 7335 653 604 7336 
8722 7334 603 653 7335 
8723 8576 652 603 7334 
8724 7333 7348 8575 8574 
8725 7332 7347 7348 7333 
8726 7331 7346 7347 7332 
8727 7330 7345 7346 7331 
8728 7329 7344 7345 7330 
8729 7328 7343 7344 7329 
8730 7327 7342 7343 7328 
8731 7326 7341 7342 7327 
8732 7325 7340 7341 7326 
8733 7324 7339 7340 7325 
8734 7323 7338 7339 7324 
8735 7322 7337 7338 7323 
8736 7321 7336 7337 7322 
8737 7320 7335 7336 7321 
8738 7319 7334 7335 7320 
8739 8577 8576 7334 7319 
8740 8559 7333 8574 8580 
8741 8560 7332 7333 8559 
8742 8561 7331 7332 8560 
8743 8562 7330 7331 8561 
8744 8563 7329 7330 8562 
8745 8564 7328 7329 8563 
8746 8565 7327 7328 8564 
8747 8566 7326 7327 8565 
8748 8567 7325 7326 8566 
8749 8568 7324 7325 8567 
8750 8569 7323 7324 8568 
8751 8570 7322 7323 8569 
8752 8571 7321 7322 8570 
8753 8572 7320 7321 8571 
8754 8573 7319 7320 8572 
8755 8581 8577 7319 8573 
$EndElements
