$MeshFormat
4.1 0 8
$EndMeshFormat
$PhysicalNames
6
0 5 "PBoundary"
1 6 "CInlet"
1 7 "CWall"
1 8 "COutlet"
1 9 "CNoPen"
2 10 "SDomain"
$EndPhysicalNames
$Entities
4 4 1 0
1 0 10 0 1 5 
2 0 0 0 1 5 
3 40 0 0 1 5 
4 40 10 0 1 5 
1 -0.0200001001 -0.02000010009999986 -0.0200001001 0.0200001001 10.0200001001 0.0200001001 1 6 2 1 -2 
2 -0.02000010009999897 -0.0200001001 -0.0200001001 40.0200001001 0.0200001001 0.0200001001 1 7 2 2 -3 
3 39.9799998999 -0.02000010009999986 -0.0200001001 40.0200001001 10.0200001001 0.0200001001 1 8 2 3 -4 
4 -0.02000010009999897 9.979999899899999 -0.0200001001 40.0200001001 10.0200001001 0.0200001001 1 9 2 4 -1 
1 -1.000000011686097e-07 -1.000000002804313e-07 -1e-07 40.0000001 10.0000001 1e-07 1 10 4 -4 -3 -2 -1 
$EndEntities
$Nodes
9 2325 1 2325
0 1 0 1
1
0 10 0
0 2 0 1
2
0 0 0
0 3 0 1
3
40 0 0
0 4 0 1
4
40 10 0
1 1 0 29
5
6
7
8
9
10
11
12
13
14
15
16
17
18
19
20
21
22
23
24
25
26
27
28
29
30
31
32
33
0 9.13297042185655 0
0 8.381749704949664 0
0 7.676003441627308 0
0 7.009495003750761 0
0 6.381088410665552 0
0 5.777303887839299 0
0 5.185639087313307 0
0 4.599868951678301 0
0 4.018427981552894 0
0 3.43206368052697 0
0 2.83315191700676 0
0 2.21422970071354 0
0 1.560986898412803 0
0 0.8415291313019106 0
0 0.4207645656509553 0
0 1.201258014857357 0
0 1.887608299563172 0
0 2.52369080886015 0
0 3.132607798766865 0
0 3.725245831039932 0
0 4.309148466615598 0
0 4.892754019495804 0
0 5.481471487576303 0
0 6.079196149252425 0
0 6.695291707208156 0
0 7.342749222689035 0
0 8.028876573288485 0
0 8.757360063403107 0
0 9.566485210928274 0
1 2 0 73
34
35
36
37
38
39
40
41
42
43
44
45
46
47
48
49
50
51
52
53
54
55
56
57
58
59
60
61
62
63
64
65
66
67
68
69
70
71
72
73
74
75
76
77
78
79
80
81
82
83
84
85
86
87
88
89
90
91
92
93
94
95
96
97
98
99
100
101
102
103
104
105
106
8.206296427691553 0 0
9.931875643464052 0 0
9.740020958090915 0 0
9.550077636142781 0 0
9.359543254002812 0 0
9.16766998251261 0 0
8.975907098274782 0 0
8.786538536095751 0 0
8.597919282848968 0 0
8.405658617897355 0 0
10.14078661705426 0 0
7.987947288630322 0 0
7.711182087147481 0 0
7.316505610694318 0 0
6.746804675884067 0 0
5.963211120181539 0 0
4.946311323175643 0 0
3.694529821329356 0 0
2.246546759215456 0 0
16.55447374681479 0 0
38.86966948324654 0 0
36.33423696824654 0 0
33.15214497095803 0 0
29.5018795554095 0 0
25.923482345804 0 0
22.82720950161267 0 0
20.31195300719496 0 0
18.25944389547759 0 0
0.7409648995648594 0 0
15.13097586515701 0 0
13.95704887767655 0 0
13.00478991505489 0 0
12.23594826901849 0 0
11.61655786961005 0 0
11.1189071708188 0 0
10.71706369040808 0 0
10.39486871631716 0 0
1.481929799129719 0 0
3.011163719301194 0 0
4.377895923357517 0 0
5.514726722993769 0 0
6.411695517369309 0 0
7.081913834398825 0 0
7.551097386989811 0 0
7.871266787305152 0 0
8.104627789955492 0 0
8.307965065427615 0 0
8.503352170367098 0 0
8.692486395330839 0 0
8.880590676860662 0 0
9.0712235196889 0 0
9.264116445336322 0 0
9.454970062669302 0 0
9.64518520961626 0 0
9.834856706565569 0 0
10.02889458036253 0 0
10.25267865374599 0 0
10.53705877888833 0 0
10.89706860192783 0 0
11.34074573970978 0 0
11.89236999951031 0 0
12.57952653852667 0 0
13.43005329158311 0 0
14.48404446376998 0 0
15.77790726654405 0 0
17.33104022708552 0 0
19.18784756386966 0 0
21.43605845052027 0 0
24.21836055270508 0 0
27.62860413890292 0 0
31.37515497191608 0 0
34.92913496999999 0 0
37.73933896649308 0 0
1 3 0 29
107
108
109
110
111
112
113
114
115
116
117
118
119
120
121
122
123
124
125
126
127
128
129
130
131
132
133
134
135
40 0.4855967685459492 0
40 9.529696473481803 0
40 8.69173460580252 0
40 7.997314522608276 0
40 7.361852831600841 0
40 6.754673448620043 0
40 6.16383337516973 0
40 5.582645032554676 0
40 5.007851087056036 0
40 4.437321749737926 0
40 3.867522145752942 0
40 3.292416556651947 0
40 2.700346683179778 0
40 2.068413475351872 0
40 1.354937298990643 0
40 0.9711935370918984 0
40 1.738681060889387 0
40 2.398145889814356 0
40 3.0025474765452 0
40 3.582285636758694 0
40 4.15275865474719 0
40 4.721884844728662 0
40 5.293817329383409 0
40 5.871472735725942 0
40 6.456194014613519 0
40 7.053152882626565 0
40 7.670552780575117 0
40 8.324076264641436 0
40 9.059392946963603 0
1 4 0 73
136
137
138
139
140
141
142
143
144
145
146
147
148
149
150
151
152
153
154
155
156
157
158
159
160
161
162
163
164
165
166
167
168
169
170
171
172
173
174
175
176
177
178
179
180
181
182
183
184
185
186
187
188
189
190
191
192
193
194
195
196
197
198
199
200
201
202
203
204
205
206
207
208
37.75156106911295 10 0
34.94474850952854 10 0
31.40607235790211 10 0
27.6376638588386 10 0
24.19279346892986 10 0
21.34971402707564 10 0
19.05872137234493 10 0
17.19338175993829 10 0
15.62714961377516 10 0
14.34591321515163 10 0
13.31645244251504 10 0
12.47282133594284 10 0
11.79946221003179 10 0
11.26777561791641 10 0
10.84129022114592 10 0
10.49838279307771 10 0
10.22637933900497 10 0
10.00382606752639 10 0
9.806171223232317 10 0
9.614859045623081 10 0
9.423231108523522 10 0
9.232884280006827 10 0
9.042962550664434 10 0
8.849901049325785 10 0
8.656892712840904 10 0
8.466020824202005 10 0
8.27313837870847 10 0
8.067113273492 10 0
7.821013186080458 10 0
7.499221097227873 10 0
7.059530569747543 10 0
6.43975321980516 10 0
5.598539339520388 10 0
4.481864708517415 10 0
3.072656972278489 10 0
1.528645663030781 10 0
9.710515134427698 10 0
9.519045077073301 10 0
9.328057694265175 10 0
9.137923415335631 10 0
8.946431799995111 10 0
8.753396881083344 10 0
8.561456768521454 10 0
8.369579601455237 10 0
8.170125826100236 10 0
7.944063229786229 10 0
7.660117141654165 10 0
7.279375833487708 10 0
6.749641894776351 10 0
6.019146279662774 10 0
5.040202024018901 10 0
3.777260840397952 10 0
2.300651317654634 10 0
0.7643228315153903 10 0
14.9865314144634 10 0
38.87578053455647 10 0
36.34815478932074 10 0
33.17541043371533 10 0
29.52186810837036 10 0
25.91522866388423 10 0
22.77125374800275 10 0
20.20421769971029 10 0
18.12605156614161 10 0
16.41026568685673 10 0
9.904998645379354 10 0
13.83118282883334 10 0
12.89463688922894 10 0
12.13614177298732 10 0
11.5336189139741 10 0
11.05453291953117 10 0
10.66983650711182 10 0
10.36238106604134 10 0
10.11510270326568 10 0
2 1 0 2117
209
210
211
212
213
214
215
216
217
218
219
220
221
222
223
224
225
226
227
228
229
230
231
232
233
234
235
236
237
238
239
240
241
242
243
244
245
246
247
248
249
250
251
252
253
254
255
256
257
258
259
260
261
262
263
264
265
266
267
268
269
270
271
272
273
274
275
276
277
278
279
280
281
282
283
284
285
286
287
288
289
290
291
292
293
294
295
296
297
298
299
300
301
302
303
304
305
306
307
308
309
310
311
312
313
314
315
316
317
318
319
320
321
322
323
324
325
326
327
328
329
330
331
332
333
334
335
336
337
338
339
340
341
342
343
344
345
346
347
348
349
350
351
352
353
354
355
356
357
358
359
360
361
362
363
364
365
366
367
368
369
370
371
372
373
374
375
376
377
378
379
380
381
382
383
384
385
386
387
388
389
390
391
392
393
394
395
396
397
398
399
400
401
402
403
404
405
406
407
408
409
410
411
412
413
414
415
416
417
418
419
420
421
422
423
424
425
426
427
428
429
430
431
432
433
434
435
436
437
438
439
440
441
442
443
444
445
446
447
448
449
450
451
452
453
454
455
456
457
458
459
460
461
462
463
464
465
466
467
468
469
470
471
472
473
474
475
476
477
478
479
480
481
482
483
484
485
486
487
488
489
490
491
492
493
494
495
496
497
498
499
500
501
502
503
504
505
506
507
508
509
510
511
512
513
514
515
516
517
518
519
520
521
522
523
524
525
526
527
528
529
530
531
532
533
534
535
536
537
538
539
540
541
542
543
544
545
546
547
548
549
550
551
552
553
554
555
556
557
558
559
560
561
562
563
564
565
566
567
568
569
570
571
572
573
574
575
576
577
578
579
580
581
582
583
584
585
586
587
588
589
590
591
592
593
594
595
596
597
598
599
600
601
602
603
604
605
606
607
608
609
610
611
612
613
614
615
616
617
618
619
620
621
622
623
624
625
626
627
628
629
630
631
632
633
634
635
636
637
638
639
640
641
642
643
644
645
646
647
648
649
650
651
652
653
654
655
656
657
658
659
660
661
662
663
664
665
666
667
668
669
670
671
672
673
674
675
676
677
678
679
680
681
682
683
684
685
686
687
688
689
690
691
692
693
694
695
696
697
698
699
700
701
702
703
704
705
706
707
708
709
710
711
712
713
714
715
716
717
718
719
720
721
722
723
724
725
726
727
728
729
730
731
732
733
734
735
736
737
738
739
740
741
742
743
744
745
746
747
748
749
750
751
752
753
754
755
756
757
758
759
760
761
762
763
764
765
766
767
768
769
770
771
772
773
774
775
776
777
778
779
780
781
782
783
784
785
786
787
788
789
790
791
792
793
794
795
796
797
798
799
800
801
802
803
804
805
806
807
808
809
810
811
812
813
814
815
816
817
818
819
820
821
822
823
824
825
826
827
828
829
830
831
832
833
834
835
836
837
838
839
840
841
842
843
844
845
846
847
848
849
850
851
852
853
854
855
856
857
858
859
860
861
862
863
864
865
866
867
868
869
870
871
872
873
874
875
876
877
878
879
880
881
882
883
884
885
886
887
888
889
890
891
892
893
894
895
896
897
898
899
900
901
902
903
904
905
906
907
908
909
910
911
912
913
914
915
916
917
918
919
920
921
922
923
924
925
926
927
928
929
930
931
932
933
934
935
936
937
938
939
940
941
942
943
944
945
946
947
948
949
950
951
952
953
954
955
956
957
958
959
960
961
962
963
964
965
966
967
968
969
970
971
972
973
974
975
976
977
978
979
980
981
982
983
984
985
986
987
988
989
990
991
992
993
994
995
996
997
998
999
1000
1001
1002
1003
1004
1005
1006
1007
1008
1009
1010
1011
1012
1013
1014
1015
1016
1017
1018
1019
1020
1021
1022
1023
1024
1025
1026
1027
1028
1029
1030
1031
1032
1033
1034
1035
1036
1037
1038
1039
1040
1041
1042
1043
1044
1045
1046
1047
1048
1049
1050
1051
1052
1053
1054
1055
1056
1057
1058
1059
1060
1061
1062
1063
1064
1065
1066
1067
1068
1069
1070
1071
1072
1073
1074
1075
1076
1077
1078
1079
1080
1081
1082
1083
1084
1085
1086
1087
1088
1089
1090
1091
1092
1093
1094
1095
1096
1097
1098
1099
1100
1101
1102
1103
1104
1105
1106
1107
1108
1109
1110
1111
1112
1113
1114
1115
1116
1117
1118
1119
1120
1121
1122
1123
1124
1125
1126
1127
1128
1129
1130
1131
1132
1133
1134
1135
1136
1137
1138
1139
1140
1141
1142
1143
1144
1145
1146
1147
1148
1149
1150
1151
1152
1153
1154
1155
1156
1157
1158
1159
1160
1161
1162
1163
1164
1165
1166
1167
1168
1169
1170
1171
1172
1173
1174
1175
1176
1177
1178
1179
1180
1181
1182
1183
1184
1185
1186
1187
1188
1189
1190
1191
1192
1193
1194
1195
1196
1197
1198
1199
1200
1201
1202
1203
1204
1205
1206
1207
1208
1209
1210
1211
1212
1213
1214
1215
1216
1217
1218
1219
1220
1221
1222
1223
1224
1225
1226
1227
1228
1229
1230
1231
1232
1233
1234
1235
1236
1237
1238
1239
1240
1241
1242
1243
1244
1245
1246
1247
1248
1249
1250
1251
1252
1253
1254
1255
1256
1257
1258
1259
1260
1261
1262
1263
1264
1265
1266
1267
1268
1269
1270
1271
1272
1273
1274
1275
1276
1277
1278
1279
1280
1281
1282
1283
1284
1285
1286
1287
1288
1289
1290
1291
1292
1293
1294
1295
1296
1297
1298
1299
1300
1301
1302
1303
1304
1305
1306
1307
1308
1309
1310
1311
1312
1313
1314
1315
1316
1317
1318
1319
1320
1321
1322
1323
1324
1325
1326
1327
1328
1329
1330
1331
1332
1333
1334
1335
1336
1337
1338
1339
1340
1341
1342
1343
1344
1345
1346
1347
1348
1349
1350
1351
1352
1353
1354
1355
1356
1357
1358
1359
1360
1361
1362
1363
1364
1365
1366
1367
1368
1369
1370
1371
1372
1373
1374
1375
1376
1377
1378
1379
1380
1381
1382
1383
1384
1385
1386
1387
1388
1389
1390
1391
1392
1393
1394
1395
1396
1397
1398
1399
1400
1401
1402
1403
1404
1405
1406
1407
1408
1409
1410
1411
1412
1413
1414
1415
1416
1417
1418
1419
1420
1421
1422
1423
1424
1425
1426
1427
1428
1429
1430
1431
1432
1433
1434
1435
1436
1437
1438
1439
1440
1441
1442
1443
1444
1445
1446
1447
1448
1449
1450
1451
1452
1453
1454
1455
1456
1457
1458
1459
1460
1461
1462
1463
1464
1465
1466
1467
1468
1469
1470
1471
1472
1473
1474
1475
1476
1477
1478
1479
1480
1481
1482
1483
1484
1485
1486
1487
1488
1489
1490
1491
1492
1493
1494
1495
1496
1497
1498
1499
1500
1501
1502
1503
1504
1505
1506
1507
1508
1509
1510
1511
1512
1513
1514
1515
1516
1517
1518
1519
1520
1521
1522
1523
1524
1525
1526
1527
1528
1529
1530
1531
1532
1533
1534
1535
1536
1537
1538
1539
1540
1541
1542
1543
1544
1545
1546
1547
1548
1549
1550
1551
1552
1553
1554
1555
1556
1557
1558
1559
1560
1561
1562
1563
1564
1565
1566
1567
1568
1569
1570
1571
1572
1573
1574
1575
1576
1577
1578
1579
1580
1581
1582
1583
1584
1585
1586
1587
1588
1589
1590
1591
1592
1593
1594
1595
1596
1597
1598
1599
1600
1601
1602
1603
1604
1605
1606
1607
1608
1609
1610
1611
1612
1613
1614
1615
1616
1617
1618
1619
1620
1621
1622
1623
1624
1625
1626
1627
1628
1629
1630
1631
1632
1633
1634
1635
1636
1637
1638
1639
1640
1641
1642
1643
1644
1645
1646
1647
1648
1649
1650
1651
1652
1653
1654
1655
1656
1657
1658
1659
1660
1661
1662
1663
1664
1665
1666
1667
1668
1669
1670
1671
1672
1673
1674
1675
1676
1677
1678
1679
1680
1681
1682
1683
1684
1685
1686
1687
1688
1689
1690
1691
1692
1693
1694
1695
1696
1697
1698
1699
1700
1701
1702
1703
1704
1705
1706
1707
1708
1709
1710
1711
1712
1713
1714
1715
1716
1717
1718
1719
1720
1721
1722
1723
1724
1725
1726
1727
1728
1729
1730
1731
1732
1733
1734
1735
1736
1737
1738
1739
1740
1741
1742
1743
1744
1745
1746
1747
1748
1749
1750
1751
1752
1753
1754
1755
1756
1757
1758
1759
1760
1761
1762
1763
1764
1765
1766
1767
1768
1769
1770
1771
1772
1773
1774
1775
1776
1777
1778
1779
1780
1781
1782
1783
1784
1785
1786
1787
1788
1789
1790
1791
1792
1793
1794
1795
1796
1797
1798
1799
1800
1801
1802
1803
1804
1805
1806
1807
1808
1809
1810
1811
1812
1813
1814
1815
1816
1817
1818
1819
1820
1821
1822
1823
1824
1825
1826
1827
1828
1829
1830
1831
1832
1833
1834
1835
1836
1837
1838
1839
1840
1841
1842
1843
1844
1845
1846
1847
1848
1849
1850
1851
1852
1853
1854
1855
1856
1857
1858
1859
1860
1861
1862
1863
1864
1865
1866
1867
1868
1869
1870
1871
1872
1873
1874
1875
1876
1877
1878
1879
1880
1881
1882
1883
1884
1885
1886
1887
1888
1889
1890
1891
1892
1893
1894
1895
1896
1897
1898
1899
1900
1901
1902
1903
1904
1905
1906
1907
1908
1909
1910
1911
1912
1913
1914
1915
1916
1917
1918
1919
1920
1921
1922
1923
1924
1925
1926
1927
1928
1929
1930
1931
1932
1933
1934
1935
1936
1937
1938
1939
1940
1941
1942
1943
1944
1945
1946
1947
1948
1949
1950
1951
1952
1953
1954
1955
1956
1957
1958
1959
1960
1961
1962
1963
1964
1965
1966
1967
1968
1969
1970
1971
1972
1973
1974
1975
1976
1977
1978
1979
1980
1981
1982
1983
1984
1985
1986
1987
1988
1989
1990
1991
1992
1993
1994
1995
1996
1997
1998
1999
2000
2001
2002
2003
2004
2005
2006
2007
2008
2009
2010
2011
2012
2013
2014
2015
2016
2017
2018
2019
2020
2021
2022
2023
2024
2025
2026
2027
2028
2029
2030
2031
2032
2033
2034
2035
2036
2037
2038
2039
2040
2041
2042
2043
2044
2045
2046
2047
2048
2049
2050
2051
2052
2053
2054
2055
2056
2057
2058
2059
2060
2061
2062
2063
2064
2065
2066
2067
2068
2069
2070
2071
2072
2073
2074
2075
2076
2077
2078
2079
2080
2081
2082
2083
2084
2085
2086
2087
2088
2089
2090
2091
2092
2093
2094
2095
2096
2097
2098
2099
2100
2101
2102
2103
2104
2105
2106
2107
2108
2109
2110
2111
2112
2113
2114
2115
2116
2117
2118
2119
2120
2121
2122
2123
2124
2125
2126
2127
2128
2129
2130
2131
2132
2133
2134
2135
2136
2137
2138
2139
2140
2141
2142
2143
2144
2145
2146
2147
2148
2149
2150
2151
2152
2153
2154
2155
2156
2157
2158
2159
2160
2161
2162
2163
2164
2165
2166
2167
2168
2169
2170
2171
2172
2173
2174
2175
2176
2177
2178
2179
2180
2181
2182
2183
2184
2185
2186
2187
2188
2189
2190
2191
2192
2193
2194
2195
2196
2197
2198
2199
2200
2201
2202
2203
2204
2205
2206
2207
2208
2209
2210
2211
2212
2213
2214
2215
2216
2217
2218
2219
2220
2221
2222
2223
2224
2225
2226
2227
2228
2229
2230
2231
2232
2233
2234
2235
2236
2237
2238
2239
2240
2241
2242
2243
2244
2245
2246
2247
2248
2249
2250
2251
2252
2253
2254
2255
2256
2257
2258
2259
2260
2261
2262
2263
2264
2265
2266
2267
2268
2269
2270
2271
2272
2273
2274
2275
2276
2277
2278
2279
2280
2281
2282
2283
2284
2285
2286
2287
2288
2289
2290
2291
2292
2293
2294
2295
2296
2297
2298
2299
2300
2301
2302
2303
2304
2305
2306
2307
2308
2309
2310
2311
2312
2313
2314
2315
2316
2317
2318
2319
2320
2321
2322
2323
2324
2325
37.60736835340934 9.2981208900481 0
37.5093275910283 8.610060290544935 0
37.43785025909578 7.935659167750215 0
37.38460768813104 7.273114627377887 0
37.3476793047965 6.619779221039993 0
37.32403123808641 5.973071057834342 0
37.31212883015664 5.330399262487772 0
37.3112716128343 4.68918411848045 0
37.3214277025254 4.046743259053793 0
37.34312039487111 3.400166533656302 0
37.37755378365959 2.746255134240025 0
37.42743728095817 2.081692651698249 0
37.4973246468592 1.403442932553066 0
37.59555403699877 0.7095484607822442 0
34.77857907804999 9.328351521292875 0
34.66000394773903 8.65853493369001 0
34.57356225499336 7.990669118408899 0
34.51092500614689 7.3247355035613 0
34.46717484054319 6.66051631075755 0
34.4391472088882 5.997629314658407 0
34.42507672742452 5.335546745015017 0
34.42409350320243 4.673649983994983 0
34.43615898525855 4.011276450574194 0
34.4620855663222 3.347787555145246 0
34.50362360026548 2.682625978971656 0
34.56397213522845 2.015383591370687 0
34.64809190950496 1.345847241854063 0
34.76448800700167 0.6740124028732861 0
31.3640038482169 9.332997661467001 0
31.33462925490737 8.666129397790908 0
31.31388798338932 7.999447491714032 0
31.29943151750707 7.332994898137156 0
31.28960305562866 6.666767983628204 0
31.28335657912225 6.000715386207434 0
31.27988888300973 5.33475993611876 0
31.27876746334107 4.668790536277331 0
31.27987654374854 4.002687218511797 0
31.28351834662701 3.336343316902378 0
31.29028737425281 2.669683923995558 0
31.30113296936916 2.002683277765323 0
31.31736209019233 1.335353952540302 0
31.34092241146626 0.6677659054942291 0
27.76460047733039 9.333438317898981 0
27.86515649655718 8.666871271077005 0
27.94454477786896 8.000291580855992 0
28.00563511760283 7.333710084505073 0
28.05023884199315 6.667132145215917 0
28.07944200982928 6.000555698284733 0
28.0938486244306 5.333970736867967 0
28.09371029946994 4.66736222853986 0
28.07898170951824 4.000714426451944 0
28.04931985278282 3.334015962142905 0
28.00402674436124 2.667264105975724 0
27.94191617186877 2.000467262342034 0
27.86106178446538 1.333643739872974 0
27.75844566489301 0.6668160744342426 0
24.47993021867139 9.33341836235307 0
24.70203374321765 8.666818794613034 0
24.87412264661951 8.00018121599601 0
25.00497264050227 7.333531217596785 0
25.10037234986829 6.666883681600142 0
25.16314629393566 6.000233538313856 0
25.19497131492885 5.333576323617744 0
25.19670359044883 4.666907903492044 0
25.16835475908954 4.000224845475284 0
25.10908315852179 3.333525163901526 0
25.01722430620629 2.666808848663202 0
24.8899555819273 2.000077279787625 0
24.7214611422699 1.333354398174281 0
24.50279721077894 0.6666652334348742 0
21.75349693790049 9.333365211452852 0
22.06276122330199 8.666691634834541 0
22.30428588172485 8.000028874465672 0
22.4894876628411 7.333368710628507 0
22.62483074868086 6.666707863655974 0
22.71432188141218 6.000044749427762 0
22.76037110198499 5.333378146654272 0
22.76417585868633 4.666707154311603 0
22.72586375101352 4.000031475974332 0
22.64449559529504 3.333351749385109 0
22.51800921315638 2.666669722322172 0
22.34286085376564 1.99998808016767 0
22.11332577450379 1.333309056881893 0
21.81921948328648 0.6666316346773504 0
19.54996602363308 9.333287942885363 0
19.92680814451841 8.666595561405803 0
20.22107154132333 7.999913649693307 0
20.44658757972828 7.333238565894324 0
20.61130810086604 6.666567810633627 0
20.72028641514201 5.999899543006293 0
20.77662591095187 5.333232547568739 0
20.78191115035888 4.666566200899951 0
20.7363565965268 3.999900509133321 0
20.63884554811867 3.333236144167174 0
20.48684943768501 2.666574423397667 0
20.27608796326348 1.999917309490656 0
19.99978825923578 1.333267367527508 0
19.64615422022939 0.6666276729633518 0
17.75961629379931 9.33322570561478 0
18.19132876983611 8.666492767675198 0
18.52697472180752 7.999785789183967 0
18.78315536224656 7.33309579752892 0
18.96970198997611 6.666417449808752 0
19.09286859127524 5.999747461536157 0
19.15649038407818 5.333083715282817 0
19.16251109054702 4.666425041597996 0
19.11116706740225 3.99977104335421 0
19.00105432148356 3.333121998327806 0
18.82893719580889 2.666478707843402 0
18.58933573179194 1.999842583345317 0
18.27342957985516 1.333215501101325 0
17.86599927804843 0.6665999288298927 0
16.27790430774866 9.33314106054268 0
16.7601024409057 8.666359293468922 0
17.12969645537995 7.999623961777193 0
17.4094774213045 7.332919115341006 0
17.61223251503491 6.666235262897185 0
17.74566204576602 5.999567157863931 0
17.81436482343834 5.332911019128586 0
17.82059762474798 4.666264484332536 0
17.76458885723951 3.999626319998647 0
17.64461515183654 3.332996096377319 0
17.4566505081328 2.666373877000468 0
17.19378638149933 1.999760831470256 0
16.84450158874198 1.333158304643386 0
16.38864943210781 0.6665693111065849 0
15.04992152285265 9.333025163457897 0
15.56737415162468 8.666183575073905 0
15.96094537203136 7.999416068592865 0
16.25704558646391 7.332696874691937 0
16.47071543815779 6.666010950496712 0
16.61090910452476 5.999349440196704 0
16.68282778991135 5.332706498670126 0
16.68897086605932 4.666078191837361 0
16.6295616378861 3.999462008370077 0
16.50254456431733 3.332856366626189 0
16.3032561598806 2.666260497279942 0
16.02349228735472 1.999674948255531 0
15.64934519434607 1.333100363940332 0
15.15614626250953 0.6665404281080658 0
14.03468585812286 9.332870234019357 0
14.56676562417153 8.665960576822828 0
14.97158546088883 7.999158394452752 0
15.27573506845578 7.332425019151902 0
15.49484908316055 6.665740373661618 0
15.63839722738592 5.999090392384886 0
15.71183467388872 5.332466923697025 0
15.71773903365482 4.665864128205415 0
15.65630139041857 3.999277525728138 0
15.52527862450288 3.332703832084408 0
15.31963021820488 2.666141343570616 0
15.03040182569068 1.999588726178583 0
14.64249403716573 1.333046796118935 0
14.12947107882897 0.6665185030544052 0
13.19103063666474 9.332649703903916 0
13.72056101489454 8.665686128008129 0
14.12437658989458 7.998849301712231 0
14.42830592455709 7.332103434373268 0
14.64746243416227 6.665422176372063 0
14.79102030687908 5.99878887772244 0
14.86435690086907 5.332191333621297 0
14.86995427659187 4.665621485748536 0
14.80795227304922 3.999072361122642 0
14.67606904655964 3.33253842587161 0
14.46923716705864 2.666016585003684 0
14.17850701153841 1.999504553827399 0
13.78895454082353 1.333002741547589 0
13.27505813067617 0.6665155292571896 0
12.48729084513785 9.332362859695444 0
12.99870209788857 8.665360076413869 0
13.39061742848094 7.998492395557303 0
13.68672276485499 7.331732634894411 0
13.90077594799467 6.66505700179634 0
14.0411896974904 5.998444277598644 0
14.11289697087085 5.331878973411811 0
14.11816769257904 4.665349781788327 0
14.05707615342281 3.998846369045654 0
13.92746217766099 3.33236049783396 0
13.72456756915406 2.665888528412213 0
13.44004566067324 1.999425820269206 0
13.0602285785635 1.332974506867006 0
12.56201627108842 0.6665476988487584 0
11.89943543690562 9.332105468939933 0
12.37814569415414 8.665002087173583 0
12.74825470809883 7.998096469929951 0
13.02955348671303 7.331320614311815 0
13.23374055677934 6.664648710313277 0
13.36802387219024 5.998058059388071 0
13.43664892660101 5.331529612163003 0
13.44159833753539 4.66504735208675 0
13.38289829408352 3.998598251479472 0
13.25857023621662 3.332169294064952 0
13.06443274846729 2.665756108669806 0
12.79321003570686 1.999353925702445 0
12.43313086184496 1.332969725064046 0
11.96438663505691 0.6666241080263129 0
11.40575643063569 9.331809122374354 0
11.840142722775 8.664609581488062 0
12.17989019414864 7.997669128579743 0
12.44017783224411 7.330872037913483 0
12.6301465307366 6.664199578231583 0
12.75552525427685 5.997631340361757 0
12.81974721901858 5.331141754003654 0
12.82438357159003 4.664711680387443 0
12.76942306635223 3.998322454234712 0
12.65321975500495 3.33195981370384 0
12.47227323655673 2.665615232647903 0
12.22063647825622 1.99928587337292 0
11.88879602012443 1.332989542779987 0
11.46066341020306 0.6667262012908703 0
10.98663194970161 9.331543015183168 0
11.36870134108135 8.664180812233099 0
11.67131396170383 7.997212995530033 0
11.90530631285915 7.330390097134659 0
12.077195869413 6.663711859953036 0
12.19116045101599 5.997162315319201 0
12.24973877197595 5.330713424602597 0
12.25408119848342 4.664339648551481 0
12.20415720936338 3.998017242230409 0
12.09865864872028 3.331728135639698 0
11.93485060095409 2.665460320050447 0
11.70820010640606 1.999215103094875 0
11.41155289703585 1.333033358469685 0
11.03253112789645 0.6668511677470343 0
10.62601826741037 9.33133004749682 0
10.95014235986714 8.663716269792916 0
11.21055915434985 7.996745912844148 0
11.41399218497213 7.329886970040796 0
11.56450299154152 6.663192891993943 0
11.66483276199186 5.996654180456909 0
11.71666210446418 5.330243073884818 0
11.72075926575316 4.66392768990291 0
11.67705612630164 3.997678300301109 0
11.58454658897969 3.331467027752352 0
11.44129841633535 2.665283725628322 0
11.24412073904809 1.999137204333166 0
10.98810480898446 1.333099391412383 0
10.66456859963377 0.6668518956433633 0
10.30987278667282 9.331122975574836 0
10.57256245734051 8.663310509404553 0
10.78742358901017 7.996281402061722 0
10.95705625979052 7.329363118912472 0
11.08350201248683 6.662638422716829 0
11.16830327050848 5.99610193743702 0
11.21242290352102 5.329725641389043 0
11.21629939718012 4.663468123395342 0
11.17982073082387 3.997293514693545 0
11.10230446542396 3.331168767068942 0
10.98246556913151 2.66507626526604 0
10.81828081408997 1.999031572182926 0
10.60685200222606 1.333143027494401 0
10.34368643055651 0.6668509073484703 0
10.02503221576844 9.330994513482496 0
10.22566587303669 8.663014757718519 0
10.39304772332561 7.995834782667712 0
10.52657868047382 7.328823345738456 0
10.62687654957223 6.662046925560844 0
10.69461563338072 5.9955011494899 0
10.7302355815872 5.329153629633449 0
10.73391058080288 4.662955393499045 0
10.70552305327427 3.996860722122908 0
10.64463121104859 3.330827978619081 0
10.55045314609263 2.664830066627802 0
10.42185182860747 1.998880834341481 0
10.25745099568864 1.333059614085937 0
10.05659077615982 0.6668411885457566 0
9.760276299423946 9.330949816909953 0
9.900568534001767 8.662810057786141 0
10.01969527764252 7.995396055110309 0
10.11562085302115 7.328261346929722 0
10.1882462989746 6.661412992413066 0
10.23774634528148 5.994845166354787 0
10.264247638224 5.328519565280669 0
10.26775121403832 4.662382375679225 0
10.24813086725007 3.996372177867144 0
10.20512781239374 3.330437431342117 0
10.13829347053436 2.664540993369344 0
10.04703159519039 1.998683753269077 0
9.930832379904741 1.332876714065326 0
9.791038134757672 0.6667114702282793 0
9.507267788042721 9.330899871268841 0
9.58977354470559 8.662585176804386 0
9.660543260200095 7.99494428095757 0
9.71796970139134 7.327662533987159 0
9.761899559871454 6.660720977658325 0
9.792341954553351 5.994116493808557 0
9.809283070938321 5.327807743121697 0
9.812628927085745 4.661740333728588 0
9.802262561899431 3.995820799677561 0
9.778046769327087 3.329991743707643 0
9.739710609053038 2.664205593317817 0
9.686876066543148 1.998446851564665 0
9.619206455490705 1.332677181321615 0
9.53787533298371 0.6665741427586234 0
9.260321675994376 9.330827744577764 0
9.286989064688708 8.662315032080739 0
9.309489139334531 7.994451584184462 0
9.327920972253791 7.327003813726101 0
9.342559620625622 6.659950897257287 0
9.353465315097573 5.993295005681187 0
9.360600372386369 5.326992053895 0
9.363801375468331 4.661026369744363 0
9.362966296839717 3.99520389750872 0
9.358071104152492 3.329489542595546 0
9.348922216561817 2.663825163402636 0
9.335148017521586 1.998183320395727 0
9.316038282433839 1.33247309893305 0
9.291035340423385 0.6664297826390273 0
9.015332076271878 9.330721824517932 0
8.986765103854559 8.661994870434791 0
8.960868667886388 7.993891762124592 0
8.940050240777595 7.326258175249659 0
8.925187482534971 6.659071291897767 0
8.916416025066651 5.992352638365245 0
8.91358915479328 5.326050268528419 0
8.91664370268629 4.660222556235595 0
8.925508339310676 3.994508100233582 0
8.940107849005102 3.328931338828693 0
8.960416312121044 2.663404633056966 0
8.986047038660081 1.997895820855276 0
9.015717065564118 1.332262209443262 0
9.046403287232577 0.6662822814200777 0
8.768782775906963 9.330602271180389 0
8.683925308123989 8.661619073186703 0
8.60910146028173 7.993243559049537 0
8.548968546199783 7.325391013415562 0
8.50478320003883 6.658044681803444 0
8.47656677706534 5.991261027669442 0
8.463963004068844 5.325001898573825 0
8.466865084977906 4.659255320288461 0
8.48523450018388 3.993714383132665 0
8.51909576375318 3.328310264416016 0
8.568699709666914 2.662940736462677 0
8.633853943750328 1.997573304074924 0
8.71293509168186 1.332034135635442 0
8.800598224347025 0.6661360051867589 0
8.516934998668033 9.330480725665286 0
8.372895309992659 8.661183228369438 0
8.248286043778471 7.992478238279633 0
8.149060569202128 7.324355701672038 0
8.076196535746634 6.656817576485182 0
8.029188585642764 5.989967337018308 0
8.007272056896023 5.323780204184684 0
8.010009290200854 4.658140613194831 0
8.037389856932089 3.992819187938365 0
8.089816890675635 3.327631382978663 0
8.168037236665114 2.662438652661698 0
8.272505200320872 1.997214715600379 0
8.401951453442017 1.331766156905824 0
8.549687815266241 0.6659711060158338 0
8.254490963192861 9.330345869852012 0
8.04695510707346 8.660670430371693 0
7.871766915643642 7.991552065212945 0
7.734223403793231 7.323089725460235 0
7.633935699353744 6.655311055702064 0
7.569258754698238 5.988388733974244 0
7.538636410867033 5.322297746208687 0
7.541188469470344 4.656864365109665 0
7.576918883629356 3.991822093634827 0
7.646708560466038 3.326902543074374 0
7.752182044429424 2.6619047149031 0
7.895117316907037 1.996797446235518 0
8.075813147878856 1.331401536101396 0
8.288067977920043 0.6657911706454396 0
7.973000826816919 9.330160397968474 0
7.697483692924914 8.660098658998225 0
7.471721807712914 7.990427269528248 0
7.297623821050091 7.32149008487939 0
7.17199423623859 6.653408896815554 0
7.091339582449326 5.986418941331158 0
7.052919790950993 5.320486284077628 0
7.055265934125029 4.655370410547203 0
7.098367493596239 3.99071222726321 0
7.183702002644937 3.326143002617598 0
7.314146097844478 2.66137566243966 0
7.49355353757196 1.996289942071918 0
7.725492071861018 1.330831728102131 0
8.007251629078127 0.665592728008825 0
7.659473272022966 9.329896985620765 0
7.313326121202671 8.659337503180955 0
7.038922685534562 7.988968550687127 0
6.831512560159158 7.319388713803348 0
6.683699194549362 6.650934203737156 0
6.589442784393994 5.983902308359101 0
6.544473100840485 5.318235508611171 0
6.546590285215077 4.653594651360526 0
6.595739968494896 3.989482111558799 0
6.694086999161768 3.325391483969324 0
6.846036079128107 2.660934897117469 0
7.058214061032198 1.995879978509433 0
7.339415093761005 1.329886138302373 0
7.693658310137645 0.6653553223424071 0
7.295659954492919 9.329516595267986 0
6.880566751020044 8.658231719789615 0
6.56253928613118 7.986935846867866 0
6.327109884100395 7.316515658345393 0
6.161609029185003 6.647611321334793 0
6.05691976423858 5.9805995292408 0
6.007027853985486 5.315376955027249 0
6.00890064514517 4.651452657832669 0
6.062425038499671 3.98812767982061 0
6.170452156172094 3.324707783539057 0
6.339017944067442 2.660689454958187 0
6.577802057798118 1.995843647402132 0
6.901595145655217 1.329785256166488 0
7.326308151446369 0.6651111794285924 0
6.858087416995564 9.328924804318689 0
6.382485992257818 8.656570355752901 0
6.030133573032487 7.983952130718174 0
5.774625064587413 7.312430729035029 0
5.59751655773344 6.643001692734018 0
5.486459673921199 5.976140513128914 0
5.433678642644373 5.311656764461743 0
5.435318317232426 4.648829368208168 0
5.491177041555052 3.986666181789317 0
5.604721021956736 3.32420240309599 0
5.783483601207029 2.660772584944269 0
6.040028238392962 1.996173464586456 0
6.394357919616986 1.330582272669622 0
6.877659065683509 0.6651071910714228 0
6.318406824441961 9.32794650383082 0
5.800336551703441 8.653875659936061 0
5.428094044710399 7.979364093274368 0
5.163502796062459 7.306388807407313 0
4.982630890180625 6.636381008439372 0
4.870238732737206 5.969931915562322 0
4.81703904434751 5.306686356910636 0
4.818495308431088 4.645572056623083 0
4.874300992534756 3.985168207604191 0
4.988360734530694 3.324112917002743 0
5.169362660794462 2.661484172469855 0
5.432152441770953 1.9970619298468 0
5.801101728870241 1.331315510738446 0
6.318567149386167 0.6653478373888757 0
5.646307036010549 9.326191813944657 0
5.114443972162248 8.649336950761453 0
4.74255209632182 7.972024252456193 0
4.483172189502287 7.2970818793457 0
4.308208217495401 6.626521074752075 0
4.200467578490012 5.961003980846296 0
4.149751870503742 5.299862429209419 0
4.151112385385517 4.641486204390852 0
4.204145253183221 3.983832554775161 0
4.312938040183934 3.324952491605048 0
4.486757388210776 2.663504042140245 0
4.741659412222349 1.999173016381943 0
5.104526272121799 1.332769570218393 0
5.623130825488404 0.6658672995435899 0
4.812263239290347 9.322857020743122 0
4.306673911429158 8.641343601796025 0
3.961536249479209 7.9596817127387 0
3.724731953505005 7.282111051244749 0
3.566920556227034 6.611285533595375 0
3.47061471280468 5.947749388427567 0
3.425604793113068 5.290241774771285 0
3.42696502359106 4.636342000042908 0
3.474238153768313 3.983129417104763 0
3.571370359636585 3.327798081163482 0
3.727389747518622 2.668299138362602 0
3.958156203015905 2.004006722511245 0
4.290377366646966 1.336115027828287 0
4.771561935006714 0.6672099636351647 0
3.795150245089943 9.316052864242375 0
3.36716524936537 8.62617607371101 0
3.079380978586155 7.937765508552618 0
2.88412481292006 7.257002047966608 0
2.755360301217365 6.586952520837792 0
2.677486606889218 5.927521098908434 0
2.641442718310069 5.276366019076825 0
2.642870260043575 4.629901481923547 0
2.681322001381028 3.98405191699076 0
2.760183360596997 3.334825875853435 0
2.887298216594076 2.678988462378284 0
3.076602878343198 2.015025445484257 0
3.351477218984036 1.344218810830571 0
3.753389132955012 0.6708092996709466 0
2.607000222871524 9.300566926043656 0
2.306407973549862 8.595296828841187 0
2.103676797674988 7.896997153566343 0
1.967049216255182 7.213594816013844 0
1.87778560673018 6.547280787790433 0
1.824328802810261 5.89617212140106 0
1.799929473960638 5.256094048686033 0
1.801349751939391 4.621963782393885 0
1.828221467788212 3.988435697602501 0
1.882960971532285 3.350100506583138 0
1.971256627889601 2.701908603443089 0
2.103230741878978 2.040188631985247 0
2.295664919613396 1.364698217623853 0
2.577504959779686 0.6810938445438013 0
1.312329155293513 9.261598135156417 0
1.162737761207673 8.528636893663414 0
1.061391634407933 7.819554298985762 0
0.9937151906918767 7.138230241513543 0
0.9499862284655132 6.482871573325392 0
0.9240708384549605 5.848034603395188 0
0.9123939037663911 5.226692577256424 0
0.9134518727088332 4.612339222445279 0
0.9270408927343997 3.998985421475019 0
0.9541766222653143 3.380008967144915 0
0.9977027236231986 2.74833956248212 0
1.06270799440014 2.096610653054964 0
1.157455487596295 1.418243241409709 0
1.293593150099127 0.713493611957654 0
37.6720174907929 9.647407610709866 0
38.81751976053405 9.244117222120433 0
38.84593591690017 9.61838927636345 0
37.55391248675564 8.952346956036489 0
38.76986158246419 8.528940437010665 0
38.79214523652231 8.881605205490835 0
37.47209803654172 8.27116060141244 0
38.73363228663464 7.850082758789242 0
38.75048192224524 8.185750219969108 0
37.4089316573632 7.603077571012197 0
38.70682194340485 7.196927369199227 0
38.71914858621092 7.520929190591588 0
37.36433399061126 6.945456682833173 0
38.68791581640789 6.561118481751124 0
38.69646634295025 6.877299417802366 0
37.33431492589391 6.29575986570114 0
38.67574223359873 5.936662704057468 0
38.68104010986246 6.247795802505891 0
37.31667234705633 5.651391186798195 0
38.66958002048288 5.31903085220643 0
38.67194156665413 5.62724655759969 0
37.31033456138906 5.009773367335059 0
38.66906216888282 4.704468016370287 0
38.66862283639936 5.011604234797851 0
37.31495066650923 4.368292149537184 0
38.67417580695054 4.08909579849476 0
38.67090817109914 4.39715198139759 0
37.33077980923513 3.72416533988851 0
38.68517270347511 3.468201316010323 0
38.67890983984748 3.779680461602897 0
37.35861074341356 3.074334876824607 0
38.70273185032863 2.835481702920165 0
38.69306690191897 3.153772880124015 0
37.40033238670941 2.41550795925976 0
38.72813758290501 2.182338199295248 0
38.71434391784715 2.512041877413809 0
37.45948979445419 1.744435869255103 0
38.76342050689052 1.49778192151396 0
38.74439799607755 1.844587225152296 0
37.54213112274825 1.058498914351977 0
38.81098289414425 0.7708187231207848 0
38.78557128675003 1.13980147562598 0
37.66003043822079 0.3566288139409792 0
38.83956773699483 0.3893212487906847 0
34.85433042495081 9.663955787015293 0
36.23213483942533 9.319832155090873 0
36.28883905158239 9.659393306712213 0
34.71451934404776 8.993205623951042 0
36.13207206038968 8.644438060294341 0
36.17964319721761 8.981486377381691 0
34.61344822756632 8.324350081971993 0
36.05211774269806 7.974280920522462 0
36.08959226440569 8.308710374617629 0
34.53962019502791 7.657470864666829 0
35.9912160887894 7.309075701206631 0
36.01934764863294 7.641094194351375 0
34.48692401082918 6.992431588096457 0
35.94783522909566 6.648086436207493 0
35.96745966866904 6.978113034475594 0
34.45132955610741 6.328936644955422 0
35.91800769710669 5.990402013740007 0
35.93097996199667 6.318932030635275 0
34.4304381661386 5.666524247671244 0
35.90308705322445 5.334596750907018 0
35.90875360801374 5.66234388026371 0
34.4229683905961 5.004616330964229 0
35.9023089942343 4.679362023181079 0
35.90093967562018 5.006993344642833 0
34.42846427499829 4.342563943918416 0
35.91576902879123 4.023317037955421 0
35.90722538374668 4.351528316988579 0
34.44730383275962 3.679708797579543 0
35.94437478240067 3.365074070680886 0
35.92807851629622 3.694554867919098 0
34.48074184598541 3.015445656989963 0
35.98591297482804 2.702965418670792 0
35.96309787387797 3.034569882472046 0
34.53117922780908 2.349282958576193 0
36.04483307033661 2.035929957325919 0
36.01307011846616 2.370126587762876 0
34.60271647458523 1.680907593591547 0
36.12239016685577 1.363134269659263 0
36.0814797457041 1.700285267198661 0
34.70147174623828 1.010211141977152 0
36.22007043961264 0.6843063141703993 0
36.16866932047892 1.024465224681743 0
34.83935480094058 0.3372695344140109 0
36.27581632572441 0.3427530830206944 0
31.38313185660617 9.666487759398224 0
33.09655952806096 9.331834756014782 0
33.13466995557549 9.665868510590895 0
31.3480174102292 8.999542033739111 0
33.02983420976042 8.664171891712467 0
33.06154464087764 8.997928287170536 0
31.32333859406342 8.332759641255237 0
32.97637826882815 7.997167186635459 0
33.00146637543524 8.330581598974474 0
31.30599697922776 7.66619027015513 0
32.9355336035539 7.330871112560271 0
32.95445126953511 7.663931447244628 0
31.29403095670179 6.999853932508136 0
32.90607341594342 6.665233114357601 0
32.91945674956229 6.997976804241305 0
31.28609391256108 6.333723506017529 0
32.88680876492255 6.000110614166216 0
32.89523147325171 6.332619496370317 0
31.2813082673396 5.667731989600739 0
32.87685333325283 5.33528667637374 0
32.88071110841411 5.667677147886046 0
31.27905549699039 5.001784577378479 0
32.87568384491897 4.670494709054095 0
32.87517788530513 5.002904458859702 0
31.27903340010799 4.335762841474962 0
32.88325171863078 4.005450098720466 0
32.8783592481477 4.338021475055021 0
31.28135066571349 3.669550965604532 0
32.89996757913893 3.339886445875367 0
32.89042500221893 3.672748138255032 0
31.28646254045901 3.003056042365672 0
32.92665547878062 2.673590066773438 0
32.91200252189941 3.006840356804343 0
31.29514180911309 2.336228466129862 0
32.96443357555894 2.006428521874622 0
32.94408530193102 2.340122059013491 0
31.30846498649657 1.669058316179745 0
33.01445710189773 1.338370216913601 0
32.98785286767357 1.672509119243811 0
31.32804627159764 1.001588834293002 0
33.07738078942479 0.6694954230008552 0
33.04431033575479 1.004025464894193 0
31.35644053507755 0.3338975923766441 0
33.11347220919507 0.3348083215707209 0
27.70486592606956 9.666721216570194 0
29.55818093378324 9.333361324444311 0
29.54055940357875 9.666680516858644 0
27.81779492983263 9.000155251239281 0
29.5899916596369 8.666749599940101 0
29.57467810383747 9.000050186714201 0
27.90729195284128 8.333580415500109 0
29.61677601470793 8.000145094077482 0
29.60401729091723 8.33344114273363 0
27.97723742035672 7.66699841229328 0
29.6383811339179 7.333605646586351 0
29.62824369270174 7.666870689349598 0
28.02990642454633 7.000418497132559 0
29.65459200501587 6.667132693327527 0
29.64717148254142 7.000362045716654 0
28.06670895917365 6.333842716041632 0
29.6652568392923 6.000707098944535 0
29.66062940382981 6.333913883535409 0
28.08846204447822 5.66726436193705 0
29.67024286515813 5.3342995462861 0
29.6684643684015 5.667504053564742 0
28.09558394477249 5.000670358068688 0
29.66945444364107 4.667866570327053 0
29.67057845407585 5.001089153710127 0
28.0881727850943 4.334044752148562 0
29.66283349699935 4.001361852740883 0
29.66687944323925 4.334626485699947 0
28.06604047410458 3.667373258923616 0
29.650354860263 3.334748890873467 0
29.65732761756215 3.668070635714305 0
28.02867667769687 3.000648325520436 0
29.63201535689092 2.668000744619188 0
29.64191408792051 3.001390131732303 0
27.97516580148953 2.333872305347505 0
29.60786341184252 2.001115844668574 0
29.62066267221211 2.334572525080664 0
27.90399249776384 1.667059103015113 0
29.57798487573167 1.33411870779319 0
29.59362470539168 1.66763254265642 0
27.81275846523823 1.000229554694356 0
29.5424698518584 0.6670773350645023 0
29.56089595850621 1.000605840568933 0
27.69738450436704 0.333404509997635 0
29.52277336131807 0.3335385958666137 0
24.34597052621434 9.66671082096167 0
26.08840717302909 9.33342493820119 0
26.0047755348467 9.666715222903905 0
24.59787336980557 9.000122279167568 0
26.23625454732921 8.666833006572865 0
26.16563947274274 9.000130330086176 0
24.794038168417 8.333509121951982 0
26.35744033235684 8.000228014830135 0
26.30017653898924 8.333532118693634 0
24.94421406439226 7.666855532248141 0
26.45251841616811 7.333613962613483 0
26.40817289857264 7.666921731499867 0
25.05689340460225 7.000207479000077 0
26.52264369510935 6.666994673236578 0
26.49062692513148 7.000304897451977 0
25.13570886440034 6.333559216587106 0
26.56891768978018 6.000369425052398 0
26.54869966217707 6.333682969896646 0
25.18285660102556 5.66690608451837 0
26.59217416616 5.333733757380716 0
26.58338349143299 5.667053267620489 0
25.19957686558441 5.000243752111666 0
26.59289902027737 4.667081178214546 0
26.5953404585392 5.000410011332307 0
25.18632390033949 4.333568372518988 0
26.57106553423312 4.000405191839425 0
26.58482427739538 4.33374645966987 0
25.1426645101975 3.666877128747003 0
26.52614976334257 3.333701783907342 0
26.55153703096049 3.667057014118908 0
25.06736917284737 3.000169017764298 0
26.4572683903174 2.666971893579802 0
26.49477232154199 3.000339868257182 0
24.95825209926135 2.333444876348946 0
26.36327517542028 2.000222800437584 0
26.4134878256098 2.333599062258832 0
24.8116642139588 1.66670622884343 0
26.24299711062721 1.333467899109208 0
26.30648225059118 1.666845149520343 0
24.61906156767842 1.000006487858187 0
26.09589976524031 0.6667225266535874 0
26.17277922864297 1.000093002493236 0
24.37034688635379 0.3333304054456665 0
26.01262741353209 0.333357152201911 0
21.5667207882062 9.666710549118259 0
23.06997709495231 9.33337060667928 0
22.92602091497474 9.666688537505134 0
21.91765947466594 9.000026299464865 0
23.32212024877418 8.666733771394385 0
23.20212931098347 9.000052504588108 0
22.19109857204953 8.333359557274743 0
23.52611296126532 8.000091318049265 0
23.43002845557546 8.333413710967289 0
22.40343282985495 7.666698725573442 0
23.68451714043151 7.333441343204264 0
23.61079199149099 7.66676698087051 0
22.56307613821014 7.000038464251004 0
23.80079631276504 6.666787135172388 0
23.74771907366888 7.000114703594766 0
22.67510249059339 6.33337665235551 0
23.87776330603205 6.000128735356455 0
23.84405401212687 6.333458534560093 0
22.74265094884549 5.666711937312648 0
23.91718475856189 5.333464587032068 0
23.9021033675549 5.666797502063899 0
22.76749544892769 5.000043231182237 0
23.9199795187324 4.666792939656079 0
23.92315093046788 5.000129800759488 0
22.7502940674157 4.333369891051712 0
23.88623731259289 4.000112602422335 0
23.90770781911042 4.333453892164878 0
22.69063882725602 3.666692048191928 0
23.81512275634087 3.333423632947576 0
23.85542035152788 3.666769127908956 0
22.58705482347425 3.000010887027056 0
23.70505463673627 2.666727984749039 0
23.76509375748504 3.000076427864926 0
22.43679493678463 2.333328689805384 0
23.5534303726769 2.00003048131767 0
23.63463228917592 2.333379007261244 0
22.23536623686831 1.666648213072934 0
23.35711402668164 1.333339936391447 0
23.46104448714274 1.666683765361165 0
21.97530320259439 0.9999703691065731 0
23.11408468467888 0.6666604204557265 0
23.24144485677291 0.999998724661789 0
21.64184575096941 0.3332920266689303 0
22.97557403045689 0.3333255220003783 0
19.32221716063668 9.66664047556778 0
20.60629171519604 9.333319973372898 0
20.41298502575338 9.666658565388948 0
19.74998324660783 8.999940118077939 0
20.94085702269862 8.666643290636799 0
20.78228935204772 8.999981151124025 0
20.08317262882949 8.333253576011208 0
21.20816595097236 7.999971391495492 0
21.08252761018788 8.333306717080355 0
20.34181177833543 7.666575421794041 0
21.41447580924299 7.333303351672759 0
21.31853229065228 7.666637008261023 0
20.53614514222502 6.999902770624598 0
21.56552807020175 6.666637055276485 0
21.49658208724344 6.99997008214693 0
20.67249502335309 6.333233448830171 0
21.66551861124533 5.999970832616105 0
21.62167308600748 6.333303998829782 0
20.75486678066378 5.666565937173247 0
21.7171421458085 5.333303533417216 0
21.6972281200433 5.66663735905099 0
20.78557069097535 4.999899313639412 0
21.72177292103332 4.666634521098953 0
21.7252600947097 4.999969257892706 0
20.76548992647628 4.333233262499444 0
21.67965708828542 3.99996374429435 0
21.70659737621589 4.333299329090943 0
20.69418426574816 3.666568115340743 0
21.58963120081344 3.333292013959245 0
21.64072818014201 3.666627924535948 0
20.56984808283831 2.999904869389521 0
21.44967903781419 2.666620707348901 0
21.52610163791017 2.999956175766382 0
20.38913939248346 2.333245164608161 0
21.25609188522036 1.99995213269259 0
21.35988114006148 2.333285900961536 0
20.14671718923084 1.666591243426145 0
21.00415064051617 1.333288981105324 0
21.137757718686 1.666619661616214 0
19.83375218037587 0.9999460505272495 0
20.68889351292787 0.6666358652307522 0
20.85462974423339 0.9999607350759776 0
19.43318398468712 0.333312378306192 0
20.50728956320923 0.3333160731423703 0
17.4978851766109 9.666606214479296 0
18.6165715396895 9.333258753049376 0
18.38210625501501 9.666624866741026 0
17.98900174786413 8.999855158950945 0
19.01639828556835 8.66654680303359 0
18.82776024907554 8.999899943516255 0
18.36992427664076 8.333136568461137 0
19.3317568223647 7.999852795796484 0
19.18389041827398 8.333198085814292 0
18.66430885202152 7.666438954579688 0
19.5735551661668 7.333170317124648 0
19.46126811014261 7.666510384133289 0
18.88471109918435 6.999755323889548 0
19.74996318572073 6.666495592109801 0
19.66948644090508 6.999832203976242 0
19.03895831457182 6.333081505536029 0
19.86660438590421 5.999826074331228 0
19.81545533497102 6.33316031725268 0
19.13200151250593 5.666414855500494 0
19.9268562359314 5.333160262317265 0
19.90362607374607 5.666492771638033 0
19.16668561646366 4.999753763985669 0
19.93260383712192 4.666497305849253 0
19.93654155009865 4.99982843155648 0
19.14410181482012 4.333097448583621 0
19.88400785591829 3.999837102194504 0
19.91510142328485 4.333166857838394 0
19.06364854154594 3.66644587413187 0
19.77982572672574 3.333180154063222 0
19.83903806263824 3.666508155066055 0
18.9230666227489 2.999799593837567 0
19.6172239738084 2.666527563499328 0
19.70610405748809 2.999853215512781 0
18.71805764702314 2.33315970455241 0
19.39145165085912 1.999880999554549 0
19.51264835767601 2.333203415753812 0
18.44168351578815 1.666527858114991 0
19.09539339655219 1.333242594942356 0
19.25277550849023 1.666560640451567 0
18.08257854052085 0.9999061706498393 0
18.7197300702205 0.6666147228539492 0
18.91810650829139 0.9999271895698012 0
17.61872662515157 0.3332976337557145 0
18.49969665669758 0.3333055410908523 0
15.98046760135831 9.666557582572743 0
16.98782596976071 9.333186842023714 0
16.71519508675812 9.66658445438293 0
16.53521845306241 8.999742831803538 0
17.44282727799425 8.666430465336482 0
17.22937369917188 8.999803422549739 0
16.95723652371089 8.332986659403177 0
17.79611796786438 7.999709943649315 0
17.63094289323077 8.333066665999242 0
17.27989213395148 7.666268145737384 0
18.0649122512032 7.333012419649589 0
17.94031121494313 7.666358575941384 0
17.51994398438971 6.999574702638697 0
18.26023664607457 6.666330940001862 0
18.17125749843678 6.999669926997419 0
17.68731655339891 6.332899249049238 0
18.38897233934392 5.999661490712518 0
18.33263591900188 6.332994864137 0
17.78795313495561 5.666237654408803 0
18.45539172410154 5.333000950989881 0
18.42983934105712 5.66633014711611 0
17.82527457404391 4.999586603491437 0
18.4615651010082 4.666347720562058 0
18.46591476077525 4.999673519506595 0
17.80047610399425 4.332944445423688 0
18.40772985766041 3.999701019551757 0
18.44224463260213 4.333023586595539 0
17.7128287827251 3.66631033902325 0
18.29239608718983 3.333060922914742 0
18.35793692456843 3.666380127705284 0
17.55951689348853 2.999684149845642 0
18.11176379375534 2.666427575193001 0
18.21054601301842 2.999743353359238 0
17.33520370224164 2.333066426685273 0
17.85981659355465 1.999802484021004 0
17.99525391626027 2.33311402245488 0
17.03094657289751 1.666458438050357 0
17.52658671526857 1.33318731390005 0
17.7041936297164 1.666493659472619 0
16.63177271367091 0.9998621114359043 0
17.09690424961067 0.666584814460621 0
17.32499151030916 0.9998844255975019 0
16.10854594136431 0.3332817785766791 0
16.84012438053768 0.3332898311177024 0
14.72912421044536 9.666488660892407 0
15.63649667330817 9.33308703091868 0
15.3313929087845 9.666526474361067 0
15.32655703057361 8.999592026834478 0
16.13717310539592 8.666276619192809 0
15.90351867504619 8.999672870624053 0
15.77764507786412 8.332791874435788 0
16.52020740256604 7.99952536635322 0
16.3416592830176 8.332894630705582 0
16.12009018531442 7.666050830542853 0
16.80910497428797 7.332813952589349 0
16.67537780563132 7.666165727893997 0
16.3735535473183 6.999349808460705 0
17.01801901084266 6.666128342357944 0
16.92294474009791 6.99946826353365 0
16.54964430905413 6.33267708665687 0
17.15525352708343 5.999463146250259 0
17.09523758834042 6.332793447765201 0
16.65523108430644 5.666025690925305 0
17.2258027891815 5.332812894744809 0
17.19870559706938 5.666136163851107 0
16.69408960261152 4.999390658001652 0
17.23202504674873 4.666174765834015 0
17.23685708541517 4.999492494183676 0
16.66756626336753 4.332768817790145 0
17.1741442350525 3.99954685830089 0
17.21112915386625 4.332859556240434 0
16.57476661242148 3.666158261657097 0
17.05027166986989 3.332928214136524 0
17.12070311685488 3.666236617818743 0
16.41238524672848 2.999557726119137 0
16.85601189669592 2.666318125121479 0
16.9623137336574 2.999622023342972 0
16.17416889764702 2.332967113129654 0
16.58386808525245 1.999718745191275 0
16.73033107277977 2.333017074884737 0
15.84941637842513 1.666386525446995 0
16.22098412552698 1.33312964525248 0
16.41481314563135 1.666422362871939 0
15.419920796488 0.9998189027623989 0
15.7462681620005 0.6665547045339291 0
15.99936115095722 0.9998397124801683 0
14.84997386434374 0.3332675059977253 0
15.45745087540301 0.3332741358506635 0
13.70637166505881 9.666386401069591 0
14.51890713619185 9.332953147691667 0
14.19627666533878 9.666444443790496 0
14.31896433636913 8.999398111824405 0
15.04560302462144 8.666077316558113 0
14.80020787802941 8.99950160881003 0
14.7831068254204 8.332547580548431 0
15.44641505398715 7.999292832394618 0
15.25975821606524 8.332677071947801 0
15.1351087931199 7.665783497774806 0
15.74760893485771 7.332566352636306 0
15.60828341730533 7.665924476684966 0
15.39525301400226 6.999076508594386 0
15.96468996603319 6.665880948159035 0
15.86593651238663 6.999220142895393 0
15.57568737019671 6.332410897299233 0
16.10698949366296 5.999224780691249 0
16.0447422082499 6.332550235394643 0
15.68370109184531 5.665775269682642 0
16.17987566292999 5.332591020878603 0
16.15185290682207 5.665905756634372 0
15.72319835217968 4.999163214246236 0
16.18591409311424 4.665974760547758 0
16.19114473550662 4.999281009421032 0
15.69555502940528 4.332569285622856 0
16.12530757846935 3.999372587028367 0
16.16397956164356 4.332671870364784 0
15.59976852063856 3.66598992446399 0
15.99589542082516 3.332782153891051 0
16.06940069671634 3.666075579887325 0
15.4322711734373 2.99942240042789 0
15.79277163422941 2.666201945944899 0
15.90395214663749 2.999490227598185 0
15.18625537392008 2.332865041694511 0
15.50731466787273 1.999633045171243 0
15.66107085556472 2.332915935996264 0
14.85009679509823 1.666317656961636 0
15.12477655960081 1.333073414992537 0
15.32942841814144 1.666351985277517 0
14.40401263017894 0.9997817004511367 0
14.62001759547119 0.6665289641829144 0
14.88986660458243 0.9997995556907124 0
13.81086532133048 0.333260879122335 0
14.30978544254768 0.3332626625331683 0
12.86417627595691 9.666195362080877 0
13.59406609907927 9.332770084308278 0
13.26765308443646 9.666307396152806 0
13.47383023954282 8.999148398497637 0
14.12646170310312 8.665828500288509 0
13.87831285206755 8.999281454832008 0
13.93624617555001 8.332252330386552 0
14.53220017915391 7.999009302580096 0
14.34321672158211 8.332407173255392 0
14.28773421534355 7.665465029903586 0
14.83725318953523 7.332268931463011 0
14.69614464266572 7.665632113500389 0
14.54781463693065 6.998755204146662 0
15.05703696350256 6.665586605976416 0
14.95710251473045 6.998921826823098 0
14.72831929722079 6.332099025387426 0
15.20100139701387 5.998944393024908 0
15.13805514187098 6.332261793513521 0
14.8362766754708 5.665485703039344 0
15.2746054892775 5.332333233309718 0
15.24638076340884 5.665635286201646 0
14.87558570832252 4.998903399566645 0
15.28035411217915 4.665746575378184 0
15.28585324706833 4.999037416818363 0
14.84751180940935 4.332345006837692 0
15.21845454243701 3.999178354482482 0
15.25790623324809 4.3324599963258 0
14.75101511504718 3.665804624135743 0
15.08658206476118 3.332623386642052 0
15.16150472887001 3.665899481101958 0
14.58249827316876 2.999277366784557 0
14.87969688909796 2.666080666367334 0
14.9929964893837 2.999351534786036 0
14.33514402456646 2.332761172880721 0
14.58870663009815 1.999546653046316 0
14.74547130523818 2.332812190002024 0
13.99736500091811 1.666253862550427 0
14.19848647335916 1.333023759637416 0
14.40730941389103 1.666285011371208 0
13.54980538630668 0.9997578867371768 0
13.68307682242247 0.6665141672685952 0
13.95868018045683 0.9997676755481959 0
12.95742642380102 0.3332789110778256 0
13.36588237319764 0.3332659380143745 0
12.17305357104633 9.666012245660532 0
12.8234119273914 9.332498521811948 0
12.50320788314924 9.666028982476114 0
12.76005778033054 8.998840913158681 0
13.34566415721827 8.665527537767142 0
13.10212319365612 8.998997982541878 0
13.20781572863294 8.331908724426103 0
13.74483727616671 7.998675198831501 0
13.55875960323305 8.332086691204807 0
13.54964823587189 7.665098155352469 0
14.04578531183076 7.331921466585634 0
13.90653767674192 7.665285477706769 0
13.80340853628039 6.998383758859614 0
14.26302104756533 6.665243118006838 0
14.16418903642715 6.998575804336884 0
13.97983812584047 6.331742327798746 0
14.40537073796894 5.998621293584566 0
14.34315889062535 6.331926269894117 0
14.08546145893014 5.665155646554494 0
14.4781053834842 5.332039098676329 0
14.45024949972517 5.6653251978951 0
14.12381504291839 4.998610482343572 0
14.48353365578325 4.665489651012711 0
14.48914372912699 4.998761113105957 0
14.09602953861044 4.332096151622469 0
14.42179884465444 3.998963107532736 0
14.46112173215051 4.332223493641066 0
14.00108421185655 3.66560277805773 0
14.2906611290128 3.332452708624702 0
14.36512136066012 3.665705476858978 0
13.83562430664943 2.999125001875026 0
14.08516279569118 2.665954763174792 0
14.19761911004257 2.999200707956339 0
13.59321813186043 2.332657096628159 0
13.79660314737494 1.999466521259325 0
13.95197530074132 2.332707461451934 0
13.26320940185215 1.66620009956151 0
13.41057338810488 1.332988224584322 0
13.61697588588573 1.66622504786448 0
12.82795177712422 0.9997570101018884 0
12.90277151850954 0.6665259058379678 0
13.1739877817012 0.9997535363724879 0
12.25566276065573 0.3333239097388012 0
12.59113959565633 0.3332979322448297 0
11.6083450734287 9.665928111898801 0
12.18030038719231 9.332237397588921 0
11.87733923267631 9.665977119381052 0
12.15411850143908 8.998514618837115 0
12.67701818839624 8.665182791312073 0
12.44490770986662 8.998681836320916 0
12.57529261033665 8.331529052625141 0
13.0592060601376 7.998295964615544 0
12.88076052590745 8.331724796180765 0
12.89915689201283 7.664691183141454 0
13.34873769049562 7.331528971150161 0
13.21459546008636 7.66490024468059 0
13.14078089008183 6.997969728842487 0
13.55842476701611 6.664856546754476 0
13.46296167508504 6.998184467278865 0
13.30933204483437 6.331341485080903 0
13.69615434012415 5.998254475829778 0
13.63592488737558 6.331548152099035 0
13.41039032803437 5.664786305213791 0
13.76649254417959 5.331708359624635 0
13.73953850182989 5.664976173295877 0
13.44706097585842 4.998283502603151 0
13.77159861990821 4.665202919122991 0
13.77713054603388 4.998451386792325 0
13.42031090616705 4.331820566287517 0
13.71152086710707 3.998726622607294 0
13.74975724756388 4.331960978359032 0
13.32917207086817 3.665384296462116 0
13.58417087436105 3.332268100733813 0
13.65645946696595 3.665495046257251 0
13.17061617001717 2.998963047748269 0
13.38508925283821 2.665826267035437 0
13.49401278133649 2.99904665053274 0
12.93908204489933 2.332556699569317 0
13.10636462011391 1.999391415811929 0
13.25632043716868 2.332606049950412 0
12.62527578531511 1.666161477642098 0
12.73524811739436 1.332970013778822 0
12.93341901419802 1.666177441159886 0
12.21409601483317 0.9997932891445673 0
12.2502678807739 0.6665815478177932 0
12.50886852033645 0.9997708173250621 0
11.67808237009425 0.3333886792015712 0
11.95387950823717 0.3333548928259797 0
11.14445516722586 9.665820856059275 0
11.64215601115258 9.33196291190759 0
11.36586550581609 9.665876272601308 0
11.63615181776005 8.998137836502872 0
12.09988694030521 8.664809298302476 0
11.88529621601669 8.998333360472083 0
12.02071043577686 8.331118662895983 0
12.45578177584827 7.997884460721136 0
12.28924313402944 8.331329900553254 0
12.31930668258702 7.664251267071522 0
12.72729896942363 7.331098493614496 0
12.60132554599756 7.664473973469642 0
12.54355950173817 6.997516365958683 0
12.92489294985741 6.66442761710357 0
12.83486459705597 6.997749126675604 0
12.70065945353812 6.330902968717913 0
13.0550543289345 5.997848781384246 0
12.99812516894405 6.3311265531673 0
12.79516107016307 5.664376862077305 0
13.12164646654582 5.331339825611607 0
13.09613137746647 5.66458707958409 0
12.82950782853457 4.997920402112618 0
13.12643103857847 4.664884104695547 0
13.13172621917018 4.998106546884991 0
12.80443773551929 4.331514259702935 0
13.06945407428393 3.998466183497265 0
13.10573693075746 4.331671211194047 0
12.7191661101345 3.665140631183442 0
12.9488330512355 3.332069164669983 0
13.01728028905422 3.665265721433837 0
12.57116287068633 2.998788649301182 0
12.76076605576731 2.665689807777281 0
12.86355261382131 2.998875098182778 0
12.3557971043828 2.332451670250796 0
12.49859822804329 1.999322016143936 0
12.6394787472367 2.332501627212249 0
12.06554300079538 1.66613410315408 0
12.15166667923832 1.332977925610845 0
12.3366139201654 1.666144748939842 0
11.68823507673397 0.9998710194924563 0
11.70203586131626 0.6666739105114603 0
11.94127671530181 0.9998249863660513 0
11.20104649426855 0.3334122920044456 0
11.42897682937012 0.3334154038362138 0
10.75954185948114 9.665710612330455 0
11.18801622705912 9.331646739069649 0
10.94362895530139 9.665765891660318 0
11.18866479259019 8.997705392966724 0
11.59701220642962 8.66439754134365 0
11.40459136445684 8.997926333707234 0
11.52911929749415 8.330677888455496 0
11.91893192727415 7.997440978011335 0
11.76788511853424 8.330900746688275 0
11.79643477850381 7.663776285109321 0
12.16666964011366 7.330632190955795 0
12.05151171930964 7.664016258629905 0
11.99873072438061 6.997027777993043 0
12.34806063284516 6.663956255353604 0
12.26529213551295 6.997279007384211 0
12.14125092114679 6.330418416840491 0
12.46803408547666 5.997399059384926 0
12.4154852396299 6.330666510900855 0
12.22729434993002 5.663924813635447 0
12.52957780952551 5.330931758662679 0
12.50597770046724 5.664156597626719 0
12.25868801498945 4.997518826921674 0
12.53406516036829 4.664531348977693 0
12.53890239967713 4.997724709496967 0
12.23596327134965 4.331174039060805 0
12.48145073250814 3.998174687006864 0
12.51494915002531 4.331348902246965 0
12.15850677341474 3.66487190380893 0
12.3703051819552 3.331850386210533 0
12.43334237151569 3.665008138434749 0
12.02429746160074 2.998596772121787 0
12.19746151705423 2.665543607822881 0
12.2918476502416 2.99869202104813 0
11.8297516772416 2.33233383009687 0
11.9576956335661 1.999254586740181 0
12.08636524775588 2.332393890130088 0
11.569220772954 1.66611231919629 0
11.64267188577988 1.333009915836227 0
11.81027728240693 1.666121943395685 0
11.23353423714345 0.9999926090126952 0
11.23818898511993 0.6667844464175778 0
11.45293826470625 0.9999259020124711 0
10.80417961536812 0.3334148302908289 0
10.99407072668649 0.3334133716306291 0
10.43713374362557 9.665605554670597 0
10.79990926114679 9.331436561993003 0
10.59172206808764 9.66565731868973 0
10.79684925187306 8.997157898228688 0
11.15358648595479 8.663953538408997 0
10.98662464209469 8.997458507064097 0
11.08779119662527 8.330224953289296 0
11.43564046257606 7.996976496780372 0
11.30288521617764 8.330454895352334 0
11.3191172239075 7.663293305568164 0
11.65482234681325 7.330137798330208 0
11.55271390334907 7.663536478714166 0
11.49567530855427 6.996515421971778 0
11.81639874429712 6.663453554832859 0
11.74256905912837 6.996774055575933 0
11.62082522481288 6.32990267836712 0
11.92380143847071 5.996911805300192 0
11.87672219549317 6.330164494038186 0
11.69676511960777 5.663431832847791 0
11.97914710385325 5.330482711258237 0
11.957891759316 5.663685024732194 0
11.72467171054415 4.99707543110381 0
11.98335349887783 4.664139616414836 0
11.98761852260283 4.997302893654349 0
11.70495175456664 4.33079925802055 0
11.93641441644073 3.997855851801777 0
11.96632750572276 4.330991506106535 0
11.63702360619409 3.664574659692242 0
11.83712868472662 3.331604323387244 0
11.89342953837743 3.664727506253037 0
11.51943893718049 2.998374693885557 0
11.68321215717567 2.665380074552294 0
11.76720118219434 2.998489607447314 0
11.34972215517429 2.332209186314994 0
11.47079024725469 1.999181222738803 0
11.5846197193009 2.332273353142021 0
11.12387025541597 1.666097461634244 0
11.19386046410567 1.333063912564079 0
11.34088484994738 1.666106165310071 0
10.83569694907743 1.000158409568783 0
10.84184939909256 0.6668500238835531 0
11.0283096873276 1.000064864014979 0
10.47257779232893 0.3334176402811742 0
10.63135479319723 0.3334167538042982 0
10.16114246297063 9.665509034556125 0
10.46323879439972 9.331226297451751 0
10.29447438641309 9.665557041761684 0
10.44745027431025 8.996828927178955 0
10.75690836329755 8.663501869826636 0
10.61754573434557 8.996996930993562 0
10.6857859354965 8.329793992360326 0
10.99487714749743 7.996508785949147 0
10.88249847375447 8.330004153844893 0
10.87776333686995 7.662795747811855 0
11.18175764904066 7.329622872569409 0
11.09448737851926 7.663048848773498 0
11.02557735690448 6.995971434696743 0
11.32053741117375 6.662915609798475 0
11.25699716358384 6.996251030546559 0
11.13104913637237 6.329343283736463 0
11.41332021494961 5.996380662036335 0
11.37256528399245 6.329631730751042 0
11.19541727284053 5.662894965981792 0
11.46140034609427 5.329989939485733 0
11.44289446416101 5.663169796459178 0
11.21939921419149 4.996584170063328 0
11.46538619259313 4.663704914789227 0
11.46888002047362 4.996836271279733 0
11.20314868012374 4.330374946062028 0
11.42517351460331 3.997493724207065 0
11.45084926201617 4.330593492463813 0
11.14626709542526 3.66422937943691 0
11.33993471634126 3.331326560505928 0
11.38827049852473 3.664408180372732 0
11.04779460405839 2.998123711963644 0
11.20806935364804 2.665187886590646 0
11.27995405743007 2.998249747264383 0
10.90608744570515 2.332051212685351 0
11.02700496049724 1.999092188339815 0
11.12389172633825 2.332131303609382 0
10.71869253804869 1.666055179393308 0
10.79288278423876 1.333134364542996 0
10.91687664913387 1.666080895369573 0
10.48219715707711 1.000305475289845 0
10.49907538348665 0.6668532087571148 0
10.65421862738375 1.000301114247404 0
10.19200855979571 0.3334141855191377 0
10.3270561780799 0.3334171660560652 0
9.915188481557882 9.665409978430805 0
10.16431005112545 9.331021144699779 0
10.03538121093434 9.665460883883359 0
10.12931959355885 8.996726204184917 0
10.39586933593152 8.663140165067315 0
10.28517100358446 8.996653966844788 0
10.31360756080903 8.329407496028733 0
10.58715224882518 7.996052637968598 0
10.49651035920758 8.329595479599593 0
10.46401959532351 7.662297064646161 0
10.73897173137523 7.329090327958001 0
10.66792416501977 7.662542368853858 0
10.58084281338543 6.995400564528299 0
10.85256707647054 6.662343830038918 0
10.80048168017172 6.995684771597251 0
10.66479711577903 6.328739748228355 0
10.92901068867981 5.995804557359913 0
10.89537772020746 6.329050546075496 0
10.71643341012359 5.662303216220311 0
10.9689693993846 5.329445581221925 0
10.95350929208651 5.662608121910495 0
10.73607385099559 4.996038812350507 0
10.97274016997494 4.663219469197831 0
10.97536349306675 4.996318776134125 0
10.72375106375048 4.329899237246114 0
10.94021307101179 3.997086691870356 0
10.96103769291979 4.330143744364643 0
10.67918745502736 3.663841389529649 0
10.87082523531662 3.331008505865424 0
10.91016467643379 3.664038253186336 0
10.60177535736818 2.99783053711763 0
10.7635666239364 2.664961549968716 0
10.82200800544065 2.99797914814424 0
10.49054164942335 2.331847266341859 0
10.61690249132536 1.998964374449352 0
10.69528206566348 2.331955411904552 0
10.34421634511571 1.665954278423743 0
10.42876697478203 1.333122583567445 0
10.52816295647005 1.666012188220957 0
10.16148042156204 1.000139838254701 0
10.1967299413329 0.6668461518775697 0
10.31842536179532 1.000314559480541 0
9.945133849658509 0.3334079326710646 0
10.06547579715392 0.3334103721222665 0
9.68565604950866 9.665378016074232 0
9.89073386794969 9.330972467034393 0
9.799021619623353 9.66539028361778 0
9.832707845073717 8.996729102059806 0
10.0608914219751 8.662910942222835 0
9.978857046918071 8.996743237068637 0
9.963001526193024 8.329051842243716 0
10.20419145697966 7.99561364698693 0
10.13608036668637 8.329227786160837 0
10.07058232086842 7.661789903177713 0
10.31906821451754 7.328541201947883 0
10.26518152115942 7.662049100696612 0
10.154841519918 6.994795723932948 0
10.4056888146866 6.661731619153183 0
10.36587878525597 6.99510806427201 0
10.21588524797353 6.328090112901921 0
10.46443426000111 5.995177875521982 0
10.43853030459081 6.328421548789759 0
10.25387137986038 5.66165398826077 0
10.49556391880078 5.328843687322911 0
10.48343594107672 5.661987554846156 0
10.26889065631132 4.995430920794231 0
10.4991499058492 4.662678037098145 0
10.50079952059656 4.995743373941616 0
10.26085035954967 4.329366976028609 0
10.47507298268687 3.996627724748964 0
10.49057378203106 4.329639172199553 0
10.22958221434319 3.663401892124169 0
10.4229888540571 3.330644191190574 0
10.45256369764315 3.663630533874519 0
10.17472992171464 2.997489947631249 0
10.34230467816444 2.664696186285611 0
10.38627501216926 2.997670947520559 0
10.09576114858946 2.331610006288167 0
10.23219592464994 1.998789993154305 0
10.29098557168 2.331734081246557 0
9.992067543596981 1.66579125583789 0
10.09181075180507 1.332972308032323 0
10.16583415539473 1.665879777125606 0
9.863544300362467 0.9998873134531934 0
9.921774585949102 0.666777579617607 0
10.01023443226869 1.00000454273373 0
9.715915507856165 0.3333916234332457 0
9.829070016294981 0.3334049825378731 0
9.464036766023579 9.665358814626822 0
9.632710808261386 9.330927068727579 0
9.574190516239877 9.665368413245014 0
9.54970900421578 8.996641129973476 0
9.743801729709638 8.662702917911025 0
9.689932052604185 8.996693007662449 0
9.626802760621214 8.328695595277001 0
9.838741491694236 7.995171044606105 0
9.793508871476924 8.328876686032213 0
9.690941677046418 7.661263608512694 0
9.915502084889718 7.327962891393943 0
9.879416871351335 7.661531929383229 0
9.741626053529508 6.994142103730491 0
9.973880018313455 6.661071023455052 0
9.94698181588994 6.994481274132481 0
9.778810081962806 6.32737490202758 0
10.01393281013241 5.994488049045589 0
9.996195060771065 6.327740940570736 0
9.802509178315887 5.660925122816518 0
10.03569619882311 5.328173339840676 0
10.02709480736339 5.661302546770576 0
9.812673080144531 4.994749219679071 0
10.03912092693565 4.662071267825363 0
10.03970669529153 4.995099995594938 0
9.80917011661267 4.328768396425728 0
10.02407847170994 3.996106927446081 0
10.03391036239826 4.329074178587451 0
9.791902225397402 3.662900239810555 0
9.990380366433861 3.330226183424569 0
10.00957823929264 3.663158647840373 0
9.760669555962185 2.997100397172238 0
9.937679442104134 2.664383173787299 0
9.966426200353894 2.997296827242725 0
9.715134860731657 2.3313257599399 0
9.865525713545388 1.998570865705496 0
9.904061839976903 2.331469445956147 0
9.654910116453543 1.66559268194059 0
9.773581795242993 1.332778446924799 0
9.822034833194987 1.665694783372608 0
9.579969289427078 0.9996795722581751 0
9.663347741781612 0.6666429819616417 0
9.720411364819192 0.9997805573080871 0
9.494745984778275 0.3333354533421731 0
9.604687206735816 0.3333666444286369 0
9.246136526826071 9.665337602559804 0
9.383316653703776 9.330867913781294 0
9.354804058509705 9.66534925744139 0
9.274121400971257 8.996485181677235 0
9.437734278361866 8.662456238384323 0
9.41132022139622 8.996571223856082 0
9.298778694686568 8.328303390172682 0
9.48436564299511 7.99470232888891 0
9.46213076691248 8.328505272127114 0
9.319192148658455 7.660677073593049 0
9.522340783990975 7.327337229516157 0
9.504435131209846 7.660978240217038 0
9.335707304371574 6.993424092559881 0
9.551675908930042 6.660342070130966 0
9.538083766882593 6.993794433079165 0
9.348481568450527 6.326573704213366 0
9.572388410889911 5.993715797137761 0
9.563108430930694 6.326987441128062 0
9.357507741594889 5.660100633855057 0
9.584444848208156 5.327414909053354 0
9.579502671671916 5.660526930579769 0
9.362732413060726 4.993977322556693 0
9.587716222976502 4.661392634882215 0
9.58719654698619 4.994376169825056 0
9.363884484036397 4.328101060297938 0
9.58209561859192 3.995523659757465 0
9.586015357299871 4.328441853437918 0
9.361038419127917 3.662339828340103 0
9.567495898671975 3.32975222724013 0
9.575925010197205 3.662625014112432 0
9.354045752606456 2.996655075579197 0
9.543693063889032 2.664025066612921 0
9.556761321247404 2.996883202159511 0
9.342647860837381 2.331001037376636 0
9.510327720272755 1.998318045944403 0
9.52823327651889 2.331167134237587 0
9.32632376733282 1.665370768726047 0
9.466931036285875 1.332575679600843 0
9.489917105562105 1.665483400730686 0
9.304238739538164 0.999498688842567 0
9.41395339257101 0.6665032729196767 0
9.441466858020407 0.9995867595957253 0
9.277011960126559 0.3332584547250126 0
9.385628857293334 0.3332991996120507 0
9.029301829170842 9.665300464308356 0
9.137807637488702 9.330777378647566 0
9.137735444395831 9.665320408205639 0
9.000949037799176 8.99628088623075 0
9.136879511696375 8.66216145349267 0
9.137519209199265 8.996388049922578 0
8.973288439038704 8.32785608888782 0
9.13522098634558 7.994181219984123 0
9.136057470686909 8.328087852531528 0
8.949744747790412 7.660020533269298 0
9.134049241543407 7.326639735140404 0
9.134522213631957 7.660363335290529 0
8.931856316263676 6.992600147969981 0
9.133940411997669 6.659522593891339 0
9.13384613824142 6.993030669831261 0
8.920046291816925 6.325652486539312 0
9.135003443386324 5.992837999486007 0
9.13432923615164 6.326125492260599 0
8.914277190159339 5.659148059707125 0
9.137198550825548 5.326526774200276 0
9.135958489889749 5.659639293206282 0
8.914227179740422 4.993095955614439 0
9.140331452292084 4.660648525967191 0
9.13874737184314 4.993549550040081 0
8.920369111288512 4.327350753449715 0
9.144301113145854 3.994870036384021 0
9.142197146734116 4.327742438485068 0
8.932088082130562 3.661710616214994 0
9.149154389380337 3.329221073704656 0
9.146627358347846 3.662036950119415 0
8.949561459923761 2.996172094868148 0
9.15472627596616 2.663623936339983 0
9.151866029863235 2.996420144802038 0
8.972615885831269 2.330648243126193 0
9.160624014667974 1.998043508134076 0
9.157675172875388 2.330826896992673 0
9.000516562462785 1.665131843444293 0
9.16585255822479 1.332369879047216 0
9.163422622571471 1.665254713347892 0
9.031221489382679 0.9993193571566938 0
9.168656447028495 0.6663547953971301 0
9.167680557389172 0.9994103179032292 0
9.060341933686747 0.3331703309140917 0
9.168623718925442 0.3332155647884649 0
8.811296828300518 9.665268575752204 0
8.89246748647056 9.330663774716545 0
8.920536160499964 9.66528246022269 0
8.725639801967947 8.996042519943243 0
8.83600284272479 8.661813804040227 0
8.863850117013557 8.996164344903985 0
8.644846240201064 8.32733473229732 0
8.785734787946014 7.993579481386762 0
8.809787211347837 8.327604419107026 0
8.577075369401111 7.659261174300409 0
8.745253375851505 7.325839726622705 0
8.764164923031849 7.659656108757545 0
8.524864885052578 6.991642923737723 0
8.715680394270315 6.658576113581939 0
8.729082807099978 6.992143721840582 0
8.488696304535841 6.324579725525176 0
8.697131828341641 5.991826046601357 0
8.705038493119922 6.325141389525244 0
8.468336215835802 5.658064827768685 0
8.689371212095542 5.325545063008994 0
8.691923181697263 5.65862337454376 0
8.463453138809708 4.99208194753118 0
8.692346408294341 4.659757475795913 0
8.689441647674739 4.992605096220407 0
8.474126662786837 4.326470603875689 0
8.706015190411286 3.994125842029442 0
8.697866252289993 4.326928910798054 0
8.500208483258096 3.66100247472037 0
8.730303035490227 3.328632448907489 0
8.716819648589675 3.661365739651477 0
8.541923299084468 2.995628057261018 0
8.765308956613453 2.663180131989038 0
8.74647097053939 2.995905811793491 0
8.599382942640908 2.330255577326822 0
8.810702409807705 1.997739381985943 0
8.78675995863161 2.330456756110591 0
8.671858737704282 1.664869142279883 0
8.864973382077377 1.332152219255129 0
8.836904240331938 1.665004424160293 0
8.756295053072467 0.9991233630114902 0
8.923866770295882 0.6662111078011157 0
8.894292638892367 0.9992251327881334 0
8.843525924490148 0.3330782526260476 0
8.95205641166384 0.3331239317615928 0
8.590479178152805 9.665243909176978 0
8.643796900281828 9.330541293608935 0
8.701371590659257 9.665258136558448 0
8.443261297358783 8.995777219132702 0
8.529818196065403 8.661410189127833 0
8.585683551097784 8.995914015090646 0
8.307597503652099 8.326722038749402 0
8.430217896074813 7.992877173274726 0
8.477718280626432 8.327042261005488 0
8.195382015704219 7.658354494056336 0
8.350484062071949 7.324894763952967 0
8.387739680691409 7.658830350136654 0
8.109345956500306 6.990498917829113 0
8.291844338363758 6.657457297296155 0
8.318522730202842 6.991102057427034 0
8.049508841721957 6.323303966737129 0
8.254122603855038 5.990641993286413 0
8.270399924376909 6.323971898261131 0
8.015129774158822 5.656794189807412 0
8.236799739344143 5.324419705443763 0
8.242938760155154 5.657458561678496 0
8.00556480828546 4.990905050850762 0
8.239620134545042 4.658715775870128 0
8.235686217019158 4.99151698357397 0
8.020605393451774 4.325454207334043 0
8.262564761976115 3.993280742671453 0
8.248574837993214 4.325977787664686 0
8.060425843813224 3.660220753091674 0
8.305825830272624 3.327980538433419 0
8.281627642439966 3.660618944335553 0
8.125655099335283 2.995043514240245 0
8.369861532246816 2.662696597994387 0
8.335225506994256 2.995338431150427 0
8.217001254603217 2.329828926365343 0
8.454729386674643 1.997399453491894 0
8.409728653205784 2.330048069759554 0
8.334329698037392 1.664581688706008 0
8.558865370385414 1.331906998431977 0
8.504610777890161 1.664727932720672 0
8.474370485555134 0.9988930673543646 0
8.676080362470982 0.6660562992209225 0
8.616570660495283 0.9990147311779993 0
8.624423645763153 0.332993748846881 0
8.734476483496431 0.3330355212114564 0
8.36373920179269 9.665200015547576 0
8.387475222135487 9.330416457516344 0
8.478188592597027 9.665224804044723 0
8.147504960263294 8.995486831800335 0
8.212274725363327 8.660937559412289 0
8.297533082200157 8.995633638289968 0
7.954756438082695 8.325965977425884 0
8.06244684198586 7.992038909212839 0
8.1336015990069 8.326365927477756 0
7.798259058363569 7.657254186691986 0
7.94391363790962 7.323754306689284 0
7.999181907439894 7.657832811682151 0
7.679513291883602 6.989096425160433 0
7.857134107706512 6.656102990850199 0
7.896602175223505 6.989836505012805 0
7.59724991282441 6.321738003979441 0
7.801117230623827 5.989217506778007 0
7.825359527766352 6.322565384622999 0
7.549761696371117 5.655246409456395 0
7.774756399099717 5.323074599762343 0
7.784284186527368 5.656059967642774 0
7.535779326606324 4.989513955577686 0
7.777402647963795 4.657526425605683 0
7.772467872124684 4.990239548911207 0
7.554865061899976 4.324313495515193 0
7.809058853281282 3.992335646992499 0
7.789583218388766 4.32490124852568 0
7.607461214312405 3.659364692998615 0
7.870354128999644 3.327274853562209 0
7.835940467038448 3.65979946099513 0
7.694861871228403 2.994424092506696 0
7.962424411363428 2.662176157008103 0
7.91246649640026 2.994734393069417 0
7.81887809121042 2.329356489936666 0
8.086291676253092 1.997017530147065 0
8.020352997183149 2.32959911586573 0
7.980936024623599 1.664291067726844 0
8.241280369502817 1.331603229846785 0
8.160106106454894 1.664431835891718 0
8.178902628215646 0.9986057216627637 0
8.420659210339807 0.6658824865267565 0
8.32882382227471 0.9987566120247271 0
8.398860323779484 0.332915437741895 0
8.512793614668912 0.3329545569207051 0
8.123907305811301 9.665130891600427 0
8.116817663081676 9.330261273077008 0
8.246120800145844 9.665168992267535 0
7.829606192468215 8.99513744958842 0
7.875798474528114 8.660389280211758 0
7.991995300105817 8.995325335866411 0
7.578005175545607 8.325091203485208 0
7.675229858771052 7.991017295825699 0
7.769982912869963 8.32550895194661 0
7.378388952814646 7.655876198448148 0
7.519103031020062 7.322338690157019 0
7.591667496287121 7.656607521237561 0
7.228973225550371 6.987319413392076 0
7.405819983244351 6.654415991733519 0
7.457259708829619 6.988263817634797 0
7.126232608578435 6.319771116345272 0
7.332901791489386 5.987459182739501 0
7.364468810053195 6.320815888884754 0
7.066967317781238 5.653330335975091 0
7.298245365255481 5.321438189493128 0
7.310895194772665 5.654342449850224 0
7.049025931469077 4.987847020436196 0
7.300696628788784 4.656148853692396 0
7.294862357600033 4.988719830887305 0
7.07165538062543 4.323009147619164 0
7.340259595952135 3.991282925613697 0
7.315792392832339 4.323683827704285 0
7.135600528911203 3.658438663205524 0
7.418092233507146 3.326526185069467 0
7.374271128534541 3.658909624609715 0
7.243053035194017 2.993798736713729 0
7.536404853943504 2.661636942400227 0
7.472018366387045 2.994108694326994 0
7.39747477762184 2.328870219462258 0
7.697915123134932 1.996545473042331 0
7.61160034714317 2.329108950374736 0
7.602821581822178 1.663662898597659 0
7.904336374065099 1.331144068769862 0
7.795548942285987 1.663982020766087 0
7.860781491177552 0.9982508728431652 0
8.150753752006176 0.6656954178436005 0
8.023377035063127 0.9984387482550563 0
8.160133486868709 0.3328352632653626 0
8.281667127030012 0.3328758879097853 0
7.857515621641229 9.66502885920959 0
7.821258891727136 9.330040053402204 0
7.995161122100122 9.665084679609794 0
7.477453119393918 8.994649319422933 0
7.510541266332977 8.659751561558664 0
7.658713184204476 8.99491441058144 0
7.167206915731936 8.32401370823837 0
7.26005418336473 7.989753494001254 0
7.377571718809122 8.324600870673446 0
6.927336976708299 7.654070448104958 0
7.068778741067203 7.320514994811195 0
7.157336725791938 7.65504032974101 0
6.750562381792731 6.98499139812605 0
6.931583050381737 6.652256161929478 0
6.993734417493886 6.9862392035246 0
6.63018339831582 6.317235083136508 0
6.843783134744649 5.985240606346723 0
6.881755826038646 6.318588037966928 0
6.560973923990845 5.650912903097657 0
6.801907666886988 5.319424132741151 0
6.817262134682518 5.652195905310998 0
6.53968888380163 4.985815896167422 0
6.804143051806929 4.654522679244363 0
6.797556746040755 4.98688382116177 0
6.56519559973019 4.32150597120166 0
6.850454748171561 3.990113753973167 0
6.821713827122639 4.322285137216846 0
6.638531279433195 3.657463745682835 0
6.942661806751157 3.325764617879048 0
6.890642058152427 3.657954697064037 0
6.762992776437557 2.99322768468292 0
7.084378418012154 2.661138887286881 0
7.007036477833239 2.993502193677658 0
6.944098966838474 2.328493537134389 0
7.280773818881298 1.996057163267225 0
7.175375481872043 2.328658242791289 0
7.189503783744032 1.663061617003091 0
7.537749563125795 1.330434980757246 0
7.401335560301099 1.663341653855584 0
7.507074975589036 0.9977865184807526 0
7.855676527122433 0.6654798912686755 0
7.689363596555906 0.9980361598291767 0
7.896147618758911 0.3327425064052656 0
8.032465098800682 0.3327919338949306 0
7.543253665481156 9.664882946556155 0
7.485196512525669 9.329726097193245 0
7.7078379703838 9.664962395139483 0
7.075146528285725 8.993939517102342 0
7.104002008282027 8.658837323939949 0
7.283713975577077 8.994329409717578 0
6.710214803244832 8.322480780397745 0
6.806918710617281 7.988041523929702 0
6.945302947030025 8.323307528437336 0
6.435388648769619 7.651578065136906 0
6.584683180958137 7.318069753891962 0
6.687132137423536 7.652930855790808 0
6.236252923901107 6.981837312915625 0
6.427367404419431 6.649399886956528 0
6.49843864259137 6.983542143541636 0
6.102101775046728 6.31386351239659 0
6.327442019235741 5.982367237356057 0
6.370618339666041 6.315675962579291 0
6.02536703417737 5.647787031506277 0
6.279782301739651 5.316895146020367 0
6.297309130429526 5.649455998406942 0
6.001556654615982 4.983293652103586 0
6.281777967861806 4.652576066925 0
6.274647217075813 4.984626273421497 0
6.029089583858063 4.319761650746462 0
6.333346784617956 3.988821100573539 0
6.30126178546453 4.32066752499469 0
6.109320690758173 3.656467757513064 0
6.4370061592702 3.325037162000619 0
6.378405136509119 3.656965133978978 0
6.246648317861498 2.992795090242657 0
6.597973496851141 2.660781595720186 0
6.509891439274435 2.992987036068946 0
6.448860670411625 2.328376320334915 0
6.824407198594201 1.995801296086816 0
6.702371452188758 2.328395556636229 0
6.727816061242508 1.663060524091275 0
7.128736779229047 1.329027508338832 0
6.965701277850648 1.662892550090988 0
7.099981726073291 0.997423088665885 0
7.518322391977153 0.6652192137005175 0
7.311584105322783 0.9974896480043283 0
7.582661146821326 0.3326287776560044 0
7.747652305412505 0.3326867063294321 0
7.15292822616431 9.664662292400015 0
7.087751059723916 9.329255147530512 0
7.359286537328764 9.66478577393516 0
6.602975466896897 8.992856314834363 0
6.640836620547619 8.657489072038508 0
6.849165993335323 8.993458183969658 0
6.192691949313986 8.320184603625455 0
6.304171961061714 7.985595884404765 0
6.459992832759784 8.321458023581727 0
5.891600012750896 7.647985034938844 0
6.057518766704889 7.314660966898309 0
6.170702590292862 7.649954983347993 0
5.67715369980278 6.977408295272459 0
5.885346468096484 6.645503215023778 0
5.962888682218573 6.979820100493039 0
5.53430559963406 6.30924636396213 0
5.776904315871976 5.978544325364833 0
5.823683816694295 6.311745856284836 0
5.453101560519684 5.64363628842295 0
5.725288934046072 5.313644671288586 0
5.744279457251916 5.645865486702752 0
5.427778790094504 4.980094947626308 0
5.727036024321573 4.650209842847016 0
5.719581726004353 4.981793426512855 0
5.456331631338881 4.31772943178759 0
5.782007135360463 3.987408280326256 0
5.747762956926632 4.318783949933684 0
5.540358671337784 3.655523745002961 0
5.893367796204263 3.324422926404028 0
5.83031314111005 3.655981631501439 0
5.68528800045582 2.992633483660596 0
6.067934286397119 2.660677833055308 0
5.972157582927955 2.992668474901961 0
5.901005289668618 2.328613300012218 0
6.316872913679493 1.995962241384356 0
6.182207613177361 2.328440309331661 0
6.203267865549943 1.663491912021029 0
6.657605858640546 1.330245496748339 0
6.474294658783384 1.663253787541253 0
6.617452460632349 0.9977526597154045 0
7.113988330409345 0.6650726500612363 0
6.869511988952606 0.9975535578084864 0
7.182822913645627 0.3325563482431262 0
7.39571920607238 0.332581147586525 0
6.651024018322467 9.664285086770146 0
6.602899952095934 9.328502117682419 0
6.917802444694141 9.664500266358239 0
6.038042417448815 8.991096230211927 0
6.103089652580064 8.655422484092057 0
6.333609574232819 8.992094053677443 0
5.598766467801383 8.316532963624688 0
5.738695784070254 7.981914705034788 0
5.906299881863333 8.318579607623191 0
5.284090956030754 7.642580060455449 0
5.477065040760083 7.309718155005468 0
5.596571030897862 7.645570113949692 0
5.063708792544872 6.970953267471273 0
5.296972135979624 6.640003267761685 0
5.377836710691905 6.974498385088832 0
4.918565212500364 6.302712720676371 0
5.184554244899104 5.973303615448968 0
5.232960965485976 6.306276026636071 0
4.836622458388581 5.637962746062259 0
5.131225563713024 5.309358910568552 0
5.150871472129193 5.641030890209181 0
4.811037085283822 4.975947989559572 0
5.132766910045447 4.647291165227322 0
5.125256693356527 4.978161571272602 0
4.839450624447331 4.315372701449655 0
5.188918076700942 3.985913957191624 0
5.15389289579786 4.316592648656509 0
4.92361924185354 3.654794119718036 0
5.303403632288055 3.32408284104794 0
5.238473030955147 3.655115575111762 0
5.069726561470993 2.993027534840295 0
5.484376463811379 2.661019827841986 0
5.384861654312695 2.992733164038123 0
5.289297995020337 2.32948108001239 0
5.745656926710716 1.99651826740448 0
5.603841680862288 2.32893762862354 0
5.601260730981416 1.664309225007407 0
6.109506456475517 1.33089356973739 0
5.912867137862513 1.663820586621265 0
6.037604861239281 0.9982634155411949 0
6.613624642875918 0.6652012814621593 0
6.34103332343567 0.9979834710760198 0
6.656426350086151 0.3325954756280873 0
6.936858307660136 0.3325602013634668 0
5.99758438780006 9.663583591421069 0
6.000673471606584 9.327204647751547 0
6.343834023261967 9.663989918871172 0
5.356222918729749 8.988010004325238 0
5.471579340613112 8.651906581287847 0
5.713205710421491 8.989785042463099 0
4.912060080060737 8.3105504001363 0
5.096589819578674 7.976142627312479 0
5.26800530477082 8.31392335520918 0
4.600880934880452 7.634103293656704 0
4.832605411828636 7.302258576701821 0
4.952659678830028 7.63883864014018 0
4.38639836196441 6.961177897403577 0
4.653366717754591 6.63196129344692 0
4.73359945243253 6.966593728683993 0
4.246696393598971 6.293145655112601 0
4.542491310288451 5.965888888577715 0
4.590138802861668 6.298403938658767 0
4.168388184229922 5.629970209676449 0
4.490144956873862 5.303554891930686 0
4.509417497816769 5.634322315584814 0
4.144034092526844 4.970452120150568 0
4.491542810537864 4.643646354176905 0
4.484261172424071 4.973400392143113 0
4.171012508786859 4.312699235973228 0
4.546325406640184 3.984459494464016 0
4.512127473231971 4.314071633850026 0
4.25111604283128 3.654649816734085 0
4.658515682511741 3.324367619189515 0
4.59481100315 3.654612665860461 0
4.390896848362989 2.994596783048686 0
4.837196319478346 2.662264723107089 0
4.738755663075574 2.993605588026897 0
4.602720487565898 2.331672078275697 0
5.097960423009384 1.997898950734819 0
4.956013190886978 2.330343000422794 0
4.907281103629999 1.666145072288757 0
5.466732402727481 1.331895503843801 0
5.266608893201953 1.665039553370307 0
5.339972792477095 0.9992553520848162 0
5.989146564431467 0.6655527234015675 0
5.704616923715136 0.9986272995790682 0
5.968878248431274 0.3327802631187708 0
6.332422830603788 0.3326656961624388 0
5.155639182045939 9.66216733501996 0
5.250926405307314 9.324793226009039 0
5.599570577677238 9.662994997216639 0
4.534652090928168 8.98240871685281 0
4.726718763061199 8.645935044329947 0
4.964133918733831 8.985642893957575 0
4.118055317021627 8.300243078054812 0
4.364553780695354 7.966689211056154 0
4.529185044165899 8.306129443493267 0
3.83178161612863 7.620170434081453 0
4.114130382798114 7.290519667529063 0
4.227549757178249 7.628037217336392 0
3.637246460315558 6.945772196495067 0
3.94625923743998 6.619760301977603 0
4.021183941500609 6.95438294129389 0
3.511849198206663 6.278649505158828 0
3.843352152285986 5.955052684734564 0
3.887466176465305 6.286675705150989 0
3.442101058833049 5.618373771635695 0
3.795079100132367 5.295478395100823 0
3.812813793314097 5.624729544164987 0
3.420605577265802 4.963018809629901 0
3.79642436392055 4.63906151782157 0
3.789668890461743 4.96702376900435 0
3.444707439372029 4.309835013834257 0
3.846960932662959 3.98335590263447 0
3.815390244678986 4.31127526865624 0
3.516133621637847 3.655882433459984 0
3.950748251336659 3.326022789489076 0
3.891750024164494 3.655018883077701 0
3.641210883830981 2.998649393089675 0
4.117056026813269 2.665413127805478 0
4.025266470757581 2.996188046402243 0
3.832085524832599 2.336720552169972 0
4.362028346024967 2.001099405887778 0
4.228349601937644 2.333688262795528 0
4.109300841879918 1.670368849408064 0
4.712818151914854 1.334086759870537 0
4.52186486974104 1.667819335795707 0
4.507977685140509 1.001607842914807 0
5.2173155583578 0.6663454499366344 0
4.941534640986985 1.000172007408778 0
5.096491381603031 0.3332696787309588 0
5.553388318958586 0.3329630758820334 0
4.091881327068513 9.659220287115021 0
4.326167479227675 9.320095063431381 0
4.646644699200901 9.660963968418811 0
3.559092815191913 8.971397385345416 0
3.8533651878367 8.635027087926094 0
4.066129568700018 8.977880918359268 0
3.209468278431966 8.281341090302234 0
3.533027009405367 7.950350796556819 0
3.6780215357624 8.292279831592078 0
2.972131349573887 7.596154962041425 0
3.314634922233432 7.271224241143463 0
3.413201783984587 7.609847380498908 0
2.812589732312578 6.920578775474666 0
3.169881695376799 6.600575388490939 0
3.234309761790355 6.934763090781795 0
2.710748594847743 6.256015643190739 0
3.081943959385302 5.938726173594895 0
3.119558810948588 6.268620258338191 0
2.654598693939231 5.601114031710205 0
3.041024575227519 5.283952154804727 0
3.055998927894841 5.610619637378017 0
2.637581592439227 4.952797528367941 0
3.042417853940222 4.633297645423262 0
3.036549779361815 4.958321961869425 0
2.657340879446441 4.307157924916821 0
3.085650412932914 3.983295878406985 0
3.058673530837892 4.308434808698042 0
2.715326152085647 3.660090589033025 0
3.174462003606843 3.330589462774243 0
3.123958938105671 3.657468784020507 0
2.817008682530122 3.007881950244648 0
3.31740453729679 2.672609801838316 0
3.238409613285244 3.00236654871621 0
2.972995342377653 2.348018393375104 0
3.529597531073696 2.008394863507672 0
3.413557716168264 2.341256818433791 0
3.201350241570032 1.680270161521271 0
3.836499578356989 1.339266157620783 0
3.669042327533481 1.674269066484163 0
3.532728973671842 1.007499218052669 0
4.282455419156021 0.6685751730089025 0
4.038144289545686 1.003867205751962 0
4.026718445628301 0.3348030505812778 0
4.580884558501684 0.3338435962097808 0
2.811958159201058 9.651872329034106 0
3.217057032323683 9.309920526754839 0
3.465925933492043 9.656337190079153 0
2.441618912048378 8.94779487494397 0
2.850052958345525 8.613558348244453 0
3.015249747385275 8.961908575014139 0
2.195216712034629 8.244632755837443 0
2.602029966347521 7.920601152643513 0
2.714105553600732 8.26610448953075 0
2.028482498125109 7.553180008670672 0
2.434263741112666 7.238294469928075 0
2.509789114465652 7.577833536412522 0
1.917353081255214 6.878346038894021 0
2.324136272569254 6.569547124807452 0
2.373016981163472 6.902204165663948 0
1.847095716578129 6.22005242177947 0
2.257862155850266 5.913562766057636 0
2.286135633481974 6.240117440188333 0
1.808770077506905 5.57506203810498 0
2.227377267732403 5.267191565544696 0
2.238472911348946 5.589428427507543 0
1.797501448599934 4.93861619455601 0
2.228824410983449 4.626130055205569 0
2.224215555664368 4.946288063040497 0
1.811520317112429 4.305463829309131 0
2.261790443250254 3.985657362699646 0
2.241263457613868 4.306119230771202 0
1.851840263707649 3.670201050698772 0
2.329206577222894 3.341083596034502 0
2.290868354163879 3.664161348604246 0
1.922405301793081 3.027516182160528 0
2.437980880478919 2.688342365827319 0
2.377808499119689 3.015938899809594 0
2.030929264525918 2.372867268242496 0
2.600356761094042 2.025050980857587 0
2.511436105704031 2.35805689257986 0
2.190481756666902 1.703968615009167 0
2.836676795768684 1.352085978382581 0
2.707558417665414 1.68955337823063 0
2.422779675500032 1.023305361212626 0
3.181428550572754 0.6745953423764437 0
2.992510411823486 1.013443432458822 0
2.768646206790308 0.3395359625271633 0
3.411889187536556 0.3365167371578568 0
1.410980961597911 9.632109251152251 0
1.96659165500081 9.285774992572637 0
2.116637596463872 9.644508867158114 0
1.230399751295819 8.892820905492011 0
1.741339551501653 8.568467605052124 0
1.843148778916659 8.926297307217443 0
1.107075223321537 8.170711194440456 0
1.588324794463405 7.86441006205161 0
1.657401209511733 8.21412073639039 0
1.024053602913324 7.47548465621605 0
1.485511733200564 7.181001184708752 0
1.53167868895771 7.519970689376203 0
0.9693121073761917 6.80760739575336 0
1.418675504515577 6.518868930164459 0
1.448260202039428 6.847421241183858 0
0.9350771565652614 6.163339125849753 0
1.378854534369434 5.87458802714879 0
1.395789309193042 6.194815173689112 0
0.9165923679225564 5.536114475985118 0
1.36081796885103 5.242711442066412 0
1.367323494969501 5.557467777490142 0
0.9113419097502472 4.919018708954872 0
1.36212656091423 4.617381232913938 0
1.359117967327515 4.929591009482621 0
0.9186605381140617 4.30593499269632 0
1.382473086670025 3.992755860120718 0
1.369861608756726 4.305354288690069 0
0.9387813121037513 3.690626205089179 0
1.423629147140082 3.362759420076054 0
1.400246495219447 3.678814736965886 0
0.9736339044750584 3.066200293214632 0
1.489899950050784 2.721283541379156 0
1.453239527714037 3.043823514297663 0
1.027092947260355 2.425427863769821 0
1.58895605259608 2.062918561071742 0
1.534683668259307 2.394480175515834 0
1.105705570006666 1.760996576799259 0
1.733208250448703 1.385093897649389 0
1.654425951267587 1.726372625855094 0
1.219559813615933 1.068517490031016 0
1.94170811950034 0.6926158819970514 0
1.827896488993468 1.039964555655983 0
1.380892624195046 0.3559404070094264 0
2.078992279054209 0.3452106639529005 0
0.6533749489288558 9.219264491493199 0
0.7037494012816936 9.609751169887502 0
0.579009822734904 8.469355448767013 0
0.6124682480856168 8.839547096502832 0
0.52945006742958 7.758516155282967 0
0.5517525936589136 8.109776258100815 0
0.4966499448717483 7.082588363343934 0
0.5113407300939954 7.416821256464213 0
0.4756247194222304 6.437742922768597 0
0.4849134676241514 6.75705787150737 0
0.4632138715589313 5.815842410079947 0
0.4684889712526258 6.124715144230056 0
0.457526283330405 5.207755571990114 0
0.4596105081667454 5.510646295123448 0
0.4581694497157759 4.6066992147765 0
0.4568155877433167 4.906723801897497 0
0.4650276197574099 4.007424973788902 0
0.4608672632228266 4.307258789769961 0
0.4782570011187038 3.402736556361381 0
0.4707727607891696 3.706134372241656 0
0.4993211459666584 2.784958367802582 0
0.4876921710335037 3.095814134162108 0
0.5307014087036543 2.145378411524256 0
0.5135229944573375 2.468303695161173 0
0.5766271198663262 1.472210559053799 0
0.5515126331772828 1.813456923800144 0
0.6439756721486634 0.7534845661722116 0
0.6071634166774943 1.118178829272612 0
0.6885327209436441 0.3770603891523737 0
$EndNodes
$Elements
9 2432 1 2432
0 1 15 1
1 1 
0 2 15 1
2 2 
0 3 15 1
3 3 
0 4 15 1
4 4 
1 1 1 30
5 1 33 
6 33 5 
7 5 32 
8 32 6 
9 6 31 
10 31 7 
11 7 30 
12 30 8 
13 8 29 
14 29 9 
15 9 28 
16 28 10 
17 10 27 
18 27 11 
19 11 26 
20 26 12 
21 12 25 
22 25 13 
23 13 24 
24 24 14 
25 14 23 
26 23 15 
27 15 22 
28 22 16 
29 16 21 
30 21 17 
31 17 20 
32 20 18 
33 18 19 
34 19 2 
1 2 1 74
35 2 62 
36 62 71 
37 71 52 
38 52 72 
39 72 51 
40 51 73 
41 73 50 
42 50 74 
43 74 49 
44 49 75 
45 75 48 
46 48 76 
47 76 47 
48 47 77 
49 77 46 
50 46 78 
51 78 45 
52 45 79 
53 79 34 
54 34 80 
55 80 43 
56 43 81 
57 81 42 
58 42 82 
59 82 41 
60 41 83 
61 83 40 
62 40 84 
63 84 39 
64 39 85 
65 85 38 
66 38 86 
67 86 37 
68 37 87 
69 87 36 
70 36 88 
71 88 35 
72 35 89 
73 89 44 
74 44 90 
75 90 70 
76 70 91 
77 91 69 
78 69 92 
79 92 68 
80 68 93 
81 93 67 
82 67 94 
83 94 66 
84 66 95 
85 95 65 
86 65 96 
87 96 64 
88 64 97 
89 97 63 
90 63 98 
91 98 53 
92 53 99 
93 99 61 
94 61 100 
95 100 60 
96 60 101 
97 101 59 
98 59 102 
99 102 58 
100 58 103 
101 103 57 
102 57 104 
103 104 56 
104 56 105 
105 105 55 
106 55 106 
107 106 54 
108 54 3 
1 3 1 30
109 3 107 
110 107 122 
111 122 121 
112 121 123 
113 123 120 
114 120 124 
115 124 119 
116 119 125 
117 125 118 
118 118 126 
119 126 117 
120 117 127 
121 127 116 
122 116 128 
123 128 115 
124 115 129 
125 129 114 
126 114 130 
127 130 113 
128 113 131 
129 131 112 
130 112 132 
131 132 111 
132 111 133 
133 133 110 
134 110 134 
135 134 109 
136 109 135 
137 135 108 
138 108 4 
1 4 1 74
139 4 191 
140 191 136 
141 136 192 
142 192 137 
143 137 193 
144 193 138 
145 138 194 
146 194 139 
147 139 195 
148 195 140 
149 140 196 
150 196 141 
151 141 197 
152 197 142 
153 142 198 
154 198 143 
155 143 199 
156 199 144 
157 144 190 
158 190 145 
159 145 201 
160 201 146 
161 146 202 
162 202 147 
163 147 203 
164 203 148 
165 148 204 
166 204 149 
167 149 205 
168 205 150 
169 150 206 
170 206 151 
171 151 207 
172 207 152 
173 152 208 
174 208 153 
175 153 200 
176 200 154 
177 154 172 
178 172 155 
179 155 173 
180 173 156 
181 156 174 
182 174 157 
183 157 175 
184 175 158 
185 158 176 
186 176 159 
187 159 177 
188 177 160 
189 160 178 
190 178 161 
191 161 179 
192 179 162 
193 162 180 
194 180 163 
195 163 181 
196 181 164 
197 164 182 
198 182 165 
199 165 183 
200 183 166 
201 166 184 
202 184 167 
203 167 185 
204 185 168 
205 168 186 
206 186 169 
207 169 187 
208 187 170 
209 170 188 
210 188 171 
211 171 189 
212 189 1 
2 1 3 2220
213 4 191 715 108 
214 191 136 713 715 
215 715 713 209 714 
216 108 715 714 135 
217 135 714 718 109 
218 714 209 716 718 
219 718 716 210 717 
220 109 718 717 134 
221 134 717 721 110 
222 717 210 719 721 
223 721 719 211 720 
224 110 721 720 133 
225 133 720 724 111 
226 720 211 722 724 
227 724 722 212 723 
228 111 724 723 132 
229 132 723 727 112 
230 723 212 725 727 
231 727 725 213 726 
232 112 727 726 131 
233 131 726 730 113 
234 726 213 728 730 
235 730 728 214 729 
236 113 730 729 130 
237 130 729 733 114 
238 729 214 731 733 
239 733 731 215 732 
240 114 733 732 129 
241 129 732 736 115 
242 732 215 734 736 
243 736 734 216 735 
244 115 736 735 128 
245 128 735 739 116 
246 735 216 737 739 
247 739 737 217 738 
248 116 739 738 127 
249 127 738 742 117 
250 738 217 740 742 
251 742 740 218 741 
252 117 742 741 126 
253 126 741 745 118 
254 741 218 743 745 
255 745 743 219 744 
256 118 745 744 125 
257 125 744 748 119 
258 744 219 746 748 
259 748 746 220 747 
260 119 748 747 124 
261 124 747 751 120 
262 747 220 749 751 
263 751 749 221 750 
264 120 751 750 123 
265 123 750 754 121 
266 750 221 752 754 
267 754 752 222 753 
268 121 754 753 122 
269 122 753 756 107 
270 753 222 755 756 
271 756 755 106 54 
272 107 756 54 3 
273 136 192 759 713 
274 192 137 757 759 
275 759 757 223 758 
276 713 759 758 209 
277 209 758 762 716 
278 758 223 760 762 
279 762 760 224 761 
280 716 762 761 210 
281 210 761 765 719 
282 761 224 763 765 
283 765 763 225 764 
284 719 765 764 211 
285 211 764 768 722 
286 764 225 766 768 
287 768 766 226 767 
288 722 768 767 212 
289 212 767 771 725 
290 767 226 769 771 
291 771 769 227 770 
292 725 771 770 213 
293 213 770 774 728 
294 770 227 772 774 
295 774 772 228 773 
296 728 774 773 214 
297 214 773 777 731 
298 773 228 775 777 
299 777 775 229 776 
300 731 777 776 215 
301 215 776 780 734 
302 776 229 778 780 
303 780 778 230 779 
304 734 780 779 216 
305 216 779 783 737 
306 779 230 781 783 
307 783 781 231 782 
308 737 783 782 217 
309 217 782 786 740 
310 782 231 784 786 
311 786 784 232 785 
312 740 786 785 218 
313 218 785 789 743 
314 785 232 787 789 
315 789 787 233 788 
316 743 789 788 219 
317 219 788 792 746 
318 788 233 790 792 
319 792 790 234 791 
320 746 792 791 220 
321 220 791 795 749 
322 791 234 793 795 
323 795 793 235 794 
324 749 795 794 221 
325 221 794 798 752 
326 794 235 796 798 
327 798 796 236 797 
328 752 798 797 222 
329 222 797 800 755 
330 797 236 799 800 
331 800 799 105 55 
332 755 800 55 106 
333 137 193 803 757 
334 193 138 801 803 
335 803 801 237 802 
336 757 803 802 223 
337 223 802 806 760 
338 802 237 804 806 
339 806 804 238 805 
340 760 806 805 224 
341 224 805 809 763 
342 805 238 807 809 
343 809 807 239 808 
344 763 809 808 225 
345 225 808 812 766 
346 808 239 810 812 
347 812 810 240 811 
348 766 812 811 226 
349 226 811 815 769 
350 811 240 813 815 
351 815 813 241 814 
352 769 815 814 227 
353 227 814 818 772 
354 814 241 816 818 
355 818 816 242 817 
356 772 818 817 228 
357 228 817 821 775 
358 817 242 819 821 
359 821 819 243 820 
360 775 821 820 229 
361 229 820 824 778 
362 820 243 822 824 
363 824 822 244 823 
364 778 824 823 230 
365 230 823 827 781 
366 823 244 825 827 
367 827 825 245 826 
368 781 827 826 231 
369 231 826 830 784 
370 826 245 828 830 
371 830 828 246 829 
372 784 830 829 232 
373 232 829 833 787 
374 829 246 831 833 
375 833 831 247 832 
376 787 833 832 233 
377 233 832 836 790 
378 832 247 834 836 
379 836 834 248 835 
380 790 836 835 234 
381 234 835 839 793 
382 835 248 837 839 
383 839 837 249 838 
384 793 839 838 235 
385 235 838 842 796 
386 838 249 840 842 
387 842 840 250 841 
388 796 842 841 236 
389 236 841 844 799 
390 841 250 843 844 
391 844 843 104 56 
392 799 844 56 105 
393 138 194 847 801 
394 194 139 845 847 
395 847 845 251 846 
396 801 847 846 237 
397 237 846 850 804 
398 846 251 848 850 
399 850 848 252 849 
400 804 850 849 238 
401 238 849 853 807 
402 849 252 851 853 
403 853 851 253 852 
404 807 853 852 239 
405 239 852 856 810 
406 852 253 854 856 
407 856 854 254 855 
408 810 856 855 240 
409 240 855 859 813 
410 855 254 857 859 
411 859 857 255 858 
412 813 859 858 241 
413 241 858 862 816 
414 858 255 860 862 
415 862 860 256 861 
416 816 862 861 242 
417 242 861 865 819 
418 861 256 863 865 
419 865 863 257 864 
420 819 865 864 243 
421 243 864 868 822 
422 864 257 866 868 
423 868 866 258 867 
424 822 868 867 244 
425 244 867 871 825 
426 867 258 869 871 
427 871 869 259 870 
428 825 871 870 245 
429 245 870 874 828 
430 870 259 872 874 
431 874 872 260 873 
432 828 874 873 246 
433 246 873 877 831 
434 873 260 875 877 
435 877 875 261 876 
436 831 877 876 247 
437 247 876 880 834 
438 876 261 878 880 
439 880 878 262 879 
440 834 880 879 248 
441 248 879 883 837 
442 879 262 881 883 
443 883 881 263 882 
444 837 883 882 249 
445 249 882 886 840 
446 882 263 884 886 
447 886 884 264 885 
448 840 886 885 250 
449 250 885 888 843 
450 885 264 887 888 
451 888 887 103 57 
452 843 888 57 104 
453 139 195 891 845 
454 195 140 889 891 
455 891 889 265 890 
456 845 891 890 251 
457 251 890 894 848 
458 890 265 892 894 
459 894 892 266 893 
460 848 894 893 252 
461 252 893 897 851 
462 893 266 895 897 
463 897 895 267 896 
464 851 897 896 253 
465 253 896 900 854 
466 896 267 898 900 
467 900 898 268 899 
468 854 900 899 254 
469 254 899 903 857 
470 899 268 901 903 
471 903 901 269 902 
472 857 903 902 255 
473 255 902 906 860 
474 902 269 904 906 
475 906 904 270 905 
476 860 906 905 256 
477 256 905 909 863 
478 905 270 907 909 
479 909 907 271 908 
480 863 909 908 257 
481 257 908 912 866 
482 908 271 910 912 
483 912 910 272 911 
484 866 912 911 258 
485 258 911 915 869 
486 911 272 913 915 
487 915 913 273 914 
488 869 915 914 259 
489 259 914 918 872 
490 914 273 916 918 
491 918 916 274 917 
492 872 918 917 260 
493 260 917 921 875 
494 917 274 919 921 
495 921 919 275 920 
496 875 921 920 261 
497 261 920 924 878 
498 920 275 922 924 
499 924 922 276 923 
500 878 924 923 262 
501 262 923 927 881 
502 923 276 925 927 
503 927 925 277 926 
504 881 927 926 263 
505 263 926 930 884 
506 926 277 928 930 
507 930 928 278 929 
508 884 930 929 264 
509 264 929 932 887 
510 929 278 931 932 
511 932 931 102 58 
512 887 932 58 103 
513 140 196 935 889 
514 196 141 933 935 
515 935 933 279 934 
516 889 935 934 265 
517 265 934 938 892 
518 934 279 936 938 
519 938 936 280 937 
520 892 938 937 266 
521 266 937 941 895 
522 937 280 939 941 
523 941 939 281 940 
524 895 941 940 267 
525 267 940 944 898 
526 940 281 942 944 
527 944 942 282 943 
528 898 944 943 268 
529 268 943 947 901 
530 943 282 945 947 
531 947 945 283 946 
532 901 947 946 269 
533 269 946 950 904 
534 946 283 948 950 
535 950 948 284 949 
536 904 950 949 270 
537 270 949 953 907 
538 949 284 951 953 
539 953 951 285 952 
540 907 953 952 271 
541 271 952 956 910 
542 952 285 954 956 
543 956 954 286 955 
544 910 956 955 272 
545 272 955 959 913 
546 955 286 957 959 
547 959 957 287 958 
548 913 959 958 273 
549 273 958 962 916 
550 958 287 960 962 
551 962 960 288 961 
552 916 962 961 274 
553 274 961 965 919 
554 961 288 963 965 
555 965 963 289 964 
556 919 965 964 275 
557 275 964 968 922 
558 964 289 966 968 
559 968 966 290 967 
560 922 968 967 276 
561 276 967 971 925 
562 967 290 969 971 
563 971 969 291 970 
564 925 971 970 277 
565 277 970 974 928 
566 970 291 972 974 
567 974 972 292 973 
568 928 974 973 278 
569 278 973 976 931 
570 973 292 975 976 
571 976 975 101 59 
572 931 976 59 102 
573 141 197 979 933 
574 197 142 977 979 
575 979 977 293 978 
576 933 979 978 279 
577 279 978 982 936 
578 978 293 980 982 
579 982 980 294 981 
580 936 982 981 280 
581 280 981 985 939 
582 981 294 983 985 
583 985 983 295 984 
584 939 985 984 281 
585 281 984 988 942 
586 984 295 986 988 
587 988 986 296 987 
588 942 988 987 282 
589 282 987 991 945 
590 987 296 989 991 
591 991 989 297 990 
592 945 991 990 283 
593 283 990 994 948 
594 990 297 992 994 
595 994 992 298 993 
596 948 994 993 284 
597 284 993 997 951 
598 993 298 995 997 
599 997 995 299 996 
600 951 997 996 285 
601 285 996 1000 954 
602 996 299 998 1000 
603 1000 998 300 999 
604 954 1000 999 286 
605 286 999 1003 957 
606 999 300 1001 1003 
607 1003 1001 301 1002 
608 957 1003 1002 287 
609 287 1002 1006 960 
610 1002 301 1004 1006 
611 1006 1004 302 1005 
612 960 1006 1005 288 
613 288 1005 1009 963 
614 1005 302 1007 1009 
615 1009 1007 303 1008 
616 963 1009 1008 289 
617 289 1008 1012 966 
618 1008 303 1010 1012 
619 1012 1010 304 1011 
620 966 1012 1011 290 
621 290 1011 1015 969 
622 1011 304 1013 1015 
623 1015 1013 305 1014 
624 969 1015 1014 291 
625 291 1014 1018 972 
626 1014 305 1016 1018 
627 1018 1016 306 1017 
628 972 1018 1017 292 
629 292 1017 1020 975 
630 1017 306 1019 1020 
631 1020 1019 100 60 
632 975 1020 60 101 
633 142 198 1023 977 
634 198 143 1021 1023 
635 1023 1021 307 1022 
636 977 1023 1022 293 
637 293 1022 1026 980 
638 1022 307 1024 1026 
639 1026 1024 308 1025 
640 980 1026 1025 294 
641 294 1025 1029 983 
642 1025 308 1027 1029 
643 1029 1027 309 1028 
644 983 1029 1028 295 
645 295 1028 1032 986 
646 1028 309 1030 1032 
647 1032 1030 310 1031 
648 986 1032 1031 296 
649 296 1031 1035 989 
650 1031 310 1033 1035 
651 1035 1033 311 1034 
652 989 1035 1034 297 
653 297 1034 1038 992 
654 1034 311 1036 1038 
655 1038 1036 312 1037 
656 992 1038 1037 298 
657 298 1037 1041 995 
658 1037 312 1039 1041 
659 1041 1039 313 1040 
660 995 1041 1040 299 
661 299 1040 1044 998 
662 1040 313 1042 1044 
663 1044 1042 314 1043 
664 998 1044 1043 300 
665 300 1043 1047 1001 
666 1043 314 1045 1047 
667 1047 1045 315 1046 
668 1001 1047 1046 301 
669 301 1046 1050 1004 
670 1046 315 1048 1050 
671 1050 1048 316 1049 
672 1004 1050 1049 302 
673 302 1049 1053 1007 
674 1049 316 1051 1053 
675 1053 1051 317 1052 
676 1007 1053 1052 303 
677 303 1052 1056 1010 
678 1052 317 1054 1056 
679 1056 1054 318 1055 
680 1010 1056 1055 304 
681 304 1055 1059 1013 
682 1055 318 1057 1059 
683 1059 1057 319 1058 
684 1013 1059 1058 305 
685 305 1058 1062 1016 
686 1058 319 1060 1062 
687 1062 1060 320 1061 
688 1016 1062 1061 306 
689 306 1061 1064 1019 
690 1061 320 1063 1064 
691 1064 1063 99 61 
692 1019 1064 61 100 
693 143 199 1067 1021 
694 199 144 1065 1067 
695 1067 1065 321 1066 
696 1021 1067 1066 307 
697 307 1066 1070 1024 
698 1066 321 1068 1070 
699 1070 1068 322 1069 
700 1024 1070 1069 308 
701 308 1069 1073 1027 
702 1069 322 1071 1073 
703 1073 1071 323 1072 
704 1027 1073 1072 309 
705 309 1072 1076 1030 
706 1072 323 1074 1076 
707 1076 1074 324 1075 
708 1030 1076 1075 310 
709 310 1075 1079 1033 
710 1075 324 1077 1079 
711 1079 1077 325 1078 
712 1033 1079 1078 311 
713 311 1078 1082 1036 
714 1078 325 1080 1082 
715 1082 1080 326 1081 
716 1036 1082 1081 312 
717 312 1081 1085 1039 
718 1081 326 1083 1085 
719 1085 1083 327 1084 
720 1039 1085 1084 313 
721 313 1084 1088 1042 
722 1084 327 1086 1088 
723 1088 1086 328 1087 
724 1042 1088 1087 314 
725 314 1087 1091 1045 
726 1087 328 1089 1091 
727 1091 1089 329 1090 
728 1045 1091 1090 315 
729 315 1090 1094 1048 
730 1090 329 1092 1094 
731 1094 1092 330 1093 
732 1048 1094 1093 316 
733 316 1093 1097 1051 
734 1093 330 1095 1097 
735 1097 1095 331 1096 
736 1051 1097 1096 317 
737 317 1096 1100 1054 
738 1096 331 1098 1100 
739 1100 1098 332 1099 
740 1054 1100 1099 318 
741 318 1099 1103 1057 
742 1099 332 1101 1103 
743 1103 1101 333 1102 
744 1057 1103 1102 319 
745 319 1102 1106 1060 
746 1102 333 1104 1106 
747 1106 1104 334 1105 
748 1060 1106 1105 320 
749 320 1105 1108 1063 
750 1105 334 1107 1108 
751 1108 1107 98 53 
752 1063 1108 53 99 
753 144 190 1111 1065 
754 190 145 1109 1111 
755 1111 1109 335 1110 
756 1065 1111 1110 321 
757 321 1110 1114 1068 
758 1110 335 1112 1114 
759 1114 1112 336 1113 
760 1068 1114 1113 322 
761 322 1113 1117 1071 
762 1113 336 1115 1117 
763 1117 1115 337 1116 
764 1071 1117 1116 323 
765 323 1116 1120 1074 
766 1116 337 1118 1120 
767 1120 1118 338 1119 
768 1074 1120 1119 324 
769 324 1119 1123 1077 
770 1119 338 1121 1123 
771 1123 1121 339 1122 
772 1077 1123 1122 325 
773 325 1122 1126 1080 
774 1122 339 1124 1126 
775 1126 1124 340 1125 
776 1080 1126 1125 326 
777 326 1125 1129 1083 
778 1125 340 1127 1129 
779 1129 1127 341 1128 
780 1083 1129 1128 327 
781 327 1128 1132 1086 
782 1128 341 1130 1132 
783 1132 1130 342 1131 
784 1086 1132 1131 328 
785 328 1131 1135 1089 
786 1131 342 1133 1135 
787 1135 1133 343 1134 
788 1089 1135 1134 329 
789 329 1134 1138 1092 
790 1134 343 1136 1138 
791 1138 1136 344 1137 
792 1092 1138 1137 330 
793 330 1137 1141 1095 
794 1137 344 1139 1141 
795 1141 1139 345 1140 
796 1095 1141 1140 331 
797 331 1140 1144 1098 
798 1140 345 1142 1144 
799 1144 1142 346 1143 
800 1098 1144 1143 332 
801 332 1143 1147 1101 
802 1143 346 1145 1147 
803 1147 1145 347 1146 
804 1101 1147 1146 333 
805 333 1146 1150 1104 
806 1146 347 1148 1150 
807 1150 1148 348 1149 
808 1104 1150 1149 334 
809 334 1149 1152 1107 
810 1149 348 1151 1152 
811 1152 1151 97 63 
812 1107 1152 63 98 
813 145 201 1155 1109 
814 201 146 1153 1155 
815 1155 1153 349 1154 
816 1109 1155 1154 335 
817 335 1154 1158 1112 
818 1154 349 1156 1158 
819 1158 1156 350 1157 
820 1112 1158 1157 336 
821 336 1157 1161 1115 
822 1157 350 1159 1161 
823 1161 1159 351 1160 
824 1115 1161 1160 337 
825 337 1160 1164 1118 
826 1160 351 1162 1164 
827 1164 1162 352 1163 
828 1118 1164 1163 338 
829 338 1163 1167 1121 
830 1163 352 1165 1167 
831 1167 1165 353 1166 
832 1121 1167 1166 339 
833 339 1166 1170 1124 
834 1166 353 1168 1170 
835 1170 1168 354 1169 
836 1124 1170 1169 340 
837 340 1169 1173 1127 
838 1169 354 1171 1173 
839 1173 1171 355 1172 
840 1127 1173 1172 341 
841 341 1172 1176 1130 
842 1172 355 1174 1176 
843 1176 1174 356 1175 
844 1130 1176 1175 342 
845 342 1175 1179 1133 
846 1175 356 1177 1179 
847 1179 1177 357 1178 
848 1133 1179 1178 343 
849 343 1178 1182 1136 
850 1178 357 1180 1182 
851 1182 1180 358 1181 
852 1136 1182 1181 344 
853 344 1181 1185 1139 
854 1181 358 1183 1185 
855 1185 1183 359 1184 
856 1139 1185 1184 345 
857 345 1184 1188 1142 
858 1184 359 1186 1188 
859 1188 1186 360 1187 
860 1142 1188 1187 346 
861 346 1187 1191 1145 
862 1187 360 1189 1191 
863 1191 1189 361 1190 
864 1145 1191 1190 347 
865 347 1190 1194 1148 
866 1190 361 1192 1194 
867 1194 1192 362 1193 
868 1148 1194 1193 348 
869 348 1193 1196 1151 
870 1193 362 1195 1196 
871 1196 1195 96 64 
872 1151 1196 64 97 
873 146 202 1199 1153 
874 202 147 1197 1199 
875 1199 1197 363 1198 
876 1153 1199 1198 349 
877 349 1198 1202 1156 
878 1198 363 1200 1202 
879 1202 1200 364 1201 
880 1156 1202 1201 350 
881 350 1201 1205 1159 
882 1201 364 1203 1205 
883 1205 1203 365 1204 
884 1159 1205 1204 351 
885 351 1204 1208 1162 
886 1204 365 1206 1208 
887 1208 1206 366 1207 
888 1162 1208 1207 352 
889 352 1207 1211 1165 
890 1207 366 1209 1211 
891 1211 1209 367 1210 
892 1165 1211 1210 353 
893 353 1210 1214 1168 
894 1210 367 1212 1214 
895 1214 1212 368 1213 
896 1168 1214 1213 354 
897 354 1213 1217 1171 
898 1213 368 1215 1217 
899 1217 1215 369 1216 
900 1171 1217 1216 355 
901 355 1216 1220 1174 
902 1216 369 1218 1220 
903 1220 1218 370 1219 
904 1174 1220 1219 356 
905 356 1219 1223 1177 
906 1219 370 1221 1223 
907 1223 1221 371 1222 
908 1177 1223 1222 357 
909 357 1222 1226 1180 
910 1222 371 1224 1226 
911 1226 1224 372 1225 
912 1180 1226 1225 358 
913 358 1225 1229 1183 
914 1225 372 1227 1229 
915 1229 1227 373 1228 
916 1183 1229 1228 359 
917 359 1228 1232 1186 
918 1228 373 1230 1232 
919 1232 1230 374 1231 
920 1186 1232 1231 360 
921 360 1231 1235 1189 
922 1231 374 1233 1235 
923 1235 1233 375 1234 
924 1189 1235 1234 361 
925 361 1234 1238 1192 
926 1234 375 1236 1238 
927 1238 1236 376 1237 
928 1192 1238 1237 362 
929 362 1237 1240 1195 
930 1237 376 1239 1240 
931 1240 1239 95 65 
932 1195 1240 65 96 
933 147 203 1243 1197 
934 203 148 1241 1243 
935 1243 1241 377 1242 
936 1197 1243 1242 363 
937 363 1242 1246 1200 
938 1242 377 1244 1246 
939 1246 1244 378 1245 
940 1200 1246 1245 364 
941 364 1245 1249 1203 
942 1245 378 1247 1249 
943 1249 1247 379 1248 
944 1203 1249 1248 365 
945 365 1248 1252 1206 
946 1248 379 1250 1252 
947 1252 1250 380 1251 
948 1206 1252 1251 366 
949 366 1251 1255 1209 
950 1251 380 1253 1255 
951 1255 1253 381 1254 
952 1209 1255 1254 367 
953 367 1254 1258 1212 
954 1254 381 1256 1258 
955 1258 1256 382 1257 
956 1212 1258 1257 368 
957 368 1257 1261 1215 
958 1257 382 1259 1261 
959 1261 1259 383 1260 
960 1215 1261 1260 369 
961 369 1260 1264 1218 
962 1260 383 1262 1264 
963 1264 1262 384 1263 
964 1218 1264 1263 370 
965 370 1263 1267 1221 
966 1263 384 1265 1267 
967 1267 1265 385 1266 
968 1221 1267 1266 371 
969 371 1266 1270 1224 
970 1266 385 1268 1270 
971 1270 1268 386 1269 
972 1224 1270 1269 372 
973 372 1269 1273 1227 
974 1269 386 1271 1273 
975 1273 1271 387 1272 
976 1227 1273 1272 373 
977 373 1272 1276 1230 
978 1272 387 1274 1276 
979 1276 1274 388 1275 
980 1230 1276 1275 374 
981 374 1275 1279 1233 
982 1275 388 1277 1279 
983 1279 1277 389 1278 
984 1233 1279 1278 375 
985 375 1278 1282 1236 
986 1278 389 1280 1282 
987 1282 1280 390 1281 
988 1236 1282 1281 376 
989 376 1281 1284 1239 
990 1281 390 1283 1284 
991 1284 1283 94 66 
992 1239 1284 66 95 
993 148 204 1287 1241 
994 204 149 1285 1287 
995 1287 1285 391 1286 
996 1241 1287 1286 377 
997 377 1286 1290 1244 
998 1286 391 1288 1290 
999 1290 1288 392 1289 
1000 1244 1290 1289 378 
1001 378 1289 1293 1247 
1002 1289 392 1291 1293 
1003 1293 1291 393 1292 
1004 1247 1293 1292 379 
1005 379 1292 1296 1250 
1006 1292 393 1294 1296 
1007 1296 1294 394 1295 
1008 1250 1296 1295 380 
1009 380 1295 1299 1253 
1010 1295 394 1297 1299 
1011 1299 1297 395 1298 
1012 1253 1299 1298 381 
1013 381 1298 1302 1256 
1014 1298 395 1300 1302 
1015 1302 1300 396 1301 
1016 1256 1302 1301 382 
1017 382 1301 1305 1259 
1018 1301 396 1303 1305 
1019 1305 1303 397 1304 
1020 1259 1305 1304 383 
1021 383 1304 1308 1262 
1022 1304 397 1306 1308 
1023 1308 1306 398 1307 
1024 1262 1308 1307 384 
1025 384 1307 1311 1265 
1026 1307 398 1309 1311 
1027 1311 1309 399 1310 
1028 1265 1311 1310 385 
1029 385 1310 1314 1268 
1030 1310 399 1312 1314 
1031 1314 1312 400 1313 
1032 1268 1314 1313 386 
1033 386 1313 1317 1271 
1034 1313 400 1315 1317 
1035 1317 1315 401 1316 
1036 1271 1317 1316 387 
1037 387 1316 1320 1274 
1038 1316 401 1318 1320 
1039 1320 1318 402 1319 
1040 1274 1320 1319 388 
1041 388 1319 1323 1277 
1042 1319 402 1321 1323 
1043 1323 1321 403 1322 
1044 1277 1323 1322 389 
1045 389 1322 1326 1280 
1046 1322 403 1324 1326 
1047 1326 1324 404 1325 
1048 1280 1326 1325 390 
1049 390 1325 1328 1283 
1050 1325 404 1327 1328 
1051 1328 1327 93 67 
1052 1283 1328 67 94 
1053 149 205 1331 1285 
1054 205 150 1329 1331 
1055 1331 1329 405 1330 
1056 1285 1331 1330 391 
1057 391 1330 1334 1288 
1058 1330 405 1332 1334 
1059 1334 1332 406 1333 
1060 1288 1334 1333 392 
1061 392 1333 1337 1291 
1062 1333 406 1335 1337 
1063 1337 1335 407 1336 
1064 1291 1337 1336 393 
1065 393 1336 1340 1294 
1066 1336 407 1338 1340 
1067 1340 1338 408 1339 
1068 1294 1340 1339 394 
1069 394 1339 1343 1297 
1070 1339 408 1341 1343 
1071 1343 1341 409 1342 
1072 1297 1343 1342 395 
1073 395 1342 1346 1300 
1074 1342 409 1344 1346 
1075 1346 1344 410 1345 
1076 1300 1346 1345 396 
1077 396 1345 1349 1303 
1078 1345 410 1347 1349 
1079 1349 1347 411 1348 
1080 1303 1349 1348 397 
1081 397 1348 1352 1306 
1082 1348 411 1350 1352 
1083 1352 1350 412 1351 
1084 1306 1352 1351 398 
1085 398 1351 1355 1309 
1086 1351 412 1353 1355 
1087 1355 1353 413 1354 
1088 1309 1355 1354 399 
1089 399 1354 1358 1312 
1090 1354 413 1356 1358 
1091 1358 1356 414 1357 
1092 1312 1358 1357 400 
1093 400 1357 1361 1315 
1094 1357 414 1359 1361 
1095 1361 1359 415 1360 
1096 1315 1361 1360 401 
1097 401 1360 1364 1318 
1098 1360 415 1362 1364 
1099 1364 1362 416 1363 
1100 1318 1364 1363 402 
1101 402 1363 1367 1321 
1102 1363 416 1365 1367 
1103 1367 1365 417 1366 
1104 1321 1367 1366 403 
1105 403 1366 1370 1324 
1106 1366 417 1368 1370 
1107 1370 1368 418 1369 
1108 1324 1370 1369 404 
1109 404 1369 1372 1327 
1110 1369 418 1371 1372 
1111 1372 1371 92 68 
1112 1327 1372 68 93 
1113 150 206 1375 1329 
1114 206 151 1373 1375 
1115 1375 1373 419 1374 
1116 1329 1375 1374 405 
1117 405 1374 1378 1332 
1118 1374 419 1376 1378 
1119 1378 1376 420 1377 
1120 1332 1378 1377 406 
1121 406 1377 1381 1335 
1122 1377 420 1379 1381 
1123 1381 1379 421 1380 
1124 1335 1381 1380 407 
1125 407 1380 1384 1338 
1126 1380 421 1382 1384 
1127 1384 1382 422 1383 
1128 1338 1384 1383 408 
1129 408 1383 1387 1341 
1130 1383 422 1385 1387 
1131 1387 1385 423 1386 
1132 1341 1387 1386 409 
1133 409 1386 1390 1344 
1134 1386 423 1388 1390 
1135 1390 1388 424 1389 
1136 1344 1390 1389 410 
1137 410 1389 1393 1347 
1138 1389 424 1391 1393 
1139 1393 1391 425 1392 
1140 1347 1393 1392 411 
1141 411 1392 1396 1350 
1142 1392 425 1394 1396 
1143 1396 1394 426 1395 
1144 1350 1396 1395 412 
1145 412 1395 1399 1353 
1146 1395 426 1397 1399 
1147 1399 1397 427 1398 
1148 1353 1399 1398 413 
1149 413 1398 1402 1356 
1150 1398 427 1400 1402 
1151 1402 1400 428 1401 
1152 1356 1402 1401 414 
1153 414 1401 1405 1359 
1154 1401 428 1403 1405 
1155 1405 1403 429 1404 
1156 1359 1405 1404 415 
1157 415 1404 1408 1362 
1158 1404 429 1406 1408 
1159 1408 1406 430 1407 
1160 1362 1408 1407 416 
1161 416 1407 1411 1365 
1162 1407 430 1409 1411 
1163 1411 1409 431 1410 
1164 1365 1411 1410 417 
1165 417 1410 1414 1368 
1166 1410 431 1412 1414 
1167 1414 1412 432 1413 
1168 1368 1414 1413 418 
1169 418 1413 1416 1371 
1170 1413 432 1415 1416 
1171 1416 1415 91 69 
1172 1371 1416 69 92 
1173 151 207 1419 1373 
1174 207 152 1417 1419 
1175 1419 1417 433 1418 
1176 1373 1419 1418 419 
1177 419 1418 1422 1376 
1178 1418 433 1420 1422 
1179 1422 1420 434 1421 
1180 1376 1422 1421 420 
1181 420 1421 1425 1379 
1182 1421 434 1423 1425 
1183 1425 1423 435 1424 
1184 1379 1425 1424 421 
1185 421 1424 1428 1382 
1186 1424 435 1426 1428 
1187 1428 1426 436 1427 
1188 1382 1428 1427 422 
1189 422 1427 1431 1385 
1190 1427 436 1429 1431 
1191 1431 1429 437 1430 
1192 1385 1431 1430 423 
1193 423 1430 1434 1388 
1194 1430 437 1432 1434 
1195 1434 1432 438 1433 
1196 1388 1434 1433 424 
1197 424 1433 1437 1391 
1198 1433 438 1435 1437 
1199 1437 1435 439 1436 
1200 1391 1437 1436 425 
1201 425 1436 1440 1394 
1202 1436 439 1438 1440 
1203 1440 1438 440 1439 
1204 1394 1440 1439 426 
1205 426 1439 1443 1397 
1206 1439 440 1441 1443 
1207 1443 1441 441 1442 
1208 1397 1443 1442 427 
1209 427 1442 1446 1400 
1210 1442 441 1444 1446 
1211 1446 1444 442 1445 
1212 1400 1446 1445 428 
1213 428 1445 1449 1403 
1214 1445 442 1447 1449 
1215 1449 1447 443 1448 
1216 1403 1449 1448 429 
1217 429 1448 1452 1406 
1218 1448 443 1450 1452 
1219 1452 1450 444 1451 
1220 1406 1452 1451 430 
1221 430 1451 1455 1409 
1222 1451 444 1453 1455 
1223 1455 1453 445 1454 
1224 1409 1455 1454 431 
1225 431 1454 1458 1412 
1226 1454 445 1456 1458 
1227 1458 1456 446 1457 
1228 1412 1458 1457 432 
1229 432 1457 1460 1415 
1230 1457 446 1459 1460 
1231 1460 1459 90 70 
1232 1415 1460 70 91 
1233 152 208 1463 1417 
1234 208 153 1461 1463 
1235 1463 1461 447 1462 
1236 1417 1463 1462 433 
1237 433 1462 1466 1420 
1238 1462 447 1464 1466 
1239 1466 1464 448 1465 
1240 1420 1466 1465 434 
1241 434 1465 1469 1423 
1242 1465 448 1467 1469 
1243 1469 1467 449 1468 
1244 1423 1469 1468 435 
1245 435 1468 1472 1426 
1246 1468 449 1470 1472 
1247 1472 1470 450 1471 
1248 1426 1472 1471 436 
1249 436 1471 1475 1429 
1250 1471 450 1473 1475 
1251 1475 1473 451 1474 
1252 1429 1475 1474 437 
1253 437 1474 1478 1432 
1254 1474 451 1476 1478 
1255 1478 1476 452 1477 
1256 1432 1478 1477 438 
1257 438 1477 1481 1435 
1258 1477 452 1479 1481 
1259 1481 1479 453 1480 
1260 1435 1481 1480 439 
1261 439 1480 1484 1438 
1262 1480 453 1482 1484 
1263 1484 1482 454 1483 
1264 1438 1484 1483 440 
1265 440 1483 1487 1441 
1266 1483 454 1485 1487 
1267 1487 1485 455 1486 
1268 1441 1487 1486 441 
1269 441 1486 1490 1444 
1270 1486 455 1488 1490 
1271 1490 1488 456 1489 
1272 1444 1490 1489 442 
1273 442 1489 1493 1447 
1274 1489 456 1491 1493 
1275 1493 1491 457 1492 
1276 1447 1493 1492 443 
1277 443 1492 1496 1450 
1278 1492 457 1494 1496 
1279 1496 1494 458 1495 
1280 1450 1496 1495 444 
1281 444 1495 1499 1453 
1282 1495 458 1497 1499 
1283 1499 1497 459 1498 
1284 1453 1499 1498 445 
1285 445 1498 1502 1456 
1286 1498 459 1500 1502 
1287 1502 1500 460 1501 
1288 1456 1502 1501 446 
1289 446 1501 1504 1459 
1290 1501 460 1503 1504 
1291 1504 1503 89 44 
1292 1459 1504 44 90 
1293 153 200 1507 1461 
1294 200 154 1505 1507 
1295 1507 1505 461 1506 
1296 1461 1507 1506 447 
1297 447 1506 1510 1464 
1298 1506 461 1508 1510 
1299 1510 1508 462 1509 
1300 1464 1510 1509 448 
1301 448 1509 1513 1467 
1302 1509 462 1511 1513 
1303 1513 1511 463 1512 
1304 1467 1513 1512 449 
1305 449 1512 1516 1470 
1306 1512 463 1514 1516 
1307 1516 1514 464 1515 
1308 1470 1516 1515 450 
1309 450 1515 1519 1473 
1310 1515 464 1517 1519 
1311 1519 1517 465 1518 
1312 1473 1519 1518 451 
1313 451 1518 1522 1476 
1314 1518 465 1520 1522 
1315 1522 1520 466 1521 
1316 1476 1522 1521 452 
1317 452 1521 1525 1479 
1318 1521 466 1523 1525 
1319 1525 1523 467 1524 
1320 1479 1525 1524 453 
1321 453 1524 1528 1482 
1322 1524 467 1526 1528 
1323 1528 1526 468 1527 
1324 1482 1528 1527 454 
1325 454 1527 1531 1485 
1326 1527 468 1529 1531 
1327 1531 1529 469 1530 
1328 1485 1531 1530 455 
1329 455 1530 1534 1488 
1330 1530 469 1532 1534 
1331 1534 1532 470 1533 
1332 1488 1534 1533 456 
1333 456 1533 1537 1491 
1334 1533 470 1535 1537 
1335 1537 1535 471 1536 
1336 1491 1537 1536 457 
1337 457 1536 1540 1494 
1338 1536 471 1538 1540 
1339 1540 1538 472 1539 
1340 1494 1540 1539 458 
1341 458 1539 1543 1497 
1342 1539 472 1541 1543 
1343 1543 1541 473 1542 
1344 1497 1543 1542 459 
1345 459 1542 1546 1500 
1346 1542 473 1544 1546 
1347 1546 1544 474 1545 
1348 1500 1546 1545 460 
1349 460 1545 1548 1503 
1350 1545 474 1547 1548 
1351 1548 1547 88 35 
1352 1503 1548 35 89 
1353 154 172 1551 1505 
1354 172 155 1549 1551 
1355 1551 1549 475 1550 
1356 1505 1551 1550 461 
1357 461 1550 1554 1508 
1358 1550 475 1552 1554 
1359 1554 1552 476 1553 
1360 1508 1554 1553 462 
1361 462 1553 1557 1511 
1362 1553 476 1555 1557 
1363 1557 1555 477 1556 
1364 1511 1557 1556 463 
1365 463 1556 1560 1514 
1366 1556 477 1558 1560 
1367 1560 1558 478 1559 
1368 1514 1560 1559 464 
1369 464 1559 1563 1517 
1370 1559 478 1561 1563 
1371 1563 1561 479 1562 
1372 1517 1563 1562 465 
1373 465 1562 1566 1520 
1374 1562 479 1564 1566 
1375 1566 1564 480 1565 
1376 1520 1566 1565 466 
1377 466 1565 1569 1523 
1378 1565 480 1567 1569 
1379 1569 1567 481 1568 
1380 1523 1569 1568 467 
1381 467 1568 1572 1526 
1382 1568 481 1570 1572 
1383 1572 1570 482 1571 
1384 1526 1572 1571 468 
1385 468 1571 1575 1529 
1386 1571 482 1573 1575 
1387 1575 1573 483 1574 
1388 1529 1575 1574 469 
1389 469 1574 1578 1532 
1390 1574 483 1576 1578 
1391 1578 1576 484 1577 
1392 1532 1578 1577 470 
1393 470 1577 1581 1535 
1394 1577 484 1579 1581 
1395 1581 1579 485 1580 
1396 1535 1581 1580 471 
1397 471 1580 1584 1538 
1398 1580 485 1582 1584 
1399 1584 1582 486 1583 
1400 1538 1584 1583 472 
1401 472 1583 1587 1541 
1402 1583 486 1585 1587 
1403 1587 1585 487 1586 
1404 1541 1587 1586 473 
1405 473 1586 1590 1544 
1406 1586 487 1588 1590 
1407 1590 1588 488 1589 
1408 1544 1590 1589 474 
1409 474 1589 1592 1547 
1410 1589 488 1591 1592 
1411 1592 1591 87 36 
1412 1547 1592 36 88 
1413 155 173 1595 1549 
1414 173 156 1593 1595 
1415 1595 1593 489 1594 
1416 1549 1595 1594 475 
1417 475 1594 1598 1552 
1418 1594 489 1596 1598 
1419 1598 1596 490 1597 
1420 1552 1598 1597 476 
1421 476 1597 1601 1555 
1422 1597 490 1599 1601 
1423 1601 1599 491 1600 
1424 1555 1601 1600 477 
1425 477 1600 1604 1558 
1426 1600 491 1602 1604 
1427 1604 1602 492 1603 
1428 1558 1604 1603 478 
1429 478 1603 1607 1561 
1430 1603 492 1605 1607 
1431 1607 1605 493 1606 
1432 1561 1607 1606 479 
1433 479 1606 1610 1564 
1434 1606 493 1608 1610 
1435 1610 1608 494 1609 
1436 1564 1610 1609 480 
1437 480 1609 1613 1567 
1438 1609 494 1611 1613 
1439 1613 1611 495 1612 
1440 1567 1613 1612 481 
1441 481 1612 1616 1570 
1442 1612 495 1614 1616 
1443 1616 1614 496 1615 
1444 1570 1616 1615 482 
1445 482 1615 1619 1573 
1446 1615 496 1617 1619 
1447 1619 1617 497 1618 
1448 1573 1619 1618 483 
1449 483 1618 1622 1576 
1450 1618 497 1620 1622 
1451 1622 1620 498 1621 
1452 1576 1622 1621 484 
1453 484 1621 1625 1579 
1454 1621 498 1623 1625 
1455 1625 1623 499 1624 
1456 1579 1625 1624 485 
1457 485 1624 1628 1582 
1458 1624 499 1626 1628 
1459 1628 1626 500 1627 
1460 1582 1628 1627 486 
1461 486 1627 1631 1585 
1462 1627 500 1629 1631 
1463 1631 1629 501 1630 
1464 1585 1631 1630 487 
1465 487 1630 1634 1588 
1466 1630 501 1632 1634 
1467 1634 1632 502 1633 
1468 1588 1634 1633 488 
1469 488 1633 1636 1591 
1470 1633 502 1635 1636 
1471 1636 1635 86 37 
1472 1591 1636 37 87 
1473 156 174 1639 1593 
1474 174 157 1637 1639 
1475 1639 1637 503 1638 
1476 1593 1639 1638 489 
1477 489 1638 1642 1596 
1478 1638 503 1640 1642 
1479 1642 1640 504 1641 
1480 1596 1642 1641 490 
1481 490 1641 1645 1599 
1482 1641 504 1643 1645 
1483 1645 1643 505 1644 
1484 1599 1645 1644 491 
1485 491 1644 1648 1602 
1486 1644 505 1646 1648 
1487 1648 1646 506 1647 
1488 1602 1648 1647 492 
1489 492 1647 1651 1605 
1490 1647 506 1649 1651 
1491 1651 1649 507 1650 
1492 1605 1651 1650 493 
1493 493 1650 1654 1608 
1494 1650 507 1652 1654 
1495 1654 1652 508 1653 
1496 1608 1654 1653 494 
1497 494 1653 1657 1611 
1498 1653 508 1655 1657 
1499 1657 1655 509 1656 
1500 1611 1657 1656 495 
1501 495 1656 1660 1614 
1502 1656 509 1658 1660 
1503 1660 1658 510 1659 
1504 1614 1660 1659 496 
1505 496 1659 1663 1617 
1506 1659 510 1661 1663 
1507 1663 1661 511 1662 
1508 1617 1663 1662 497 
1509 497 1662 1666 1620 
1510 1662 511 1664 1666 
1511 1666 1664 512 1665 
1512 1620 1666 1665 498 
1513 498 1665 1669 1623 
1514 1665 512 1667 1669 
1515 1669 1667 513 1668 
1516 1623 1669 1668 499 
1517 499 1668 1672 1626 
1518 1668 513 1670 1672 
1519 1672 1670 514 1671 
1520 1626 1672 1671 500 
1521 500 1671 1675 1629 
1522 1671 514 1673 1675 
1523 1675 1673 515 1674 
1524 1629 1675 1674 501 
1525 501 1674 1678 1632 
1526 1674 515 1676 1678 
1527 1678 1676 516 1677 
1528 1632 1678 1677 502 
1529 502 1677 1680 1635 
1530 1677 516 1679 1680 
1531 1680 1679 85 38 
1532 1635 1680 38 86 
1533 157 175 1683 1637 
1534 175 158 1681 1683 
1535 1683 1681 517 1682 
1536 1637 1683 1682 503 
1537 503 1682 1686 1640 
1538 1682 517 1684 1686 
1539 1686 1684 518 1685 
1540 1640 1686 1685 504 
1541 504 1685 1689 1643 
1542 1685 518 1687 1689 
1543 1689 1687 519 1688 
1544 1643 1689 1688 505 
1545 505 1688 1692 1646 
1546 1688 519 1690 1692 
1547 1692 1690 520 1691 
1548 1646 1692 1691 506 
1549 506 1691 1695 1649 
1550 1691 520 1693 1695 
1551 1695 1693 521 1694 
1552 1649 1695 1694 507 
1553 507 1694 1698 1652 
1554 1694 521 1696 1698 
1555 1698 1696 522 1697 
1556 1652 1698 1697 508 
1557 508 1697 1701 1655 
1558 1697 522 1699 1701 
1559 1701 1699 523 1700 
1560 1655 1701 1700 509 
1561 509 1700 1704 1658 
1562 1700 523 1702 1704 
1563 1704 1702 524 1703 
1564 1658 1704 1703 510 
1565 510 1703 1707 1661 
1566 1703 524 1705 1707 
1567 1707 1705 525 1706 
1568 1661 1707 1706 511 
1569 511 1706 1710 1664 
1570 1706 525 1708 1710 
1571 1710 1708 526 1709 
1572 1664 1710 1709 512 
1573 512 1709 1713 1667 
1574 1709 526 1711 1713 
1575 1713 1711 527 1712 
1576 1667 1713 1712 513 
1577 513 1712 1716 1670 
1578 1712 527 1714 1716 
1579 1716 1714 528 1715 
1580 1670 1716 1715 514 
1581 514 1715 1719 1673 
1582 1715 528 1717 1719 
1583 1719 1717 529 1718 
1584 1673 1719 1718 515 
1585 515 1718 1722 1676 
1586 1718 529 1720 1722 
1587 1722 1720 530 1721 
1588 1676 1722 1721 516 
1589 516 1721 1724 1679 
1590 1721 530 1723 1724 
1591 1724 1723 84 39 
1592 1679 1724 39 85 
1593 158 176 1727 1681 
1594 176 159 1725 1727 
1595 1727 1725 531 1726 
1596 1681 1727 1726 517 
1597 517 1726 1730 1684 
1598 1726 531 1728 1730 
1599 1730 1728 532 1729 
1600 1684 1730 1729 518 
1601 518 1729 1733 1687 
1602 1729 532 1731 1733 
1603 1733 1731 533 1732 
1604 1687 1733 1732 519 
1605 519 1732 1736 1690 
1606 1732 533 1734 1736 
1607 1736 1734 534 1735 
1608 1690 1736 1735 520 
1609 520 1735 1739 1693 
1610 1735 534 1737 1739 
1611 1739 1737 535 1738 
1612 1693 1739 1738 521 
1613 521 1738 1742 1696 
1614 1738 535 1740 1742 
1615 1742 1740 536 1741 
1616 1696 1742 1741 522 
1617 522 1741 1745 1699 
1618 1741 536 1743 1745 
1619 1745 1743 537 1744 
1620 1699 1745 1744 523 
1621 523 1744 1748 1702 
1622 1744 537 1746 1748 
1623 1748 1746 538 1747 
1624 1702 1748 1747 524 
1625 524 1747 1751 1705 
1626 1747 538 1749 1751 
1627 1751 1749 539 1750 
1628 1705 1751 1750 525 
1629 525 1750 1754 1708 
1630 1750 539 1752 1754 
1631 1754 1752 540 1753 
1632 1708 1754 1753 526 
1633 526 1753 1757 1711 
1634 1753 540 1755 1757 
1635 1757 1755 541 1756 
1636 1711 1757 1756 527 
1637 527 1756 1760 1714 
1638 1756 541 1758 1760 
1639 1760 1758 542 1759 
1640 1714 1760 1759 528 
1641 528 1759 1763 1717 
1642 1759 542 1761 1763 
1643 1763 1761 543 1762 
1644 1717 1763 1762 529 
1645 529 1762 1766 1720 
1646 1762 543 1764 1766 
1647 1766 1764 544 1765 
1648 1720 1766 1765 530 
1649 530 1765 1768 1723 
1650 1765 544 1767 1768 
1651 1768 1767 83 40 
1652 1723 1768 40 84 
1653 159 177 1771 1725 
1654 177 160 1769 1771 
1655 1771 1769 545 1770 
1656 1725 1771 1770 531 
1657 531 1770 1774 1728 
1658 1770 545 1772 1774 
1659 1774 1772 546 1773 
1660 1728 1774 1773 532 
1661 532 1773 1777 1731 
1662 1773 546 1775 1777 
1663 1777 1775 547 1776 
1664 1731 1777 1776 533 
1665 533 1776 1780 1734 
1666 1776 547 1778 1780 
1667 1780 1778 548 1779 
1668 1734 1780 1779 534 
1669 534 1779 1783 1737 
1670 1779 548 1781 1783 
1671 1783 1781 549 1782 
1672 1737 1783 1782 535 
1673 535 1782 1786 1740 
1674 1782 549 1784 1786 
1675 1786 1784 550 1785 
1676 1740 1786 1785 536 
1677 536 1785 1789 1743 
1678 1785 550 1787 1789 
1679 1789 1787 551 1788 
1680 1743 1789 1788 537 
1681 537 1788 1792 1746 
1682 1788 551 1790 1792 
1683 1792 1790 552 1791 
1684 1746 1792 1791 538 
1685 538 1791 1795 1749 
1686 1791 552 1793 1795 
1687 1795 1793 553 1794 
1688 1749 1795 1794 539 
1689 539 1794 1798 1752 
1690 1794 553 1796 1798 
1691 1798 1796 554 1797 
1692 1752 1798 1797 540 
1693 540 1797 1801 1755 
1694 1797 554 1799 1801 
1695 1801 1799 555 1800 
1696 1755 1801 1800 541 
1697 541 1800 1804 1758 
1698 1800 555 1802 1804 
1699 1804 1802 556 1803 
1700 1758 1804 1803 542 
1701 542 1803 1807 1761 
1702 1803 556 1805 1807 
1703 1807 1805 557 1806 
1704 1761 1807 1806 543 
1705 543 1806 1810 1764 
1706 1806 557 1808 1810 
1707 1810 1808 558 1809 
1708 1764 1810 1809 544 
1709 544 1809 1812 1767 
1710 1809 558 1811 1812 
1711 1812 1811 82 41 
1712 1767 1812 41 83 
1713 160 178 1815 1769 
1714 178 161 1813 1815 
1715 1815 1813 559 1814 
1716 1769 1815 1814 545 
1717 545 1814 1818 1772 
1718 1814 559 1816 1818 
1719 1818 1816 560 1817 
1720 1772 1818 1817 546 
1721 546 1817 1821 1775 
1722 1817 560 1819 1821 
1723 1821 1819 561 1820 
1724 1775 1821 1820 547 
1725 547 1820 1824 1778 
1726 1820 561 1822 1824 
1727 1824 1822 562 1823 
1728 1778 1824 1823 548 
1729 548 1823 1827 1781 
1730 1823 562 1825 1827 
1731 1827 1825 563 1826 
1732 1781 1827 1826 549 
1733 549 1826 1830 1784 
1734 1826 563 1828 1830 
1735 1830 1828 564 1829 
1736 1784 1830 1829 550 
1737 550 1829 1833 1787 
1738 1829 564 1831 1833 
1739 1833 1831 565 1832 
1740 1787 1833 1832 551 
1741 551 1832 1836 1790 
1742 1832 565 1834 1836 
1743 1836 1834 566 1835 
1744 1790 1836 1835 552 
1745 552 1835 1839 1793 
1746 1835 566 1837 1839 
1747 1839 1837 567 1838 
1748 1793 1839 1838 553 
1749 553 1838 1842 1796 
1750 1838 567 1840 1842 
1751 1842 1840 568 1841 
1752 1796 1842 1841 554 
1753 554 1841 1845 1799 
1754 1841 568 1843 1845 
1755 1845 1843 569 1844 
1756 1799 1845 1844 555 
1757 555 1844 1848 1802 
1758 1844 569 1846 1848 
1759 1848 1846 570 1847 
1760 1802 1848 1847 556 
1761 556 1847 1851 1805 
1762 1847 570 1849 1851 
1763 1851 1849 571 1850 
1764 1805 1851 1850 557 
1765 557 1850 1854 1808 
1766 1850 571 1852 1854 
1767 1854 1852 572 1853 
1768 1808 1854 1853 558 
1769 558 1853 1856 1811 
1770 1853 572 1855 1856 
1771 1856 1855 81 42 
1772 1811 1856 42 82 
1773 161 179 1859 1813 
1774 179 162 1857 1859 
1775 1859 1857 573 1858 
1776 1813 1859 1858 559 
1777 559 1858 1862 1816 
1778 1858 573 1860 1862 
1779 1862 1860 574 1861 
1780 1816 1862 1861 560 
1781 560 1861 1865 1819 
1782 1861 574 1863 1865 
1783 1865 1863 575 1864 
1784 1819 1865 1864 561 
1785 561 1864 1868 1822 
1786 1864 575 1866 1868 
1787 1868 1866 576 1867 
1788 1822 1868 1867 562 
1789 562 1867 1871 1825 
1790 1867 576 1869 1871 
1791 1871 1869 577 1870 
1792 1825 1871 1870 563 
1793 563 1870 1874 1828 
1794 1870 577 1872 1874 
1795 1874 1872 578 1873 
1796 1828 1874 1873 564 
1797 564 1873 1877 1831 
1798 1873 578 1875 1877 
1799 1877 1875 579 1876 
1800 1831 1877 1876 565 
1801 565 1876 1880 1834 
1802 1876 579 1878 1880 
1803 1880 1878 580 1879 
1804 1834 1880 1879 566 
1805 566 1879 1883 1837 
1806 1879 580 1881 1883 
1807 1883 1881 581 1882 
1808 1837 1883 1882 567 
1809 567 1882 1886 1840 
1810 1882 581 1884 1886 
1811 1886 1884 582 1885 
1812 1840 1886 1885 568 
1813 568 1885 1889 1843 
1814 1885 582 1887 1889 
1815 1889 1887 583 1888 
1816 1843 1889 1888 569 
1817 569 1888 1892 1846 
1818 1888 583 1890 1892 
1819 1892 1890 584 1891 
1820 1846 1892 1891 570 
1821 570 1891 1895 1849 
1822 1891 584 1893 1895 
1823 1895 1893 585 1894 
1824 1849 1895 1894 571 
1825 571 1894 1898 1852 
1826 1894 585 1896 1898 
1827 1898 1896 586 1897 
1828 1852 1898 1897 572 
1829 572 1897 1900 1855 
1830 1897 586 1899 1900 
1831 1900 1899 80 43 
1832 1855 1900 43 81 
1833 162 180 1903 1857 
1834 180 163 1901 1903 
1835 1903 1901 587 1902 
1836 1857 1903 1902 573 
1837 573 1902 1906 1860 
1838 1902 587 1904 1906 
1839 1906 1904 588 1905 
1840 1860 1906 1905 574 
1841 574 1905 1909 1863 
1842 1905 588 1907 1909 
1843 1909 1907 589 1908 
1844 1863 1909 1908 575 
1845 575 1908 1912 1866 
1846 1908 589 1910 1912 
1847 1912 1910 590 1911 
1848 1866 1912 1911 576 
1849 576 1911 1915 1869 
1850 1911 590 1913 1915 
1851 1915 1913 591 1914 
1852 1869 1915 1914 577 
1853 577 1914 1918 1872 
1854 1914 591 1916 1918 
1855 1918 1916 592 1917 
1856 1872 1918 1917 578 
1857 578 1917 1921 1875 
1858 1917 592 1919 1921 
1859 1921 1919 593 1920 
1860 1875 1921 1920 579 
1861 579 1920 1924 1878 
1862 1920 593 1922 1924 
1863 1924 1922 594 1923 
1864 1878 1924 1923 580 
1865 580 1923 1927 1881 
1866 1923 594 1925 1927 
1867 1927 1925 595 1926 
1868 1881 1927 1926 581 
1869 581 1926 1930 1884 
1870 1926 595 1928 1930 
1871 1930 1928 596 1929 
1872 1884 1930 1929 582 
1873 582 1929 1933 1887 
1874 1929 596 1931 1933 
1875 1933 1931 597 1932 
1876 1887 1933 1932 583 
1877 583 1932 1936 1890 
1878 1932 597 1934 1936 
1879 1936 1934 598 1935 
1880 1890 1936 1935 584 
1881 584 1935 1939 1893 
1882 1935 598 1937 1939 
1883 1939 1937 599 1938 
1884 1893 1939 1938 585 
1885 585 1938 1942 1896 
1886 1938 599 1940 1942 
1887 1942 1940 600 1941 
1888 1896 1942 1941 586 
1889 586 1941 1944 1899 
1890 1941 600 1943 1944 
1891 1944 1943 79 34 
1892 1899 1944 34 80 
1893 163 181 1947 1901 
1894 181 164 1945 1947 
1895 1947 1945 601 1946 
1896 1901 1947 1946 587 
1897 587 1946 1950 1904 
1898 1946 601 1948 1950 
1899 1950 1948 602 1949 
1900 1904 1950 1949 588 
1901 588 1949 1953 1907 
1902 1949 602 1951 1953 
1903 1953 1951 603 1952 
1904 1907 1953 1952 589 
1905 589 1952 1956 1910 
1906 1952 603 1954 1956 
1907 1956 1954 604 1955 
1908 1910 1956 1955 590 
1909 590 1955 1959 1913 
1910 1955 604 1957 1959 
1911 1959 1957 605 1958 
1912 1913 1959 1958 591 
1913 591 1958 1962 1916 
1914 1958 605 1960 1962 
1915 1962 1960 606 1961 
1916 1916 1962 1961 592 
1917 592 1961 1965 1919 
1918 1961 606 1963 1965 
1919 1965 1963 607 1964 
1920 1919 1965 1964 593 
1921 593 1964 1968 1922 
1922 1964 607 1966 1968 
1923 1968 1966 608 1967 
1924 1922 1968 1967 594 
1925 594 1967 1971 1925 
1926 1967 608 1969 1971 
1927 1971 1969 609 1970 
1928 1925 1971 1970 595 
1929 595 1970 1974 1928 
1930 1970 609 1972 1974 
1931 1974 1972 610 1973 
1932 1928 1974 1973 596 
1933 596 1973 1977 1931 
1934 1973 610 1975 1977 
1935 1977 1975 611 1976 
1936 1931 1977 1976 597 
1937 597 1976 1980 1934 
1938 1976 611 1978 1980 
1939 1980 1978 612 1979 
1940 1934 1980 1979 598 
1941 598 1979 1983 1937 
1942 1979 612 1981 1983 
1943 1983 1981 613 1982 
1944 1937 1983 1982 599 
1945 599 1982 1986 1940 
1946 1982 613 1984 1986 
1947 1986 1984 614 1985 
1948 1940 1986 1985 600 
1949 600 1985 1988 1943 
1950 1985 614 1987 1988 
1951 1988 1987 78 45 
1952 1943 1988 45 79 
1953 164 182 1991 1945 
1954 182 165 1989 1991 
1955 1991 1989 615 1990 
1956 1945 1991 1990 601 
1957 601 1990 1994 1948 
1958 1990 615 1992 1994 
1959 1994 1992 616 1993 
1960 1948 1994 1993 602 
1961 602 1993 1997 1951 
1962 1993 616 1995 1997 
1963 1997 1995 617 1996 
1964 1951 1997 1996 603 
1965 603 1996 2000 1954 
1966 1996 617 1998 2000 
1967 2000 1998 618 1999 
1968 1954 2000 1999 604 
1969 604 1999 2003 1957 
1970 1999 618 2001 2003 
1971 2003 2001 619 2002 
1972 1957 2003 2002 605 
1973 605 2002 2006 1960 
1974 2002 619 2004 2006 
1975 2006 2004 620 2005 
1976 1960 2006 2005 606 
1977 606 2005 2009 1963 
1978 2005 620 2007 2009 
1979 2009 2007 621 2008 
1980 1963 2009 2008 607 
1981 607 2008 2012 1966 
1982 2008 621 2010 2012 
1983 2012 2010 622 2011 
1984 1966 2012 2011 608 
1985 608 2011 2015 1969 
1986 2011 622 2013 2015 
1987 2015 2013 623 2014 
1988 1969 2015 2014 609 
1989 609 2014 2018 1972 
1990 2014 623 2016 2018 
1991 2018 2016 624 2017 
1992 1972 2018 2017 610 
1993 610 2017 2021 1975 
1994 2017 624 2019 2021 
1995 2021 2019 625 2020 
1996 1975 2021 2020 611 
1997 611 2020 2024 1978 
1998 2020 625 2022 2024 
1999 2024 2022 626 2023 
2000 1978 2024 2023 612 
2001 612 2023 2027 1981 
2002 2023 626 2025 2027 
2003 2027 2025 627 2026 
2004 1981 2027 2026 613 
2005 613 2026 2030 1984 
2006 2026 627 2028 2030 
2007 2030 2028 628 2029 
2008 1984 2030 2029 614 
2009 614 2029 2032 1987 
2010 2029 628 2031 2032 
2011 2032 2031 77 46 
2012 1987 2032 46 78 
2013 165 183 2035 1989 
2014 183 166 2033 2035 
2015 2035 2033 629 2034 
2016 1989 2035 2034 615 
2017 615 2034 2038 1992 
2018 2034 629 2036 2038 
2019 2038 2036 630 2037 
2020 1992 2038 2037 616 
2021 616 2037 2041 1995 
2022 2037 630 2039 2041 
2023 2041 2039 631 2040 
2024 1995 2041 2040 617 
2025 617 2040 2044 1998 
2026 2040 631 2042 2044 
2027 2044 2042 632 2043 
2028 1998 2044 2043 618 
2029 618 2043 2047 2001 
2030 2043 632 2045 2047 
2031 2047 2045 633 2046 
2032 2001 2047 2046 619 
2033 619 2046 2050 2004 
2034 2046 633 2048 2050 
2035 2050 2048 634 2049 
2036 2004 2050 2049 620 
2037 620 2049 2053 2007 
2038 2049 634 2051 2053 
2039 2053 2051 635 2052 
2040 2007 2053 2052 621 
2041 621 2052 2056 2010 
2042 2052 635 2054 2056 
2043 2056 2054 636 2055 
2044 2010 2056 2055 622 
2045 622 2055 2059 2013 
2046 2055 636 2057 2059 
2047 2059 2057 637 2058 
2048 2013 2059 2058 623 
2049 623 2058 2062 2016 
2050 2058 637 2060 2062 
2051 2062 2060 638 2061 
2052 2016 2062 2061 624 
2053 624 2061 2065 2019 
2054 2061 638 2063 2065 
2055 2065 2063 639 2064 
2056 2019 2065 2064 625 
2057 625 2064 2068 2022 
2058 2064 639 2066 2068 
2059 2068 2066 640 2067 
2060 2022 2068 2067 626 
2061 626 2067 2071 2025 
2062 2067 640 2069 2071 
2063 2071 2069 641 2070 
2064 2025 2071 2070 627 
2065 627 2070 2074 2028 
2066 2070 641 2072 2074 
2067 2074 2072 642 2073 
2068 2028 2074 2073 628 
2069 628 2073 2076 2031 
2070 2073 642 2075 2076 
2071 2076 2075 76 47 
2072 2031 2076 47 77 
2073 166 184 2079 2033 
2074 184 167 2077 2079 
2075 2079 2077 643 2078 
2076 2033 2079 2078 629 
2077 629 2078 2082 2036 
2078 2078 643 2080 2082 
2079 2082 2080 644 2081 
2080 2036 2082 2081 630 
2081 630 2081 2085 2039 
2082 2081 644 2083 2085 
2083 2085 2083 645 2084 
2084 2039 2085 2084 631 
2085 631 2084 2088 2042 
2086 2084 645 2086 2088 
2087 2088 2086 646 2087 
2088 2042 2088 2087 632 
2089 632 2087 2091 2045 
2090 2087 646 2089 2091 
2091 2091 2089 647 2090 
2092 2045 2091 2090 633 
2093 633 2090 2094 2048 
2094 2090 647 2092 2094 
2095 2094 2092 648 2093 
2096 2048 2094 2093 634 
2097 634 2093 2097 2051 
2098 2093 648 2095 2097 
2099 2097 2095 649 2096 
2100 2051 2097 2096 635 
2101 635 2096 2100 2054 
2102 2096 649 2098 2100 
2103 2100 2098 650 2099 
2104 2054 2100 2099 636 
2105 636 2099 2103 2057 
2106 2099 650 2101 2103 
2107 2103 2101 651 2102 
2108 2057 2103 2102 637 
2109 637 2102 2106 2060 
2110 2102 651 2104 2106 
2111 2106 2104 652 2105 
2112 2060 2106 2105 638 
2113 638 2105 2109 2063 
2114 2105 652 2107 2109 
2115 2109 2107 653 2108 
2116 2063 2109 2108 639 
2117 639 2108 2112 2066 
2118 2108 653 2110 2112 
2119 2112 2110 654 2111 
2120 2066 2112 2111 640 
2121 640 2111 2115 2069 
2122 2111 654 2113 2115 
2123 2115 2113 655 2114 
2124 2069 2115 2114 641 
2125 641 2114 2118 2072 
2126 2114 655 2116 2118 
2127 2118 2116 656 2117 
2128 2072 2118 2117 642 
2129 642 2117 2120 2075 
2130 2117 656 2119 2120 
2131 2120 2119 75 48 
2132 2075 2120 48 76 
2133 167 185 2123 2077 
2134 185 168 2121 2123 
2135 2123 2121 657 2122 
2136 2077 2123 2122 643 
2137 643 2122 2126 2080 
2138 2122 657 2124 2126 
2139 2126 2124 658 2125 
2140 2080 2126 2125 644 
2141 644 2125 2129 2083 
2142 2125 658 2127 2129 
2143 2129 2127 659 2128 
2144 2083 2129 2128 645 
2145 645 2128 2132 2086 
2146 2128 659 2130 2132 
2147 2132 2130 660 2131 
2148 2086 2132 2131 646 
2149 646 2131 2135 2089 
2150 2131 660 2133 2135 
2151 2135 2133 661 2134 
2152 2089 2135 2134 647 
2153 647 2134 2138 2092 
2154 2134 661 2136 2138 
2155 2138 2136 662 2137 
2156 2092 2138 2137 648 
2157 648 2137 2141 2095 
2158 2137 662 2139 2141 
2159 2141 2139 663 2140 
2160 2095 2141 2140 649 
2161 649 2140 2144 2098 
2162 2140 663 2142 2144 
2163 2144 2142 664 2143 
2164 2098 2144 2143 650 
2165 650 2143 2147 2101 
2166 2143 664 2145 2147 
2167 2147 2145 665 2146 
2168 2101 2147 2146 651 
2169 651 2146 2150 2104 
2170 2146 665 2148 2150 
2171 2150 2148 666 2149 
2172 2104 2150 2149 652 
2173 652 2149 2153 2107 
2174 2149 666 2151 2153 
2175 2153 2151 667 2152 
2176 2107 2153 2152 653 
2177 653 2152 2156 2110 
2178 2152 667 2154 2156 
2179 2156 2154 668 2155 
2180 2110 2156 2155 654 
2181 654 2155 2159 2113 
2182 2155 668 2157 2159 
2183 2159 2157 669 2158 
2184 2113 2159 2158 655 
2185 655 2158 2162 2116 
2186 2158 669 2160 2162 
2187 2162 2160 670 2161 
2188 2116 2162 2161 656 
2189 656 2161 2164 2119 
2190 2161 670 2163 2164 
2191 2164 2163 74 49 
2192 2119 2164 49 75 
2193 168 186 2167 2121 
2194 186 169 2165 2167 
2195 2167 2165 671 2166 
2196 2121 2167 2166 657 
2197 657 2166 2170 2124 
2198 2166 671 2168 2170 
2199 2170 2168 672 2169 
2200 2124 2170 2169 658 
2201 658 2169 2173 2127 
2202 2169 672 2171 2173 
2203 2173 2171 673 2172 
2204 2127 2173 2172 659 
2205 659 2172 2176 2130 
2206 2172 673 2174 2176 
2207 2176 2174 674 2175 
2208 2130 2176 2175 660 
2209 660 2175 2179 2133 
2210 2175 674 2177 2179 
2211 2179 2177 675 2178 
2212 2133 2179 2178 661 
2213 661 2178 2182 2136 
2214 2178 675 2180 2182 
2215 2182 2180 676 2181 
2216 2136 2182 2181 662 
2217 662 2181 2185 2139 
2218 2181 676 2183 2185 
2219 2185 2183 677 2184 
2220 2139 2185 2184 663 
2221 663 2184 2188 2142 
2222 2184 677 2186 2188 
2223 2188 2186 678 2187 
2224 2142 2188 2187 664 
2225 664 2187 2191 2145 
2226 2187 678 2189 2191 
2227 2191 2189 679 2190 
2228 2145 2191 2190 665 
2229 665 2190 2194 2148 
2230 2190 679 2192 2194 
2231 2194 2192 680 2193 
2232 2148 2194 2193 666 
2233 666 2193 2197 2151 
2234 2193 680 2195 2197 
2235 2197 2195 681 2196 
2236 2151 2197 2196 667 
2237 667 2196 2200 2154 
2238 2196 681 2198 2200 
2239 2200 2198 682 2199 
2240 2154 2200 2199 668 
2241 668 2199 2203 2157 
2242 2199 682 2201 2203 
2243 2203 2201 683 2202 
2244 2157 2203 2202 669 
2245 669 2202 2206 2160 
2246 2202 683 2204 2206 
2247 2206 2204 684 2205 
2248 2160 2206 2205 670 
2249 670 2205 2208 2163 
2250 2205 684 2207 2208 
2251 2208 2207 73 50 
2252 2163 2208 50 74 
2253 169 187 2211 2165 
2254 187 170 2209 2211 
2255 2211 2209 685 2210 
2256 2165 2211 2210 671 
2257 671 2210 2214 2168 
2258 2210 685 2212 2214 
2259 2214 2212 686 2213 
2260 2168 2214 2213 672 
2261 672 2213 2217 2171 
2262 2213 686 2215 2217 
2263 2217 2215 687 2216 
2264 2171 2217 2216 673 
2265 673 2216 2220 2174 
2266 2216 687 2218 2220 
2267 2220 2218 688 2219 
2268 2174 2220 2219 674 
2269 674 2219 2223 2177 
2270 2219 688 2221 2223 
2271 2223 2221 689 2222 
2272 2177 2223 2222 675 
2273 675 2222 2226 2180 
2274 2222 689 2224 2226 
2275 2226 2224 690 2225 
2276 2180 2226 2225 676 
2277 676 2225 2229 2183 
2278 2225 690 2227 2229 
2279 2229 2227 691 2228 
2280 2183 2229 2228 677 
2281 677 2228 2232 2186 
2282 2228 691 2230 2232 
2283 2232 2230 692 2231 
2284 2186 2232 2231 678 
2285 678 2231 2235 2189 
2286 2231 692 2233 2235 
2287 2235 2233 693 2234 
2288 2189 2235 2234 679 
2289 679 2234 2238 2192 
2290 2234 693 2236 2238 
2291 2238 2236 694 2237 
2292 2192 2238 2237 680 
2293 680 2237 2241 2195 
2294 2237 694 2239 2241 
2295 2241 2239 695 2240 
2296 2195 2241 2240 681 
2297 681 2240 2244 2198 
2298 2240 695 2242 2244 
2299 2244 2242 696 2243 
2300 2198 2244 2243 682 
2301 682 2243 2247 2201 
2302 2243 696 2245 2247 
2303 2247 2245 697 2246 
2304 2201 2247 2246 683 
2305 683 2246 2250 2204 
2306 2246 697 2248 2250 
2307 2250 2248 698 2249 
2308 2204 2250 2249 684 
2309 684 2249 2252 2207 
2310 2249 698 2251 2252 
2311 2252 2251 72 51 
2312 2207 2252 51 73 
2313 170 188 2255 2209 
2314 188 171 2253 2255 
2315 2255 2253 699 2254 
2316 2209 2255 2254 685 
2317 685 2254 2258 2212 
2318 2254 699 2256 2258 
2319 2258 2256 700 2257 
2320 2212 2258 2257 686 
2321 686 2257 2261 2215 
2322 2257 700 2259 2261 
2323 2261 2259 701 2260 
2324 2215 2261 2260 687 
2325 687 2260 2264 2218 
2326 2260 701 2262 2264 
2327 2264 2262 702 2263 
2328 2218 2264 2263 688 
2329 688 2263 2267 2221 
2330 2263 702 2265 2267 
2331 2267 2265 703 2266 
2332 2221 2267 2266 689 
2333 689 2266 2270 2224 
2334 2266 703 2268 2270 
2335 2270 2268 704 2269 
2336 2224 2270 2269 690 
2337 690 2269 2273 2227 
2338 2269 704 2271 2273 
2339 2273 2271 705 2272 
2340 2227 2273 2272 691 
2341 691 2272 2276 2230 
2342 2272 705 2274 2276 
2343 2276 2274 706 2275 
2344 2230 2276 2275 692 
2345 692 2275 2279 2233 
2346 2275 706 2277 2279 
2347 2279 2277 707 2278 
2348 2233 2279 2278 693 
2349 693 2278 2282 2236 
2350 2278 707 2280 2282 
2351 2282 2280 708 2281 
2352 2236 2282 2281 694 
2353 694 2281 2285 2239 
2354 2281 708 2283 2285 
2355 2285 2283 709 2284 
2356 2239 2285 2284 695 
2357 695 2284 2288 2242 
2358 2284 709 2286 2288 
2359 2288 2286 710 2287 
2360 2242 2288 2287 696 
2361 696 2287 2291 2245 
2362 2287 710 2289 2291 
2363 2291 2289 711 2290 
2364 2245 2291 2290 697 
2365 697 2290 2294 2248 
2366 2290 711 2292 2294 
2367 2294 2292 712 2293 
2368 2248 2294 2293 698 
2369 698 2293 2296 2251 
2370 2293 712 2295 2296 
2371 2296 2295 71 52 
2372 2251 2296 52 72 
2373 171 189 2298 2253 
2374 189 1 33 2298 
2375 2298 33 5 2297 
2376 2253 2298 2297 699 
2377 699 2297 2300 2256 
2378 2297 5 32 2300 
2379 2300 32 6 2299 
2380 2256 2300 2299 700 
2381 700 2299 2302 2259 
2382 2299 6 31 2302 
2383 2302 31 7 2301 
2384 2259 2302 2301 701 
2385 701 2301 2304 2262 
2386 2301 7 30 2304 
2387 2304 30 8 2303 
2388 2262 2304 2303 702 
2389 702 2303 2306 2265 
2390 2303 8 29 2306 
2391 2306 29 9 2305 
2392 2265 2306 2305 703 
2393 703 2305 2308 2268 
2394 2305 9 28 2308 
2395 2308 28 10 2307 
2396 2268 2308 2307 704 
2397 704 2307 2310 2271 
2398 2307 10 27 2310 
2399 2310 27 11 2309 
2400 2271 2310 2309 705 
2401 705 2309 2312 2274 
2402 2309 11 26 2312 
2403 2312 26 12 2311 
2404 2274 2312 2311 706 
2405 706 2311 2314 2277 
2406 2311 12 25 2314 
2407 2314 25 13 2313 
2408 2277 2314 2313 707 
2409 707 2313 2316 2280 
2410 2313 13 24 2316 
2411 2316 24 14 2315 
2412 2280 2316 2315 708 
2413 708 2315 2318 2283 
2414 2315 14 23 2318 
2415 2318 23 15 2317 
2416 2283 2318 2317 709 
2417 709 2317 2320 2286 
2418 2317 15 22 2320 
2419 2320 22 16 2319 
2420 2286 2320 2319 710 
2421 710 2319 2322 2289 
2422 2319 16 21 2322 
2423 2322 21 17 2321 
2424 2289 2322 2321 711 
2425 711 2321 2324 2292 
2426 2321 17 20 2324 
2427 2324 20 18 2323 
2428 2292 2324 2323 712 
2429 712 2323 2325 2295 
2430 2323 18 19 2325 
2431 2325 19 2 62 
2432 2295 2325 62 71 
$EndElements
