$MeshFormat
4.1 0 8
$EndMeshFormat
$PhysicalNames
6
0 10 "PointsBoundary"
1 20 "CurveDomain"
2 30 "SurfaceBases"
2 31 "SurfaceAP"
2 32 "SurfaceFree"
3 40 "VolumeDomain"
$EndPhysicalNames
$Entities
16 24 12 2
1 1.138646018291084 0.9314107634257539 0 1 10 
2 0.2999999999999999 -3.388131789017201e-19 0 1 10 
3 1.5 0 0 1 10 
4 1.5 0.792699965930856 0 1 10 
5 1.138646018291084 1.068589236574247 0 1 10 
6 0.2999999999999997 2 0 1 10 
7 1.5 1.207300034069145 0 1 10 
8 1.5 2.000000000000001 0 1 10 
9 1.138646018291084 0.9314107634257539 1.2 1 10 
10 0.2999999999999999 -3.388131789017201e-19 1.2 1 10 
11 1.5 0 1.2 1 10 
12 1.5 0.792699965930856 1.2 1 10 
13 1.138646018291084 1.068589236574247 1.2 1 10 
14 0.2999999999999997 2 1.2 1 10 
15 1.5 1.207300034069145 1.2 1 10 
16 1.5 2.000000000000001 1.2 1 10 
1 0.2999998999999997 -1.000000000028756e-07 -1e-07 1.138646118291084 0.931410863425754 1e-07 1 20 2 1 -2 
2 0.2999998999999999 -1.000000000003388e-07 -1e-07 1.5000001 1e-07 1e-07 1 20 2 2 -3 
3 1.4999999 -1.000000000028756e-07 -1e-07 1.5000001 0.792700065930856 1e-07 1 20 2 3 -4 
4 1.138645918291084 0.7926998659308561 -1e-07 1.5000001 1.0000001 1e-07 1 20 2 4 -1 
5 0.2999998999999999 1.068589136574247 -1e-07 1.138646118291084 2.0000001 1e-07 1 20 2 5 -6 
6 1.138645918291084 0.9999999000000009 -1e-07 1.5000001 1.207300134069145 1e-07 1 20 2 7 -5 
7 1.4999999 1.207299934069145 -1e-07 1.5000001 2.000000100000001 1e-07 1 20 2 8 -7 
8 0.2999998999999997 1.9999999 -1e-07 1.5000001 2.000000100000001 1e-07 1 20 2 6 -8 
9 1.138645918291084 0.931410663425754 -9.999999994736442e-08 1.138646118291084 0.9314108634257539 1.2000001 1 20 2 1 -9 
10 0.2999998999999999 -1.000000000003388e-07 -9.999999994736442e-08 0.3000000999999999 9.999999999966118e-08 1.2000001 1 20 2 2 -10 
11 0.2999998999999997 -1.000000000028756e-07 1.1999999 1.138646118291084 0.931410863425754 1.2000001 1 20 2 9 -10 
12 1.4999999 -1e-07 -9.999999994736442e-08 1.5000001 1e-07 1.2000001 1 20 2 3 -11 
13 0.2999998999999999 -1.000000000003388e-07 1.1999999 1.5000001 1e-07 1.2000001 1 20 2 10 -11 
14 1.4999999 0.7926998659308561 -9.999999994736442e-08 1.5000001 0.792700065930856 1.2000001 1 20 2 4 -12 
15 1.4999999 -1.000000000028756e-07 1.1999999 1.5000001 0.792700065930856 1.2000001 1 20 2 11 -12 
16 1.138645918291084 0.7926998659308561 1.1999999 1.5000001 1.0000001 1.2000001 1 20 2 12 -9 
17 1.138645918291084 1.068589136574247 -9.999999994736442e-08 1.138646118291084 1.068589336574247 1.2000001 1 20 2 5 -13 
18 0.2999998999999997 1.9999999 -9.999999994736442e-08 0.3000000999999997 2.0000001 1.2000001 1 20 2 6 -14 
19 0.2999998999999999 1.068589136574247 1.1999999 1.138646118291084 2.0000001 1.2000001 1 20 2 13 -14 
20 1.4999999 1.207299934069145 -9.999999994736442e-08 1.5000001 1.207300134069145 1.2000001 1 20 2 7 -15 
21 1.138645918291084 0.9999999000000009 1.1999999 1.5000001 1.207300134069145 1.2000001 1 20 2 15 -13 
22 1.4999999 1.999999900000001 -9.999999994736442e-08 1.5000001 2.000000100000001 1.2000001 1 20 2 8 -16 
23 1.4999999 1.207299934069145 1.1999999 1.5000001 2.000000100000001 1.2000001 1 20 2 16 -15 
24 0.2999998999999997 1.9999999 1.1999999 1.5000001 2.000000100000001 1.2000001 1 20 2 14 -16 
1 0.2999998999999998 -9.999999994736442e-08 -1e-07 1.5000001 1.0000001 1e-07 1 31 4 -4 -3 -2 -1 
2 0.2999998999999997 0.9999999000000009 -1e-07 1.5000001 2.000000100000001 1e-07 1 31 4 8 7 6 5 
3 0.2999998999999997 -1.000000000028756e-07 -9.999999994736442e-08 1.138646118291084 0.931410863425754 1.2000001 1 32 4 9 11 -10 -1 
4 0.2999998999999999 -1.000000000003388e-07 -9.999999994736442e-08 1.5000001 1e-07 1.2000001 1 30 4 10 13 -12 -2 
5 1.4999999 -1.000000000028756e-07 -9.999999994736442e-08 1.5000001 0.792700065930856 1.2000001 1 32 4 12 15 -14 -3 
6 1.138645918291084 0.7926998659308561 -9.999999994736442e-08 1.5000001 1.0000001 1.2000001 1 32 4 14 16 -9 -4 
7 0.2999998999999998 -9.999999994736442e-08 1.1999999 1.5000001 1.0000001 1.2000001 1 31 4 -16 -15 -13 -11 
8 0.2999998999999997 1.068589136574247 -9.999999994736442e-08 1.138646118291084 2.0000001 1.2000001 1 32 4 17 19 -18 -5 
9 1.138645918291084 0.9999999000000009 -9.999999994736442e-08 1.5000001 1.207300134069145 1.2000001 1 32 4 20 21 -17 -6 
10 1.4999999 1.207299934069145 -9.999999994736442e-08 1.5000001 2.000000100000001 1.2000001 1 32 4 22 23 -20 -7 
11 0.2999998999999997 1.9999999 -9.999999994736442e-08 1.5000001 2.000000100000001 1.2000001 1 30 4 18 24 -22 -8 
12 0.2999998999999997 0.9999999000000009 1.1999999 1.5000001 2.000000100000001 1.2000001 1 31 4 24 23 21 19 
1 0.2999998999999998 -9.999999994736442e-08 -9.999999994736442e-08 1.5000001 1.0000001 1.2000001 1 40 6 -3 -4 -5 -6 1 -7 
2 0.2999998999999997 0.9999999000000009 -9.999999994736442e-08 1.5000001 2.000000100000001 1.2000001 1 40 6 8 9 10 11 2 -12 
$EndEntities
$Nodes
54 1610 1 1610
0 1 0 1
1
1.138646018291084 0.9314107634257539 0
0 2 0 1
2
0.2999999999999999 -3.388131789017201e-19 0
0 3 0 1
3
1.5 0 0
0 4 0 1
4
1.5 0.792699965930856 0
0 5 0 1
5
1.138646018291084 1.068589236574247 0
0 6 0 1
6
0.2999999999999997 2 0
0 7 0 1
7
1.5 1.207300034069145 0
0 8 0 1
8
1.5 2.000000000000001 0
0 9 0 1
9
1.138646018291084 0.9314107634257539 1.2
0 10 0 1
10
0.2999999999999999 -3.388131789017201e-19 1.2
0 11 0 1
11
1.5 0 1.2
0 12 0 1
12
1.5 0.792699965930856 1.2
0 13 0 1
13
1.138646018291084 1.068589236574247 1.2
0 14 0 1
14
0.2999999999999997 2 1.2
0 15 0 1
15
1.5 1.207300034069145 1.2
0 16 0 1
16
1.5 2.000000000000001 1.2
1 1 0 15
17
18
19
20
21
22
23
24
25
26
27
28
29
30
31
1.086230642147891 0.8731975907116444 0
1.033815266004698 0.8149844179975347 0
0.9813998898615053 0.7567712452834251 0
0.9289845137183126 0.6985580725693155 0
0.8765691375751199 0.6403448998552059 0
0.8241537614319271 0.5821317271410962 0
0.7717383852887343 0.5239185544269866 0
0.7193230091455416 0.465705381712877 0
0.6669076330023489 0.4074922089987674 0
0.6144922568591561 0.3492790362846577 0
0.5620768807159633 0.2910658635705481 0
0.5096615045727706 0.2328526908564384 0
0.4572461284295778 0.1746395181423287 0
0.4048307522863852 0.1164263454282192 0
0.3524153761431925 0.05821317271410964 0
1 2 0 15
32
33
34
35
36
37
38
39
40
41
42
43
44
45
46
0.3749999999999999 -3.176373552203626e-19 0
0.45 -2.964615315390051e-19 0
0.5249999999999999 -2.752857078576476e-19 0
0.6 -2.541098841762901e-19 0
0.675 -2.329340604949326e-19 0
0.75 -2.117582368135751e-19 0
0.825 -1.905824131322176e-19 0
0.9 -1.694065894508601e-19 0
0.975 -1.482307657695026e-19 0
1.05 -1.270549420881451e-19 0
1.125 -1.058791184067876e-19 0
1.2 -8.470329472543003e-20 0
1.275 -6.352747104407253e-20 0
1.35 -4.235164736271502e-20 0
1.425 -2.117582368135751e-20 0
1 3 0 7
47
48
49
50
51
52
53
1.5 0.099087495741357 0
1.5 0.198174991482714 0
1.5 0.297262487224071 0
1.5 0.396349982965428 0
1.5 0.495437478706785 0
1.5 0.594524974448142 0
1.5 0.693612470189499 0
1 4 0 7
54
55
56
57
58
59
60
1.490675632953543 0.8541730445262097 0
1.463541352909473 0.9101159981423497 0
1.421038162714785 0.9554961924575103 0
1.366989654080885 0.9862312201500121 0
1.306258036848493 0.9995561547144179 0
1.244306734050243 0.9942722835571052 0
1.186708891767765 0.9708549443143477 0
1 5 0 15
61
62
63
64
65
66
67
68
69
70
71
72
73
74
75
1.086230642147891 1.126802409288356 0
1.033815266004698 1.185015582002466 0
0.9813998898615053 1.243228754716576 0
0.9289845137183126 1.301441927430685 0
0.8765691375751199 1.359655100144795 0
0.8241537614319272 1.417868272858904 0
0.7717383852887344 1.476081445573014 0
0.7193230091455416 1.534294618287124 0
0.6669076330023489 1.592507791001233 0
0.6144922568591562 1.650720963715343 0
0.5620768807159635 1.708934136429452 0
0.5096615045727708 1.767147309143562 0
0.457246128429578 1.825360481857672 0
0.4048307522863853 1.883573654571781 0
0.3524153761431925 1.941786827285891 0
1 6 0 7
76
77
78
79
80
81
82
1.490675632953543 1.145826955473791 0
1.463541352909473 1.089884001857651 0
1.421038162714785 1.044503807542491 0
1.366989654080885 1.013768779849989 0
1.306258036848493 1.000443845285583 0
1.244306734050243 1.005727716442896 0
1.186708891767765 1.029145055685653 0
1 7 0 7
83
84
85
86
87
88
89
1.5 1.900912504258644 0
1.5 1.801825008517287 0
1.5 1.70273751277593 0
1.5 1.603650017034573 0
1.5 1.504562521293216 0
1.5 1.405475025551859 0
1.5 1.306387529810502 0
1 8 0 15
90
91
92
93
94
95
96
97
98
99
100
101
102
103
104
0.3749999999999997 2 0
0.4499999999999997 2 0
0.5249999999999997 2 0
0.5999999999999996 2 0
0.6749999999999997 2 0
0.7499999999999998 2 0
0.8249999999999997 2 0
0.8999999999999997 2 0
0.9749999999999996 2 0
1.05 2 0
1.125 2 0
1.2 2 0
1.275 2.000000000000001 0
1.35 2.000000000000001 0
1.425 2.000000000000001 0
1 9 0 3
105
106
107
1.138646018291084 0.9314107634257539 0.3
1.138646018291084 0.9314107634257539 0.6
1.138646018291084 0.9314107634257539 0.9
1 10 0 3
108
109
110
0.2999999999999999 -3.388131789017201e-19 0.3
0.2999999999999999 -3.388131789017201e-19 0.6
0.2999999999999999 -3.388131789017201e-19 0.9
1 11 0 15
111
112
113
114
115
116
117
118
119
120
121
122
123
124
125
1.086230642147891 0.8731975907116444 1.2
1.033815266004698 0.8149844179975347 1.2
0.9813998898615053 0.7567712452834251 1.2
0.9289845137183126 0.6985580725693155 1.2
0.8765691375751199 0.6403448998552059 1.2
0.8241537614319271 0.5821317271410962 1.2
0.7717383852887343 0.5239185544269866 1.2
0.7193230091455416 0.465705381712877 1.2
0.6669076330023489 0.4074922089987674 1.2
0.6144922568591561 0.3492790362846577 1.2
0.5620768807159633 0.2910658635705481 1.2
0.5096615045727706 0.2328526908564384 1.2
0.4572461284295778 0.1746395181423287 1.2
0.4048307522863852 0.1164263454282192 1.2
0.3524153761431925 0.05821317271410964 1.2
1 12 0 3
126
127
128
1.5 0 0.3
1.5 0 0.6
1.5 0 0.9
1 13 0 15
129
130
131
132
133
134
135
136
137
138
139
140
141
142
143
0.3749999999999999 -3.176373552203626e-19 1.2
0.45 -2.964615315390051e-19 1.2
0.5249999999999999 -2.752857078576476e-19 1.2
0.6 -2.541098841762901e-19 1.2
0.675 -2.329340604949326e-19 1.2
0.75 -2.117582368135751e-19 1.2
0.825 -1.905824131322176e-19 1.2
0.9 -1.694065894508601e-19 1.2
0.975 -1.482307657695026e-19 1.2
1.05 -1.270549420881451e-19 1.2
1.125 -1.058791184067876e-19 1.2
1.2 -8.470329472543003e-20 1.2
1.275 -6.352747104407253e-20 1.2
1.35 -4.235164736271502e-20 1.2
1.425 -2.117582368135751e-20 1.2
1 14 0 3
144
145
146
1.5 0.792699965930856 0.3
1.5 0.792699965930856 0.6
1.5 0.792699965930856 0.9
1 15 0 7
147
148
149
150
151
152
153
1.5 0.099087495741357 1.2
1.5 0.198174991482714 1.2
1.5 0.297262487224071 1.2
1.5 0.396349982965428 1.2
1.5 0.495437478706785 1.2
1.5 0.594524974448142 1.2
1.5 0.693612470189499 1.2
1 16 0 7
154
155
156
157
158
159
160
1.490675632953543 0.8541730445262097 1.2
1.463541352909473 0.9101159981423497 1.2
1.421038162714785 0.9554961924575103 1.2
1.366989654080885 0.9862312201500121 1.2
1.306258036848493 0.9995561547144179 1.2
1.244306734050243 0.9942722835571052 1.2
1.186708891767765 0.9708549443143477 1.2
1 17 0 3
161
162
163
1.138646018291084 1.068589236574247 0.3
1.138646018291084 1.068589236574247 0.6
1.138646018291084 1.068589236574247 0.9
1 18 0 3
164
165
166
0.2999999999999997 2 0.3
0.2999999999999997 2 0.6
0.2999999999999997 2 0.9
1 19 0 15
167
168
169
170
171
172
173
174
175
176
177
178
179
180
181
1.086230642147891 1.126802409288356 1.2
1.033815266004698 1.185015582002466 1.2
0.9813998898615053 1.243228754716576 1.2
0.9289845137183126 1.301441927430685 1.2
0.8765691375751199 1.359655100144795 1.2
0.8241537614319272 1.417868272858904 1.2
0.7717383852887344 1.476081445573014 1.2
0.7193230091455416 1.534294618287124 1.2
0.6669076330023489 1.592507791001233 1.2
0.6144922568591562 1.650720963715343 1.2
0.5620768807159635 1.708934136429452 1.2
0.5096615045727708 1.767147309143562 1.2
0.457246128429578 1.825360481857672 1.2
0.4048307522863853 1.883573654571781 1.2
0.3524153761431925 1.941786827285891 1.2
1 20 0 3
182
183
184
1.5 1.207300034069145 0.3
1.5 1.207300034069145 0.6
1.5 1.207300034069145 0.9
1 21 0 7
185
186
187
188
189
190
191
1.490675632953543 1.145826955473791 1.2
1.463541352909473 1.089884001857651 1.2
1.421038162714785 1.044503807542491 1.2
1.366989654080885 1.013768779849989 1.2
1.306258036848493 1.000443845285583 1.2
1.244306734050243 1.005727716442896 1.2
1.186708891767765 1.029145055685653 1.2
1 22 0 3
192
193
194
1.5 2.000000000000001 0.3
1.5 2.000000000000001 0.6
1.5 2.000000000000001 0.9
1 23 0 7
195
196
197
198
199
200
201
1.5 1.900912504258644 1.2
1.5 1.801825008517287 1.2
1.5 1.70273751277593 1.2
1.5 1.603650017034573 1.2
1.5 1.504562521293216 1.2
1.5 1.405475025551859 1.2
1.5 1.306387529810502 1.2
1 24 0 15
202
203
204
205
206
207
208
209
210
211
212
213
214
215
216
0.3749999999999997 2 1.2
0.4499999999999997 2 1.2
0.5249999999999997 2 1.2
0.5999999999999996 2 1.2
0.6749999999999997 2 1.2
0.7499999999999998 2 1.2
0.8249999999999997 2 1.2
0.8999999999999997 2 1.2
0.9749999999999996 2 1.2
1.05 2 1.2
1.125 2 1.2
1.2 2 1.2
1.275 2.000000000000001 1.2
1.35 2.000000000000001 1.2
1.425 2.000000000000001 1.2
2 1 0 113
217
218
219
220
221
222
223
224
225
226
227
228
229
230
231
232
233
234
235
236
237
238
239
240
241
242
243
244
245
246
247
248
249
250
251
252
253
254
255
256
257
258
259
260
261
262
263
264
265
266
267
268
269
270
271
272
273
274
275
276
277
278
279
280
281
282
283
284
285
286
287
288
289
290
291
292
293
294
295
296
297
298
299
300
301
302
303
304
305
306
307
308
309
310
311
312
313
314
315
316
317
318
319
320
321
322
323
324
325
326
327
328
329
1.147201150697771 0.421638953078908 0
0.8303189714761219 0.2712200426193865 0
1.265028935095174 0.7129449725143164 0
0.6952900942094571 0.2391226215341115 0
0.7830849323020646 0.3791268660297181 0
0.6939211673165711 0.3227733183564037 0
0.5753119027141831 0.1012232280570903 0
0.4744278768746522 0.07424824074370084 0
1.021361708209345 0.5749761080617193 0
0.9702466665058711 0.3283669057915583 0
0.9020247014286982 0.4655186396355576 0
1.340579134648389 0.3998195977165518 0
1.176703954577985 0.1922881757542988 0
1.34015313325174 0.1998776544031089 0
1.225801313592383 0.6109678480162068 0
1.212473655368739 0.795808334922334 0
1.122240981701351 0.696455706570408 0
0.866409468332075 0.1409165381134321 0
0.7178424858490731 0.122238515214126 0
1.356569470693187 0.7336611945653846 0
1.318700116343442 0.8575658744835514 0
1.01707327646687 0.1680151989836561 0
1.354840306290096 0.5834269949256333 0
0.6542067120878636 0.3360261773205307 0
0.7385030498093178 0.3509500921930609 0
0.7512039707238031 0.4224161238712976 0
0.7027053414058334 0.3792211505959142 0
0.6024757993911138 0.235987656195275 0
0.6946056307630141 0.2809479699452575 0
0.6283412557394887 0.2860069167579028 0
0.8067019518890932 0.3251734543245523 0
0.7628045328427895 0.255171332076749 0
0.7506537913260537 0.3030607121349049 0
0.4622139384373261 0.03712412037185042 0
0.4396293145805187 0.09533729308595995 0
0.4073146572902593 0.04766864654298009 0
0.5876559513570916 0.05061161402854508 0
0.5248698897944176 0.0877357344003955 0
0.5249349448972087 0.04386786720019775 0
0.5424867036434768 0.1670379594567644 0
0.4910580091119976 0.131187626271362 0
1.084281429453558 0.4983075305703136 0
0.9616932048190215 0.5202473738486384 0
0.9361356839672846 0.3969427727135579 0
1.058723908601821 0.3750029294352332 0
1.010208556710421 0.4476251516419358 0
0.8630892314303126 0.523825183388327 0
0.9751731109638287 0.6367670903155174 0
0.9191311711970707 0.5802961368519222 0
0.8425548168653814 0.4223227528326379 0
0.8071466010770578 0.4731206536298123 0
0.9002828189909965 0.2997934742054724 0
0.871418817928189 0.3610581135190551 0
1.34507656662587 0.09993882720155445 0
1.258428543914862 0.1960829150787038 0
1.188351977288992 0.09614408787714934 0
1.266714271957431 0.0980414575393519 0
1.42007656662587 0.1990263229429114 0
1.422538283312935 0.09951316147145572 0
1.420289567324194 0.3980847903409899 0
1.340366133950064 0.2998486260598304 0
1.420183066975032 0.2985555566419507 0
1.161952552637878 0.3069635644166034 0
1.24389014267308 0.41072927539773 0
1.251159343293971 0.3034060952382169 0
1.071801344955348 0.6357159073160636 0
1.078028123853025 0.7557200622839714 0
1.026600617408427 0.6962435762997444 0
1.186501232145077 0.5163034005475574 0
1.174021147646867 0.6537117772933074 0
1.129151288550213 0.5760096539318105 0
1.238751295231956 0.7543766537183252 0
1.167357318535045 0.7461320207463711 0
1.245415124343779 0.6619564102652616 0
1.206386221439412 0.7040442155058163 0
1.175559836829911 0.8636095491740441 0
1.126793980341468 0.8096648057290077 0
0.7339212429245365 0.06111925760706294 0
0.6465771942816281 0.1117308716356081 0
0.6607885971408141 0.05586543581780412 0
0.8832047341660375 0.07045826905671604 0
0.792125977090574 0.1315775266637791 0
0.808562988545287 0.06578876333188943 0
0.7065662900292651 0.1806805683741187 0
0.8483642199040984 0.2060682903664093 0
0.7774652549666817 0.1933744293702642 0
0.6245264968363711 0.1738592639154416 0
1.31079920289418 0.7233030835398505 0
1.337634793518315 0.7956135345244679 0
1.265586885856091 0.8266871047029427 0
1.288193044375135 0.7749950941213966 0
1.391120734626458 0.8838409363129506 0
1.428284735346593 0.7631805802481203 0
1.414155213235929 0.8248932895253388 0
1.281503425196842 0.9259190790203282 0
1.351575715347278 0.9453598371693489 0
1.226147888811928 0.8987710245086452 0
1.096888615522427 0.1801516873689775 0
1.033536638233435 0.08400759949182812 0
1.110944307761214 0.09007584368448873 0
0.9936599714863705 0.2481910523876072 0
1.077806262062124 0.2775773084021054 0
0.9417413723994724 0.154465868548544 0
0.9210120956952345 0.2271296713770082 0
0.9583706861997363 0.07723293427427191 0
1.29032080994124 0.5971974214709201 0
1.355704888491641 0.6585440947455089 0
1.30056000641771 0.6602502525053853 0
1.347709720469243 0.4916232963210926 0
1.26710547630716 0.503963348434325 0
1.427420153145048 0.5889759846868876 0
1.423854860234621 0.4935303875139388 0
1.427852444245821 0.676078282467504 0
2 2 0 113
330
331
332
333
334
335
336
337
338
339
340
341
342
343
344
345
346
347
348
349
350
351
352
353
354
355
356
357
358
359
360
361
362
363
364
365
366
367
368
369
370
371
372
373
374
375
376
377
378
379
380
381
382
383
384
385
386
387
388
389
390
391
392
393
394
395
396
397
398
399
400
401
402
403
404
405
406
407
408
409
410
411
412
413
414
415
416
417
418
419
420
421
422
423
424
425
426
427
428
429
430
431
432
433
434
435
436
437
438
439
440
441
442
1.126891788524758 1.566901461443542 0
0.6466787399587342 1.839607959558557 0
0.8353465389500536 1.746444246355469 0
1.33254046296326 1.194151008024392 0
1.3429135880234 1.096556231909385 0
1.167678649612486 1.336127436435153 0
1.002503754744033 1.421203187269543 0
1.066938716995124 1.313576609807737 0
0.9648115142459789 1.675164282442204 0
0.7821690884698288 1.635882776620334 0
0.8965379832273108 1.537474459383463 0
1.326173085766303 1.585830420936045 0
1.326487756197355 1.374125160446685 0
1.170411444191525 1.804679073677106 0
1.334994023498319 1.796271880052982 0
0.873231891369696 1.869182700215918 0
1.014969093292676 1.834297215630261 0
0.5893386413152913 1.808816002934838 0
0.6273906558914359 1.906871638947683 0
0.5166312685812269 1.9004478292135 0
0.7234232243452295 1.802588867900631 0
0.6775334608032113 1.723637566874906 0
0.7442211893176158 1.895291219547508 0
1.41627023148163 1.200725521046768 0
1.33772702549333 1.145353619966889 0
1.403227470466437 1.093220116883518 0
1.414201329223436 1.14559028772034 0
1.293610161036821 1.051141974176141 0
1.235593240627171 1.131370122299319 0
1.262217958630547 1.087249337826271 0
1.357629083267268 1.043170689428886 0
1.050376991499911 1.249296095905102 0
1.034721235869579 1.36738989853864 0
0.9657441342311728 1.361322557350114 0
1.008060562865542 1.305309326627608 0
1.153162333951785 1.2023583365047 0
1.117308683303805 1.324852023121445 0
1.101769662725848 1.225827216204901 0
1.064697771634396 1.494052324356542 0
1.147285219068622 1.451514448939348 0
1.0910032274691 1.409452173738994 0
1.045851651385369 1.621032871942873 0
0.9306747487366449 1.606319370912834 0
0.949520868985672 1.479338823326503 0
0.9976862601855203 1.550185847634688 0
0.8087578137099412 1.691163511487902 0
0.8393535358485698 1.586678618001899 0
0.9000790265980162 1.710804264398837 0
0.869716281223293 1.648741441200368 0
0.860345872329619 1.477671366121184 0
0.7507460488076853 1.585088697453729 0
0.8055459605686521 1.531380031787456 0
0.9130450032803958 1.419496961735649 0
1.247083202904921 1.355126298440919 0
1.326330420981829 1.479977790691365 0
1.226532437145531 1.576365941189794 0
1.236807820025226 1.465746119815357 0
1.329514109580307 1.284138084235538 0
1.241338221766046 1.243248210370119 0
1.413243878098678 1.389800092999272 0
1.414757054790154 1.29526280702302 0
1.413086542883151 1.594740218985309 0
1.413165210490914 1.492270155992291 0
1.185205722095762 1.902339536838553 0
1.252702733844922 1.800475476865044 0
1.342497011749159 1.898135940026491 0
1.263851366922461 1.900237738432522 0
1.330583554632311 1.691051150494514 0
1.148651616358142 1.685790267560324 0
1.239617585495226 1.688420709027419 0
1.417497011749159 1.799048444285134 0
1.415291777316155 1.696894331635222 0
1.42124850587458 1.899524222142568 0
0.9898903037693276 1.754730749036232 0
0.9441004923311862 1.85173995792309 0
0.8542892151598748 1.807813473285694 0
0.9220897594646011 1.781272111160963 0
1.092690268742101 1.819488144653684 0
1.069270960063734 1.720260508298278 0
1.032484546646338 1.917148607815131 0
1.10884513437105 1.909744072326842 0
0.8866159456848479 1.934591350107959 0
0.9595502461655929 1.925869978961545 0
0.549500072944031 1.7879816560392 0
0.5529849549482592 1.854631916074169 0
0.460731010433806 1.892010741892641 0
0.5051155416889186 1.83999619896592 0
0.637034697925085 1.87323979925312 0
0.5720109622363314 1.903659734080592 0
0.6180086906370127 1.824211981246697 0
0.5950098264366721 1.863935857663644 0
0.4833156342906133 1.95022391460675 0
0.6136953279457178 1.953435819473842 0
0.5485054811181655 1.951829867040296 0
0.4178655052169027 1.946005370946321 0
0.7298512746365201 1.67976017174762 0
0.6460128588311838 1.687179265295124 0
0.6983794538194346 1.636133981374426 0
0.7793848816476415 1.77451655712805 0
0.7004783425742204 1.763113217387768 0
0.7546180781420809 1.727138364437835 0
0.6334360510592513 1.766226784904872 0
0.6850509821519818 1.821098413729594 0
0.6592435166056165 1.793662599317233 0
0.5977564658876073 1.737580460667162 0
0.7338222068314227 1.84894004372407 0
0.6858059226045259 1.901081429247596 0
0.6854284523782539 1.861089921488595 0
0.8087265403436559 1.882236959881713 0
0.7940557109956488 1.828376758504882 0
0.7471105946588077 1.947645609773754 0
0.8168632701718277 1.941118479940857 0
0.6804029613022627 1.950540714623798 0
2 3 0 45
443
444
445
446
447
448
449
450
451
452
453
454
455
456
457
458
459
460
461
462
463
464
465
466
467
468
469
470
471
472
473
474
475
476
477
478
479
480
481
482
483
484
485
486
487
1.033815266004698 0.8149844179975347 0.6
0.9289845137183126 0.6985580725693155 0.6
0.8241537614319271 0.5821317271410962 0.6
0.7193230091455416 0.465705381712877 0.6
0.6144922568591561 0.3492790362846577 0.6
0.5096615045727706 0.2328526908564384 0.6
0.4048307522863852 0.1164263454282192 0.6
1.033815266004698 0.8149844179975346 0.3
1.086230642147891 0.8731975907116443 0.6
1.08623064214789 0.8731975907116443 0.3
1.033815266004698 0.8149844179975346 0.8999999999999999
1.08623064214789 0.8731975907116443 0.9000000000000001
0.9289845137183125 0.6985580725693153 0.3
0.9813998898615052 0.756771245283425 0.6
0.9813998898615052 0.756771245283425 0.3
0.9289845137183125 0.6985580725693153 0.8999999999999999
0.9813998898615052 0.756771245283425 0.9
0.824153761431927 0.5821317271410961 0.3
0.8765691375751197 0.6403448998552056 0.6
0.8765691375751197 0.6403448998552057 0.3
0.824153761431927 0.5821317271410961 0.8999999999999999
0.8765691375751197 0.6403448998552057 0.9
0.7193230091455416 0.4657053817128768 0.3
0.7717383852887343 0.5239185544269864 0.6
0.7717383852887343 0.5239185544269864 0.3
0.7193230091455416 0.4657053817128768 0.8999999999999999
0.7717383852887343 0.5239185544269864 0.9
0.6144922568591561 0.3492790362846576 0.3
0.6669076330023488 0.4074922089987671 0.6
0.6669076330023488 0.4074922089987671 0.3
0.6144922568591561 0.3492790362846576 0.8999999999999999
0.6669076330023488 0.4074922089987671 0.9
0.5096615045727706 0.2328526908564383 0.3
0.5620768807159633 0.2910658635705479 0.6
0.5620768807159633 0.2910658635705479 0.3
0.5096615045727706 0.2328526908564383 0.8999999999999999
0.5620768807159633 0.2910658635705479 0.9
0.404830752286385 0.1164263454282189 0.3
0.4572461284295778 0.1746395181423286 0.6
0.4572461284295777 0.1746395181423285 0.3
0.404830752286385 0.1164263454282189 0.8999999999999999
0.4572461284295777 0.1746395181423285 0.9
0.3524153761431924 0.05821317271410942 0.6
0.3524153761431923 0.05821317271410942 0.3
0.3524153761431923 0.05821317271410942 0.9000000000000001
2 4 0 45
488
489
490
491
492
493
494
495
496
497
498
499
500
501
502
503
504
505
506
507
508
509
510
511
512
513
514
515
516
517
518
519
520
521
522
523
524
525
526
527
528
529
530
531
532
0.45 -2.964615315390051e-19 0.6
0.6 -2.541098841762901e-19 0.6
0.75 -2.117582368135751e-19 0.6
0.9 -1.694065894508601e-19 0.6
1.05 -1.270549420881451e-19 0.6
1.2 -8.470329472543003e-20 0.6
1.35 -4.235164736271502e-20 0.6
0.45 -2.964615315390051e-19 0.3
0.3749999999999999 -3.176373552203626e-19 0.6
0.375 -3.176373552203626e-19 0.3
0.45 -2.964615315390051e-19 0.8999999999999999
0.375 -3.176373552203626e-19 0.9000000000000001
0.6 -2.541098841762901e-19 0.3
0.5249999999999999 -2.752857078576476e-19 0.6
0.5249999999999999 -2.752857078576476e-19 0.3
0.6 -2.541098841762901e-19 0.8999999999999999
0.5249999999999999 -2.752857078576476e-19 0.9
0.75 -2.117582368135751e-19 0.3
0.675 -2.329340604949326e-19 0.6
0.675 -2.329340604949326e-19 0.3
0.75 -2.117582368135751e-19 0.8999999999999999
0.675 -2.329340604949326e-19 0.9
0.9 -1.694065894508601e-19 0.3
0.8250000000000001 -1.905824131322176e-19 0.6
0.8250000000000001 -1.905824131322176e-19 0.3
0.9 -1.694065894508601e-19 0.8999999999999999
0.8250000000000001 -1.905824131322176e-19 0.9
1.05 -1.270549420881451e-19 0.3
0.975 -1.482307657695026e-19 0.6
0.9750000000000001 -1.482307657695026e-19 0.3
1.05 -1.270549420881451e-19 0.8999999999999999
0.9750000000000001 -1.482307657695026e-19 0.9
1.2 -8.470329472543003e-20 0.3
1.125 -1.058791184067875e-19 0.6
1.125 -1.058791184067876e-19 0.3
1.2 -8.470329472543003e-20 0.8999999999999999
1.125 -1.058791184067876e-19 0.9
1.35 -4.235164736271502e-20 0.3
1.275 -6.352747104407248e-20 0.6
1.275 -6.35274710440725e-20 0.3
1.35 -4.235164736271502e-20 0.8999999999999999
1.275 -6.35274710440725e-20 0.9
1.425 -2.117582368135751e-20 0.6
1.425 -2.117582368135751e-20 0.3
1.425 -2.117582368135751e-20 0.9000000000000001
2 5 0 21
533
534
535
536
537
538
539
540
541
542
543
544
545
546
547
548
549
550
551
552
553
1.5 0.198174991482714 0.6
1.5 0.396349982965428 0.6
1.5 0.594524974448142 0.6
1.5 0.198174991482714 0.3
1.5 0.099087495741357 0.6
1.5 0.099087495741357 0.3
1.5 0.198174991482714 0.8999999999999999
1.5 0.099087495741357 0.9000000000000001
1.5 0.396349982965428 0.3
1.5 0.297262487224071 0.6
1.5 0.297262487224071 0.3
1.5 0.396349982965428 0.8999999999999999
1.5 0.297262487224071 0.9
1.5 0.594524974448142 0.3
1.5 0.495437478706785 0.6
1.5 0.495437478706785 0.3
1.5 0.594524974448142 0.8999999999999999
1.5 0.495437478706785 0.9
1.5 0.693612470189499 0.6
1.5 0.693612470189499 0.3
1.5 0.693612470189499 0.9000000000000001
2 6 0 21
554
555
556
557
558
559
560
561
562
563
564
565
566
567
568
569
570
571
572
573
574
1.463541352909473 0.9101159981423497 0.6
1.366989654080885 0.9862312201500121 0.6
1.244306734050243 0.9942722835571052 0.6
1.463541352909473 0.9101159981423497 0.3
1.490675632953543 0.8541730445262096 0.6
1.490675632953542 0.8541730445262097 0.3
1.463541352909473 0.9101159981423497 0.8999999999999999
1.490675632953542 0.8541730445262097 0.9000000000000001
1.366989654080886 0.9862312201500121 0.3
1.421038162714785 0.9554961924575102 0.6
1.421038162714785 0.9554961924575104 0.3
1.366989654080886 0.9862312201500121 0.8999999999999999
1.421038162714785 0.9554961924575104 0.9
1.244306734050243 0.9942722835571052 0.3
1.306258036848493 0.9995561547144179 0.6
1.306258036848493 0.9995561547144179 0.3
1.244306734050243 0.9942722835571052 0.8999999999999999
1.306258036848493 0.9995561547144179 0.9
1.186708891767765 0.9708549443143477 0.6
1.186708891767765 0.9708549443143477 0.3
1.186708891767765 0.9708549443143477 0.9000000000000001
2 7 0 113
575
576
577
578
579
580
581
582
583
584
585
586
587
588
589
590
591
592
593
594
595
596
597
598
599
600
601
602
603
604
605
606
607
608
609
610
611
612
613
614
615
616
617
618
619
620
621
622
623
624
625
626
627
628
629
630
631
632
633
634
635
636
637
638
639
640
641
642
643
644
645
646
647
648
649
650
651
652
653
654
655
656
657
658
659
660
661
662
663
664
665
666
667
668
669
670
671
672
673
674
675
676
677
678
679
680
681
682
683
684
685
686
687
1.147201150697771 0.421638953078908 1.2
0.8303189714761219 0.2712200426193865 1.2
1.265028935095174 0.7129449725143164 1.2
0.6952900942094571 0.2391226215341115 1.2
0.7830849323020646 0.3791268660297181 1.2
0.6939211673165711 0.3227733183564037 1.2
0.5753119027141831 0.1012232280570903 1.2
0.4744278768746522 0.07424824074370084 1.2
1.021361708209345 0.5749761080617193 1.2
0.9702466665058711 0.3283669057915583 1.2
0.9020247014286982 0.4655186396355576 1.2
1.340579134648389 0.3998195977165518 1.2
1.176703954577985 0.1922881757542988 1.2
1.34015313325174 0.1998776544031089 1.2
1.225801313592383 0.6109678480162068 1.2
1.212473655368739 0.795808334922334 1.2
1.122240981701351 0.696455706570408 1.2
0.866409468332075 0.1409165381134321 1.2
0.7178424858490731 0.122238515214126 1.2
1.356569470693187 0.7336611945653846 1.2
1.318700116343442 0.8575658744835514 1.2
1.01707327646687 0.1680151989836561 1.2
1.354840306290096 0.5834269949256333 1.2
0.6542067120878636 0.3360261773205307 1.2
0.7385030498093178 0.3509500921930609 1.2
0.7512039707238031 0.4224161238712976 1.2
0.7027053414058334 0.3792211505959142 1.2
0.6024757993911138 0.235987656195275 1.2
0.6946056307630141 0.2809479699452575 1.2
0.6283412557394887 0.2860069167579028 1.2
0.8067019518890932 0.3251734543245523 1.2
0.7628045328427895 0.255171332076749 1.2
0.7506537913260537 0.3030607121349049 1.2
0.4622139384373261 0.03712412037185042 1.2
0.4396293145805187 0.09533729308595995 1.2
0.4073146572902593 0.04766864654298009 1.2
0.5876559513570916 0.05061161402854508 1.2
0.5248698897944176 0.0877357344003955 1.2
0.5249349448972087 0.04386786720019775 1.2
0.5424867036434768 0.1670379594567644 1.2
0.4910580091119976 0.131187626271362 1.2
1.084281429453558 0.4983075305703136 1.2
0.9616932048190215 0.5202473738486384 1.2
0.9361356839672846 0.3969427727135579 1.2
1.058723908601821 0.3750029294352332 1.2
1.010208556710421 0.4476251516419358 1.2
0.8630892314303127 0.523825183388327 1.2
0.9751731109638287 0.6367670903155174 1.2
0.9191311711970707 0.5802961368519222 1.2
0.8425548168653814 0.4223227528326379 1.2
0.8071466010770578 0.4731206536298123 1.2
0.9002828189909965 0.2997934742054724 1.2
0.871418817928189 0.3610581135190551 1.2
1.34507656662587 0.09993882720155445 1.2
1.258428543914862 0.1960829150787038 1.2
1.188351977288992 0.09614408787714934 1.2
1.266714271957431 0.0980414575393519 1.2
1.42007656662587 0.1990263229429114 1.2
1.422538283312935 0.09951316147145572 1.2
1.420289567324194 0.3980847903409899 1.2
1.340366133950064 0.2998486260598304 1.2
1.420183066975032 0.2985555566419507 1.2
1.161952552637878 0.3069635644166034 1.2
1.24389014267308 0.41072927539773 1.2
1.251159343293971 0.3034060952382169 1.2
1.071801344955348 0.6357159073160636 1.2
1.078028123853025 0.7557200622839714 1.2
1.026600617408427 0.6962435762997444 1.2
1.186501232145077 0.5163034005475574 1.2
1.174021147646867 0.6537117772933074 1.2
1.129151288550213 0.5760096539318105 1.2
1.238751295231956 0.7543766537183252 1.2
1.167357318535045 0.7461320207463711 1.2
1.245415124343779 0.6619564102652616 1.2
1.206386221439412 0.7040442155058163 1.2
1.175559836829911 0.8636095491740441 1.2
1.126793980341468 0.8096648057290077 1.2
0.7339212429245365 0.06111925760706294 1.2
0.6465771942816281 0.1117308716356081 1.2
0.6607885971408141 0.05586543581780412 1.2
0.8832047341660375 0.07045826905671604 1.2
0.792125977090574 0.1315775266637791 1.2
0.808562988545287 0.06578876333188943 1.2
0.7065662900292651 0.1806805683741187 1.2
0.8483642199040984 0.2060682903664093 1.2
0.7774652549666817 0.1933744293702642 1.2
0.6245264968363711 0.1738592639154416 1.2
1.31079920289418 0.7233030835398505 1.2
1.337634793518315 0.7956135345244679 1.2
1.265586885856091 0.8266871047029427 1.2
1.288193044375135 0.7749950941213966 1.2
1.391120734626458 0.8838409363129505 1.2
1.428284735346593 0.7631805802481203 1.2
1.414155213235929 0.8248932895253388 1.2
1.281503425196842 0.9259190790203282 1.2
1.351575715347278 0.9453598371693488 1.2
1.226147888811928 0.8987710245086452 1.2
1.096888615522427 0.1801516873689775 1.2
1.033536638233435 0.08400759949182812 1.2
1.110944307761214 0.09007584368448873 1.2
0.9936599714863705 0.2481910523876072 1.2
1.077806262062124 0.2775773084021054 1.2
0.9417413723994725 0.154465868548544 1.2
0.9210120956952346 0.2271296713770082 1.2
0.9583706861997362 0.07723293427427191 1.2
1.29032080994124 0.5971974214709201 1.2
1.355704888491641 0.658544094745509 1.2
1.30056000641771 0.6602502525053853 1.2
1.347709720469243 0.4916232963210926 1.2
1.26710547630716 0.503963348434325 1.2
1.427420153145048 0.5889759846868876 1.2
1.423854860234621 0.4935303875139388 1.2
1.427852444245821 0.676078282467504 1.2
2 8 0 45
688
689
690
691
692
693
694
695
696
697
698
699
700
701
702
703
704
705
706
707
708
709
710
711
712
713
714
715
716
717
718
719
720
721
722
723
724
725
726
727
728
729
730
731
732
1.033815266004698 1.185015582002466 0.6
0.9289845137183126 1.301441927430685 0.6
0.8241537614319272 1.417868272858904 0.6
0.7193230091455416 1.534294618287124 0.6
0.6144922568591562 1.650720963715343 0.6
0.5096615045727708 1.767147309143562 0.6
0.4048307522863853 1.883573654571781 0.6
1.086230642147891 1.126802409288356 0.6
1.033815266004698 1.185015582002466 0.3
1.086230642147891 1.126802409288357 0.3
1.033815266004698 1.185015582002466 0.8999999999999999
1.086230642147891 1.126802409288357 0.8999999999999999
0.9813998898615054 1.243228754716576 0.6
0.9289845137183127 1.301441927430685 0.3
0.9813998898615055 1.243228754716576 0.3
0.9289845137183127 1.301441927430685 0.8999999999999999
0.9813998898615055 1.243228754716576 0.8999999999999999
0.87656913757512 1.359655100144795 0.6
0.8241537614319272 1.417868272858904 0.3
0.87656913757512 1.359655100144795 0.3
0.8241537614319272 1.417868272858904 0.8999999999999999
0.87656913757512 1.359655100144795 0.8999999999999999
0.7717383852887345 1.476081445573014 0.6
0.7193230091455416 1.534294618287124 0.3
0.7717383852887345 1.476081445573014 0.3
0.7193230091455416 1.534294618287124 0.8999999999999999
0.7717383852887345 1.476081445573014 0.8999999999999999
0.6669076330023489 1.592507791001233 0.6
0.6144922568591563 1.650720963715343 0.3
0.6669076330023489 1.592507791001234 0.3
0.6144922568591563 1.650720963715343 0.8999999999999999
0.6669076330023489 1.592507791001234 0.8999999999999999
0.5620768807159636 1.708934136429452 0.6
0.5096615045727708 1.767147309143562 0.3
0.5620768807159636 1.708934136429452 0.3
0.5096615045727708 1.767147309143562 0.8999999999999999
0.5620768807159636 1.708934136429452 0.8999999999999999
0.4572461284295781 1.825360481857672 0.6
0.4048307522863855 1.883573654571781 0.3
0.4572461284295782 1.825360481857672 0.3
0.4048307522863855 1.883573654571781 0.8999999999999999
0.4572461284295782 1.825360481857672 0.8999999999999999
0.3524153761431925 1.941786827285891 0.6
0.3524153761431926 1.941786827285891 0.3
0.3524153761431926 1.941786827285891 0.8999999999999999
2 9 0 21
733
734
735
736
737
738
739
740
741
742
743
744
745
746
747
748
749
750
751
752
753
1.463541352909473 1.089884001857651 0.6
1.366989654080885 1.013768779849989 0.6
1.244306734050243 1.005727716442896 0.6
1.490675632953543 1.145826955473791 0.6
1.463541352909473 1.089884001857651 0.3
1.490675632953542 1.145826955473791 0.3
1.463541352909473 1.089884001857651 0.8999999999999999
1.490675632953542 1.145826955473791 0.8999999999999999
1.421038162714785 1.044503807542491 0.6
1.366989654080886 1.013768779849989 0.3
1.421038162714785 1.044503807542491 0.3
1.366989654080886 1.013768779849989 0.8999999999999999
1.421038162714785 1.044503807542491 0.8999999999999999
1.306258036848493 1.000443845285583 0.6
1.244306734050243 1.005727716442896 0.3
1.306258036848493 1.000443845285583 0.3
1.244306734050243 1.005727716442896 0.8999999999999999
1.306258036848493 1.000443845285583 0.8999999999999999
1.186708891767765 1.029145055685653 0.6
1.186708891767765 1.029145055685653 0.3
1.186708891767765 1.029145055685653 0.8999999999999999
2 10 0 21
754
755
756
757
758
759
760
761
762
763
764
765
766
767
768
769
770
771
772
773
774
1.5 1.801825008517287 0.6
1.5 1.603650017034573 0.6
1.5 1.405475025551859 0.6
1.5 1.900912504258644 0.6
1.5 1.801825008517287 0.3
1.5 1.900912504258644 0.3
1.5 1.801825008517287 0.8999999999999999
1.5 1.900912504258644 0.8999999999999999
1.5 1.70273751277593 0.6
1.5 1.603650017034573 0.3
1.5 1.70273751277593 0.3
1.5 1.603650017034573 0.8999999999999999
1.5 1.70273751277593 0.8999999999999999
1.5 1.504562521293216 0.6
1.5 1.405475025551859 0.3
1.5 1.504562521293216 0.3
1.5 1.405475025551859 0.8999999999999999
1.5 1.504562521293216 0.8999999999999999
1.5 1.306387529810502 0.6
1.5 1.306387529810502 0.3
1.5 1.306387529810502 0.8999999999999999
2 11 0 45
775
776
777
778
779
780
781
782
783
784
785
786
787
788
789
790
791
792
793
794
795
796
797
798
799
800
801
802
803
804
805
806
807
808
809
810
811
812
813
814
815
816
817
818
819
0.4499999999999997 2 0.6
0.5999999999999996 2 0.6
0.7499999999999998 2 0.6
0.8999999999999997 2 0.6
1.05 2 0.6
1.2 2 0.6
1.35 2.000000000000001 0.6
0.3749999999999997 2 0.6
0.4499999999999997 2 0.3
0.3749999999999997 2 0.3
0.4499999999999997 2 0.8999999999999999
0.3749999999999997 2 0.8999999999999999
0.5249999999999997 2 0.6
0.5999999999999996 2 0.3
0.5249999999999997 2 0.3
0.5999999999999996 2 0.8999999999999999
0.5249999999999997 2 0.8999999999999999
0.6749999999999996 2 0.6
0.7499999999999998 2 0.3
0.6749999999999996 2 0.3
0.7499999999999998 2 0.8999999999999999
0.6749999999999996 2 0.8999999999999999
0.8249999999999997 2 0.6
0.8999999999999997 2 0.3
0.8249999999999997 2 0.3
0.8999999999999997 2 0.8999999999999999
0.8249999999999997 2 0.8999999999999999
0.9749999999999996 2 0.6
1.05 2 0.3
0.9749999999999996 2 0.3
1.05 2 0.8999999999999999
0.9749999999999996 2 0.8999999999999999
1.125 2 0.6
1.2 2 0.3
1.125 2 0.3
1.2 2 0.8999999999999999
1.125 2 0.8999999999999999
1.275 2.000000000000001 0.6
1.35 2.000000000000001 0.3
1.275 2.000000000000001 0.3
1.35 2.000000000000001 0.8999999999999999
1.275 2.000000000000001 0.8999999999999999
1.425 2.000000000000001 0.6
1.425 2.000000000000001 0.3
1.425 2.000000000000001 0.8999999999999999
2 12 0 113
820
821
822
823
824
825
826
827
828
829
830
831
832
833
834
835
836
837
838
839
840
841
842
843
844
845
846
847
848
849
850
851
852
853
854
855
856
857
858
859
860
861
862
863
864
865
866
867
868
869
870
871
872
873
874
875
876
877
878
879
880
881
882
883
884
885
886
887
888
889
890
891
892
893
894
895
896
897
898
899
900
901
902
903
904
905
906
907
908
909
910
911
912
913
914
915
916
917
918
919
920
921
922
923
924
925
926
927
928
929
930
931
932
1.126891788524758 1.566901461443542 1.2
0.6466787399587342 1.839607959558557 1.2
0.8353465389500536 1.746444246355469 1.2
1.33254046296326 1.194151008024392 1.2
1.3429135880234 1.096556231909385 1.2
1.167678649612486 1.336127436435153 1.2
1.002503754744033 1.421203187269543 1.2
1.066938716995124 1.313576609807737 1.2
0.9648115142459789 1.675164282442204 1.2
0.7821690884698288 1.635882776620334 1.2
0.8965379832273108 1.537474459383463 1.2
1.326173085766303 1.585830420936045 1.2
1.326487756197355 1.374125160446685 1.2
1.170411444191525 1.804679073677106 1.2
1.334994023498319 1.796271880052982 1.2
0.873231891369696 1.869182700215918 1.2
1.014969093292676 1.834297215630261 1.2
0.5893386413152913 1.808816002934838 1.2
0.6273906558914359 1.906871638947683 1.2
0.5166312685812269 1.9004478292135 1.2
0.7234232243452295 1.802588867900631 1.2
0.6775334608032113 1.723637566874906 1.2
0.7442211893176158 1.895291219547508 1.2
1.41627023148163 1.200725521046768 1.2
1.33772702549333 1.145353619966889 1.2
1.403227470466437 1.093220116883518 1.2
1.414201329223436 1.14559028772034 1.2
1.293610161036821 1.051141974176141 1.2
1.235593240627171 1.131370122299319 1.2
1.262217958630547 1.087249337826271 1.2
1.357629083267268 1.043170689428886 1.2
1.050376991499911 1.249296095905102 1.2
1.034721235869579 1.36738989853864 1.2
0.965744134231173 1.361322557350114 1.2
1.008060562865542 1.305309326627608 1.2
1.153162333951785 1.2023583365047 1.2
1.117308683303805 1.324852023121445 1.2
1.101769662725848 1.225827216204901 1.2
1.064697771634396 1.494052324356542 1.2
1.147285219068622 1.451514448939348 1.2
1.091003227469101 1.409452173738994 1.2
1.045851651385369 1.621032871942873 1.2
0.9306747487366449 1.606319370912833 1.2
0.9495208689856721 1.479338823326503 1.2
0.9976862601855204 1.550185847634688 1.2
0.8087578137099414 1.691163511487901 1.2
0.8393535358485699 1.586678618001899 1.2
0.9000790265980163 1.710804264398836 1.2
0.869716281223293 1.648741441200368 1.2
0.860345872329619 1.477671366121184 1.2
0.7507460488076853 1.585088697453729 1.2
0.8055459605686521 1.531380031787456 1.2
0.9130450032803961 1.419496961735649 1.2
1.247083202904921 1.355126298440919 1.2
1.326330420981829 1.479977790691365 1.2
1.226532437145531 1.576365941189794 1.2
1.236807820025226 1.465746119815357 1.2
1.329514109580307 1.284138084235538 1.2
1.241338221766046 1.243248210370119 1.2
1.413243878098678 1.389800092999272 1.2
1.414757054790154 1.29526280702302 1.2
1.413086542883151 1.594740218985309 1.2
1.413165210490914 1.492270155992291 1.2
1.185205722095762 1.902339536838553 1.2
1.252702733844922 1.800475476865044 1.2
1.342497011749159 1.898135940026491 1.2
1.263851366922461 1.900237738432522 1.2
1.330583554632311 1.691051150494514 1.2
1.148651616358142 1.685790267560324 1.2
1.239617585495226 1.688420709027419 1.2
1.417497011749159 1.799048444285134 1.2
1.415291777316155 1.696894331635222 1.2
1.42124850587458 1.899524222142568 1.2
0.9898903037693279 1.754730749036232 1.2
0.9441004923311863 1.85173995792309 1.2
0.8542892151598749 1.807813473285694 1.2
0.9220897594646014 1.781272111160963 1.2
1.092690268742101 1.819488144653684 1.2
1.069270960063735 1.720260508298278 1.2
1.032484546646338 1.917148607815131 1.2
1.10884513437105 1.909744072326842 1.2
0.8866159456848479 1.934591350107959 1.2
0.9595502461655929 1.925869978961545 1.2
0.5495000729440311 1.7879816560392 1.2
0.5529849549482592 1.854631916074169 1.2
0.460731010433806 1.89201074189264 1.2
0.5051155416889185 1.83999619896592 1.2
0.6370346979250852 1.87323979925312 1.2
0.5720109622363314 1.903659734080591 1.2
0.6180086906370129 1.824211981246697 1.2
0.5950098264366722 1.863935857663644 1.2
0.4833156342906133 1.95022391460675 1.2
0.6136953279457178 1.953435819473842 1.2
0.5485054811181655 1.951829867040296 1.2
0.4178655052169027 1.94600537094632 1.2
0.7298512746365201 1.67976017174762 1.2
0.6460128588311839 1.687179265295124 1.2
0.6983794538194344 1.636133981374426 1.2
0.7793848816476417 1.77451655712805 1.2
0.7004783425742206 1.763113217387768 1.2
0.7546180781420809 1.727138364437835 1.2
0.6334360510592515 1.766226784904872 1.2
0.685050982151982 1.821098413729594 1.2
0.6592435166056168 1.793662599317233 1.2
0.5977564658876076 1.737580460667162 1.2
0.7338222068314227 1.848940043724069 1.2
0.6858059226045259 1.901081429247595 1.2
0.685428452378254 1.861089921488595 1.2
0.808726540343656 1.882236959881713 1.2
0.7940557109956488 1.828376758504882 1.2
0.7471105946588077 1.947645609773754 1.2
0.8168632701718279 1.941118479940857 1.2
0.6804029613022627 1.950540714623798 1.2
3 1 0 339
933
934
935
936
937
938
939
940
941
942
943
944
945
946
947
948
949
950
951
952
953
954
955
956
957
958
959
960
961
962
963
964
965
966
967
968
969
970
971
972
973
974
975
976
977
978
979
980
981
982
983
984
985
986
987
988
989
990
991
992
993
994
995
996
997
998
999
1000
1001
1002
1003
1004
1005
1006
1007
1008
1009
1010
1011
1012
1013
1014
1015
1016
1017
1018
1019
1020
1021
1022
1023
1024
1025
1026
1027
1028
1029
1030
1031
1032
1033
1034
1035
1036
1037
1038
1039
1040
1041
1042
1043
1044
1045
1046
1047
1048
1049
1050
1051
1052
1053
1054
1055
1056
1057
1058
1059
1060
1061
1062
1063
1064
1065
1066
1067
1068
1069
1070
1071
1072
1073
1074
1075
1076
1077
1078
1079
1080
1081
1082
1083
1084
1085
1086
1087
1088
1089
1090
1091
1092
1093
1094
1095
1096
1097
1098
1099
1100
1101
1102
1103
1104
1105
1106
1107
1108
1109
1110
1111
1112
1113
1114
1115
1116
1117
1118
1119
1120
1121
1122
1123
1124
1125
1126
1127
1128
1129
1130
1131
1132
1133
1134
1135
1136
1137
1138
1139
1140
1141
1142
1143
1144
1145
1146
1147
1148
1149
1150
1151
1152
1153
1154
1155
1156
1157
1158
1159
1160
1161
1162
1163
1164
1165
1166
1167
1168
1169
1170
1171
1172
1173
1174
1175
1176
1177
1178
1179
1180
1181
1182
1183
1184
1185
1186
1187
1188
1189
1190
1191
1192
1193
1194
1195
1196
1197
1198
1199
1200
1201
1202
1203
1204
1205
1206
1207
1208
1209
1210
1211
1212
1213
1214
1215
1216
1217
1218
1219
1220
1221
1222
1223
1224
1225
1226
1227
1228
1229
1230
1231
1232
1233
1234
1235
1236
1237
1238
1239
1240
1241
1242
1243
1244
1245
1246
1247
1248
1249
1250
1251
1252
1253
1254
1255
1256
1257
1258
1259
1260
1261
1262
1263
1264
1265
1266
1267
1268
1269
1270
1271
1.147201150697771 0.421638953078908 0.6
0.8303189714761219 0.2712200426193865 0.6
1.265028935095174 0.7129449725143164 0.6
0.6952900942094571 0.2391226215341115 0.6
0.7830849323020646 0.3791268660297181 0.6
0.6939211673165711 0.3227733183564037 0.6
0.5753119027141831 0.1012232280570903 0.6
0.4744278768746522 0.07424824074370084 0.6
1.021361708209345 0.5749761080617193 0.6
0.9702466665058711 0.3283669057915583 0.6
0.9020247014286982 0.4655186396355576 0.6
1.340579134648389 0.3998195977165518 0.6
1.176703954577985 0.1922881757542988 0.6
1.34015313325174 0.1998776544031089 0.6
1.225801313592383 0.6109678480162068 0.6
1.212473655368739 0.795808334922334 0.6
1.122240981701351 0.696455706570408 0.6
0.866409468332075 0.1409165381134321 0.6
0.7178424858490731 0.122238515214126 0.6
1.356569470693187 0.7336611945653846 0.6
1.318700116343442 0.8575658744835514 0.6
1.01707327646687 0.1680151989836561 0.6
1.354840306290096 0.5834269949256333 0.6
0.6939211673165711 0.3227733183564037 0.3
0.7830849323020646 0.3791268660297181 0.3
0.7512039707238031 0.4224161238712976 0.6
0.6542067120878636 0.3360261773205307 0.6
0.7385030498093178 0.3509500921930609 0.6
0.7512039707238031 0.4224161238712975 0.3
0.6542067120878636 0.3360261773205306 0.3
0.7385030498093179 0.3509500921930609 0.3
0.7027053414058333 0.379221150595914 0.6
0.7027053414058333 0.379221150595914 0.2999999999999999
0.6939211673165711 0.3227733183564037 0.8999999999999999
0.7830849323020646 0.3791268660297181 0.8999999999999999
0.7512039707238031 0.4224161238712975 0.8999999999999999
0.6542067120878636 0.3360261773205306 0.9
0.7385030498093179 0.3509500921930609 0.9
0.7027053414058333 0.379221150595914 0.8999999999999999
0.6952900942094571 0.2391226215341115 0.3
0.6024757993911138 0.235987656195275 0.6
0.6946056307630141 0.2809479699452576 0.6
0.6024757993911138 0.2359876561952749 0.3
0.6946056307630141 0.2809479699452575 0.3
0.6283412557394887 0.2860069167579027 0.6
0.6283412557394887 0.2860069167579026 0.2999999999999999
0.6952900942094571 0.2391226215341115 0.8999999999999999
0.6024757993911138 0.2359876561952749 0.9
0.6946056307630141 0.2809479699452575 0.9
0.6283412557394887 0.2860069167579026 0.8999999999999999
0.8303189714761219 0.2712200426193865 0.3
0.8067019518890932 0.3251734543245523 0.6
0.7628045328427895 0.255171332076749 0.6
0.8067019518890932 0.3251734543245523 0.3
0.7628045328427895 0.255171332076749 0.3
0.7506537913260537 0.3030607121349049 0.6
0.7506537913260537 0.3030607121349048 0.2999999999999999
0.8303189714761219 0.2712200426193865 0.8999999999999999
0.8067019518890932 0.3251734543245523 0.9
0.7628045328427895 0.255171332076749 0.8999999999999999
0.7506537913260537 0.3030607121349049 0.8999999999999999
0.4744278768746522 0.07424824074370084 0.3
0.4622139384373261 0.03712412037185042 0.6
0.4396293145805187 0.09533729308596001 0.6
0.4622139384373261 0.03712412037185042 0.3
0.4396293145805186 0.09533729308595987 0.3
0.4073146572902593 0.04766864654297992 0.6
0.4073146572902593 0.04766864654297995 0.2999999999999999
0.4744278768746522 0.07424824074370084 0.8999999999999999
0.4622139384373261 0.03712412037185042 0.9
0.4396293145805186 0.09533729308595987 0.9
0.4073146572902593 0.04766864654297995 0.9000000000000002
0.5753119027141831 0.1012232280570903 0.3
0.5876559513570916 0.05061161402854514 0.6
0.5248698897944176 0.08773573440039556 0.6
0.5876559513570916 0.05061161402854511 0.3
0.5248698897944176 0.08773573440039553 0.3
0.5249349448972087 0.04386786720019778 0.6
0.5249349448972089 0.04386786720019777 0.2999999999999999
0.5753119027141831 0.1012232280570903 0.8999999999999999
0.5876559513570916 0.05061161402854511 0.9
0.5248698897944176 0.08773573440039553 0.9
0.5249349448972089 0.04386786720019777 0.8999999999999999
0.5424867036434768 0.1670379594567644 0.6
0.5424867036434768 0.1670379594567643 0.3
0.4910580091119977 0.1311876262713621 0.6
0.4910580091119977 0.131187626271362 0.2999999999999999
0.5424867036434768 0.1670379594567643 0.8999999999999999
0.4910580091119978 0.1311876262713619 0.8999999999999999
1.147201150697771 0.421638953078908 0.3
1.021361708209345 0.5749761080617193 0.3
0.9020247014286982 0.4655186396355576 0.3
0.9702466665058711 0.3283669057915583 0.3
1.084281429453558 0.4983075305703136 0.6
1.058723908601821 0.3750029294352332 0.6
0.9616932048190215 0.5202473738486384 0.6
0.9361356839672846 0.3969427727135579 0.6
1.084281429453558 0.4983075305703136 0.3
1.058723908601821 0.3750029294352332 0.3
0.9616932048190214 0.5202473738486384 0.3
0.9361356839672846 0.3969427727135579 0.3
1.010208556710421 0.4476251516419358 0.6
1.010208556710421 0.4476251516419357 0.2999999999999999
1.147201150697771 0.421638953078908 0.8999999999999999
1.021361708209345 0.5749761080617193 0.8999999999999999
0.9020247014286982 0.4655186396355576 0.8999999999999999
0.9702466665058711 0.3283669057915583 0.8999999999999999
1.084281429453558 0.4983075305703136 0.9
1.058723908601821 0.3750029294352332 0.8999999999999999
0.9616932048190214 0.5202473738486384 0.9
0.9361356839672846 0.3969427727135579 0.9
1.010208556710421 0.4476251516419357 0.8999999999999999
0.9751731109638287 0.6367670903155174 0.6
0.8630892314303127 0.5238251833883268 0.6
0.9751731109638286 0.6367670903155174 0.3
0.8630892314303125 0.5238251833883268 0.3
0.9191311711970707 0.5802961368519219 0.6
0.9191311711970706 0.5802961368519219 0.2999999999999999
0.9751731109638286 0.6367670903155174 0.8999999999999999
0.8630892314303126 0.5238251833883268 0.9
0.9191311711970707 0.5802961368519219 0.8999999999999999
0.8425548168653814 0.4223227528326379 0.6
0.8425548168653814 0.4223227528326379 0.3
0.8071466010770578 0.4731206536298121 0.6
0.8071466010770577 0.4731206536298122 0.2999999999999999
0.8425548168653814 0.4223227528326379 0.9
0.8071466010770578 0.473120653629812 0.8999999999999999
0.9002828189909965 0.2997934742054724 0.6
0.9002828189909965 0.2997934742054724 0.3
0.8714188179281889 0.3610581135190551 0.6
0.8714188179281891 0.3610581135190552 0.2999999999999999
0.9002828189909965 0.2997934742054724 0.9
0.8714188179281892 0.3610581135190552 0.8999999999999999
1.34015313325174 0.1998776544031089 0.3
1.176703954577985 0.1922881757542988 0.3
1.188351977288992 0.0961440878771494 0.6
1.34507656662587 0.09993882720155445 0.6
1.258428543914862 0.1960829150787038 0.6
1.188351977288992 0.09614408787714937 0.3
1.34507656662587 0.09993882720155445 0.3
1.258428543914862 0.1960829150787038 0.3
1.266714271957431 0.09804145753935192 0.6
1.266714271957431 0.09804145753935194 0.2999999999999999
1.34015313325174 0.1998776544031089 0.8999999999999999
1.176703954577985 0.1922881757542988 0.8999999999999999
1.188351977288992 0.09614408787714937 0.8999999999999999
1.34507656662587 0.09993882720155445 0.9
1.258428543914862 0.1960829150787038 0.9
1.266714271957431 0.09804145753935192 0.8999999999999999
1.42007656662587 0.1990263229429114 0.6
1.42007656662587 0.1990263229429114 0.3
1.422538283312935 0.09951316147145572 0.6
1.422538283312935 0.09951316147145572 0.2999999999999999
1.42007656662587 0.1990263229429114 0.9
1.422538283312935 0.09951316147145572 0.9000000000000002
1.340579134648389 0.3998195977165518 0.3
1.420289567324195 0.3980847903409899 0.6
1.340366133950064 0.2998486260598304 0.6
1.420289567324194 0.3980847903409899 0.3
1.340366133950064 0.2998486260598304 0.3
1.420183066975032 0.2985555566419507 0.6
1.420183066975032 0.2985555566419507 0.2999999999999999
1.340579134648389 0.3998195977165518 0.8999999999999999
1.420289567324194 0.3980847903409899 0.9
1.340366133950064 0.2998486260598304 0.9
1.420183066975032 0.2985555566419506 0.8999999999999999
1.161952552637878 0.3069635644166034 0.6
1.24389014267308 0.41072927539773 0.6
1.161952552637878 0.3069635644166034 0.3
1.24389014267308 0.41072927539773 0.3
1.251159343293971 0.3034060952382169 0.6
1.25115934329397 0.3034060952382168 0.2999999999999999
1.161952552637878 0.3069635644166034 0.9
1.24389014267308 0.41072927539773 0.8999999999999999
1.25115934329397 0.3034060952382168 0.8999999999999999
1.122240981701351 0.696455706570408 0.3
1.071801344955348 0.6357159073160636 0.6
1.078028123853025 0.7557200622839714 0.6
1.071801344955348 0.6357159073160636 0.3
1.078028123853025 0.7557200622839715 0.3
1.026600617408427 0.6962435762997443 0.6
1.026600617408426 0.6962435762997444 0.2999999999999999
1.122240981701351 0.696455706570408 0.8999999999999999
1.071801344955348 0.6357159073160636 0.9
1.078028123853025 0.7557200622839715 0.9
1.026600617408426 0.6962435762997445 0.8999999999999999
1.225801313592383 0.6109678480162068 0.3
1.186501232145077 0.5163034005475574 0.6
1.174021147646867 0.6537117772933074 0.6
1.186501232145077 0.5163034005475574 0.3
1.174021147646867 0.6537117772933074 0.3
1.129151288550213 0.5760096539318106 0.6
1.129151288550212 0.5760096539318105 0.2999999999999999
1.225801313592383 0.6109678480162068 0.8999999999999999
1.186501232145077 0.5163034005475574 0.9
1.174021147646867 0.6537117772933074 0.9
1.129151288550212 0.5760096539318105 0.8999999999999999
1.265028935095174 0.7129449725143164 0.3
1.212473655368739 0.795808334922334 0.3
1.238751295231956 0.7543766537183252 0.6
1.245415124343779 0.6619564102652616 0.6
1.167357318535045 0.7461320207463711 0.6
1.238751295231956 0.7543766537183252 0.3
1.245415124343779 0.6619564102652615 0.3
1.167357318535045 0.7461320207463711 0.3
1.206386221439412 0.7040442155058162 0.6
1.206386221439412 0.7040442155058161 0.2999999999999999
1.265028935095174 0.7129449725143164 0.8999999999999999
1.212473655368739 0.795808334922334 0.8999999999999999
1.238751295231956 0.7543766537183252 0.9
1.245415124343779 0.6619564102652615 0.8999999999999999
1.167357318535045 0.7461320207463711 0.9
1.206386221439412 0.7040442155058162 0.8999999999999999
1.175559836829911 0.863609549174044 0.6
1.175559836829911 0.8636095491740441 0.3
1.126793980341468 0.8096648057290078 0.6
1.126793980341468 0.8096648057290079 0.2999999999999999
1.175559836829911 0.8636095491740441 0.8999999999999999
1.126793980341468 0.8096648057290078 0.9000000000000001
0.7178424858490731 0.122238515214126 0.3
0.7339212429245365 0.06111925760706299 0.6
0.6465771942816281 0.1117308716356081 0.6
0.7339212429245365 0.06111925760706297 0.3
0.6465771942816281 0.1117308716356081 0.3
0.6607885971408141 0.05586543581780407 0.6
0.6607885971408141 0.05586543581780409 0.2999999999999999
0.7178424858490731 0.122238515214126 0.8999999999999999
0.7339212429245365 0.06111925760706297 0.9
0.6465771942816281 0.1117308716356081 0.9
0.6607885971408141 0.05586543581780409 0.8999999999999999
0.866409468332075 0.1409165381134321 0.3
0.8832047341660375 0.07045826905671604 0.6
0.792125977090574 0.131577526663779 0.6
0.8832047341660375 0.07045826905671604 0.3
0.792125977090574 0.1315775266637791 0.3
0.8085629885452871 0.06578876333188952 0.6
0.808562988545287 0.06578876333188947 0.2999999999999999
0.866409468332075 0.1409165381134321 0.8999999999999999
0.8832047341660375 0.07045826905671604 0.9
0.792125977090574 0.1315775266637791 0.9
0.8085629885452872 0.06578876333188947 0.8999999999999999
0.8483642199040984 0.2060682903664093 0.6
0.7065662900292651 0.1806805683741187 0.6
0.8483642199040984 0.2060682903664093 0.3
0.7065662900292651 0.1806805683741187 0.3
0.7774652549666817 0.193374429370264 0.6
0.7774652549666818 0.1933744293702641 0.2999999999999999
0.8483642199040984 0.2060682903664093 0.8999999999999999
0.7065662900292651 0.1806805683741187 0.9
0.7774652549666818 0.1933744293702641 0.8999999999999999
0.624526496836371 0.1738592639154415 0.6
0.6245264968363711 0.1738592639154415 0.2999999999999999
0.6245264968363711 0.1738592639154415 0.8999999999999999
1.356569470693187 0.7336611945653846 0.3
1.318700116343442 0.8575658744835514 0.3
1.31079920289418 0.7233030835398505 0.6
1.337634793518315 0.7956135345244679 0.6
1.265586885856091 0.8266871047029427 0.6
1.31079920289418 0.7233030835398505 0.3
1.337634793518315 0.7956135345244679 0.3
1.265586885856091 0.8266871047029427 0.3
1.288193044375135 0.7749950941213966 0.6
1.288193044375135 0.7749950941213967 0.2999999999999999
1.356569470693187 0.7336611945653846 0.8999999999999999
1.318700116343442 0.8575658744835514 0.8999999999999999
1.31079920289418 0.7233030835398505 0.9
1.337634793518315 0.7956135345244679 0.9
1.265586885856091 0.8266871047029427 0.9
1.288193044375135 0.7749950941213967 0.8999999999999999
1.428284735346593 0.7631805802481203 0.6
1.391120734626458 0.8838409363129505 0.6
1.428284735346593 0.7631805802481202 0.3
1.391120734626458 0.8838409363129506 0.3
1.414155213235929 0.8248932895253387 0.6
1.414155213235929 0.8248932895253389 0.2999999999999999
1.428284735346593 0.7631805802481202 0.8999999999999999
1.391120734626458 0.8838409363129505 0.9
1.414155213235929 0.8248932895253389 0.9000000000000001
1.281503425196842 0.9259190790203282 0.6
1.281503425196842 0.9259190790203282 0.3
1.351575715347278 0.9453598371693488 0.6
1.351575715347278 0.9453598371693487 0.2999999999999999
1.281503425196842 0.9259190790203282 0.9
1.351575715347278 0.9453598371693486 0.8999999999999999
1.226147888811928 0.8987710245086451 0.6
1.226147888811928 0.8987710245086453 0.2999999999999999
1.226147888811928 0.8987710245086451 0.9
1.01707327646687 0.1680151989836561 0.3
1.096888615522427 0.1801516873689775 0.6
1.033536638233435 0.08400759949182807 0.6
1.096888615522427 0.1801516873689775 0.3
1.033536638233435 0.08400759949182809 0.3
1.110944307761214 0.09007584368448873 0.6
1.110944307761214 0.09007584368448873 0.2999999999999999
1.01707327646687 0.1680151989836561 0.8999999999999999
1.096888615522427 0.1801516873689775 0.9
1.033536638233435 0.08400759949182809 0.9
1.110944307761214 0.09007584368448873 0.8999999999999999
0.9936599714863705 0.2481910523876072 0.6
0.9936599714863705 0.2481910523876072 0.3
1.077806262062124 0.2775773084021053 0.6
1.077806262062124 0.2775773084021055 0.2999999999999999
0.9936599714863705 0.2481910523876072 0.9
1.077806262062124 0.2775773084021055 0.8999999999999999
0.9417413723994725 0.1544658685485441 0.6
0.9417413723994725 0.1544658685485441 0.3
0.9210120956952343 0.2271296713770082 0.6
0.9210120956952342 0.2271296713770082 0.2999999999999999
0.9417413723994725 0.1544658685485441 0.9
0.9210120956952341 0.2271296713770082 0.8999999999999999
0.9583706861997363 0.07723293427427205 0.6
0.9583706861997363 0.07723293427427198 0.2999999999999999
0.9583706861997363 0.07723293427427198 0.8999999999999999
1.354840306290096 0.5834269949256333 0.3
1.29032080994124 0.5971974214709201 0.6
1.355704888491641 0.658544094745509 0.6
1.29032080994124 0.5971974214709201 0.3
1.355704888491641 0.658544094745509 0.3
1.30056000641771 0.6602502525053854 0.6
1.300560006417709 0.6602502525053854 0.2999999999999999
1.354840306290096 0.5834269949256333 0.8999999999999999
1.29032080994124 0.5971974214709201 0.9
1.355704888491641 0.658544094745509 0.9
1.300560006417709 0.6602502525053855 0.8999999999999999
1.347709720469243 0.4916232963210926 0.6
1.347709720469243 0.4916232963210926 0.3
1.26710547630716 0.5039633484343249 0.6
1.26710547630716 0.5039633484343248 0.2999999999999999
1.347709720469243 0.4916232963210926 0.9
1.26710547630716 0.5039633484343249 0.8999999999999999
1.427420153145048 0.5889759846868876 0.6
1.427420153145048 0.5889759846868876 0.3
1.423854860234621 0.4935303875139389 0.6
1.423854860234621 0.4935303875139387 0.2999999999999999
1.427420153145048 0.5889759846868876 0.9
1.423854860234621 0.4935303875139387 0.8999999999999999
1.42785244424582 0.676078282467504 0.6
1.427852444245821 0.6760782824675039 0.2999999999999999
1.427852444245821 0.6760782824675039 0.9
3 2 0 339
1272
1273
1274
1275
1276
1277
1278
1279
1280
1281
1282
1283
1284
1285
1286
1287
1288
1289
1290
1291
1292
1293
1294
1295
1296
1297
1298
1299
1300
1301
1302
1303
1304
1305
1306
1307
1308
1309
1310
1311
1312
1313
1314
1315
1316
1317
1318
1319
1320
1321
1322
1323
1324
1325
1326
1327
1328
1329
1330
1331
1332
1333
1334
1335
1336
1337
1338
1339
1340
1341
1342
1343
1344
1345
1346
1347
1348
1349
1350
1351
1352
1353
1354
1355
1356
1357
1358
1359
1360
1361
1362
1363
1364
1365
1366
1367
1368
1369
1370
1371
1372
1373
1374
1375
1376
1377
1378
1379
1380
1381
1382
1383
1384
1385
1386
1387
1388
1389
1390
1391
1392
1393
1394
1395
1396
1397
1398
1399
1400
1401
1402
1403
1404
1405
1406
1407
1408
1409
1410
1411
1412
1413
1414
1415
1416
1417
1418
1419
1420
1421
1422
1423
1424
1425
1426
1427
1428
1429
1430
1431
1432
1433
1434
1435
1436
1437
1438
1439
1440
1441
1442
1443
1444
1445
1446
1447
1448
1449
1450
1451
1452
1453
1454
1455
1456
1457
1458
1459
1460
1461
1462
1463
1464
1465
1466
1467
1468
1469
1470
1471
1472
1473
1474
1475
1476
1477
1478
1479
1480
1481
1482
1483
1484
1485
1486
1487
1488
1489
1490
1491
1492
1493
1494
1495
1496
1497
1498
1499
1500
1501
1502
1503
1504
1505
1506
1507
1508
1509
1510
1511
1512
1513
1514
1515
1516
1517
1518
1519
1520
1521
1522
1523
1524
1525
1526
1527
1528
1529
1530
1531
1532
1533
1534
1535
1536
1537
1538
1539
1540
1541
1542
1543
1544
1545
1546
1547
1548
1549
1550
1551
1552
1553
1554
1555
1556
1557
1558
1559
1560
1561
1562
1563
1564
1565
1566
1567
1568
1569
1570
1571
1572
1573
1574
1575
1576
1577
1578
1579
1580
1581
1582
1583
1584
1585
1586
1587
1588
1589
1590
1591
1592
1593
1594
1595
1596
1597
1598
1599
1600
1601
1602
1603
1604
1605
1606
1607
1608
1609
1610
1.126891788524758 1.566901461443542 0.6
0.6466787399587342 1.839607959558557 0.6
0.8353465389500536 1.746444246355469 0.6
1.33254046296326 1.194151008024392 0.6
1.3429135880234 1.096556231909385 0.6
1.167678649612486 1.336127436435153 0.6
1.002503754744033 1.421203187269543 0.6
1.066938716995124 1.313576609807737 0.6
0.9648115142459789 1.675164282442204 0.6
0.7821690884698288 1.635882776620334 0.6
0.8965379832273108 1.537474459383463 0.6
1.326173085766303 1.585830420936045 0.6
1.326487756197355 1.374125160446685 0.6
1.170411444191525 1.804679073677106 0.6
1.334994023498319 1.796271880052982 0.6
0.873231891369696 1.869182700215918 0.6
1.014969093292676 1.834297215630261 0.6
0.5893386413152913 1.808816002934838 0.6
0.6273906558914359 1.906871638947683 0.6
0.5166312685812269 1.9004478292135 0.6
0.7234232243452295 1.802588867900631 0.6
0.6775334608032113 1.723637566874906 0.6
0.7442211893176158 1.895291219547508 0.6
1.33254046296326 1.194151008024392 0.3
1.3429135880234 1.096556231909385 0.3
1.41627023148163 1.200725521046768 0.6
1.33772702549333 1.145353619966889 0.6
1.403227470466437 1.093220116883518 0.6
1.41627023148163 1.200725521046768 0.3
1.33772702549333 1.145353619966889 0.3
1.403227470466437 1.093220116883518 0.3
1.414201329223436 1.14559028772034 0.6
1.414201329223436 1.14559028772034 0.2999999999999999
1.33254046296326 1.194151008024392 0.8999999999999999
1.3429135880234 1.096556231909385 0.8999999999999999
1.41627023148163 1.200725521046768 0.9000000000000001
1.33772702549333 1.145353619966889 0.9
1.403227470466437 1.093220116883518 0.9
1.414201329223436 1.14559028772034 0.9000000000000001
1.235593240627172 1.131370122299319 0.6
1.293610161036821 1.051141974176141 0.6
1.235593240627171 1.131370122299319 0.3
1.293610161036821 1.051141974176141 0.3
1.262217958630548 1.087249337826271 0.6
1.262217958630547 1.087249337826271 0.2999999999999999
1.235593240627171 1.131370122299319 0.8999999999999999
1.293610161036821 1.051141974176141 0.9
1.262217958630547 1.087249337826271 0.8999999999999999
1.357629083267268 1.043170689428886 0.6
1.357629083267268 1.043170689428886 0.2999999999999999
1.357629083267268 1.043170689428886 0.8999999999999999
1.066938716995124 1.313576609807737 0.3
1.002503754744033 1.421203187269543 0.3
0.9657441342311729 1.361322557350114 0.6
1.050376991499911 1.249296095905102 0.6
1.034721235869579 1.36738989853864 0.6
0.9657441342311728 1.361322557350114 0.3
1.050376991499911 1.249296095905102 0.3
1.034721235869579 1.36738989853864 0.3
1.008060562865542 1.305309326627608 0.6
1.008060562865542 1.305309326627608 0.2999999999999999
1.066938716995124 1.313576609807737 0.8999999999999999
1.002503754744033 1.421203187269543 0.8999999999999999
0.9657441342311728 1.361322557350114 0.8999999999999999
1.050376991499911 1.249296095905102 0.9
1.034721235869579 1.36738989853864 0.9
1.008060562865542 1.305309326627608 0.8999999999999999
1.167678649612486 1.336127436435153 0.3
1.153162333951785 1.2023583365047 0.6
1.117308683303805 1.324852023121445 0.6
1.153162333951785 1.2023583365047 0.3
1.117308683303805 1.324852023121445 0.3
1.101769662725848 1.225827216204901 0.6
1.101769662725848 1.225827216204901 0.2999999999999999
1.167678649612486 1.336127436435153 0.8999999999999999
1.153162333951785 1.2023583365047 0.9000000000000001
1.117308683303805 1.324852023121445 0.9
1.101769662725848 1.225827216204901 0.9000000000000001
1.126891788524758 1.566901461443542 0.3
1.064697771634396 1.494052324356542 0.6
1.147285219068622 1.451514448939348 0.6
1.064697771634396 1.494052324356542 0.3
1.147285219068622 1.451514448939348 0.3
1.091003227469101 1.409452173738994 0.6
1.091003227469101 1.409452173738994 0.2999999999999999
1.126891788524758 1.566901461443542 0.8999999999999999
1.064697771634396 1.494052324356542 0.9
1.147285219068622 1.451514448939348 0.8999999999999999
1.091003227469101 1.409452173738994 0.8999999999999999
0.9648115142459789 1.675164282442204 0.3
0.8965379832273108 1.537474459383463 0.3
1.045851651385369 1.621032871942873 0.6
0.9306747487366449 1.606319370912834 0.6
0.949520868985672 1.479338823326503 0.6
1.045851651385369 1.621032871942873 0.3
0.9306747487366449 1.606319370912834 0.3
0.949520868985672 1.479338823326503 0.3
0.9976862601855203 1.550185847634688 0.6
0.9976862601855202 1.550185847634688 0.2999999999999999
0.9648115142459789 1.675164282442204 0.8999999999999999
0.8965379832273108 1.537474459383463 0.8999999999999999
1.045851651385369 1.621032871942873 0.9
0.9306747487366449 1.606319370912833 0.9
0.9495208689856721 1.479338823326503 0.9
0.9976862601855205 1.550185847634688 0.8999999999999999
0.8353465389500536 1.746444246355469 0.3
0.7821690884698288 1.635882776620334 0.3
0.8087578137099412 1.691163511487902 0.6
0.9000790265980163 1.710804264398837 0.6
0.8393535358485698 1.586678618001899 0.6
0.8087578137099412 1.691163511487901 0.3
0.9000790265980163 1.710804264398837 0.3
0.8393535358485698 1.586678618001899 0.3
0.8697162812232931 1.648741441200368 0.6
0.8697162812232928 1.648741441200368 0.2999999999999999
0.8353465389500536 1.746444246355469 0.8999999999999999
0.7821690884698288 1.635882776620334 0.8999999999999999
0.8087578137099414 1.691163511487901 0.9
0.9000790265980163 1.710804264398837 0.8999999999999999
0.8393535358485698 1.586678618001899 0.9
0.8697162812232929 1.648741441200368 0.8999999999999999
0.7507460488076851 1.585088697453729 0.6
0.860345872329619 1.477671366121184 0.6
0.7507460488076851 1.585088697453729 0.3
0.860345872329619 1.477671366121184 0.3
0.8055459605686521 1.531380031787457 0.6
0.8055459605686519 1.531380031787457 0.2999999999999999
0.7507460488076851 1.585088697453729 0.8999999999999999
0.860345872329619 1.477671366121184 0.9
0.8055459605686521 1.531380031787457 0.8999999999999999
0.9130450032803961 1.419496961735649 0.6
0.9130450032803962 1.419496961735649 0.2999999999999999
0.9130450032803958 1.419496961735649 0.8999999999999999
1.326487756197355 1.374125160446685 0.3
1.326173085766303 1.585830420936045 0.3
1.226532437145531 1.576365941189794 0.6
1.247083202904921 1.355126298440919 0.6
1.326330420981829 1.479977790691365 0.6
1.226532437145531 1.576365941189794 0.3
1.247083202904921 1.355126298440919 0.3
1.326330420981829 1.479977790691365 0.3
1.236807820025226 1.465746119815356 0.6
1.236807820025225 1.465746119815357 0.2999999999999999
1.326487756197355 1.374125160446685 0.8999999999999999
1.326173085766303 1.585830420936045 0.8999999999999999
1.226532437145531 1.576365941189794 0.8999999999999999
1.247083202904921 1.355126298440919 0.9
1.326330420981829 1.479977790691365 0.9
1.236807820025225 1.465746119815357 0.8999999999999999
1.329514109580307 1.284138084235538 0.6
1.329514109580307 1.284138084235538 0.3
1.241338221766046 1.243248210370119 0.6
1.241338221766046 1.243248210370119 0.2999999999999999
1.329514109580307 1.284138084235538 0.9
1.241338221766046 1.243248210370119 0.9
1.413243878098677 1.389800092999272 0.6
1.413243878098678 1.389800092999272 0.3
1.414757054790154 1.29526280702302 0.6
1.414757054790154 1.29526280702302 0.2999999999999999
1.413243878098678 1.389800092999272 0.9
1.414757054790153 1.29526280702302 0.9
1.413086542883151 1.594740218985309 0.6
1.413086542883151 1.594740218985309 0.3
1.413165210490914 1.492270155992291 0.6
1.413165210490914 1.492270155992291 0.2999999999999999
1.413086542883151 1.594740218985309 0.9
1.413165210490914 1.492270155992291 0.8999999999999999
1.170411444191525 1.804679073677106 0.3
1.334994023498319 1.796271880052982 0.3
1.185205722095762 1.902339536838553 0.6
1.252702733844922 1.800475476865044 0.6
1.342497011749159 1.898135940026491 0.6
1.185205722095762 1.902339536838553 0.3
1.252702733844922 1.800475476865044 0.3
1.342497011749159 1.898135940026491 0.3
1.263851366922461 1.900237738432522 0.6
1.26385136692246 1.900237738432522 0.2999999999999999
1.170411444191525 1.804679073677106 0.8999999999999999
1.334994023498319 1.796271880052982 0.8999999999999999
1.185205722095762 1.902339536838553 0.9
1.252702733844922 1.800475476865044 0.9
1.342497011749159 1.898135940026491 0.9
1.26385136692246 1.900237738432522 0.8999999999999999
1.148651616358142 1.685790267560324 0.6
1.330583554632311 1.691051150494514 0.6
1.148651616358142 1.685790267560324 0.3
1.330583554632311 1.691051150494514 0.3
1.239617585495226 1.688420709027419 0.6
1.239617585495226 1.688420709027418 0.2999999999999999
1.148651616358142 1.685790267560324 0.8999999999999999
1.330583554632311 1.691051150494514 0.9
1.239617585495226 1.688420709027418 0.8999999999999999
1.417497011749159 1.799048444285134 0.6
1.417497011749159 1.799048444285134 0.3
1.415291777316155 1.696894331635222 0.6
1.415291777316156 1.696894331635222 0.2999999999999999
1.417497011749159 1.799048444285134 0.9
1.415291777316156 1.696894331635222 0.8999999999999999
1.421248505874579 1.899524222142567 0.6
1.42124850587458 1.899524222142567 0.2999999999999999
1.42124850587458 1.899524222142567 0.8999999999999999
1.014969093292676 1.834297215630261 0.3
0.873231891369696 1.869182700215918 0.3
0.8542892151598749 1.807813473285694 0.6
0.9898903037693276 1.754730749036232 0.6
0.9441004923311862 1.85173995792309 0.6
0.8542892151598749 1.807813473285694 0.3
0.9898903037693276 1.754730749036232 0.3
0.9441004923311862 1.85173995792309 0.3
0.9220897594646013 1.781272111160963 0.6
0.9220897594646011 1.781272111160963 0.2999999999999999
1.014969093292676 1.834297215630261 0.8999999999999999
0.873231891369696 1.869182700215918 0.8999999999999999
0.8542892151598749 1.807813473285694 0.8999999999999999
0.9898903037693279 1.754730749036232 0.9
0.9441004923311863 1.85173995792309 0.9
0.9220897594646014 1.781272111160963 0.8999999999999999
1.092690268742101 1.819488144653684 0.6
1.092690268742101 1.819488144653684 0.3
1.069270960063734 1.720260508298278 0.6
1.069270960063735 1.720260508298278 0.2999999999999999
1.092690268742101 1.819488144653684 0.9
1.069270960063735 1.720260508298278 0.8999999999999999
1.032484546646338 1.917148607815131 0.6
1.032484546646338 1.917148607815131 0.3
1.10884513437105 1.909744072326842 0.6
1.10884513437105 1.909744072326842 0.2999999999999999
1.032484546646338 1.917148607815131 0.9
1.10884513437105 1.909744072326842 0.8999999999999999
0.8866159456848479 1.934591350107959 0.6
0.8866159456848479 1.934591350107959 0.3
0.9595502461655929 1.925869978961545 0.6
0.9595502461655928 1.925869978961545 0.2999999999999999
0.8866159456848479 1.934591350107959 0.9
0.9595502461655929 1.925869978961545 0.8999999999999999
0.5893386413152913 1.808816002934838 0.3
0.5166312685812269 1.9004478292135 0.3
0.5495000729440311 1.7879816560392 0.6
0.5529849549482591 1.854631916074169 0.6
0.4607310104338061 1.892010741892641 0.6
0.549500072944031 1.7879816560392 0.3
0.5529849549482592 1.854631916074169 0.3
0.4607310104338062 1.892010741892641 0.3
0.5051155416889186 1.83999619896592 0.6
0.5051155416889187 1.83999619896592 0.2999999999999999
0.5893386413152913 1.808816002934838 0.8999999999999999
0.5166312685812269 1.9004478292135 0.8999999999999999
0.5495000729440311 1.7879816560392 0.9
0.5529849549482592 1.854631916074169 0.9
0.4607310104338062 1.89201074189264 0.9
0.5051155416889187 1.83999619896592 0.8999999999999999
0.6466787399587342 1.839607959558557 0.3
0.6273906558914359 1.906871638947683 0.3
0.637034697925085 1.87323979925312 0.6
0.6180086906370128 1.824211981246697 0.6
0.5720109622363314 1.903659734080592 0.6
0.637034697925085 1.87323979925312 0.3
0.6180086906370128 1.824211981246697 0.3
0.5720109622363314 1.903659734080592 0.3
0.5950098264366721 1.863935857663644 0.6
0.5950098264366721 1.863935857663645 0.2999999999999999
0.6466787399587342 1.839607959558557 0.8999999999999999
0.6273906558914359 1.906871638947683 0.8999999999999999
0.6370346979250852 1.87323979925312 0.9
0.6180086906370129 1.824211981246697 0.8999999999999999
0.5720109622363314 1.903659734080592 0.9
0.5950098264366721 1.863935857663645 0.8999999999999999
0.6136953279457178 1.953435819473842 0.6
0.4833156342906133 1.95022391460675 0.6
0.6136953279457178 1.953435819473842 0.3
0.4833156342906133 1.95022391460675 0.3
0.5485054811181655 1.951829867040296 0.6
0.5485054811181658 1.951829867040296 0.2999999999999999
0.6136953279457178 1.953435819473842 0.8999999999999999
0.4833156342906133 1.95022391460675 0.9
0.5485054811181658 1.951829867040296 0.8999999999999999
0.4178655052169029 1.946005370946321 0.6
0.4178655052169029 1.946005370946321 0.2999999999999999
0.4178655052169029 1.946005370946321 0.8999999999999999
0.6775334608032113 1.723637566874906 0.3
0.72985127463652 1.67976017174762 0.6
0.6460128588311838 1.687179265295124 0.6
0.72985127463652 1.67976017174762 0.3
0.6460128588311838 1.687179265295124 0.3
0.6983794538194343 1.636133981374427 0.6
0.6983794538194344 1.636133981374426 0.2999999999999999
0.6775334608032113 1.723637566874906 0.8999999999999999
0.72985127463652 1.67976017174762 0.9
0.6460128588311839 1.687179265295124 0.9
0.6983794538194343 1.636133981374426 0.8999999999999999
0.7234232243452295 1.802588867900631 0.3
0.7793848816476416 1.77451655712805 0.6
0.7004783425742205 1.763113217387768 0.6
0.7793848816476415 1.77451655712805 0.3
0.7004783425742205 1.763113217387768 0.3
0.7546180781420807 1.727138364437835 0.6
0.7546180781420808 1.727138364437835 0.2999999999999999
0.7234232243452295 1.802588867900631 0.8999999999999999
0.7793848816476416 1.77451655712805 0.9
0.7004783425742206 1.763113217387768 0.9
0.7546180781420809 1.727138364437834 0.8999999999999999
0.6850509821519819 1.821098413729594 0.6
0.6334360510592514 1.766226784904872 0.6
0.6850509821519819 1.821098413729594 0.3
0.6334360510592513 1.766226784904872 0.3
0.6592435166056166 1.793662599317233 0.6
0.6592435166056168 1.793662599317233 0.2999999999999999
0.685050982151982 1.821098413729594 0.8999999999999999
0.6334360510592514 1.766226784904872 0.9
0.6592435166056169 1.793662599317233 0.8999999999999999
0.5977564658876076 1.737580460667162 0.6
0.5977564658876074 1.737580460667162 0.2999999999999999
0.5977564658876076 1.737580460667162 0.8999999999999999
0.7442211893176158 1.895291219547508 0.3
0.7338222068314226 1.84894004372407 0.6
0.6858059226045259 1.901081429247596 0.6
0.7338222068314227 1.84894004372407 0.3
0.6858059226045259 1.901081429247596 0.3
0.6854284523782539 1.861089921488595 0.6
0.6854284523782539 1.861089921488595 0.2999999999999999
0.7442211893176158 1.895291219547508 0.8999999999999999
0.7338222068314227 1.848940043724069 0.9
0.6858059226045259 1.901081429247595 0.9
0.685428452378254 1.861089921488594 0.8999999999999999
0.8087265403436559 1.882236959881713 0.6
0.8087265403436559 1.882236959881713 0.3
0.7940557109956488 1.828376758504882 0.6
0.7940557109956488 1.828376758504882 0.2999999999999999
0.808726540343656 1.882236959881713 0.9
0.7940557109956489 1.828376758504882 0.8999999999999999
0.7471105946588078 1.947645609773754 0.6
0.7471105946588077 1.947645609773754 0.3
0.8168632701718279 1.941118479940857 0.6
0.8168632701718278 1.941118479940857 0.2999999999999999
0.7471105946588077 1.947645609773754 0.9
0.8168632701718281 1.941118479940857 0.8999999999999999
0.6804029613022626 1.950540714623798 0.6
0.6804029613022626 1.950540714623798 0.2999999999999999
0.6804029613022626 1.950540714623798 0.8999999999999999
$EndNodes
$Elements
54 2256 1 2256
0 1 15 1
1 1 
0 2 15 1
2 2 
0 3 15 1
3 3 
0 4 15 1
4 4 
0 5 15 1
5 5 
0 6 15 1
6 6 
0 7 15 1
7 7 
0 8 15 1
8 8 
0 9 15 1
9 9 
0 10 15 1
10 10 
0 11 15 1
11 11 
0 12 15 1
12 12 
0 13 15 1
13 13 
0 14 15 1
14 14 
0 15 15 1
15 15 
0 16 15 1
16 16 
1 1 1 16
17 1 17 
18 17 18 
19 18 19 
20 19 20 
21 20 21 
22 21 22 
23 22 23 
24 23 24 
25 24 25 
26 25 26 
27 26 27 
28 27 28 
29 28 29 
30 29 30 
31 30 31 
32 31 2 
1 2 1 16
33 2 32 
34 32 33 
35 33 34 
36 34 35 
37 35 36 
38 36 37 
39 37 38 
40 38 39 
41 39 40 
42 40 41 
43 41 42 
44 42 43 
45 43 44 
46 44 45 
47 45 46 
48 46 3 
1 3 1 8
49 3 47 
50 47 48 
51 48 49 
52 49 50 
53 50 51 
54 51 52 
55 52 53 
56 53 4 
1 4 1 8
57 4 54 
58 54 55 
59 55 56 
60 56 57 
61 57 58 
62 58 59 
63 59 60 
64 60 1 
1 5 1 16
65 5 61 
66 61 62 
67 62 63 
68 63 64 
69 64 65 
70 65 66 
71 66 67 
72 67 68 
73 68 69 
74 69 70 
75 70 71 
76 71 72 
77 72 73 
78 73 74 
79 74 75 
80 75 6 
1 6 1 8
81 7 76 
82 76 77 
83 77 78 
84 78 79 
85 79 80 
86 80 81 
87 81 82 
88 82 5 
1 7 1 8
89 8 83 
90 83 84 
91 84 85 
92 85 86 
93 86 87 
94 87 88 
95 88 89 
96 89 7 
1 8 1 16
97 6 90 
98 90 91 
99 91 92 
100 92 93 
101 93 94 
102 94 95 
103 95 96 
104 96 97 
105 97 98 
106 98 99 
107 99 100 
108 100 101 
109 101 102 
110 102 103 
111 103 104 
112 104 8 
1 9 1 4
113 1 105 
114 105 106 
115 106 107 
116 107 9 
1 10 1 4
117 2 108 
118 108 109 
119 109 110 
120 110 10 
1 11 1 16
121 9 111 
122 111 112 
123 112 113 
124 113 114 
125 114 115 
126 115 116 
127 116 117 
128 117 118 
129 118 119 
130 119 120 
131 120 121 
132 121 122 
133 122 123 
134 123 124 
135 124 125 
136 125 10 
1 12 1 4
137 3 126 
138 126 127 
139 127 128 
140 128 11 
1 13 1 16
141 10 129 
142 129 130 
143 130 131 
144 131 132 
145 132 133 
146 133 134 
147 134 135 
148 135 136 
149 136 137 
150 137 138 
151 138 139 
152 139 140 
153 140 141 
154 141 142 
155 142 143 
156 143 11 
1 14 1 4
157 4 144 
158 144 145 
159 145 146 
160 146 12 
1 15 1 8
161 11 147 
162 147 148 
163 148 149 
164 149 150 
165 150 151 
166 151 152 
167 152 153 
168 153 12 
1 16 1 8
169 12 154 
170 154 155 
171 155 156 
172 156 157 
173 157 158 
174 158 159 
175 159 160 
176 160 9 
1 17 1 4
177 5 161 
178 161 162 
179 162 163 
180 163 13 
1 18 1 4
181 6 164 
182 164 165 
183 165 166 
184 166 14 
1 19 1 16
185 13 167 
186 167 168 
187 168 169 
188 169 170 
189 170 171 
190 171 172 
191 172 173 
192 173 174 
193 174 175 
194 175 176 
195 176 177 
196 177 178 
197 178 179 
198 179 180 
199 180 181 
200 181 14 
1 20 1 4
201 7 182 
202 182 183 
203 183 184 
204 184 15 
1 21 1 8
205 15 185 
206 185 186 
207 186 187 
208 187 188 
209 188 189 
210 189 190 
211 190 191 
212 191 13 
1 22 1 4
213 8 192 
214 192 193 
215 193 194 
216 194 16 
1 23 1 8
217 16 195 
218 195 196 
219 196 197 
220 197 198 
221 198 199 
222 199 200 
223 200 201 
224 201 15 
1 24 1 16
225 14 202 
226 202 203 
227 203 204 
228 204 205 
229 205 206 
230 206 207 
231 207 208 
232 208 209 
233 209 210 
234 210 211 
235 211 212 
236 212 213 
237 213 214 
238 214 215 
239 215 216 
240 216 16 
2 1 3 136
241 24 25 243 242 
242 25 26 240 243 
243 243 240 222 241 
244 242 243 241 221 
245 28 244 246 27 
246 244 220 245 246 
247 246 245 222 240 
248 27 246 240 26 
249 218 247 249 248 
250 247 221 241 249 
251 249 241 222 245 
252 248 249 245 220 
253 2 32 252 31 
254 32 33 250 252 
255 252 250 224 251 
256 31 252 251 30 
257 35 253 255 34 
258 253 223 254 255 
259 255 254 224 250 
260 34 255 250 33 
261 28 29 257 256 
262 29 30 251 257 
263 257 251 224 254 
264 256 257 254 223 
265 217 258 262 261 
266 258 225 259 262 
267 262 259 227 260 
268 261 262 260 226 
269 20 21 265 264 
270 21 22 263 265 
271 265 263 227 259 
272 264 265 259 225 
273 24 242 267 23 
274 242 221 266 267 
275 267 266 227 263 
276 23 267 263 22 
277 218 268 269 247 
278 268 226 260 269 
279 269 260 227 266 
280 247 269 266 221 
281 43 44 273 272 
282 44 45 270 273 
283 273 270 230 271 
284 272 273 271 229 
285 3 47 275 46 
286 47 48 274 275 
287 275 274 230 270 
288 46 275 270 45 
289 50 276 278 49 
290 276 228 277 278 
291 278 277 230 274 
292 49 278 274 48 
293 217 279 281 280 
294 279 229 271 281 
295 281 271 230 277 
296 280 281 277 228 
297 20 264 284 19 
298 264 225 282 284 
299 284 282 233 283 
300 19 284 283 18 
301 217 285 287 258 
302 285 231 286 287 
303 287 286 233 282 
304 258 287 282 225 
305 219 288 291 290 
306 288 232 289 291 
307 291 289 233 286 
308 290 291 286 231 
309 1 17 293 292 
310 17 18 283 293 
311 293 283 233 289 
312 292 293 289 232 
313 35 36 296 253 
314 36 37 294 296 
315 296 294 235 295 
316 253 296 295 223 
317 39 297 299 38 
318 297 234 298 299 
319 299 298 235 294 
320 38 299 294 37 
321 218 248 302 301 
322 248 220 300 302 
323 302 300 235 298 
324 301 302 298 234 
325 28 256 303 244 
326 256 223 295 303 
327 303 295 235 300 
328 244 303 300 220 
329 219 304 307 288 
330 304 236 305 307 
331 307 305 237 306 
332 288 307 306 232 
333 4 54 310 309 
334 54 55 308 310 
335 310 308 237 305 
336 309 310 305 236 
337 57 58 312 56 
338 58 59 311 312 
339 312 311 237 308 
340 56 312 308 55 
341 1 292 313 60 
342 292 232 306 313 
343 313 306 237 311 
344 60 313 311 59 
345 43 272 316 42 
346 272 229 314 316 
347 316 314 238 315 
348 42 316 315 41 
349 217 261 318 279 
350 261 226 317 318 
351 318 317 238 314 
352 279 318 314 229 
353 218 301 320 268 
354 301 234 319 320 
355 320 319 238 317 
356 268 320 317 226 
357 39 40 321 297 
358 40 41 315 321 
359 321 315 238 319 
360 297 321 319 234 
361 219 290 324 304 
362 290 231 322 324 
363 324 322 239 323 
364 304 324 323 236 
365 217 280 326 285 
366 280 228 325 326 
367 326 325 239 322 
368 285 326 322 231 
369 50 51 328 276 
370 51 52 327 328 
371 328 327 239 325 
372 276 328 325 228 
373 4 309 329 53 
374 309 236 323 329 
375 329 323 239 327 
376 53 329 327 52 
2 2 3 136
377 7 353 356 76 
378 353 333 354 356 
379 356 354 334 355 
380 76 356 355 77 
381 5 82 359 358 
382 82 81 357 359 
383 359 357 334 354 
384 358 359 354 333 
385 79 78 360 80 
386 78 77 355 360 
387 360 355 334 357 
388 80 360 357 81 
389 64 63 364 363 
390 63 62 361 364 
391 364 361 337 362 
392 363 364 362 336 
393 5 365 367 61 
394 365 335 366 367 
395 367 366 337 361 
396 61 367 361 62 
397 330 368 370 369 
398 368 336 362 370 
399 370 362 337 366 
400 369 370 366 335 
401 330 371 374 368 
402 371 338 372 374 
403 374 372 340 373 
404 368 374 373 336 
405 332 375 378 377 
406 375 339 376 378 
407 378 376 340 372 
408 377 378 372 338 
409 68 67 381 380 
410 67 66 379 381 
411 381 379 340 376 
412 380 381 376 339 
413 64 363 382 65 
414 363 336 373 382 
415 382 373 340 379 
416 65 382 379 66 
417 330 369 386 385 
418 369 335 383 386 
419 386 383 342 384 
420 385 386 384 341 
421 5 358 388 365 
422 358 333 387 388 
423 388 387 342 383 
424 365 388 383 335 
425 7 89 390 353 
426 89 88 389 390 
427 390 389 342 387 
428 353 390 387 333 
429 86 391 392 87 
430 391 341 384 392 
431 392 384 342 389 
432 87 392 389 88 
433 101 393 396 102 
434 393 343 394 396 
435 396 394 344 395 
436 102 396 395 103 
437 330 385 399 398 
438 385 341 397 399 
439 399 397 344 394 
440 398 399 394 343 
441 86 85 401 391 
442 85 84 400 401 
443 401 400 344 397 
444 391 401 397 341 
445 8 104 402 83 
446 104 103 395 402 
447 402 395 344 400 
448 83 402 400 84 
449 332 377 406 405 
450 377 338 403 406 
451 406 403 346 404 
452 405 406 404 345 
453 330 398 408 371 
454 398 343 407 408 
455 408 407 346 403 
456 371 408 403 338 
457 101 100 410 393 
458 100 99 409 410 
459 410 409 346 407 
460 393 410 407 343 
461 97 411 412 98 
462 411 345 404 412 
463 412 404 346 409 
464 98 412 409 99 
465 72 413 416 73 
466 413 347 414 416 
467 416 414 349 415 
468 73 416 415 74 
469 331 417 420 419 
470 417 348 418 420 
471 420 418 349 414 
472 419 420 414 347 
473 93 92 423 422 
474 92 91 421 423 
475 423 421 349 418 
476 422 423 418 348 
477 6 75 424 90 
478 75 74 415 424 
479 424 415 349 421 
480 90 424 421 91 
481 68 380 427 69 
482 380 339 425 427 
483 427 425 351 426 
484 69 427 426 70 
485 332 428 430 375 
486 428 350 429 430 
487 430 429 351 425 
488 375 430 425 339 
489 331 419 433 432 
490 419 347 431 433 
491 433 431 351 429 
492 432 433 429 350 
493 72 71 434 413 
494 71 70 426 434 
495 434 426 351 431 
496 413 434 431 347 
497 331 432 437 417 
498 432 350 435 437 
499 437 435 352 436 
500 417 437 436 348 
501 332 405 439 428 
502 405 345 438 439 
503 439 438 352 435 
504 428 439 435 350 
505 97 96 441 411 
506 96 95 440 441 
507 441 440 352 438 
508 411 441 438 345 
509 93 422 442 94 
510 422 348 436 442 
511 442 436 352 440 
512 94 442 440 95 
2 3 3 64
513 1 17 452 105 
514 17 18 450 452 
515 452 450 443 451 
516 105 452 451 106 
517 106 451 454 107 
518 451 443 453 454 
519 454 453 112 111 
520 107 454 111 9 
521 18 19 457 450 
522 19 20 455 457 
523 457 455 444 456 
524 450 457 456 443 
525 443 456 459 453 
526 456 444 458 459 
527 459 458 114 113 
528 453 459 113 112 
529 20 21 462 455 
530 21 22 460 462 
531 462 460 445 461 
532 455 462 461 444 
533 444 461 464 458 
534 461 445 463 464 
535 464 463 116 115 
536 458 464 115 114 
537 22 23 467 460 
538 23 24 465 467 
539 467 465 446 466 
540 460 467 466 445 
541 445 466 469 463 
542 466 446 468 469 
543 469 468 118 117 
544 463 469 117 116 
545 24 25 472 465 
546 25 26 470 472 
547 472 470 447 471 
548 465 472 471 446 
549 446 471 474 468 
550 471 447 473 474 
551 474 473 120 119 
552 468 474 119 118 
553 26 27 477 470 
554 27 28 475 477 
555 477 475 448 476 
556 470 477 476 447 
557 447 476 479 473 
558 476 448 478 479 
559 479 478 122 121 
560 473 479 121 120 
561 28 29 482 475 
562 29 30 480 482 
563 482 480 449 481 
564 475 482 481 448 
565 448 481 484 478 
566 481 449 483 484 
567 484 483 124 123 
568 478 484 123 122 
569 30 31 486 480 
570 31 2 108 486 
571 486 108 109 485 
572 480 486 485 449 
573 449 485 487 483 
574 485 109 110 487 
575 487 110 10 125 
576 483 487 125 124 
2 4 3 64
577 2 32 497 108 
578 32 33 495 497 
579 497 495 488 496 
580 108 497 496 109 
581 109 496 499 110 
582 496 488 498 499 
583 499 498 130 129 
584 110 499 129 10 
585 33 34 502 495 
586 34 35 500 502 
587 502 500 489 501 
588 495 502 501 488 
589 488 501 504 498 
590 501 489 503 504 
591 504 503 132 131 
592 498 504 131 130 
593 35 36 507 500 
594 36 37 505 507 
595 507 505 490 506 
596 500 507 506 489 
597 489 506 509 503 
598 506 490 508 509 
599 509 508 134 133 
600 503 509 133 132 
601 37 38 512 505 
602 38 39 510 512 
603 512 510 491 511 
604 505 512 511 490 
605 490 511 514 508 
606 511 491 513 514 
607 514 513 136 135 
608 508 514 135 134 
609 39 40 517 510 
610 40 41 515 517 
611 517 515 492 516 
612 510 517 516 491 
613 491 516 519 513 
614 516 492 518 519 
615 519 518 138 137 
616 513 519 137 136 
617 41 42 522 515 
618 42 43 520 522 
619 522 520 493 521 
620 515 522 521 492 
621 492 521 524 518 
622 521 493 523 524 
623 524 523 140 139 
624 518 524 139 138 
625 43 44 527 520 
626 44 45 525 527 
627 527 525 494 526 
628 520 527 526 493 
629 493 526 529 523 
630 526 494 528 529 
631 529 528 142 141 
632 523 529 141 140 
633 45 46 531 525 
634 46 3 126 531 
635 531 126 127 530 
636 525 531 530 494 
637 494 530 532 528 
638 530 127 128 532 
639 532 128 11 143 
640 528 532 143 142 
2 5 3 32
641 3 47 538 126 
642 47 48 536 538 
643 538 536 533 537 
644 126 538 537 127 
645 127 537 540 128 
646 537 533 539 540 
647 540 539 148 147 
648 128 540 147 11 
649 48 49 543 536 
650 49 50 541 543 
651 543 541 534 542 
652 536 543 542 533 
653 533 542 545 539 
654 542 534 544 545 
655 545 544 150 149 
656 539 545 149 148 
657 50 51 548 541 
658 51 52 546 548 
659 548 546 535 547 
660 541 548 547 534 
661 534 547 550 544 
662 547 535 549 550 
663 550 549 152 151 
664 544 550 151 150 
665 52 53 552 546 
666 53 4 144 552 
667 552 144 145 551 
668 546 552 551 535 
669 535 551 553 549 
670 551 145 146 553 
671 553 146 12 153 
672 549 553 153 152 
2 6 3 32
673 4 54 559 144 
674 54 55 557 559 
675 559 557 554 558 
676 144 559 558 145 
677 145 558 561 146 
678 558 554 560 561 
679 561 560 155 154 
680 146 561 154 12 
681 55 56 564 557 
682 56 57 562 564 
683 564 562 555 563 
684 557 564 563 554 
685 554 563 566 560 
686 563 555 565 566 
687 566 565 157 156 
688 560 566 156 155 
689 57 58 569 562 
690 58 59 567 569 
691 569 567 556 568 
692 562 569 568 555 
693 555 568 571 565 
694 568 556 570 571 
695 571 570 159 158 
696 565 571 158 157 
697 59 60 573 567 
698 60 1 105 573 
699 573 105 106 572 
700 567 573 572 556 
701 556 572 574 570 
702 572 106 107 574 
703 574 107 9 160 
704 570 574 160 159 
2 7 3 136
705 118 119 601 600 
706 119 120 598 601 
707 601 598 580 599 
708 600 601 599 579 
709 122 602 604 121 
710 602 578 603 604 
711 604 603 580 598 
712 121 604 598 120 
713 576 605 607 606 
714 605 579 599 607 
715 607 599 580 603 
716 606 607 603 578 
717 10 129 610 125 
718 129 130 608 610 
719 610 608 582 609 
720 125 610 609 124 
721 132 611 613 131 
722 611 581 612 613 
723 613 612 582 608 
724 131 613 608 130 
725 122 123 615 614 
726 123 124 609 615 
727 615 609 582 612 
728 614 615 612 581 
729 575 616 620 619 
730 616 583 617 620 
731 620 617 585 618 
732 619 620 618 584 
733 114 115 623 622 
734 115 116 621 623 
735 623 621 585 617 
736 622 623 617 583 
737 118 600 625 117 
738 600 579 624 625 
739 625 624 585 621 
740 117 625 621 116 
741 576 626 627 605 
742 626 584 618 627 
743 627 618 585 624 
744 605 627 624 579 
745 140 141 631 630 
746 141 142 628 631 
747 631 628 588 629 
748 630 631 629 587 
749 11 147 633 143 
750 147 148 632 633 
751 633 632 588 628 
752 143 633 628 142 
753 150 634 636 149 
754 634 586 635 636 
755 636 635 588 632 
756 149 636 632 148 
757 575 637 639 638 
758 637 587 629 639 
759 639 629 588 635 
760 638 639 635 586 
761 114 622 642 113 
762 622 583 640 642 
763 642 640 591 641 
764 113 642 641 112 
765 575 643 645 616 
766 643 589 644 645 
767 645 644 591 640 
768 616 645 640 583 
769 577 646 649 648 
770 646 590 647 649 
771 649 647 591 644 
772 648 649 644 589 
773 9 111 651 650 
774 111 112 641 651 
775 651 641 591 647 
776 650 651 647 590 
777 132 133 654 611 
778 133 134 652 654 
779 654 652 593 653 
780 611 654 653 581 
781 136 655 657 135 
782 655 592 656 657 
783 657 656 593 652 
784 135 657 652 134 
785 576 606 660 659 
786 606 578 658 660 
787 660 658 593 656 
788 659 660 656 592 
789 122 614 661 602 
790 614 581 653 661 
791 661 653 593 658 
792 602 661 658 578 
793 577 662 665 646 
794 662 594 663 665 
795 665 663 595 664 
796 646 665 664 590 
797 12 154 668 667 
798 154 155 666 668 
799 668 666 595 663 
800 667 668 663 594 
801 157 158 670 156 
802 158 159 669 670 
803 670 669 595 666 
804 156 670 666 155 
805 9 650 671 160 
806 650 590 664 671 
807 671 664 595 669 
808 160 671 669 159 
809 140 630 674 139 
810 630 587 672 674 
811 674 672 596 673 
812 139 674 673 138 
813 575 619 676 637 
814 619 584 675 676 
815 676 675 596 672 
816 637 676 672 587 
817 576 659 678 626 
818 659 592 677 678 
819 678 677 596 675 
820 626 678 675 584 
821 136 137 679 655 
822 137 138 673 679 
823 679 673 596 677 
824 655 679 677 592 
825 577 648 682 662 
826 648 589 680 682 
827 682 680 597 681 
828 662 682 681 594 
829 575 638 684 643 
830 638 586 683 684 
831 684 683 597 680 
832 643 684 680 589 
833 150 151 686 634 
834 151 152 685 686 
835 686 685 597 683 
836 634 686 683 586 
837 12 667 687 153 
838 667 594 681 687 
839 687 681 597 685 
840 153 687 685 152 
2 8 3 64
841 5 161 697 61 
842 161 162 695 697 
843 697 695 688 696 
844 61 697 696 62 
845 162 163 699 695 
846 163 13 167 699 
847 699 167 168 698 
848 695 699 698 688 
849 62 696 702 63 
850 696 688 700 702 
851 702 700 689 701 
852 63 702 701 64 
853 688 698 704 700 
854 698 168 169 704 
855 704 169 170 703 
856 700 704 703 689 
857 64 701 707 65 
858 701 689 705 707 
859 707 705 690 706 
860 65 707 706 66 
861 689 703 709 705 
862 703 170 171 709 
863 709 171 172 708 
864 705 709 708 690 
865 66 706 712 67 
866 706 690 710 712 
867 712 710 691 711 
868 67 712 711 68 
869 690 708 714 710 
870 708 172 173 714 
871 714 173 174 713 
872 710 714 713 691 
873 68 711 717 69 
874 711 691 715 717 
875 717 715 692 716 
876 69 717 716 70 
877 691 713 719 715 
878 713 174 175 719 
879 719 175 176 718 
880 715 719 718 692 
881 70 716 722 71 
882 716 692 720 722 
883 722 720 693 721 
884 71 722 721 72 
885 692 718 724 720 
886 718 176 177 724 
887 724 177 178 723 
888 720 724 723 693 
889 72 721 727 73 
890 721 693 725 727 
891 727 725 694 726 
892 73 727 726 74 
893 693 723 729 725 
894 723 178 179 729 
895 729 179 180 728 
896 725 729 728 694 
897 74 726 731 75 
898 726 694 730 731 
899 731 730 165 164 
900 75 731 164 6 
901 694 728 732 730 
902 728 180 181 732 
903 732 181 14 166 
904 730 732 166 165 
2 9 3 32
905 7 182 738 76 
906 182 183 736 738 
907 738 736 733 737 
908 76 738 737 77 
909 183 184 740 736 
910 184 15 185 740 
911 740 185 186 739 
912 736 740 739 733 
913 77 737 743 78 
914 737 733 741 743 
915 743 741 734 742 
916 78 743 742 79 
917 733 739 745 741 
918 739 186 187 745 
919 745 187 188 744 
920 741 745 744 734 
921 79 742 748 80 
922 742 734 746 748 
923 748 746 735 747 
924 80 748 747 81 
925 734 744 750 746 
926 744 188 189 750 
927 750 189 190 749 
928 746 750 749 735 
929 81 747 752 82 
930 747 735 751 752 
931 752 751 162 161 
932 82 752 161 5 
933 735 749 753 751 
934 749 190 191 753 
935 753 191 13 163 
936 751 753 163 162 
2 10 3 32
937 8 192 759 83 
938 192 193 757 759 
939 759 757 754 758 
940 83 759 758 84 
941 193 194 761 757 
942 194 16 195 761 
943 761 195 196 760 
944 757 761 760 754 
945 84 758 764 85 
946 758 754 762 764 
947 764 762 755 763 
948 85 764 763 86 
949 754 760 766 762 
950 760 196 197 766 
951 766 197 198 765 
952 762 766 765 755 
953 86 763 769 87 
954 763 755 767 769 
955 769 767 756 768 
956 87 769 768 88 
957 755 765 771 767 
958 765 198 199 771 
959 771 199 200 770 
960 767 771 770 756 
961 88 768 773 89 
962 768 756 772 773 
963 773 772 183 182 
964 89 773 182 7 
965 756 770 774 772 
966 770 200 201 774 
967 774 201 15 184 
968 772 774 184 183 
2 11 3 64
969 6 164 784 90 
970 164 165 782 784 
971 784 782 775 783 
972 90 784 783 91 
973 165 166 786 782 
974 166 14 202 786 
975 786 202 203 785 
976 782 786 785 775 
977 91 783 789 92 
978 783 775 787 789 
979 789 787 776 788 
980 92 789 788 93 
981 775 785 791 787 
982 785 203 204 791 
983 791 204 205 790 
984 787 791 790 776 
985 93 788 794 94 
986 788 776 792 794 
987 794 792 777 793 
988 94 794 793 95 
989 776 790 796 792 
990 790 205 206 796 
991 796 206 207 795 
992 792 796 795 777 
993 95 793 799 96 
994 793 777 797 799 
995 799 797 778 798 
996 96 799 798 97 
997 777 795 801 797 
998 795 207 208 801 
999 801 208 209 800 
1000 797 801 800 778 
1001 97 798 804 98 
1002 798 778 802 804 
1003 804 802 779 803 
1004 98 804 803 99 
1005 778 800 806 802 
1006 800 209 210 806 
1007 806 210 211 805 
1008 802 806 805 779 
1009 99 803 809 100 
1010 803 779 807 809 
1011 809 807 780 808 
1012 100 809 808 101 
1013 779 805 811 807 
1014 805 211 212 811 
1015 811 212 213 810 
1016 807 811 810 780 
1017 101 808 814 102 
1018 808 780 812 814 
1019 814 812 781 813 
1020 102 814 813 103 
1021 780 810 816 812 
1022 810 213 214 816 
1023 816 214 215 815 
1024 812 816 815 781 
1025 103 813 818 104 
1026 813 781 817 818 
1027 818 817 193 192 
1028 104 818 192 8 
1029 781 815 819 817 
1030 815 215 216 819 
1031 819 216 16 194 
1032 817 819 194 193 
2 12 3 136
1033 15 843 846 185 
1034 843 823 844 846 
1035 846 844 824 845 
1036 185 846 845 186 
1037 13 191 849 848 
1038 191 190 847 849 
1039 849 847 824 844 
1040 848 849 844 823 
1041 188 187 850 189 
1042 187 186 845 850 
1043 850 845 824 847 
1044 189 850 847 190 
1045 170 169 854 853 
1046 169 168 851 854 
1047 854 851 827 852 
1048 853 854 852 826 
1049 13 855 857 167 
1050 855 825 856 857 
1051 857 856 827 851 
1052 167 857 851 168 
1053 820 858 860 859 
1054 858 826 852 860 
1055 860 852 827 856 
1056 859 860 856 825 
1057 820 861 864 858 
1058 861 828 862 864 
1059 864 862 830 863 
1060 858 864 863 826 
1061 822 865 868 867 
1062 865 829 866 868 
1063 868 866 830 862 
1064 867 868 862 828 
1065 174 173 871 870 
1066 173 172 869 871 
1067 871 869 830 866 
1068 870 871 866 829 
1069 170 853 872 171 
1070 853 826 863 872 
1071 872 863 830 869 
1072 171 872 869 172 
1073 820 859 876 875 
1074 859 825 873 876 
1075 876 873 832 874 
1076 875 876 874 831 
1077 13 848 878 855 
1078 848 823 877 878 
1079 878 877 832 873 
1080 855 878 873 825 
1081 15 201 880 843 
1082 201 200 879 880 
1083 880 879 832 877 
1084 843 880 877 823 
1085 198 881 882 199 
1086 881 831 874 882 
1087 882 874 832 879 
1088 199 882 879 200 
1089 213 883 886 214 
1090 883 833 884 886 
1091 886 884 834 885 
1092 214 886 885 215 
1093 820 875 889 888 
1094 875 831 887 889 
1095 889 887 834 884 
1096 888 889 884 833 
1097 198 197 891 881 
1098 197 196 890 891 
1099 891 890 834 887 
1100 881 891 887 831 
1101 16 216 892 195 
1102 216 215 885 892 
1103 892 885 834 890 
1104 195 892 890 196 
1105 822 867 896 895 
1106 867 828 893 896 
1107 896 893 836 894 
1108 895 896 894 835 
1109 820 888 898 861 
1110 888 833 897 898 
1111 898 897 836 893 
1112 861 898 893 828 
1113 213 212 900 883 
1114 212 211 899 900 
1115 900 899 836 897 
1116 883 900 897 833 
1117 209 901 902 210 
1118 901 835 894 902 
1119 902 894 836 899 
1120 210 902 899 211 
1121 178 903 906 179 
1122 903 837 904 906 
1123 906 904 839 905 
1124 179 906 905 180 
1125 821 907 910 909 
1126 907 838 908 910 
1127 910 908 839 904 
1128 909 910 904 837 
1129 205 204 913 912 
1130 204 203 911 913 
1131 913 911 839 908 
1132 912 913 908 838 
1133 14 181 914 202 
1134 181 180 905 914 
1135 914 905 839 911 
1136 202 914 911 203 
1137 174 870 917 175 
1138 870 829 915 917 
1139 917 915 841 916 
1140 175 917 916 176 
1141 822 918 920 865 
1142 918 840 919 920 
1143 920 919 841 915 
1144 865 920 915 829 
1145 821 909 923 922 
1146 909 837 921 923 
1147 923 921 841 919 
1148 922 923 919 840 
1149 178 177 924 903 
1150 177 176 916 924 
1151 924 916 841 921 
1152 903 924 921 837 
1153 821 922 927 907 
1154 922 840 925 927 
1155 927 925 842 926 
1156 907 927 926 838 
1157 822 895 929 918 
1158 895 835 928 929 
1159 929 928 842 925 
1160 918 929 925 840 
1161 209 208 931 901 
1162 208 207 930 931 
1163 931 930 842 928 
1164 901 931 928 835 
1165 205 912 932 206 
1166 912 838 926 932 
1167 932 926 842 930 
1168 206 932 930 207 
3 1 5 544
1169 24 25 243 242 465 472 965 961 
1170 465 472 965 961 446 471 964 958 
1171 25 26 240 243 472 470 962 965 
1172 472 470 962 965 471 447 959 964 
1173 242 243 241 221 961 965 963 957 
1174 961 965 963 957 958 964 960 937 
1175 243 240 222 241 965 962 956 963 
1176 965 962 956 963 964 959 938 960 
1177 446 471 964 958 468 474 971 968 
1178 468 474 971 968 118 119 601 600 
1179 471 447 959 964 474 473 969 971 
1180 474 473 969 971 119 120 598 601 
1181 958 964 960 937 968 971 970 967 
1182 968 971 970 967 600 601 599 579 
1183 964 959 938 960 971 969 966 970 
1184 971 969 966 970 601 598 580 599 
1185 28 244 246 27 475 975 978 477 
1186 475 975 978 477 448 973 977 476 
1187 244 220 245 246 975 972 976 978 
1188 975 972 976 978 973 936 974 977 
1189 27 246 240 26 477 978 962 470 
1190 477 978 962 470 476 977 959 447 
1191 246 245 222 240 978 976 956 962 
1192 978 976 956 962 977 974 938 959 
1193 448 973 977 476 478 980 982 479 
1194 478 980 982 479 122 602 604 121 
1195 973 936 974 977 980 979 981 982 
1196 980 979 981 982 602 578 603 604 
1197 476 977 959 447 479 982 969 473 
1198 479 982 969 473 121 604 598 120 
1199 977 974 938 959 982 981 966 969 
1200 982 981 966 969 604 603 580 598 
1201 218 247 249 248 983 986 989 987 
1202 983 986 989 987 934 984 988 985 
1203 247 221 241 249 986 957 963 989 
1204 986 957 963 989 984 937 960 988 
1205 248 249 245 220 987 989 976 972 
1206 987 989 976 972 985 988 974 936 
1207 249 241 222 245 989 963 956 976 
1208 989 963 956 976 988 960 938 974 
1209 934 984 988 985 990 991 993 992 
1210 990 991 993 992 576 605 607 606 
1211 984 937 960 988 991 967 970 993 
1212 991 967 970 993 605 579 599 607 
1213 985 988 974 936 992 993 981 979 
1214 992 993 981 979 606 607 603 578 
1215 988 960 938 974 993 970 966 981 
1216 993 970 966 981 607 599 580 603 
1217 2 32 252 31 108 497 1000 486 
1218 108 497 1000 486 109 496 999 485 
1219 32 33 250 252 497 495 997 1000 
1220 497 495 997 1000 496 488 995 999 
1221 31 252 251 30 486 1000 998 480 
1222 486 1000 998 480 485 999 996 449 
1223 252 250 224 251 1000 997 994 998 
1224 1000 997 994 998 999 995 940 996 
1225 109 496 999 485 110 499 1004 487 
1226 110 499 1004 487 10 129 610 125 
1227 496 488 995 999 499 498 1002 1004 
1228 499 498 1002 1004 129 130 608 610 
1229 485 999 996 449 487 1004 1003 483 
1230 487 1004 1003 483 125 610 609 124 
1231 999 995 940 996 1004 1002 1001 1003 
1232 1004 1002 1001 1003 610 608 582 609 
1233 35 253 255 34 500 1008 1011 502 
1234 500 1008 1011 502 489 1006 1010 501 
1235 253 223 254 255 1008 1005 1009 1011 
1236 1008 1005 1009 1011 1006 939 1007 1010 
1237 34 255 250 33 502 1011 997 495 
1238 502 1011 997 495 501 1010 995 488 
1239 255 254 224 250 1011 1009 994 997 
1240 1011 1009 994 997 1010 1007 940 995 
1241 489 1006 1010 501 503 1013 1015 504 
1242 503 1013 1015 504 132 611 613 131 
1243 1006 939 1007 1010 1013 1012 1014 1015 
1244 1013 1012 1014 1015 611 581 612 613 
1245 501 1010 995 488 504 1015 1002 498 
1246 504 1015 1002 498 131 613 608 130 
1247 1010 1007 940 995 1015 1014 1001 1002 
1248 1015 1014 1001 1002 613 612 582 608 
1249 28 29 257 256 475 482 1019 1017 
1250 475 482 1019 1017 448 481 1018 1016 
1251 29 30 251 257 482 480 998 1019 
1252 482 480 998 1019 481 449 996 1018 
1253 256 257 254 223 1017 1019 1009 1005 
1254 1017 1019 1009 1005 1016 1018 1007 939 
1255 257 251 224 254 1019 998 994 1009 
1256 1019 998 994 1009 1018 996 940 1007 
1257 448 481 1018 1016 478 484 1021 1020 
1258 478 484 1021 1020 122 123 615 614 
1259 481 449 996 1018 484 483 1003 1021 
1260 484 483 1003 1021 123 124 609 615 
1261 1016 1018 1007 939 1020 1021 1014 1012 
1262 1020 1021 1014 1012 614 615 612 581 
1263 1018 996 940 1007 1021 1003 1001 1014 
1264 1021 1003 1001 1014 615 609 582 612 
1265 217 258 262 261 1022 1030 1035 1031 
1266 1022 1030 1035 1031 933 1026 1034 1027 
1267 258 225 259 262 1030 1023 1032 1035 
1268 1030 1023 1032 1035 1026 941 1028 1034 
1269 261 262 260 226 1031 1035 1033 1025 
1270 1031 1035 1033 1025 1027 1034 1029 942 
1271 262 259 227 260 1035 1032 1024 1033 
1272 1035 1032 1024 1033 1034 1028 943 1029 
1273 933 1026 1034 1027 1036 1040 1044 1041 
1274 1036 1040 1044 1041 575 616 620 619 
1275 1026 941 1028 1034 1040 1037 1042 1044 
1276 1040 1037 1042 1044 616 583 617 620 
1277 1027 1034 1029 942 1041 1044 1043 1039 
1278 1041 1044 1043 1039 619 620 618 584 
1279 1034 1028 943 1029 1044 1042 1038 1043 
1280 1044 1042 1038 1043 620 617 585 618 
1281 20 21 265 264 455 462 1050 1047 
1282 455 462 1050 1047 444 461 1049 1045 
1283 21 22 263 265 462 460 1048 1050 
1284 462 460 1048 1050 461 445 1046 1049 
1285 264 265 259 225 1047 1050 1032 1023 
1286 1047 1050 1032 1023 1045 1049 1028 941 
1287 265 263 227 259 1050 1048 1024 1032 
1288 1050 1048 1024 1032 1049 1046 943 1028 
1289 444 461 1049 1045 458 464 1053 1051 
1290 458 464 1053 1051 114 115 623 622 
1291 461 445 1046 1049 464 463 1052 1053 
1292 464 463 1052 1053 115 116 621 623 
1293 1045 1049 1028 941 1051 1053 1042 1037 
1294 1051 1053 1042 1037 622 623 617 583 
1295 1049 1046 943 1028 1053 1052 1038 1042 
1296 1053 1052 1038 1042 623 621 585 617 
1297 24 242 267 23 465 961 1057 467 
1298 465 961 1057 467 446 958 1056 466 
1299 242 221 266 267 961 957 1055 1057 
1300 961 957 1055 1057 958 937 1054 1056 
1301 23 267 263 22 467 1057 1048 460 
1302 467 1057 1048 460 466 1056 1046 445 
1303 267 266 227 263 1057 1055 1024 1048 
1304 1057 1055 1024 1048 1056 1054 943 1046 
1305 446 958 1056 466 468 968 1059 469 
1306 468 968 1059 469 118 600 625 117 
1307 958 937 1054 1056 968 967 1058 1059 
1308 968 967 1058 1059 600 579 624 625 
1309 466 1056 1046 445 469 1059 1052 463 
1310 469 1059 1052 463 117 625 621 116 
1311 1056 1054 943 1046 1059 1058 1038 1052 
1312 1059 1058 1038 1052 625 624 585 621 
1313 218 268 269 247 983 1061 1063 986 
1314 983 1061 1063 986 934 1060 1062 984 
1315 268 226 260 269 1061 1025 1033 1063 
1316 1061 1025 1033 1063 1060 942 1029 1062 
1317 247 269 266 221 986 1063 1055 957 
1318 986 1063 1055 957 984 1062 1054 937 
1319 269 260 227 266 1063 1033 1024 1055 
1320 1063 1033 1024 1055 1062 1029 943 1054 
1321 934 1060 1062 984 990 1064 1065 991 
1322 990 1064 1065 991 576 626 627 605 
1323 1060 942 1029 1062 1064 1039 1043 1065 
1324 1064 1039 1043 1065 626 584 618 627 
1325 984 1062 1054 937 991 1065 1058 967 
1326 991 1065 1058 967 605 627 624 579 
1327 1062 1029 943 1054 1065 1043 1038 1058 
1328 1065 1043 1038 1058 627 618 585 624 
1329 43 44 273 272 520 527 1075 1071 
1330 520 527 1075 1071 493 526 1074 1068 
1331 44 45 270 273 527 525 1072 1075 
1332 527 525 1072 1075 526 494 1069 1074 
1333 272 273 271 229 1071 1075 1073 1067 
1334 1071 1075 1073 1067 1068 1074 1070 945 
1335 273 270 230 271 1075 1072 1066 1073 
1336 1075 1072 1066 1073 1074 1069 946 1070 
1337 493 526 1074 1068 523 529 1081 1078 
1338 523 529 1081 1078 140 141 631 630 
1339 526 494 1069 1074 529 528 1079 1081 
1340 529 528 1079 1081 141 142 628 631 
1341 1068 1074 1070 945 1078 1081 1080 1077 
1342 1078 1081 1080 1077 630 631 629 587 
1343 1074 1069 946 1070 1081 1079 1076 1080 
1344 1081 1079 1076 1080 631 628 588 629 
1345 3 47 275 46 126 538 1085 531 
1346 126 538 1085 531 127 537 1084 530 
1347 47 48 274 275 538 536 1083 1085 
1348 538 536 1083 1085 537 533 1082 1084 
1349 46 275 270 45 531 1085 1072 525 
1350 531 1085 1072 525 530 1084 1069 494 
1351 275 274 230 270 1085 1083 1066 1072 
1352 1085 1083 1066 1072 1084 1082 946 1069 
1353 127 537 1084 530 128 540 1087 532 
1354 128 540 1087 532 11 147 633 143 
1355 537 533 1082 1084 540 539 1086 1087 
1356 540 539 1086 1087 147 148 632 633 
1357 530 1084 1069 494 532 1087 1079 528 
1358 532 1087 1079 528 143 633 628 142 
1359 1084 1082 946 1069 1087 1086 1076 1079 
1360 1087 1086 1076 1079 633 632 588 628 
1361 50 276 278 49 541 1091 1094 543 
1362 541 1091 1094 543 534 1089 1093 542 
1363 276 228 277 278 1091 1088 1092 1094 
1364 1091 1088 1092 1094 1089 944 1090 1093 
1365 49 278 274 48 543 1094 1083 536 
1366 543 1094 1083 536 542 1093 1082 533 
1367 278 277 230 274 1094 1092 1066 1083 
1368 1094 1092 1066 1083 1093 1090 946 1082 
1369 534 1089 1093 542 544 1096 1098 545 
1370 544 1096 1098 545 150 634 636 149 
1371 1089 944 1090 1093 1096 1095 1097 1098 
1372 1096 1095 1097 1098 634 586 635 636 
1373 542 1093 1082 533 545 1098 1086 539 
1374 545 1098 1086 539 149 636 632 148 
1375 1093 1090 946 1082 1098 1097 1076 1086 
1376 1098 1097 1076 1086 636 635 588 632 
1377 217 279 281 280 1022 1101 1104 1102 
1378 1022 1101 1104 1102 933 1099 1103 1100 
1379 279 229 271 281 1101 1067 1073 1104 
1380 1101 1067 1073 1104 1099 945 1070 1103 
1381 280 281 277 228 1102 1104 1092 1088 
1382 1102 1104 1092 1088 1100 1103 1090 944 
1383 281 271 230 277 1104 1073 1066 1092 
1384 1104 1073 1066 1092 1103 1070 946 1090 
1385 933 1099 1103 1100 1036 1105 1107 1106 
1386 1036 1105 1107 1106 575 637 639 638 
1387 1099 945 1070 1103 1105 1077 1080 1107 
1388 1105 1077 1080 1107 637 587 629 639 
1389 1100 1103 1090 944 1106 1107 1097 1095 
1390 1106 1107 1097 1095 638 639 635 586 
1391 1103 1070 946 1090 1107 1080 1076 1097 
1392 1107 1080 1076 1097 639 629 588 635 
1393 20 264 284 19 455 1047 1114 457 
1394 455 1047 1114 457 444 1045 1113 456 
1395 264 225 282 284 1047 1023 1111 1114 
1396 1047 1023 1111 1114 1045 941 1109 1113 
1397 19 284 283 18 457 1114 1112 450 
1398 457 1114 1112 450 456 1113 1110 443 
1399 284 282 233 283 1114 1111 1108 1112 
1400 1114 1111 1108 1112 1113 1109 949 1110 
1401 444 1045 1113 456 458 1051 1118 459 
1402 458 1051 1118 459 114 622 642 113 
1403 1045 941 1109 1113 1051 1037 1116 1118 
1404 1051 1037 1116 1118 622 583 640 642 
1405 456 1113 1110 443 459 1118 1117 453 
1406 459 1118 1117 453 113 642 641 112 
1407 1113 1109 949 1110 1118 1116 1115 1117 
1408 1118 1116 1115 1117 642 640 591 641 
1409 217 285 287 258 1022 1122 1125 1030 
1410 1022 1122 1125 1030 933 1120 1124 1026 
1411 285 231 286 287 1122 1119 1123 1125 
1412 1122 1119 1123 1125 1120 947 1121 1124 
1413 258 287 282 225 1030 1125 1111 1023 
1414 1030 1125 1111 1023 1026 1124 1109 941 
1415 287 286 233 282 1125 1123 1108 1111 
1416 1125 1123 1108 1111 1124 1121 949 1109 
1417 933 1120 1124 1026 1036 1127 1129 1040 
1418 1036 1127 1129 1040 575 643 645 616 
1419 1120 947 1121 1124 1127 1126 1128 1129 
1420 1127 1126 1128 1129 643 589 644 645 
1421 1026 1124 1109 941 1040 1129 1116 1037 
1422 1040 1129 1116 1037 616 645 640 583 
1423 1124 1121 949 1109 1129 1128 1115 1116 
1424 1129 1128 1115 1116 645 644 591 640 
1425 219 288 291 290 1130 1135 1139 1136 
1426 1130 1135 1139 1136 935 1132 1138 1133 
1427 288 232 289 291 1135 1131 1137 1139 
1428 1135 1131 1137 1139 1132 948 1134 1138 
1429 290 291 286 231 1136 1139 1123 1119 
1430 1136 1139 1123 1119 1133 1138 1121 947 
1431 291 289 233 286 1139 1137 1108 1123 
1432 1139 1137 1108 1123 1138 1134 949 1121 
1433 935 1132 1138 1133 1140 1142 1145 1143 
1434 1140 1142 1145 1143 577 646 649 648 
1435 1132 948 1134 1138 1142 1141 1144 1145 
1436 1142 1141 1144 1145 646 590 647 649 
1437 1133 1138 1121 947 1143 1145 1128 1126 
1438 1143 1145 1128 1126 648 649 644 589 
1439 1138 1134 949 1121 1145 1144 1115 1128 
1440 1145 1144 1115 1128 649 647 591 644 
1441 1 17 293 292 105 452 1149 1147 
1442 105 452 1149 1147 106 451 1148 1146 
1443 17 18 283 293 452 450 1112 1149 
1444 452 450 1112 1149 451 443 1110 1148 
1445 292 293 289 232 1147 1149 1137 1131 
1446 1147 1149 1137 1131 1146 1148 1134 948 
1447 293 283 233 289 1149 1112 1108 1137 
1448 1149 1112 1108 1137 1148 1110 949 1134 
1449 106 451 1148 1146 107 454 1151 1150 
1450 107 454 1151 1150 9 111 651 650 
1451 451 443 1110 1148 454 453 1117 1151 
1452 454 453 1117 1151 111 112 641 651 
1453 1146 1148 1134 948 1150 1151 1144 1141 
1454 1150 1151 1144 1141 650 651 647 590 
1455 1148 1110 949 1134 1151 1117 1115 1144 
1456 1151 1117 1115 1144 651 641 591 647 
1457 35 36 296 253 500 507 1158 1008 
1458 500 507 1158 1008 489 506 1157 1006 
1459 36 37 294 296 507 505 1155 1158 
1460 507 505 1155 1158 506 490 1153 1157 
1461 253 296 295 223 1008 1158 1156 1005 
1462 1008 1158 1156 1005 1006 1157 1154 939 
1463 296 294 235 295 1158 1155 1152 1156 
1464 1158 1155 1152 1156 1157 1153 951 1154 
1465 489 506 1157 1006 503 509 1162 1013 
1466 503 509 1162 1013 132 133 654 611 
1467 506 490 1153 1157 509 508 1160 1162 
1468 509 508 1160 1162 133 134 652 654 
1469 1006 1157 1154 939 1013 1162 1161 1012 
1470 1013 1162 1161 1012 611 654 653 581 
1471 1157 1153 951 1154 1162 1160 1159 1161 
1472 1162 1160 1159 1161 654 652 593 653 
1473 39 297 299 38 510 1166 1169 512 
1474 510 1166 1169 512 491 1164 1168 511 
1475 297 234 298 299 1166 1163 1167 1169 
1476 1166 1163 1167 1169 1164 950 1165 1168 
1477 38 299 294 37 512 1169 1155 505 
1478 512 1169 1155 505 511 1168 1153 490 
1479 299 298 235 294 1169 1167 1152 1155 
1480 1169 1167 1152 1155 1168 1165 951 1153 
1481 491 1164 1168 511 513 1171 1173 514 
1482 513 1171 1173 514 136 655 657 135 
1483 1164 950 1165 1168 1171 1170 1172 1173 
1484 1171 1170 1172 1173 655 592 656 657 
1485 511 1168 1153 490 514 1173 1160 508 
1486 514 1173 1160 508 135 657 652 134 
1487 1168 1165 951 1153 1173 1172 1159 1160 
1488 1173 1172 1159 1160 657 656 593 652 
1489 218 248 302 301 983 987 1179 1176 
1490 983 987 1179 1176 934 985 1178 1174 
1491 248 220 300 302 987 972 1177 1179 
1492 987 972 1177 1179 985 936 1175 1178 
1493 301 302 298 234 1176 1179 1167 1163 
1494 1176 1179 1167 1163 1174 1178 1165 950 
1495 302 300 235 298 1179 1177 1152 1167 
1496 1179 1177 1152 1167 1178 1175 951 1165 
1497 934 985 1178 1174 990 992 1182 1180 
1498 990 992 1182 1180 576 606 660 659 
1499 985 936 1175 1178 992 979 1181 1182 
1500 992 979 1181 1182 606 578 658 660 
1501 1174 1178 1165 950 1180 1182 1172 1170 
1502 1180 1182 1172 1170 659 660 656 592 
1503 1178 1175 951 1165 1182 1181 1159 1172 
1504 1182 1181 1159 1172 660 658 593 656 
1505 28 256 303 244 475 1017 1184 975 
1506 475 1017 1184 975 448 1016 1183 973 
1507 256 223 295 303 1017 1005 1156 1184 
1508 1017 1005 1156 1184 1016 939 1154 1183 
1509 244 303 300 220 975 1184 1177 972 
1510 975 1184 1177 972 973 1183 1175 936 
1511 303 295 235 300 1184 1156 1152 1177 
1512 1184 1156 1152 1177 1183 1154 951 1175 
1513 448 1016 1183 973 478 1020 1185 980 
1514 478 1020 1185 980 122 614 661 602 
1515 1016 939 1154 1183 1020 1012 1161 1185 
1516 1020 1012 1161 1185 614 581 653 661 
1517 973 1183 1175 936 980 1185 1181 979 
1518 980 1185 1181 979 602 661 658 578 
1519 1183 1154 951 1175 1185 1161 1159 1181 
1520 1185 1161 1159 1181 661 653 593 658 
1521 219 304 307 288 1130 1191 1195 1135 
1522 1130 1191 1195 1135 935 1188 1194 1132 
1523 304 236 305 307 1191 1186 1192 1195 
1524 1191 1186 1192 1195 1188 952 1189 1194 
1525 288 307 306 232 1135 1195 1193 1131 
1526 1135 1195 1193 1131 1132 1194 1190 948 
1527 307 305 237 306 1195 1192 1187 1193 
1528 1195 1192 1187 1193 1194 1189 953 1190 
1529 935 1188 1194 1132 1140 1198 1201 1142 
1530 1140 1198 1201 1142 577 662 665 646 
1531 1188 952 1189 1194 1198 1196 1199 1201 
1532 1198 1196 1199 1201 662 594 663 665 
1533 1132 1194 1190 948 1142 1201 1200 1141 
1534 1142 1201 1200 1141 646 665 664 590 
1535 1194 1189 953 1190 1201 1199 1197 1200 
1536 1201 1199 1197 1200 665 663 595 664 
1537 4 54 310 309 144 559 1207 1204 
1538 144 559 1207 1204 145 558 1206 1202 
1539 54 55 308 310 559 557 1205 1207 
1540 559 557 1205 1207 558 554 1203 1206 
1541 309 310 305 236 1204 1207 1192 1186 
1542 1204 1207 1192 1186 1202 1206 1189 952 
1543 310 308 237 305 1207 1205 1187 1192 
1544 1207 1205 1187 1192 1206 1203 953 1189 
1545 145 558 1206 1202 146 561 1210 1208 
1546 146 561 1210 1208 12 154 668 667 
1547 558 554 1203 1206 561 560 1209 1210 
1548 561 560 1209 1210 154 155 666 668 
1549 1202 1206 1189 952 1208 1210 1199 1196 
1550 1208 1210 1199 1196 667 668 663 594 
1551 1206 1203 953 1189 1210 1209 1197 1199 
1552 1210 1209 1197 1199 668 666 595 663 
1553 57 58 312 56 562 569 1214 564 
1554 562 569 1214 564 555 568 1213 563 
1555 58 59 311 312 569 567 1212 1214 
1556 569 567 1212 1214 568 556 1211 1213 
1557 56 312 308 55 564 1214 1205 557 
1558 564 1214 1205 557 563 1213 1203 554 
1559 312 311 237 308 1214 1212 1187 1205 
1560 1214 1212 1187 1205 1213 1211 953 1203 
1561 555 568 1213 563 565 571 1216 566 
1562 565 571 1216 566 157 158 670 156 
1563 568 556 1211 1213 571 570 1215 1216 
1564 571 570 1215 1216 158 159 669 670 
1565 563 1213 1203 554 566 1216 1209 560 
1566 566 1216 1209 560 156 670 666 155 
1567 1213 1211 953 1203 1216 1215 1197 1209 
1568 1216 1215 1197 1209 670 669 595 666 
1569 1 292 313 60 105 1147 1218 573 
1570 105 1147 1218 573 106 1146 1217 572 
1571 292 232 306 313 1147 1131 1193 1218 
1572 1147 1131 1193 1218 1146 948 1190 1217 
1573 60 313 311 59 573 1218 1212 567 
1574 573 1218 1212 567 572 1217 1211 556 
1575 313 306 237 311 1218 1193 1187 1212 
1576 1218 1193 1187 1212 1217 1190 953 1211 
1577 106 1146 1217 572 107 1150 1219 574 
1578 107 1150 1219 574 9 650 671 160 
1579 1146 948 1190 1217 1150 1141 1200 1219 
1580 1150 1141 1200 1219 650 590 664 671 
1581 572 1217 1211 556 574 1219 1215 570 
1582 574 1219 1215 570 160 671 669 159 
1583 1217 1190 953 1211 1219 1200 1197 1215 
1584 1219 1200 1197 1215 671 664 595 669 
1585 43 272 316 42 520 1071 1226 522 
1586 520 1071 1226 522 493 1068 1225 521 
1587 272 229 314 316 1071 1067 1223 1226 
1588 1071 1067 1223 1226 1068 945 1221 1225 
1589 42 316 315 41 522 1226 1224 515 
1590 522 1226 1224 515 521 1225 1222 492 
1591 316 314 238 315 1226 1223 1220 1224 
1592 1226 1223 1220 1224 1225 1221 954 1222 
1593 493 1068 1225 521 523 1078 1230 524 
1594 523 1078 1230 524 140 630 674 139 
1595 1068 945 1221 1225 1078 1077 1228 1230 
1596 1078 1077 1228 1230 630 587 672 674 
1597 521 1225 1222 492 524 1230 1229 518 
1598 524 1230 1229 518 139 674 673 138 
1599 1225 1221 954 1222 1230 1228 1227 1229 
1600 1230 1228 1227 1229 674 672 596 673 
1601 217 261 318 279 1022 1031 1234 1101 
1602 1022 1031 1234 1101 933 1027 1233 1099 
1603 261 226 317 318 1031 1025 1232 1234 
1604 1031 1025 1232 1234 1027 942 1231 1233 
1605 279 318 314 229 1101 1234 1223 1067 
1606 1101 1234 1223 1067 1099 1233 1221 945 
1607 318 317 238 314 1234 1232 1220 1223 
1608 1234 1232 1220 1223 1233 1231 954 1221 
1609 933 1027 1233 1099 1036 1041 1236 1105 
1610 1036 1041 1236 1105 575 619 676 637 
1611 1027 942 1231 1233 1041 1039 1235 1236 
1612 1041 1039 1235 1236 619 584 675 676 
1613 1099 1233 1221 945 1105 1236 1228 1077 
1614 1105 1236 1228 1077 637 676 672 587 
1615 1233 1231 954 1221 1236 1235 1227 1228 
1616 1236 1235 1227 1228 676 675 596 672 
1617 218 301 320 268 983 1176 1240 1061 
1618 983 1176 1240 1061 934 1174 1239 1060 
1619 301 234 319 320 1176 1163 1238 1240 
1620 1176 1163 1238 1240 1174 950 1237 1239 
1621 268 320 317 226 1061 1240 1232 1025 
1622 1061 1240 1232 1025 1060 1239 1231 942 
1623 320 319 238 317 1240 1238 1220 1232 
1624 1240 1238 1220 1232 1239 1237 954 1231 
1625 934 1174 1239 1060 990 1180 1242 1064 
1626 990 1180 1242 1064 576 659 678 626 
1627 1174 950 1237 1239 1180 1170 1241 1242 
1628 1180 1170 1241 1242 659 592 677 678 
1629 1060 1239 1231 942 1064 1242 1235 1039 
1630 1064 1242 1235 1039 626 678 675 584 
1631 1239 1237 954 1231 1242 1241 1227 1235 
1632 1242 1241 1227 1235 678 677 596 675 
1633 39 40 321 297 510 517 1244 1166 
1634 510 517 1244 1166 491 516 1243 1164 
1635 40 41 315 321 517 515 1224 1244 
1636 517 515 1224 1244 516 492 1222 1243 
1637 297 321 319 234 1166 1244 1238 1163 
1638 1166 1244 1238 1163 1164 1243 1237 950 
1639 321 315 238 319 1244 1224 1220 1238 
1640 1244 1224 1220 1238 1243 1222 954 1237 
1641 491 516 1243 1164 513 519 1245 1171 
1642 513 519 1245 1171 136 137 679 655 
1643 516 492 1222 1243 519 518 1229 1245 
1644 519 518 1229 1245 137 138 673 679 
1645 1164 1243 1237 950 1171 1245 1241 1170 
1646 1171 1245 1241 1170 655 679 677 592 
1647 1243 1222 954 1237 1245 1229 1227 1241 
1648 1245 1229 1227 1241 679 673 596 677 
1649 219 290 324 304 1130 1136 1252 1191 
1650 1130 1136 1252 1191 935 1133 1251 1188 
1651 290 231 322 324 1136 1119 1249 1252 
1652 1136 1119 1249 1252 1133 947 1247 1251 
1653 304 324 323 236 1191 1252 1250 1186 
1654 1191 1252 1250 1186 1188 1251 1248 952 
1655 324 322 239 323 1252 1249 1246 1250 
1656 1252 1249 1246 1250 1251 1247 955 1248 
1657 935 1133 1251 1188 1140 1143 1256 1198 
1658 1140 1143 1256 1198 577 648 682 662 
1659 1133 947 1247 1251 1143 1126 1254 1256 
1660 1143 1126 1254 1256 648 589 680 682 
1661 1188 1251 1248 952 1198 1256 1255 1196 
1662 1198 1256 1255 1196 662 682 681 594 
1663 1251 1247 955 1248 1256 1254 1253 1255 
1664 1256 1254 1253 1255 682 680 597 681 
1665 217 280 326 285 1022 1102 1260 1122 
1666 1022 1102 1260 1122 933 1100 1259 1120 
1667 280 228 325 326 1102 1088 1258 1260 
1668 1102 1088 1258 1260 1100 944 1257 1259 
1669 285 326 322 231 1122 1260 1249 1119 
1670 1122 1260 1249 1119 1120 1259 1247 947 
1671 326 325 239 322 1260 1258 1246 1249 
1672 1260 1258 1246 1249 1259 1257 955 1247 
1673 933 1100 1259 1120 1036 1106 1262 1127 
1674 1036 1106 1262 1127 575 638 684 643 
1675 1100 944 1257 1259 1106 1095 1261 1262 
1676 1106 1095 1261 1262 638 586 683 684 
1677 1120 1259 1247 947 1127 1262 1254 1126 
1678 1127 1262 1254 1126 643 684 680 589 
1679 1259 1257 955 1247 1262 1261 1253 1254 
1680 1262 1261 1253 1254 684 683 597 680 
1681 50 51 328 276 541 548 1266 1091 
1682 541 548 1266 1091 534 547 1265 1089 
1683 51 52 327 328 548 546 1264 1266 
1684 548 546 1264 1266 547 535 1263 1265 
1685 276 328 325 228 1091 1266 1258 1088 
1686 1091 1266 1258 1088 1089 1265 1257 944 
1687 328 327 239 325 1266 1264 1246 1258 
1688 1266 1264 1246 1258 1265 1263 955 1257 
1689 534 547 1265 1089 544 550 1268 1096 
1690 544 550 1268 1096 150 151 686 634 
1691 547 535 1263 1265 550 549 1267 1268 
1692 550 549 1267 1268 151 152 685 686 
1693 1089 1265 1257 944 1096 1268 1261 1095 
1694 1096 1268 1261 1095 634 686 683 586 
1695 1265 1263 955 1257 1268 1267 1253 1261 
1696 1268 1267 1253 1261 686 685 597 683 
1697 4 309 329 53 144 1204 1270 552 
1698 144 1204 1270 552 145 1202 1269 551 
1699 309 236 323 329 1204 1186 1250 1270 
1700 1204 1186 1250 1270 1202 952 1248 1269 
1701 53 329 327 52 552 1270 1264 546 
1702 552 1270 1264 546 551 1269 1263 535 
1703 329 323 239 327 1270 1250 1246 1264 
1704 1270 1250 1246 1264 1269 1248 955 1263 
1705 145 1202 1269 551 146 1208 1271 553 
1706 146 1208 1271 553 12 667 687 153 
1707 1202 952 1248 1269 1208 1196 1255 1271 
1708 1208 1196 1255 1271 667 594 681 687 
1709 551 1269 1263 535 553 1271 1267 549 
1710 553 1271 1267 549 153 687 685 152 
1711 1269 1248 955 1263 1271 1255 1253 1267 
1712 1271 1255 1253 1267 687 681 597 685 
3 2 5 544
1713 7 353 356 76 182 1300 1304 738 
1714 182 1300 1304 738 183 1297 1303 736 
1715 353 333 354 356 1300 1295 1301 1304 
1716 1300 1295 1301 1304 1297 1275 1298 1303 
1717 76 356 355 77 738 1304 1302 737 
1718 738 1304 1302 737 736 1303 1299 733 
1719 356 354 334 355 1304 1301 1296 1302 
1720 1304 1301 1296 1302 1303 1298 1276 1299 
1721 183 1297 1303 736 184 1307 1310 740 
1722 184 1307 1310 740 15 843 846 185 
1723 1297 1275 1298 1303 1307 1305 1308 1310 
1724 1307 1305 1308 1310 843 823 844 846 
1725 736 1303 1299 733 740 1310 1309 739 
1726 740 1310 1309 739 185 846 845 186 
1727 1303 1298 1276 1299 1310 1308 1306 1309 
1728 1310 1308 1306 1309 846 844 824 845 
1729 5 82 359 358 161 752 1316 1313 
1730 161 752 1316 1313 162 751 1315 1311 
1731 82 81 357 359 752 747 1314 1316 
1732 752 747 1314 1316 751 735 1312 1315 
1733 358 359 354 333 1313 1316 1301 1295 
1734 1313 1316 1301 1295 1311 1315 1298 1275 
1735 359 357 334 354 1316 1314 1296 1301 
1736 1316 1314 1296 1301 1315 1312 1276 1298 
1737 162 751 1315 1311 163 753 1319 1317 
1738 163 753 1319 1317 13 191 849 848 
1739 751 735 1312 1315 753 749 1318 1319 
1740 753 749 1318 1319 191 190 847 849 
1741 1311 1315 1298 1275 1317 1319 1308 1305 
1742 1317 1319 1308 1305 848 849 844 823 
1743 1315 1312 1276 1298 1319 1318 1306 1308 
1744 1319 1318 1306 1308 849 847 824 844 
1745 79 78 360 80 742 743 1321 748 
1746 742 743 1321 748 734 741 1320 746 
1747 78 77 355 360 743 737 1302 1321 
1748 743 737 1302 1321 741 733 1299 1320 
1749 80 360 357 81 748 1321 1314 747 
1750 748 1321 1314 747 746 1320 1312 735 
1751 360 355 334 357 1321 1302 1296 1314 
1752 1321 1302 1296 1314 1320 1299 1276 1312 
1753 734 741 1320 746 744 745 1322 750 
1754 744 745 1322 750 188 187 850 189 
1755 741 733 1299 1320 745 739 1309 1322 
1756 745 739 1309 1322 187 186 845 850 
1757 746 1320 1312 735 750 1322 1318 749 
1758 750 1322 1318 749 189 850 847 190 
1759 1320 1299 1276 1312 1322 1309 1306 1318 
1760 1322 1309 1306 1318 850 845 824 847 
1761 64 63 364 363 701 702 1332 1328 
1762 701 702 1332 1328 689 700 1331 1325 
1763 63 62 361 364 702 696 1329 1332 
1764 702 696 1329 1332 700 688 1326 1331 
1765 363 364 362 336 1328 1332 1330 1324 
1766 1328 1332 1330 1324 1325 1331 1327 1278 
1767 364 361 337 362 1332 1329 1323 1330 
1768 1332 1329 1323 1330 1331 1326 1279 1327 
1769 689 700 1331 1325 703 704 1338 1335 
1770 703 704 1338 1335 170 169 854 853 
1771 700 688 1326 1331 704 698 1336 1338 
1772 704 698 1336 1338 169 168 851 854 
1773 1325 1331 1327 1278 1335 1338 1337 1334 
1774 1335 1338 1337 1334 853 854 852 826 
1775 1331 1326 1279 1327 1338 1336 1333 1337 
1776 1338 1336 1333 1337 854 851 827 852 
1777 5 365 367 61 161 1342 1345 697 
1778 161 1342 1345 697 162 1340 1344 695 
1779 365 335 366 367 1342 1339 1343 1345 
1780 1342 1339 1343 1345 1340 1277 1341 1344 
1781 61 367 361 62 697 1345 1329 696 
1782 697 1345 1329 696 695 1344 1326 688 
1783 367 366 337 361 1345 1343 1323 1329 
1784 1345 1343 1323 1329 1344 1341 1279 1326 
1785 162 1340 1344 695 163 1347 1349 699 
1786 163 1347 1349 699 13 855 857 167 
1787 1340 1277 1341 1344 1347 1346 1348 1349 
1788 1347 1346 1348 1349 855 825 856 857 
1789 695 1344 1326 688 699 1349 1336 698 
1790 699 1349 1336 698 167 857 851 168 
1791 1344 1341 1279 1326 1349 1348 1333 1336 
1792 1349 1348 1333 1336 857 856 827 851 
1793 330 368 370 369 1350 1353 1356 1354 
1794 1350 1353 1356 1354 1272 1351 1355 1352 
1795 368 336 362 370 1353 1324 1330 1356 
1796 1353 1324 1330 1356 1351 1278 1327 1355 
1797 369 370 366 335 1354 1356 1343 1339 
1798 1354 1356 1343 1339 1352 1355 1341 1277 
1799 370 362 337 366 1356 1330 1323 1343 
1800 1356 1330 1323 1343 1355 1327 1279 1341 
1801 1272 1351 1355 1352 1357 1358 1360 1359 
1802 1357 1358 1360 1359 820 858 860 859 
1803 1351 1278 1327 1355 1358 1334 1337 1360 
1804 1358 1334 1337 1360 858 826 852 860 
1805 1352 1355 1341 1277 1359 1360 1348 1346 
1806 1359 1360 1348 1346 859 860 856 825 
1807 1355 1327 1279 1341 1360 1337 1333 1348 
1808 1360 1337 1333 1348 860 852 827 856 
1809 330 371 374 368 1350 1366 1370 1353 
1810 1350 1366 1370 1353 1272 1363 1369 1351 
1811 371 338 372 374 1366 1361 1367 1370 
1812 1366 1361 1367 1370 1363 1280 1364 1369 
1813 368 374 373 336 1353 1370 1368 1324 
1814 1353 1370 1368 1324 1351 1369 1365 1278 
1815 374 372 340 373 1370 1367 1362 1368 
1816 1370 1367 1362 1368 1369 1364 1282 1365 
1817 1272 1363 1369 1351 1357 1373 1376 1358 
1818 1357 1373 1376 1358 820 861 864 858 
1819 1363 1280 1364 1369 1373 1371 1374 1376 
1820 1373 1371 1374 1376 861 828 862 864 
1821 1351 1369 1365 1278 1358 1376 1375 1334 
1822 1358 1376 1375 1334 858 864 863 826 
1823 1369 1364 1282 1365 1376 1374 1372 1375 
1824 1376 1374 1372 1375 864 862 830 863 
1825 332 375 378 377 1377 1382 1386 1383 
1826 1377 1382 1386 1383 1274 1379 1385 1380 
1827 375 339 376 378 1382 1378 1384 1386 
1828 1382 1378 1384 1386 1379 1281 1381 1385 
1829 377 378 372 338 1383 1386 1367 1361 
1830 1383 1386 1367 1361 1380 1385 1364 1280 
1831 378 376 340 372 1386 1384 1362 1367 
1832 1386 1384 1362 1367 1385 1381 1282 1364 
1833 1274 1379 1385 1380 1387 1389 1392 1390 
1834 1387 1389 1392 1390 822 865 868 867 
1835 1379 1281 1381 1385 1389 1388 1391 1392 
1836 1389 1388 1391 1392 865 829 866 868 
1837 1380 1385 1364 1280 1390 1392 1374 1371 
1838 1390 1392 1374 1371 867 868 862 828 
1839 1385 1381 1282 1364 1392 1391 1372 1374 
1840 1392 1391 1372 1374 868 866 830 862 
1841 68 67 381 380 711 712 1398 1395 
1842 711 712 1398 1395 691 710 1397 1393 
1843 67 66 379 381 712 706 1396 1398 
1844 712 706 1396 1398 710 690 1394 1397 
1845 380 381 376 339 1395 1398 1384 1378 
1846 1395 1398 1384 1378 1393 1397 1381 1281 
1847 381 379 340 376 1398 1396 1362 1384 
1848 1398 1396 1362 1384 1397 1394 1282 1381 
1849 691 710 1397 1393 713 714 1401 1399 
1850 713 714 1401 1399 174 173 871 870 
1851 710 690 1394 1397 714 708 1400 1401 
1852 714 708 1400 1401 173 172 869 871 
1853 1393 1397 1381 1281 1399 1401 1391 1388 
1854 1399 1401 1391 1388 870 871 866 829 
1855 1397 1394 1282 1381 1401 1400 1372 1391 
1856 1401 1400 1372 1391 871 869 830 866 
1857 64 363 382 65 701 1328 1403 707 
1858 701 1328 1403 707 689 1325 1402 705 
1859 363 336 373 382 1328 1324 1368 1403 
1860 1328 1324 1368 1403 1325 1278 1365 1402 
1861 65 382 379 66 707 1403 1396 706 
1862 707 1403 1396 706 705 1402 1394 690 
1863 382 373 340 379 1403 1368 1362 1396 
1864 1403 1368 1362 1396 1402 1365 1282 1394 
1865 689 1325 1402 705 703 1335 1404 709 
1866 703 1335 1404 709 170 853 872 171 
1867 1325 1278 1365 1402 1335 1334 1375 1404 
1868 1335 1334 1375 1404 853 826 863 872 
1869 705 1402 1394 690 709 1404 1400 708 
1870 709 1404 1400 708 171 872 869 172 
1871 1402 1365 1282 1394 1404 1375 1372 1400 
1872 1404 1375 1372 1400 872 863 830 869 
1873 330 369 386 385 1350 1354 1414 1410 
1874 1350 1354 1414 1410 1272 1352 1413 1407 
1875 369 335 383 386 1354 1339 1411 1414 
1876 1354 1339 1411 1414 1352 1277 1408 1413 
1877 385 386 384 341 1410 1414 1412 1406 
1878 1410 1414 1412 1406 1407 1413 1409 1283 
1879 386 383 342 384 1414 1411 1405 1412 
1880 1414 1411 1405 1412 1413 1408 1284 1409 
1881 1272 1352 1413 1407 1357 1359 1420 1417 
1882 1357 1359 1420 1417 820 859 876 875 
1883 1352 1277 1408 1413 1359 1346 1418 1420 
1884 1359 1346 1418 1420 859 825 873 876 
1885 1407 1413 1409 1283 1417 1420 1419 1416 
1886 1417 1420 1419 1416 875 876 874 831 
1887 1413 1408 1284 1409 1420 1418 1415 1419 
1888 1420 1418 1415 1419 876 873 832 874 
1889 5 358 388 365 161 1313 1424 1342 
1890 161 1313 1424 1342 162 1311 1423 1340 
1891 358 333 387 388 1313 1295 1422 1424 
1892 1313 1295 1422 1424 1311 1275 1421 1423 
1893 365 388 383 335 1342 1424 1411 1339 
1894 1342 1424 1411 1339 1340 1423 1408 1277 
1895 388 387 342 383 1424 1422 1405 1411 
1896 1424 1422 1405 1411 1423 1421 1284 1408 
1897 162 1311 1423 1340 163 1317 1426 1347 
1898 163 1317 1426 1347 13 848 878 855 
1899 1311 1275 1421 1423 1317 1305 1425 1426 
1900 1317 1305 1425 1426 848 823 877 878 
1901 1340 1423 1408 1277 1347 1426 1418 1346 
1902 1347 1426 1418 1346 855 878 873 825 
1903 1423 1421 1284 1408 1426 1425 1415 1418 
1904 1426 1425 1415 1418 878 877 832 873 
1905 7 89 390 353 182 773 1430 1300 
1906 182 773 1430 1300 183 772 1429 1297 
1907 89 88 389 390 773 768 1428 1430 
1908 773 768 1428 1430 772 756 1427 1429 
1909 353 390 387 333 1300 1430 1422 1295 
1910 1300 1430 1422 1295 1297 1429 1421 1275 
1911 390 389 342 387 1430 1428 1405 1422 
1912 1430 1428 1405 1422 1429 1427 1284 1421 
1913 183 772 1429 1297 184 774 1432 1307 
1914 184 774 1432 1307 15 201 880 843 
1915 772 756 1427 1429 774 770 1431 1432 
1916 774 770 1431 1432 201 200 879 880 
1917 1297 1429 1421 1275 1307 1432 1425 1305 
1918 1307 1432 1425 1305 843 880 877 823 
1919 1429 1427 1284 1421 1432 1431 1415 1425 
1920 1432 1431 1415 1425 880 879 832 877 
1921 86 391 392 87 763 1434 1436 769 
1922 763 1434 1436 769 755 1433 1435 767 
1923 391 341 384 392 1434 1406 1412 1436 
1924 1434 1406 1412 1436 1433 1283 1409 1435 
1925 87 392 389 88 769 1436 1428 768 
1926 769 1436 1428 768 767 1435 1427 756 
1927 392 384 342 389 1436 1412 1405 1428 
1928 1436 1412 1405 1428 1435 1409 1284 1427 
1929 755 1433 1435 767 765 1437 1438 771 
1930 765 1437 1438 771 198 881 882 199 
1931 1433 1283 1409 1435 1437 1416 1419 1438 
1932 1437 1416 1419 1438 881 831 874 882 
1933 767 1435 1427 756 771 1438 1431 770 
1934 771 1438 1431 770 199 882 879 200 
1935 1435 1409 1284 1427 1438 1419 1415 1431 
1936 1438 1419 1415 1431 882 874 832 879 
1937 101 393 396 102 808 1444 1448 814 
1938 808 1444 1448 814 780 1441 1447 812 
1939 393 343 394 396 1444 1439 1445 1448 
1940 1444 1439 1445 1448 1441 1285 1442 1447 
1941 102 396 395 103 814 1448 1446 813 
1942 814 1448 1446 813 812 1447 1443 781 
1943 396 394 344 395 1448 1445 1440 1446 
1944 1448 1445 1440 1446 1447 1442 1286 1443 
1945 780 1441 1447 812 810 1451 1454 816 
1946 810 1451 1454 816 213 883 886 214 
1947 1441 1285 1442 1447 1451 1449 1452 1454 
1948 1451 1449 1452 1454 883 833 884 886 
1949 812 1447 1443 781 816 1454 1453 815 
1950 816 1454 1453 815 214 886 885 215 
1951 1447 1442 1286 1443 1454 1452 1450 1453 
1952 1454 1452 1450 1453 886 884 834 885 
1953 330 385 399 398 1350 1410 1460 1457 
1954 1350 1410 1460 1457 1272 1407 1459 1455 
1955 385 341 397 399 1410 1406 1458 1460 
1956 1410 1406 1458 1460 1407 1283 1456 1459 
1957 398 399 394 343 1457 1460 1445 1439 
1958 1457 1460 1445 1439 1455 1459 1442 1285 
1959 399 397 344 394 1460 1458 1440 1445 
1960 1460 1458 1440 1445 1459 1456 1286 1442 
1961 1272 1407 1459 1455 1357 1417 1463 1461 
1962 1357 1417 1463 1461 820 875 889 888 
1963 1407 1283 1456 1459 1417 1416 1462 1463 
1964 1417 1416 1462 1463 875 831 887 889 
1965 1455 1459 1442 1285 1461 1463 1452 1449 
1966 1461 1463 1452 1449 888 889 884 833 
1967 1459 1456 1286 1442 1463 1462 1450 1452 
1968 1463 1462 1450 1452 889 887 834 884 
1969 86 85 401 391 763 764 1467 1434 
1970 763 764 1467 1434 755 762 1466 1433 
1971 85 84 400 401 764 758 1465 1467 
1972 764 758 1465 1467 762 754 1464 1466 
1973 391 401 397 341 1434 1467 1458 1406 
1974 1434 1467 1458 1406 1433 1466 1456 1283 
1975 401 400 344 397 1467 1465 1440 1458 
1976 1467 1465 1440 1458 1466 1464 1286 1456 
1977 755 762 1466 1433 765 766 1469 1437 
1978 765 766 1469 1437 198 197 891 881 
1979 762 754 1464 1466 766 760 1468 1469 
1980 766 760 1468 1469 197 196 890 891 
1981 1433 1466 1456 1283 1437 1469 1462 1416 
1982 1437 1469 1462 1416 881 891 887 831 
1983 1466 1464 1286 1456 1469 1468 1450 1462 
1984 1469 1468 1450 1462 891 890 834 887 
1985 8 104 402 83 192 818 1471 759 
1986 192 818 1471 759 193 817 1470 757 
1987 104 103 395 402 818 813 1446 1471 
1988 818 813 1446 1471 817 781 1443 1470 
1989 83 402 400 84 759 1471 1465 758 
1990 759 1471 1465 758 757 1470 1464 754 
1991 402 395 344 400 1471 1446 1440 1465 
1992 1471 1446 1440 1465 1470 1443 1286 1464 
1993 193 817 1470 757 194 819 1472 761 
1994 194 819 1472 761 16 216 892 195 
1995 817 781 1443 1470 819 815 1453 1472 
1996 819 815 1453 1472 216 215 885 892 
1997 757 1470 1464 754 761 1472 1468 760 
1998 761 1472 1468 760 195 892 890 196 
1999 1470 1443 1286 1464 1472 1453 1450 1468 
2000 1472 1453 1450 1468 892 885 834 890 
2001 332 377 406 405 1377 1383 1482 1478 
2002 1377 1383 1482 1478 1274 1380 1481 1475 
2003 377 338 403 406 1383 1361 1479 1482 
2004 1383 1361 1479 1482 1380 1280 1476 1481 
2005 405 406 404 345 1478 1482 1480 1474 
2006 1478 1482 1480 1474 1475 1481 1477 1287 
2007 406 403 346 404 1482 1479 1473 1480 
2008 1482 1479 1473 1480 1481 1476 1288 1477 
2009 1274 1380 1481 1475 1387 1390 1488 1485 
2010 1387 1390 1488 1485 822 867 896 895 
2011 1380 1280 1476 1481 1390 1371 1486 1488 
2012 1390 1371 1486 1488 867 828 893 896 
2013 1475 1481 1477 1287 1485 1488 1487 1484 
2014 1485 1488 1487 1484 895 896 894 835 
2015 1481 1476 1288 1477 1488 1486 1483 1487 
2016 1488 1486 1483 1487 896 893 836 894 
2017 330 398 408 371 1350 1457 1492 1366 
2018 1350 1457 1492 1366 1272 1455 1491 1363 
2019 398 343 407 408 1457 1439 1490 1492 
2020 1457 1439 1490 1492 1455 1285 1489 1491 
2021 371 408 403 338 1366 1492 1479 1361 
2022 1366 1492 1479 1361 1363 1491 1476 1280 
2023 408 407 346 403 1492 1490 1473 1479 
2024 1492 1490 1473 1479 1491 1489 1288 1476 
2025 1272 1455 1491 1363 1357 1461 1494 1373 
2026 1357 1461 1494 1373 820 888 898 861 
2027 1455 1285 1489 1491 1461 1449 1493 1494 
2028 1461 1449 1493 1494 888 833 897 898 
2029 1363 1491 1476 1280 1373 1494 1486 1371 
2030 1373 1494 1486 1371 861 898 893 828 
2031 1491 1489 1288 1476 1494 1493 1483 1486 
2032 1494 1493 1483 1486 898 897 836 893 
2033 101 100 410 393 808 809 1498 1444 
2034 808 809 1498 1444 780 807 1497 1441 
2035 100 99 409 410 809 803 1496 1498 
2036 809 803 1496 1498 807 779 1495 1497 
2037 393 410 407 343 1444 1498 1490 1439 
2038 1444 1498 1490 1439 1441 1497 1489 1285 
2039 410 409 346 407 1498 1496 1473 1490 
2040 1498 1496 1473 1490 1497 1495 1288 1489 
2041 780 807 1497 1441 810 811 1500 1451 
2042 810 811 1500 1451 213 212 900 883 
2043 807 779 1495 1497 811 805 1499 1500 
2044 811 805 1499 1500 212 211 899 900 
2045 1441 1497 1489 1285 1451 1500 1493 1449 
2046 1451 1500 1493 1449 883 900 897 833 
2047 1497 1495 1288 1489 1500 1499 1483 1493 
2048 1500 1499 1483 1493 900 899 836 897 
2049 97 411 412 98 798 1502 1504 804 
2050 798 1502 1504 804 778 1501 1503 802 
2051 411 345 404 412 1502 1474 1480 1504 
2052 1502 1474 1480 1504 1501 1287 1477 1503 
2053 98 412 409 99 804 1504 1496 803 
2054 804 1504 1496 803 802 1503 1495 779 
2055 412 404 346 409 1504 1480 1473 1496 
2056 1504 1480 1473 1496 1503 1477 1288 1495 
2057 778 1501 1503 802 800 1505 1506 806 
2058 800 1505 1506 806 209 901 902 210 
2059 1501 1287 1477 1503 1505 1484 1487 1506 
2060 1505 1484 1487 1506 901 835 894 902 
2061 802 1503 1495 779 806 1506 1499 805 
2062 806 1506 1499 805 210 902 899 211 
2063 1503 1477 1288 1495 1506 1487 1483 1499 
2064 1506 1487 1483 1499 902 894 836 899 
2065 72 413 416 73 721 1512 1516 727 
2066 721 1512 1516 727 693 1509 1515 725 
2067 413 347 414 416 1512 1507 1513 1516 
2068 1512 1507 1513 1516 1509 1289 1510 1515 
2069 73 416 415 74 727 1516 1514 726 
2070 727 1516 1514 726 725 1515 1511 694 
2071 416 414 349 415 1516 1513 1508 1514 
2072 1516 1513 1508 1514 1515 1510 1291 1511 
2073 693 1509 1515 725 723 1519 1522 729 
2074 723 1519 1522 729 178 903 906 179 
2075 1509 1289 1510 1515 1519 1517 1520 1522 
2076 1519 1517 1520 1522 903 837 904 906 
2077 725 1515 1511 694 729 1522 1521 728 
2078 729 1522 1521 728 179 906 905 180 
2079 1515 1510 1291 1511 1522 1520 1518 1521 
2080 1522 1520 1518 1521 906 904 839 905 
2081 331 417 420 419 1523 1528 1532 1529 
2082 1523 1528 1532 1529 1273 1525 1531 1526 
2083 417 348 418 420 1528 1524 1530 1532 
2084 1528 1524 1530 1532 1525 1290 1527 1531 
2085 419 420 414 347 1529 1532 1513 1507 
2086 1529 1532 1513 1507 1526 1531 1510 1289 
2087 420 418 349 414 1532 1530 1508 1513 
2088 1532 1530 1508 1513 1531 1527 1291 1510 
2089 1273 1525 1531 1526 1533 1535 1538 1536 
2090 1533 1535 1538 1536 821 907 910 909 
2091 1525 1290 1527 1531 1535 1534 1537 1538 
2092 1535 1534 1537 1538 907 838 908 910 
2093 1526 1531 1510 1289 1536 1538 1520 1517 
2094 1536 1538 1520 1517 909 910 904 837 
2095 1531 1527 1291 1510 1538 1537 1518 1520 
2096 1538 1537 1518 1520 910 908 839 904 
2097 93 92 423 422 788 789 1544 1541 
2098 788 789 1544 1541 776 787 1543 1539 
2099 92 91 421 423 789 783 1542 1544 
2100 789 783 1542 1544 787 775 1540 1543 
2101 422 423 418 348 1541 1544 1530 1524 
2102 1541 1544 1530 1524 1539 1543 1527 1290 
2103 423 421 349 418 1544 1542 1508 1530 
2104 1544 1542 1508 1530 1543 1540 1291 1527 
2105 776 787 1543 1539 790 791 1547 1545 
2106 790 791 1547 1545 205 204 913 912 
2107 787 775 1540 1543 791 785 1546 1547 
2108 791 785 1546 1547 204 203 911 913 
2109 1539 1543 1527 1290 1545 1547 1537 1534 
2110 1545 1547 1537 1534 912 913 908 838 
2111 1543 1540 1291 1527 1547 1546 1518 1537 
2112 1547 1546 1518 1537 913 911 839 908 
2113 6 75 424 90 164 731 1549 784 
2114 164 731 1549 784 165 730 1548 782 
2115 75 74 415 424 731 726 1514 1549 
2116 731 726 1514 1549 730 694 1511 1548 
2117 90 424 421 91 784 1549 1542 783 
2118 784 1549 1542 783 782 1548 1540 775 
2119 424 415 349 421 1549 1514 1508 1542 
2120 1549 1514 1508 1542 1548 1511 1291 1540 
2121 165 730 1548 782 166 732 1550 786 
2122 166 732 1550 786 14 181 914 202 
2123 730 694 1511 1548 732 728 1521 1550 
2124 732 728 1521 1550 181 180 905 914 
2125 782 1548 1540 775 786 1550 1546 785 
2126 786 1550 1546 785 202 914 911 203 
2127 1548 1511 1291 1540 1550 1521 1518 1546 
2128 1550 1521 1518 1546 914 905 839 911 
2129 68 380 427 69 711 1395 1557 717 
2130 711 1395 1557 717 691 1393 1556 715 
2131 380 339 425 427 1395 1378 1554 1557 
2132 1395 1378 1554 1557 1393 1281 1552 1556 
2133 69 427 426 70 717 1557 1555 716 
2134 717 1557 1555 716 715 1556 1553 692 
2135 427 425 351 426 1557 1554 1551 1555 
2136 1557 1554 1551 1555 1556 1552 1293 1553 
2137 691 1393 1556 715 713 1399 1561 719 
2138 713 1399 1561 719 174 870 917 175 
2139 1393 1281 1552 1556 1399 1388 1559 1561 
2140 1399 1388 1559 1561 870 829 915 917 
2141 715 1556 1553 692 719 1561 1560 718 
2142 719 1561 1560 718 175 917 916 176 
2143 1556 1552 1293 1553 1561 1559 1558 1560 
2144 1561 1559 1558 1560 917 915 841 916 
2145 332 428 430 375 1377 1565 1568 1382 
2146 1377 1565 1568 1382 1274 1563 1567 1379 
2147 428 350 429 430 1565 1562 1566 1568 
2148 1565 1562 1566 1568 1563 1292 1564 1567 
2149 375 430 425 339 1382 1568 1554 1378 
2150 1382 1568 1554 1378 1379 1567 1552 1281 
2151 430 429 351 425 1568 1566 1551 1554 
2152 1568 1566 1551 1554 1567 1564 1293 1552 
2153 1274 1563 1567 1379 1387 1570 1572 1389 
2154 1387 1570 1572 1389 822 918 920 865 
2155 1563 1292 1564 1567 1570 1569 1571 1572 
2156 1570 1569 1571 1572 918 840 919 920 
2157 1379 1567 1552 1281 1389 1572 1559 1388 
2158 1389 1572 1559 1388 865 920 915 829 
2159 1567 1564 1293 1552 1572 1571 1558 1559 
2160 1572 1571 1558 1559 920 919 841 915 
2161 331 419 433 432 1523 1529 1578 1575 
2162 1523 1529 1578 1575 1273 1526 1577 1573 
2163 419 347 431 433 1529 1507 1576 1578 
2164 1529 1507 1576 1578 1526 1289 1574 1577 
2165 432 433 429 350 1575 1578 1566 1562 
2166 1575 1578 1566 1562 1573 1577 1564 1292 
2167 433 431 351 429 1578 1576 1551 1566 
2168 1578 1576 1551 1566 1577 1574 1293 1564 
2169 1273 1526 1577 1573 1533 1536 1581 1579 
2170 1533 1536 1581 1579 821 909 923 922 
2171 1526 1289 1574 1577 1536 1517 1580 1581 
2172 1536 1517 1580 1581 909 837 921 923 
2173 1573 1577 1564 1292 1579 1581 1571 1569 
2174 1579 1581 1571 1569 922 923 919 840 
2175 1577 1574 1293 1564 1581 1580 1558 1571 
2176 1581 1580 1558 1571 923 921 841 919 
2177 72 71 434 413 721 722 1583 1512 
2178 721 722 1583 1512 693 720 1582 1509 
2179 71 70 426 434 722 716 1555 1583 
2180 722 716 1555 1583 720 692 1553 1582 
2181 413 434 431 347 1512 1583 1576 1507 
2182 1512 1583 1576 1507 1509 1582 1574 1289 
2183 434 426 351 431 1583 1555 1551 1576 
2184 1583 1555 1551 1576 1582 1553 1293 1574 
2185 693 720 1582 1509 723 724 1584 1519 
2186 723 724 1584 1519 178 177 924 903 
2187 720 692 1553 1582 724 718 1560 1584 
2188 724 718 1560 1584 177 176 916 924 
2189 1509 1582 1574 1289 1519 1584 1580 1517 
2190 1519 1584 1580 1517 903 924 921 837 
2191 1582 1553 1293 1574 1584 1560 1558 1580 
2192 1584 1560 1558 1580 924 916 841 921 
2193 331 432 437 417 1523 1575 1591 1528 
2194 1523 1575 1591 1528 1273 1573 1590 1525 
2195 432 350 435 437 1575 1562 1588 1591 
2196 1575 1562 1588 1591 1573 1292 1586 1590 
2197 417 437 436 348 1528 1591 1589 1524 
2198 1528 1591 1589 1524 1525 1590 1587 1290 
2199 437 435 352 436 1591 1588 1585 1589 
2200 1591 1588 1585 1589 1590 1586 1294 1587 
2201 1273 1573 1590 1525 1533 1579 1595 1535 
2202 1533 1579 1595 1535 821 922 927 907 
2203 1573 1292 1586 1590 1579 1569 1593 1595 
2204 1579 1569 1593 1595 922 840 925 927 
2205 1525 1590 1587 1290 1535 1595 1594 1534 
2206 1535 1595 1594 1534 907 927 926 838 
2207 1590 1586 1294 1587 1595 1593 1592 1594 
2208 1595 1593 1592 1594 927 925 842 926 
2209 332 405 439 428 1377 1478 1599 1565 
2210 1377 1478 1599 1565 1274 1475 1598 1563 
2211 405 345 438 439 1478 1474 1597 1599 
2212 1478 1474 1597 1599 1475 1287 1596 1598 
2213 428 439 435 350 1565 1599 1588 1562 
2214 1565 1599 1588 1562 1563 1598 1586 1292 
2215 439 438 352 435 1599 1597 1585 1588 
2216 1599 1597 1585 1588 1598 1596 1294 1586 
2217 1274 1475 1598 1563 1387 1485 1601 1570 
2218 1387 1485 1601 1570 822 895 929 918 
2219 1475 1287 1596 1598 1485 1484 1600 1601 
2220 1485 1484 1600 1601 895 835 928 929 
2221 1563 1598 1586 1292 1570 1601 1593 1569 
2222 1570 1601 1593 1569 918 929 925 840 
2223 1598 1596 1294 1586 1601 1600 1592 1593 
2224 1601 1600 1592 1593 929 928 842 925 
2225 97 96 441 411 798 799 1605 1502 
2226 798 799 1605 1502 778 797 1604 1501 
2227 96 95 440 441 799 793 1603 1605 
2228 799 793 1603 1605 797 777 1602 1604 
2229 411 441 438 345 1502 1605 1597 1474 
2230 1502 1605 1597 1474 1501 1604 1596 1287 
2231 441 440 352 438 1605 1603 1585 1597 
2232 1605 1603 1585 1597 1604 1602 1294 1596 
2233 778 797 1604 1501 800 801 1607 1505 
2234 800 801 1607 1505 209 208 931 901 
2235 797 777 1602 1604 801 795 1606 1607 
2236 801 795 1606 1607 208 207 930 931 
2237 1501 1604 1596 1287 1505 1607 1600 1484 
2238 1505 1607 1600 1484 901 931 928 835 
2239 1604 1602 1294 1596 1607 1606 1592 1600 
2240 1607 1606 1592 1600 931 930 842 928 
2241 93 422 442 94 788 1541 1609 794 
2242 788 1541 1609 794 776 1539 1608 792 
2243 422 348 436 442 1541 1524 1589 1609 
2244 1541 1524 1589 1609 1539 1290 1587 1608 
2245 94 442 440 95 794 1609 1603 793 
2246 794 1609 1603 793 792 1608 1602 777 
2247 442 436 352 440 1609 1589 1585 1603 
2248 1609 1589 1585 1603 1608 1587 1294 1602 
2249 776 1539 1608 792 790 1545 1610 796 
2250 790 1545 1610 796 205 912 932 206 
2251 1539 1290 1587 1608 1545 1534 1594 1610 
2252 1545 1534 1594 1610 912 838 926 932 
2253 792 1608 1602 777 796 1610 1606 795 
2254 796 1610 1606 795 206 932 930 207 
2255 1608 1587 1294 1602 1610 1594 1592 1606 
2256 1610 1594 1592 1606 932 926 842 930 
$EndElements
