$MeshFormat
4.1 0 8
$EndMeshFormat
$PhysicalNames
5
0 24 "PointsBoundary"
1 25 "CurveInlet"
1 26 "CurveOutlet"
1 27 "CurveWalls"
2 28 "SurfaceDomain"
$EndPhysicalNames
$Entities
16 23 8 0
1 12.2102313016807 9.500000000000002 0 0 
2 3.740669856459329 0 0 1 24 
3 0 9.500000000000002 0 1 24 
4 0 0 0 1 24 
5 3.740669856459338 20 0 1 24 
6 12.2102313016807 10.5 0 0 
7 0 20 0 1 24 
8 0 10.5 0 1 24 
9 14.5 9.500000000000002 0 0 
10 14.5 10.5 0 0 
11 70.00000000000001 10.5 0 1 24 
12 70.00000000000001 9.500000000000002 0 1 24 
13 14.5 0 0 1 24 
14 14.5 20 0 1 24 
15 70.00000000000001 0 0 1 24 
16 70.00000000000001 20 0 1 24 
1 3.734564640708489 -0.006105215750840109 -0.006105215750840348 12.21633651743154 9.506105215750843 0.006105215750840348 0 2 1 -2 
2 -0.006105215750840109 9.493894784249161 -0.006105215750840348 12.21633651743154 9.506105215750843 0.006105215750840348 0 2 3 -1 
3 -0.006105215750840348 -0.006105215750840109 -0.006105215750840348 0.006105215750840348 9.506105215750843 0.006105215750840348 1 25 2 3 -4 
4 -0.006105215750840332 -0.006105215750840348 -0.006105215750840348 3.746775072210169 0.006105215750840348 0.006105215750840348 1 27 2 4 -2 
5 3.734564640708498 10.49389478424916 -0.006105215750840349 12.21633651743154 20.00610521575084 0.006105215750840349 0 2 5 -6 
6 -0.006105215750840332 19.99389478424916 -0.006105215750840349 3.746775072210178 20.00610521575084 0.006105215750840349 1 27 2 5 -7 
7 -0.006105215750840349 10.49389478424916 -0.006105215750840349 0.006105215750840349 20.00610521575084 0.006105215750840349 1 25 2 7 -8 
8 -0.006105215750840109 10.49389478424916 -0.006105215750840349 12.21633651743154 10.50610521575084 0.006105215750840349 0 2 8 -6 
9 -0.002000100400000001 9.497999899600002 -0.002000100400000001 0.002000100400000001 10.5020001004 0.002000100400000001 1 25 2 8 -3 
10 12.20565166388406 9.495420362203363 -0.004579637796638608 14.50457963779664 9.50457963779664 0.004579637796638608 0 2 1 -9 
11 14.4979998996 9.497999899600002 -0.002000100400000001 14.5020001004 10.5020001004 0.002000100400000001 0 2 10 -9 
12 12.20565166388406 10.49542036220337 -0.004579637796638604 14.50457963779664 10.50457963779664 0.004579637796638604 0 2 6 -10 
13 14.4722498999 10.4722498999 -0.0277501001 70.02775010010001 10.5277501001 0.0277501001 0 2 10 -11 
14 14.4722498999 9.472249899900001 -0.0277501001 70.02775010010001 9.527750100100002 0.0277501001 0 2 9 -12 
15 69.99799989960002 9.497999899600002 -0.002000100400000001 70.00200010040001 10.5020001004 0.002000100400000001 1 26 2 12 -11 
16 3.735290091287558 -0.005379765171770337 -0.005379765171770337 14.50537976517177 0.005379765171770337 0.005379765171770337 1 27 2 2 -13 
17 14.49462023482823 -0.005379765171769968 -0.005379765171770336 14.50537976517177 9.505379765171773 0.005379765171770336 0 2 9 -13 
18 3.735290091287567 19.99462023482823 -0.005379765171770332 14.50537976517177 20.00537976517177 0.005379765171770332 1 27 2 14 -5 
19 14.49462023482823 10.49462023482823 -0.005379765171770332 14.50537976517177 20.00537976517177 0.005379765171770332 0 2 14 -10 
20 14.4722498999 -0.0277501001 -0.0277501001 70.02775010010001 0.0277501001 0.0277501001 1 27 2 13 -15 
21 69.98099989960001 -0.01900010040000044 -0.0190001004 70.01900010040002 9.519000100400001 0.0190001004 1 26 2 15 -12 
22 69.98099989960001 10.4809998996 -0.01900010039999999 70.01900010040002 20.0190001004 0.01900010039999999 1 26 2 11 -16 
23 14.4722498999 19.9722498999 -0.0277501001 70.02775010010001 20.0277501001 0.0277501001 1 27 2 16 -14 
1 -1.000000020567882e-07 -1.000000020567882e-07 -1.000000017763568e-07 12.2102314016807 9.500000100000003 1.000000017763568e-07 1 28 4 -4 -3 2 1 
2 -1.00000003833145e-07 10.4999999 -1.000000036620534e-07 12.2102314016807 20.0000001 1.000000036620534e-07 1 28 4 -8 -7 -6 5 
3 -1.000000002804313e-07 9.499999900000002 -1e-07 14.5000001 10.5000001 1e-07 1 28 6 12 11 -10 -2 -9 8 
4 14.4999999 9.499999900000002 -1e-07 70.00000010000001 10.5000001 1e-07 1 28 4 -15 -14 -11 13 
5 3.740669756459329 -1.000000002804313e-07 -1e-07 14.5000001 9.500000100000001 1e-07 1 28 4 17 -16 -1 10 
6 3.740669756459338 10.4999999 -1e-07 14.5000001 20.0000001 1e-07 1 28 4 19 -12 -5 -18 
7 14.4999999 -1.000000002804313e-07 -1e-07 70.00000010000001 9.500000100000001 1e-07 1 28 4 -21 -20 -17 14 
8 14.4999999 10.4999999 -1e-07 70.00000010000001 20.0000001 1e-07 1 28 4 -23 -22 -13 -19 
$EndEntities
$Nodes
47 9461 1 9461
0 1 0 1
1
12.2102313016807 9.500000000000002 0
0 2 0 1
2
3.740669856459329 0 0
0 3 0 1
3
0 9.500000000000002 0
0 4 0 1
4
0 0 0
0 5 0 1
5
3.740669856459338 20 0
0 6 0 1
6
12.2102313016807 10.5 0
0 7 0 1
7
0 20 0
0 8 0 1
8
0 10.5 0
0 9 0 1
9
14.5 9.500000000000002 0
0 10 0 1
10
14.5 10.5 0
0 11 0 1
11
70.00000000000001 10.5 0
0 12 0 1
12
70.00000000000001 9.500000000000002 0
0 13 0 1
13
14.5 0 0
0 14 0 1
14
14.5 20 0
0 15 0 1
15
70.00000000000001 0 0
0 16 0 1
16
70.00000000000001 20 0
1 1 0 37
17
18
19
20
21
22
23
24
25
26
27
28
29
30
31
32
33
34
35
36
37
38
39
40
41
42
43
44
45
46
47
48
49
50
51
52
53
11.79351574132282 9.032585264419629 0
11.37500154259752 8.5631530613941 0
10.96715852027877 8.105690330048763 0
10.5644812782704 7.654021867186634 0
10.16770829389635 7.208975996047673 0
9.749378271325996 6.739750376737645 0
9.279829210199274 6.213074218880537 0
8.779857748374237 5.652274357157156 0
8.287081018588959 5.09954456550998 0
7.788801903104198 4.540642947318638 0
7.270681975808944 3.959486609869542 0
6.764646544336754 3.391885013248721 0
6.272856537570676 2.840261993037474 0
5.781688771975102 2.289336918187156 0
5.308122418082097 1.758154708685403 0
4.853711556103728 1.248458519961232 0
4.419506863092963 0.7614268583715265 0
4.040352807931956 0.3361435013375167 0
3.890511332195642 0.1680717506687577 0
4.229929835512459 0.5487851798545216 0
4.636609209598346 1.00494268916638 0
5.080916987092913 1.503306614323317 0
5.5449055950286 2.02374581343628 0
6.027272654772889 2.564799455612315 0
6.518751540953715 3.116073503143098 0
7.017664260072848 3.675685811559131 0
7.52974193945657 4.250064778594089 0
8.037941460846579 4.820093756414309 0
8.533469383481599 5.375909461333567 0
9.029843479286756 5.932674288018847 0
9.514603740762634 6.476412297809091 0
9.958543282611171 6.974363186392658 0
10.36609478608337 7.431498931617153 0
10.76581989927458 7.879856098617697 0
11.17108003143814 8.33442169572143 0
11.58425864196017 8.797869162906863 0
12.00187352150176 9.266292632209815 0
1 2 0 37
54
55
56
57
58
59
60
61
62
63
64
65
66
67
68
69
70
71
72
73
74
75
76
77
78
79
80
81
82
83
84
85
86
87
88
89
90
6.958871693203152 9.500000000000002 0
0.6810094995495213 9.500000000000002 0
1.263222763791122 9.500000000000002 0
1.935655316813122 9.500000000000002 0
2.643950970691235 9.500000000000002 0
3.361165676732886 9.500000000000002 0
4.080498537159569 9.500000000000002 0
4.800111276337629 9.500000000000002 0
5.519658355877549 9.500000000000002 0
6.239244896957874 9.500000000000002 0
0.2103055538491856 9.500000000000002 0
7.677246277688036 9.500000000000002 0
8.385677010571182 9.500000000000002 0
9.065559877418238 9.500000000000002 0
9.693143621663864 9.500000000000002 0
10.26730122570898 9.500000000000002 0
10.81357996266571 9.500000000000002 0
11.36438726378285 9.500000000000002 0
11.92788849235693 9.500000000000002 0
0.4206111076983713 9.500000000000002 0
0.9414078914006714 9.500000000000002 0
1.585037636181572 9.500000000000002 0
2.286272997444672 9.500000000000002 0
3.001628943937799 9.500000000000002 0
3.720702409527974 9.500000000000002 0
4.440294664791162 9.500000000000002 0
5.159927887884098 9.500000000000002 0
5.879388823871001 9.500000000000002 0
6.599100970044746 9.500000000000002 0
7.318642416361558 9.500000000000002 0
8.035850139014514 9.500000000000002 0
8.735503882127851 9.500000000000002 0
9.395615872708627 9.500000000000002 0
9.990671370619101 9.500000000000002 0
10.54393108079886 9.500000000000002 0
11.08322884453255 9.500000000000002 0
11.64554568303316 9.500000000000002 0
1 3 0 37
91
92
93
94
95
96
97
98
99
100
101
102
103
104
105
106
107
108
109
110
111
112
113
114
115
116
117
118
119
120
121
122
123
124
125
126
127
0 9.042329250961995 0
0 8.494920977801423 0
0 7.95359929328663 0
0 7.425897907194671 0
0 6.896998915428457 0
0 6.370777169810193 0
0 5.856462061618132 0
0 5.341922956237618 0
0 4.825059370669226 0
0 4.30233007705152 0
0 3.784805863494145 0
0 3.274553103557064 0
0 2.762171965032429 0
0 2.247489797956089 0
0 1.736218695081376 0
0 1.238966794287059 0
0 0.7721726970960032 0
0 0.360938902907948 0
0 0.180469451453974 0
0 0.5665558000019756 0
0 1.005569745691531 0
0 1.487592744684218 0
0 1.991854246518733 0
0 2.504830881494259 0
0 3.018362534294746 0
0 3.529679483525604 0
0 4.043567970272832 0
0 4.563694723860373 0
0 5.083491163453422 0
0 5.599192508927875 0
0 6.113619615714162 0
0 6.633888042619326 0
0 7.161448411311564 0
0 7.689748600240651 0
0 8.224260135544027 0
0 8.76862511438171 0
0 9.271164625480999 0
1 4 0 37
128
129
130
131
132
133
134
135
136
137
138
139
140
141
142
143
144
145
146
147
148
149
150
151
152
153
154
155
156
157
158
159
160
161
162
163
164
2.051903182987756 0 0
0.3466921950957049 0 0
0.5527410676545393 0 0
0.7546467038991549 0 0
0.9567220894158854 0 0
1.152704893549272 0 0
1.338722851552768 0 0
1.518281830682092 0 0
1.695994187750723 0 0
1.87367867755696 0 0
0.1205224755518124 0 0
2.231159582913553 0 0
2.412142630189071 0 0
2.595555148673762 0 0
2.78147809540757 0 0
2.97028748490566 0 0
3.164511384591491 0 0
3.371410013633573 0 0
3.61001349403778 0 0
0.2410449511036248 0 0
0.4523394390877851 0 0
0.6531426962212936 0 0
0.8561507115770161 0 0
1.057293467254755 0 0
1.248116319843789 0 0
1.429329383261746 0 0
1.607234278102438 0 0
1.784754097399008 0 0
1.962603257714913 0 0
2.141203108260599 0 0
2.321116057566507 0 0
2.503169202811635 0 0
2.687941094535889 0 0
2.87501509627925 0 0
3.065559873532069 0 0
3.263462895650913 0 0
3.479357131616232 0 0
1 5 0 37
165
166
167
168
169
170
171
172
173
174
175
176
177
178
179
180
181
182
183
184
185
186
187
188
189
190
191
192
193
194
195
196
197
198
199
200
201
4.058936732974299 19.64301158372279 0
4.441917012938315 19.21343648905115 0
4.875243067467697 18.72739036439003 0
5.3271578980076 18.22049388363407 0
5.79796547920481 17.6924060894429 0
6.284954673179043 17.14616796688161 0
6.771926161032841 16.59994970463366 0
7.27408245581062 16.03669919500066 0
7.788299655811894 15.45992040525963 0
8.28346989026468 14.90450590620601 0
8.769759541714336 14.35905243513186 0
9.265128307861143 13.80341525027504 0
9.738141315483217 13.27285370922323 0
10.16490931827472 12.79416351342723 0
10.56278852134502 12.34787683688384 0
10.95878406458074 11.90370299328278 0
11.36127812055376 11.45224000355489 0
11.78361459592069 10.97852049140122 0
11.99692294880069 10.73926024570061 0
11.57244635823722 11.21538024747805 0
11.16003109256725 11.67797149841883 0
10.76078629296288 12.12578991508331 0
10.36384891980987 12.57102017515554 0
9.951525316878968 13.03350861132523 0
9.501634811672179 13.53813447974914 0
9.01744392478774 14.08123384270345 0
8.526614715989508 14.63177917066894 0
8.035884773038287 15.18221315573282 0
7.531191055811257 15.74830980013015 0
7.02300430842173 16.31832444981716 0
6.528440417105942 16.87305883575764 0
6.041460076191926 17.41928702816226 0
5.562561688606205 17.95644998653849 0
5.101200482737648 18.47394212401205 0
4.658580040203006 18.97041342672059 0
4.250426872956306 19.42822403638697 0
3.89980329471682 19.82150579186139 0
1 6 0 37
202
203
204
205
206
207
208
209
210
211
212
213
214
215
216
217
218
219
220
221
222
223
224
225
226
227
228
229
230
231
232
233
234
235
236
237
238
3.4783534390564 20 0
3.2625028960898 20 0
3.064936080738575 20 0
2.874714160560733 20 0
2.687746723529391 20 0
2.503011300744955 20 0
2.321164947463413 20 0
2.141573219195377 20 0
1.963299620415421 20 0
1.785613325972322 20 0
1.608308906941446 20 0
1.430872279069048 20 0
1.249714237247042 20 0
1.058198698129178 20 0
0.8567521889259277 20 0
0.6536614159757532 20 0
0.4520235259792023 20 0
0.2395732106382912 20 0
0.1197866053191456 20 0
0.3457983683087467 20 0
0.5528424709774777 20 0
0.7552068024508405 20 0
0.9574754435275529 20 0
1.15395646768811 20 0
1.340293258158045 20 0
1.519590593005247 20 0
1.696961116456884 20 0
1.874456473193872 20 0
2.052436419805399 20 0
2.231369083329395 20 0
2.412088124104184 20 0
2.595379012137173 20 0
2.781230442045062 20 0
2.969825120649654 20 0
3.163719488414188 20 0
3.3704281675731 20 0
3.609511647757869 20 0
1 7 0 37
239
240
241
242
243
244
245
246
247
248
249
250
251
252
253
254
255
256
257
258
259
260
261
262
263
264
265
266
267
268
269
270
271
272
273
274
275
0 19.64013311088195 0
0 19.23187523751228 0
0 18.77101952033564 0
0 18.27358054815241 0
0 17.74727017716187 0
0 17.21937599745128 0
0 16.70565492292627 0
0 16.19574749801025 0
0 15.67921047381334 0
0 15.15641916870254 0
0 14.639747148078 0
0 14.12640947853986 0
0 13.61399225037789 0
0 13.0898722213008 0
0 12.56349241517735 0
0 12.03791325798437 0
0 11.49916767154049 0
0 10.95362119530151 0
0 10.72681059765076 0
0 11.226394433421 0
0 11.76854046476243 0
0 12.30070283658086 0
0 12.82668231823907 0
0 13.35193223583934 0
0 13.87020086445887 0
0 14.38307831330893 0
0 14.89808315839027 0
0 15.41781482125794 0
0 15.9374789859118 0
0 16.45070121046826 0
0 16.96251546018878 0
0 17.48332308730657 0
0 18.01042536265714 0
0 18.52230003424402 0
0 19.00144737892396 0
0 19.43600417419712 0
0 19.82006655544097 0
1 8 0 37
276
277
278
279
280
281
282
283
284
285
286
287
288
289
290
291
292
293
294
295
296
297
298
299
300
301
302
303
304
305
306
307
308
309
310
311
312
6.902054185644561 10.5 0
0.6714563720219948 10.5 0
1.242107067908506 10.5 0
1.903554125058906 10.5 0
2.60704053521175 10.5 0
3.321071064351533 10.5 0
4.036741064277179 10.5 0
4.752797415176001 10.5 0
5.4690738857656 10.5 0
6.185535787792993 10.5 0
0.2075399242036055 10.5 0
7.617911085708041 10.5 0
8.327378452392129 10.5 0
9.00948918062554 10.5 0
9.635870595239268 10.5 0
10.20635994639791 10.5 0
10.75661607081382 10.5 0
11.32586985336029 10.5 0
11.91473869987714 10.5 0
0.4150798484072109 10.5 0
0.9278328956367786 10.5 0
1.556381240180232 10.5 0
2.250727009937579 10.5 0
2.963354060485921 10.5 0
3.678788068217145 10.5 0
4.394694060337214 10.5 0
5.11090077001479 10.5 0
5.827247001516411 10.5 0
6.543824574069576 10.5 0
7.260283797219547 10.5 0
7.975538374196536 10.5 0
8.679218530587722 10.5 0
9.339759830663356 10.5 0
9.931981359815179 10.5 0
10.48073853298065 10.5 0
11.03249360864699 10.5 0
11.61924609807359 10.5 0
1 9 0 17
313
314
315
316
317
318
319
320
321
322
323
324
325
326
327
328
329
0 10.38888888888889 0
0 10.27777777777778 0
0 10.16666666666667 0
0 10.05555555555556 0
0 9.944444444444446 0
0 9.833333333333336 0
0 9.722222222222225 0
0 9.611111111111112 0
0 9.555555555555557 0
0 9.666666666666668 0
0 9.77777777777778 0
0 9.888888888888891 0
0 10 0
0 10.11111111111111 0
0 10.22222222222222 0
0 10.33333333333334 0
0 10.44444444444445 0
1 10 0 7
330
331
332
333
334
335
336
12.49645238897061 9.500000000000002 0
13.06889456355043 9.500000000000002 0
13.64133673813026 9.500000000000002 0
14.21377891271009 9.500000000000002 0
12.78267347626052 9.500000000000002 0
13.35511565084034 9.500000000000002 0
13.92755782542017 9.500000000000002 0
1 11 0 17
337
338
339
340
341
342
343
344
345
346
347
348
349
350
351
352
353
14.5 10.36461905249833 0
14.5 10.24807107920277 0
14.5 10.14171772470787 0
14.5 10.04157264656542 0
14.5 9.944663432844072 0
14.5 9.84664379559595 0
14.5 9.743710475700318 0
14.5 9.632112160155495 0
14.5 9.566056080077749 0
14.5 9.687911317927906 0
14.5 9.795177135648135 0
14.5 9.895653614220011 0
14.5 9.993118039704745 0
14.5 10.09164518563664 0
14.5 10.19489440195532 0
14.5 10.30634506585055 0
14.5 10.43230952624916 0
1 12 0 7
354
355
356
357
358
359
360
12.49645238897061 10.5 0
13.06889456355043 10.5 0
13.64133673813026 10.5 0
14.21377891271009 10.5 0
12.78267347626052 10.5 0
13.35511565084035 10.5 0
13.92755782542017 10.5 0
1 13 0 49
361
362
363
364
365
366
367
368
369
370
371
372
373
374
375
376
377
378
379
380
381
382
383
384
385
386
387
388
389
390
391
392
393
394
395
396
397
398
399
400
401
402
403
404
405
406
407
408
409
21.64932157895625 10.5 0
14.98902901907249 10.5 0
15.40659015911323 10.5 0
15.88074928171347 10.5 0
16.36989035633275 10.5 0
16.86268555882225 10.5 0
17.35543977574131 10.5 0
17.8455385236372 10.5 0
18.33294879608153 10.5 0
18.82223704938009 10.5 0
19.33812172879053 10.5 0
19.92859030038538 10.5 0
20.66327145151257 10.5 0
14.65089296287806 10.5 0
23.02618493182298 10.5 0
24.93199518841624 10.5 0
27.57049519396239 10.5 0
31.15433498900082 10.5 0
35.6605120645975 10.5 0
40.83420261671745 10.5 0
46.37052273041411 10.5 0
52.03701319187203 10.5 0
57.68146575395734 10.5 0
62.96864669418989 10.5 0
67.72800808695924 10.5 0
14.80178592575611 10.5 0
15.17627211238886 10.5 0
15.6369082058376 10.5 0
16.12459035758934 10.5 0
16.61519035507617 10.5 0
17.11018076256833 10.5 0
17.60069878891429 10.5 0
18.09037825836011 10.5 0
18.57551933380295 10.5 0
19.06895476495723 10.5 0
19.60728869262382 10.5 0
20.24989190814694 10.5 0
21.07665099487821 10.5 0
22.22199216303429 10.5 0
23.83037770061168 10.5 0
26.03361267622079 10.5 0
29.107377711704 10.5 0
33.20129226629764 10.5 0
38.11973186289737 10.5 0
43.54867337053753 10.5 0
49.1923720902907 10.5 0
54.88165429345338 10.5 0
60.48127721446131 10.5 0
65.45601617391846 10.5 0
1 14 0 49
410
411
412
413
414
415
416
417
418
419
420
421
422
423
424
425
426
427
428
429
430
431
432
433
434
435
436
437
438
439
440
441
442
443
444
445
446
447
448
449
450
451
452
453
454
455
456
457
458
21.29309449155193 9.500000000000002 0
14.9611429514332 9.500000000000002 0
15.35564657954627 9.500000000000002 0
15.81112521661367 9.500000000000002 0
16.28478600113847 9.500000000000002 0
16.76098009605851 9.500000000000002 0
17.24176293817727 9.500000000000002 0
17.72859814144913 9.500000000000002 0
18.22116133427018 9.500000000000002 0
18.71595048093543 9.500000000000002 0
19.21927171887599 9.500000000000002 0
19.76484305628837 9.500000000000002 0
20.42024160235033 9.500000000000002 0
14.64281023175987 9.500000000000002 0
22.52719920016984 9.500000000000002 0
24.31551610227427 9.500000000000002 0
27.00049002324173 9.500000000000002 0
30.8602519050826 9.500000000000002 0
35.70437147822062 9.500000000000002 0
41.08921396647484 9.500000000000002 0
46.69294539307957 9.500000000000002 0
52.34965994863786 9.500000000000002 0
57.92743500406642 9.500000000000002 0
63.10943744105246 9.500000000000002 0
67.77169229295572 9.500000000000002 0
14.78562046351975 9.500000000000002 0
15.13666543934665 9.500000000000002 0
15.57462771974589 9.500000000000002 0
16.04762271348146 9.500000000000002 0
16.52194928879548 9.500000000000002 0
17.00001090332154 9.500000000000002 0
17.48351497303299 9.500000000000002 0
17.97368130986527 9.500000000000002 0
18.46864135867509 9.500000000000002 0
18.96325960319577 9.500000000000002 0
19.47528383455622 9.500000000000002 0
20.05440227802052 9.500000000000002 0
20.78608092668014 9.500000000000002 0
21.80010805642373 9.500000000000002 0
23.25429034391594 9.500000000000002 0
25.3767418606326 9.500000000000002 0
28.62423818585087 9.500000000000002 0
33.09626562431433 9.500000000000002 0
38.3124773321269 9.500000000000002 0
43.86595060082278 9.500000000000002 0
49.51994018533636 9.500000000000002 0
55.17937971193936 9.500000000000002 0
60.67549029619349 9.500000000000002 0
65.54338458591144 9.500000000000002 0
1 15 0 17
459
460
461
462
463
464
465
466
467
468
469
470
471
472
473
474
475
70.00000000000001 9.55768600020652 0
70.00000000000001 10.44189355396943 0
70.00000000000001 10.32941965825533 0
70.00000000000001 10.22194385664882 0
70.00000000000001 10.11409196137597 0
70.00000000000001 10.00247961058182 0
70.00000000000001 9.889606571021947 0
70.00000000000001 9.77959471607789 0
70.00000000000001 9.670479546831228 0
70.00000000000001 9.615372000413039 0
70.00000000000001 9.725587093249418 0
70.00000000000001 9.833602338906362 0
70.00000000000001 9.945610803137532 0
70.00000000000001 10.05934841802611 0
70.00000000000001 10.16883550472584 0
70.00000000000001 10.27505220857181 0
70.00000000000001 10.38378710793885 0
1 16 0 19
476
477
478
479
480
481
482
483
484
485
486
487
488
489
490
491
492
493
494
3.978053437666961 0 0
14.17361390865174 0 0
13.39436010427235 0 0
12.31313044547842 0 0
10.90523154236425 0 0
9.326245301821999 0 0
7.757689656108834 0 0
6.369614251060759 0 0
5.304547921240706 0 0
4.536943826410523 0 0
4.215437018874592 0 0
4.858450633946455 0 0
5.750645208534959 0 0
6.98858329358656 0 0
8.526796018631108 0 0
10.12569458501289 0 0
11.68476849971562 0 0
12.94149239124122 0 0
13.84722781730348 0 0
1 17 0 37
495
496
497
498
499
500
501
502
503
504
505
506
507
508
509
510
511
512
513
514
515
516
517
518
519
520
521
522
523
524
525
526
527
528
529
530
531
14.5 9.222954271023379 0
14.5 8.809579556197074 0
14.5 8.305342747536235 0
14.5 7.789120623631349 0
14.5 7.266780864391918 0
14.5 6.730231008393509 0
14.5 6.195569745376372 0
14.5 5.672829967481876 0
14.5 5.157416467253855 0
14.5 4.649043772863533 0
14.5 4.13885637820001 0
14.5 3.622476806004836 0
14.5 3.101123570522647 0
14.5 2.581010052766583 0
14.5 2.059826763747903 0
14.5 1.534241867682125 0
14.5 1.007268532391625 0
14.5 0.4964102482239027 0
14.5 0.2482051241119513 0
14.5 0.7518393903077638 0
14.5 1.270755200036875 0
14.5 1.797034315715014 0
14.5 2.320418408257243 0
14.5 2.841066811644615 0
14.5 3.361800188263742 0
14.5 3.880666592102423 0
14.5 4.393950075531771 0
14.5 4.903230120058694 0
14.5 5.415123217367865 0
14.5 5.934199856429125 0
14.5 6.46290037688494 0
14.5 6.998505936392713 0
14.5 7.527950744011633 0
14.5 8.047231685583792 0
14.5 8.557461151866654 0
14.5 9.016266913610227 0
14.5 9.361477135511691 0
1 18 0 19
532
533
534
535
536
537
538
539
540
541
542
543
544
545
546
547
548
549
550
13.84531616644842 20 0
12.93228398515609 20 0
11.65895837094132 20 0
10.08942591572164 20 0
8.487317033906654 20 0
6.981273958026627 20 0
5.74202090968941 20 0
4.853422998483913 20 0
4.216259152721903 20 0
3.97846450459062 20 0
4.534841075602908 20 0
5.297721954086661 20 0
6.361647433858018 20 0
7.734295495966641 20 0
9.288371474814149 20 0
10.87419214333148 20 0
12.2956211780487 20 0
13.38880007580225 20 0
14.17265808322421 20 0
1 19 0 37
551
552
553
554
555
556
557
558
559
560
561
562
563
564
565
566
567
568
569
570
571
572
573
574
575
576
577
578
579
580
581
582
583
584
585
586
587
14.5 19.51283424141118 0
14.5 19.0109353413991 0
14.5 18.4924799873177 0
14.5 17.98217681589757 0
14.5 17.48410447741376 0
14.5 16.98969697564115 0
14.5 16.48638738382334 0
14.5 15.98128721532336 0
14.5 15.47002479345436 0
14.5 14.94251029683086 0
14.5 14.40853925814673 0
14.5 13.8783750245956 0
14.5 13.3575202646544 0
14.5 12.84435706383341 0
14.5 12.32813929444671 0
14.5 11.80065106817234 0
14.5 11.26265196581562 0
14.5 10.79716849802335 0
14.5 10.64858424901168 0
14.5 11.02991023191948 0
14.5 11.53165151699398 0
14.5 12.06439518130952 0
14.5 12.58624817914006 0
14.5 13.10093866424391 0
14.5 13.617947644625 0
14.5 14.14345714137117 0
14.5 14.6755247774888 0
14.5 15.20626754514261 0
14.5 15.72565600438886 0
14.5 16.23383729957335 0
14.5 16.73804217973225 0
14.5 17.23690072652746 0
14.5 17.73314064665567 0
14.5 18.23732840160764 0
14.5 18.7517076643584 0
14.5 19.26188479140514 0
14.5 19.75641712070559 0
1 20 0 49
588
589
590
591
592
593
594
595
596
597
598
599
600
601
602
603
604
605
606
607
608
609
610
611
612
613
614
615
616
617
618
619
620
621
622
623
624
625
626
627
628
629
630
631
632
633
634
635
636
21.23211829313821 0 0
15.22021844566255 0 0
15.66282589013832 0 0
16.08713461115216 0 0
16.50014334967958 0 0
16.92163714289103 0 0
17.36896291682758 0 0
17.83276029220061 0 0
18.29344158419507 0 0
18.74479688607839 0 0
19.19668795850541 0 0
19.69147428971063 0 0
20.32725507725364 0 0
14.74694838696081 0 0
22.50415082948995 0 0
24.26483566500248 0 0
26.71384133241906 0 0
30.0709794752586 0 0
34.50595392876141 0 0
39.99477844821737 0 0
46.20972180548481 0 0
52.65373848606743 0 0
58.79055796157468 0 0
64.03127458333918 0 0
68.17525559742833 0 0
14.99389677392162 0 0
15.44654011740348 0 0
15.87911166287315 0 0
16.29515755943117 0 0
16.70512913992799 0 0
17.13814514585407 0 0
17.59978068780109 0 0
18.06573989660013 0 0
18.52114327179001 0 0
18.96845050036677 0 0
19.42492541664404 0 0
19.95802316277721 0 0
20.69648699173008 0 0
21.76774959454634 0 0
23.24055206443357 0 0
25.2891192655714 0 0
28.13856339926672 0 0
32.00339555125048 0 0
37.00851230627234 0 0
42.9810445901624 0 0
49.43839902080722 0 0
55.86907795132765 0 0
61.7120379718217 0 0
66.35051119485667 0 0
1 21 0 37
637
638
639
640
641
642
643
644
645
646
647
648
649
650
651
652
653
654
655
656
657
658
659
660
661
662
663
664
665
666
667
668
669
670
671
672
673
70.00000000000001 4.675836097401829 0
70.00000000000001 1.069436751369302 0
70.00000000000001 1.568105563214109 0
70.00000000000001 2.000066098227761 0
70.00000000000001 2.401023037572154 0
70.00000000000001 2.784066685686925 0
70.00000000000001 3.167156500181238 0
70.00000000000001 3.557021741121999 0
70.00000000000001 3.939772682585359 0
70.00000000000001 4.310615963825763 0
70.00000000000001 0.3981635526945151 0
70.00000000000001 5.04824970655246 0
70.00000000000001 5.441050559052305 0
70.00000000000001 5.851138566737863 0
70.00000000000001 6.287931995924278 0
70.00000000000001 6.793619489395276 0
70.00000000000001 7.376176841931541 0
70.00000000000001 8.053534940035277 0
70.00000000000001 8.962533112395299 0
70.00000000000001 0.7963271053890302 0
70.00000000000001 1.342546397349573 0
70.00000000000001 1.793664729078644 0
70.00000000000001 2.206467467376878 0
70.00000000000001 2.595578607767429 0
70.00000000000001 2.97255476360642 0
70.00000000000001 3.361758236756056 0
70.00000000000001 3.752285245487943 0
70.00000000000001 4.127260119682775 0
70.00000000000001 4.493971807968749 0
70.00000000000001 4.85770038683491 0
70.00000000000001 5.23879902627001 0
70.00000000000001 5.643302091834599 0
70.00000000000001 6.058975041641127 0
70.00000000000001 6.516888950207428 0
70.00000000000001 7.070350028583124 0
70.00000000000001 7.682003655279957 0
70.00000000000001 8.425066224790598 0
1 22 0 37
674
675
676
677
678
679
680
681
682
683
684
685
686
687
688
689
690
691
692
693
694
695
696
697
698
699
700
701
702
703
704
705
706
707
708
709
710
70.00000000000001 16.09978632837192 0
70.00000000000001 11.96096030372937 0
70.00000000000001 12.64446370821643 0
70.00000000000001 13.2329134336012 0
70.00000000000001 13.73513770145335 0
70.00000000000001 14.17176138397863 0
70.00000000000001 14.58719346756638 0
70.00000000000001 14.98686922866035 0
70.00000000000001 15.36546867140667 0
70.00000000000001 15.73245842931503 0
70.00000000000001 11.04534232753061 0
70.00000000000001 16.47873613575834 0
70.00000000000001 16.86596844357596 0
70.00000000000001 17.24839944151055 0
70.00000000000001 17.63483236730689 0
70.00000000000001 18.04084302861483 0
70.00000000000001 18.46841735263423 0
70.00000000000001 18.95301097139978 0
70.00000000000001 19.60934198850563 0
70.00000000000001 11.59068465506121 0
70.00000000000001 12.33123595239753 0
70.00000000000001 12.95769146403533 0
70.00000000000001 13.50813540316708 0
70.00000000000001 13.96213999973962 0
70.00000000000001 14.38138276821764 0
70.00000000000001 14.79300416691512 0
70.00000000000001 15.18073429040558 0
70.00000000000001 15.55020305240777 0
70.00000000000001 15.91471380622228 0
70.00000000000001 16.28485885052156 0
70.00000000000001 16.67261342099512 0
70.00000000000001 17.05932346615679 0
70.00000000000001 17.43747541686431 0
70.00000000000001 17.83218931774948 0
70.00000000000001 18.24949673948018 0
70.00000000000001 18.68733796578829 0
70.00000000000001 19.21868397701127 0
1 23 0 49
711
712
713
714
715
716
717
718
719
720
721
722
723
724
725
726
727
728
729
730
731
732
733
734
735
736
737
738
739
740
741
742
743
744
745
746
747
748
749
750
751
752
753
754
755
756
757
758
759
66.40546349929478 20 0
61.80220049184035 20 0
55.99439424451859 20 0
49.62035344696346 20 0
43.20266678928064 20 0
37.27860728743564 20 0
32.28624009875632 20 0
28.28215226071516 20 0
25.24046174176444 20 0
23.12339386879425 20 0
21.68199113763673 20 0
20.67485636044589 20 0
19.95450591522691 20 0
19.41536188025703 20 0
18.95295946986192 20 0
18.50577389175972 20 0
18.0661254851949 20 0
17.62509946070612 20 0
17.18610860996263 20 0
16.74677539800786 20 0
16.30858143903393 20 0
15.87597841067106 20 0
15.43796385257293 20 0
14.98622344531809 20 0
19.68493389774197 20 0
19.18416067505947 20 0
18.72936668081082 20 0
18.28594968847731 20 0
17.84561247295051 20 0
17.40560403533438 20 0
16.96644200398525 20 0
16.52767841852089 20 0
16.09227992485249 20 0
15.656971131622 20 0
15.21209364894551 20 0
14.74311172265904 20 0
20.3146811378364 20 0
21.17842374904131 20 0
22.40269250321549 20 0
24.18192780527934 20 0
26.7613070012398 20 0
30.28419617973574 20 0
34.78242369309598 20 0
40.24063703835814 20 0
46.41151011812205 20 0
52.80737384574103 20 0
58.89829736817947 20 0
64.10383199556756 20 0
68.2027317496474 20 0
2 1 0 1369
760
761
762
763
764
765
766
767
768
769
770
771
772
773
774
775
776
777
778
779
780
781
782
783
784
785
786
787
788
789
790
791
792
793
794
795
796
797
798
799
800
801
802
803
804
805
806
807
808
809
810
811
812
813
814
815
816
817
818
819
820
821
822
823
824
825
826
827
828
829
830
831
832
833
834
835
836
837
838
839
840
841
842
843
844
845
846
847
848
849
850
851
852
853
854
855
856
857
858
859
860
861
862
863
864
865
866
867
868
869
870
871
872
873
874
875
876
877
878
879
880
881
882
883
884
885
886
887
888
889
890
891
892
893
894
895
896
897
898
899
900
901
902
903
904
905
906
907
908
909
910
911
912
913
914
915
916
917
918
919
920
921
922
923
924
925
926
927
928
929
930
931
932
933
934
935
936
937
938
939
940
941
942
943
944
945
946
947
948
949
950
951
952
953
954
955
956
957
958
959
960
961
962
963
964
965
966
967
968
969
970
971
972
973
974
975
976
977
978
979
980
981
982
983
984
985
986
987
988
989
990
991
992
993
994
995
996
997
998
999
1000
1001
1002
1003
1004
1005
1006
1007
1008
1009
1010
1011
1012
1013
1014
1015
1016
1017
1018
1019
1020
1021
1022
1023
1024
1025
1026
1027
1028
1029
1030
1031
1032
1033
1034
1035
1036
1037
1038
1039
1040
1041
1042
1043
1044
1045
1046
1047
1048
1049
1050
1051
1052
1053
1054
1055
1056
1057
1058
1059
1060
1061
1062
1063
1064
1065
1066
1067
1068
1069
1070
1071
1072
1073
1074
1075
1076
1077
1078
1079
1080
1081
1082
1083
1084
1085
1086
1087
1088
1089
1090
1091
1092
1093
1094
1095
1096
1097
1098
1099
1100
1101
1102
1103
1104
1105
1106
1107
1108
1109
1110
1111
1112
1113
1114
1115
1116
1117
1118
1119
1120
1121
1122
1123
1124
1125
1126
1127
1128
1129
1130
1131
1132
1133
1134
1135
1136
1137
1138
1139
1140
1141
1142
1143
1144
1145
1146
1147
1148
1149
1150
1151
1152
1153
1154
1155
1156
1157
1158
1159
1160
1161
1162
1163
1164
1165
1166
1167
1168
1169
1170
1171
1172
1173
1174
1175
1176
1177
1178
1179
1180
1181
1182
1183
1184
1185
1186
1187
1188
1189
1190
1191
1192
1193
1194
1195
1196
1197
1198
1199
1200
1201
1202
1203
1204
1205
1206
1207
1208
1209
1210
1211
1212
1213
1214
1215
1216
1217
1218
1219
1220
1221
1222
1223
1224
1225
1226
1227
1228
1229
1230
1231
1232
1233
1234
1235
1236
1237
1238
1239
1240
1241
1242
1243
1244
1245
1246
1247
1248
1249
1250
1251
1252
1253
1254
1255
1256
1257
1258
1259
1260
1261
1262
1263
1264
1265
1266
1267
1268
1269
1270
1271
1272
1273
1274
1275
1276
1277
1278
1279
1280
1281
1282
1283
1284
1285
1286
1287
1288
1289
1290
1291
1292
1293
1294
1295
1296
1297
1298
1299
1300
1301
1302
1303
1304
1305
1306
1307
1308
1309
1310
1311
1312
1313
1314
1315
1316
1317
1318
1319
1320
1321
1322
1323
1324
1325
1326
1327
1328
1329
1330
1331
1332
1333
1334
1335
1336
1337
1338
1339
1340
1341
1342
1343
1344
1345
1346
1347
1348
1349
1350
1351
1352
1353
1354
1355
1356
1357
1358
1359
1360
1361
1362
1363
1364
1365
1366
1367
1368
1369
1370
1371
1372
1373
1374
1375
1376
1377
1378
1379
1380
1381
1382
1383
1384
1385
1386
1387
1388
1389
1390
1391
1392
1393
1394
1395
1396
1397
1398
1399
1400
1401
1402
1403
1404
1405
1406
1407
1408
1409
1410
1411
1412
1413
1414
1415
1416
1417
1418
1419
1420
1421
1422
1423
1424
1425
1426
1427
1428
1429
1430
1431
1432
1433
1434
1435
1436
1437
1438
1439
1440
1441
1442
1443
1444
1445
1446
1447
1448
1449
1450
1451
1452
1453
1454
1455
1456
1457
1458
1459
1460
1461
1462
1463
1464
1465
1466
1467
1468
1469
1470
1471
1472
1473
1474
1475
1476
1477
1478
1479
1480
1481
1482
1483
1484
1485
1486
1487
1488
1489
1490
1491
1492
1493
1494
1495
1496
1497
1498
1499
1500
1501
1502
1503
1504
1505
1506
1507
1508
1509
1510
1511
1512
1513
1514
1515
1516
1517
1518
1519
1520
1521
1522
1523
1524
1525
1526
1527
1528
1529
1530
1531
1532
1533
1534
1535
1536
1537
1538
1539
1540
1541
1542
1543
1544
1545
1546
1547
1548
1549
1550
1551
1552
1553
1554
1555
1556
1557
1558
1559
1560
1561
1562
1563
1564
1565
1566
1567
1568
1569
1570
1571
1572
1573
1574
1575
1576
1577
1578
1579
1580
1581
1582
1583
1584
1585
1586
1587
1588
1589
1590
1591
1592
1593
1594
1595
1596
1597
1598
1599
1600
1601
1602
1603
1604
1605
1606
1607
1608
1609
1610
1611
1612
1613
1614
1615
1616
1617
1618
1619
1620
1621
1622
1623
1624
1625
1626
1627
1628
1629
1630
1631
1632
1633
1634
1635
1636
1637
1638
1639
1640
1641
1642
1643
1644
1645
1646
1647
1648
1649
1650
1651
1652
1653
1654
1655
1656
1657
1658
1659
1660
1661
1662
1663
1664
1665
1666
1667
1668
1669
1670
1671
1672
1673
1674
1675
1676
1677
1678
1679
1680
1681
1682
1683
1684
1685
1686
1687
1688
1689
1690
1691
1692
1693
1694
1695
1696
1697
1698
1699
1700
1701
1702
1703
1704
1705
1706
1707
1708
1709
1710
1711
1712
1713
1714
1715
1716
1717
1718
1719
1720
1721
1722
1723
1724
1725
1726
1727
1728
1729
1730
1731
1732
1733
1734
1735
1736
1737
1738
1739
1740
1741
1742
1743
1744
1745
1746
1747
1748
1749
1750
1751
1752
1753
1754
1755
1756
1757
1758
1759
1760
1761
1762
1763
1764
1765
1766
1767
1768
1769
1770
1771
1772
1773
1774
1775
1776
1777
1778
1779
1780
1781
1782
1783
1784
1785
1786
1787
1788
1789
1790
1791
1792
1793
1794
1795
1796
1797
1798
1799
1800
1801
1802
1803
1804
1805
1806
1807
1808
1809
1810
1811
1812
1813
1814
1815
1816
1817
1818
1819
1820
1821
1822
1823
1824
1825
1826
1827
1828
1829
1830
1831
1832
1833
1834
1835
1836
1837
1838
1839
1840
1841
1842
1843
1844
1845
1846
1847
1848
1849
1850
1851
1852
1853
1854
1855
1856
1857
1858
1859
1860
1861
1862
1863
1864
1865
1866
1867
1868
1869
1870
1871
1872
1873
1874
1875
1876
1877
1878
1879
1880
1881
1882
1883
1884
1885
1886
1887
1888
1889
1890
1891
1892
1893
1894
1895
1896
1897
1898
1899
1900
1901
1902
1903
1904
1905
1906
1907
1908
1909
1910
1911
1912
1913
1914
1915
1916
1917
1918
1919
1920
1921
1922
1923
1924
1925
1926
1927
1928
1929
1930
1931
1932
1933
1934
1935
1936
1937
1938
1939
1940
1941
1942
1943
1944
1945
1946
1947
1948
1949
1950
1951
1952
1953
1954
1955
1956
1957
1958
1959
1960
1961
1962
1963
1964
1965
1966
1967
1968
1969
1970
1971
1972
1973
1974
1975
1976
1977
1978
1979
1980
1981
1982
1983
1984
1985
1986
1987
1988
1989
1990
1991
1992
1993
1994
1995
1996
1997
1998
1999
2000
2001
2002
2003
2004
2005
2006
2007
2008
2009
2010
2011
2012
2013
2014
2015
2016
2017
2018
2019
2020
2021
2022
2023
2024
2025
2026
2027
2028
2029
2030
2031
2032
2033
2034
2035
2036
2037
2038
2039
2040
2041
2042
2043
2044
2045
2046
2047
2048
2049
2050
2051
2052
2053
2054
2055
2056
2057
2058
2059
2060
2061
2062
2063
2064
2065
2066
2067
2068
2069
2070
2071
2072
2073
2074
2075
2076
2077
2078
2079
2080
2081
2082
2083
2084
2085
2086
2087
2088
2089
2090
2091
2092
2093
2094
2095
2096
2097
2098
2099
2100
2101
2102
2103
2104
2105
2106
2107
2108
2109
2110
2111
2112
2113
2114
2115
2116
2117
2118
2119
2120
2121
2122
2123
2124
2125
2126
2127
2128
0.1154503463135091 0.1879684277226472 0
0.1142347309235859 0.3790688558357194 0
0.1152107885367298 0.5848595765178822 0
0.1174654483372093 0.797658606881102 0
0.1207103608354099 1.027364339911154 0
0.1245902243205936 1.262647737747668 0
0.1290433964343228 1.507821112410161 0
0.1338581212128305 1.756108166690192 0
0.1389922815903491 2.009086405131903 0
0.1443248576975069 2.263427858115936 0
0.1498113515714528 2.519119392068262 0
0.1553962163479968 2.775114910165066 0
0.1610386929174024 3.03077992903299 0
0.1667246576829462 3.28642487907331 0
0.1724323820680606 3.541836113669621 0
0.1781636142015511 3.797762822314412 0
0.1839349114235146 4.055482815698185 0
0.1897104610139665 4.31393339535712 0
0.1954873004914087 4.573552881234273 0
0.2012253239827046 4.833127084796521 0
0.2068849695628489 5.091579756833069 0
0.212465283852042 5.349667410101858 0
0.2179437908511113 5.607289903627153 0
0.2233053504756183 5.86491149256321 0
0.2285239855237574 6.122791913791849 0
0.2335701898040709 6.381514035994192 0
0.2384182677987562 6.642588677778368 0
0.242966183205587 6.904545921012509 0
0.247111934724906 7.167278254711234 0
0.2507110080660737 7.430292391763249 0
0.2535711875675577 7.693426177601634 0
0.2554251267010049 7.957181421803962 0
0.2558724573156032 8.222966803248243 0
0.2543020841234196 8.488942139442718 0
0.2498491497468403 8.754241316699208 0
0.2414060240475414 9.015197404252033 0
0.2283034828063036 9.260561122432339 0
0.2292748578920527 0.1947528978544459 0
0.2277285482134525 0.3930829669575263 0
0.23028710925699 0.6015871967883044 0
0.2351956848095283 0.818520761007317 0
0.2418467102989467 1.047456501045563 0
0.2497414081637024 1.283374227151328 0
0.258661407416325 1.526823580784596 0
0.2683104656766431 1.774313514729549 0
0.278542988447583 2.025556895561069 0
0.2891785515749477 2.278650747639901 0
0.3001113558886162 2.533047100002213 0
0.3112453591803189 2.78799692030088 0
0.3225107866225316 3.043071186552705 0
0.3338689475696667 3.298309952622756 0
0.3452875099691318 3.553729813893034 0
0.3567574684720701 3.809765775601633 0
0.368275518156248 4.066889616086683 0
0.3798017995572558 4.32474161236238 0
0.3913077692454565 4.583235349844096 0
0.4027397052218404 4.841755011989404 0
0.4140471459846199 5.099844806998957 0
0.4252039577156099 5.357693059405761 0
0.436173544752524 5.615383256097736 0
0.4469181481517565 5.873179994124428 0
0.4573876847750218 6.131353937996963 0
0.4675186934488247 6.390291769098528 0
0.4772238062562266 6.650413304522761 0
0.4863488894994991 6.911303675761401 0
0.4947004520657247 7.172750161563664 0
0.5020176412565596 7.43450934724438 0
0.5079477361064119 7.696487355857735 0
0.5119987950502857 7.95879867613072 0
0.5134596376556908 8.221556482251893 0
0.5112940305449174 8.483927031738926 0
0.5040221836066053 8.744847374698173 0
0.4895103052552107 9.002353481441169 0
0.464433115643314 9.253430130884182 0
0.3397216455782832 0.2005162384629072 0
0.3400436283963471 0.4044968295459696 0
0.344961141623206 0.6163115030566172 0
0.3529247005730024 0.8362192592127625 0
0.363209252860227 1.065551661131173 0
0.3752541570426947 1.30181600519272 0
0.3887113340878722 1.54437203099044 0
0.4032266207326773 1.791087502578769 0
0.4185619760976655 2.041109137495164 0
0.434490629121303 2.293135374257132 0
0.4508532731201837 2.54649760088305 0
0.4675200382138106 2.800602531106112 0
0.4843960201040415 3.055113530797192 0
0.5014193898173952 3.30997642390352 0
0.5185449883909603 3.565231547750015 0
0.5357467032625607 3.821099996017264 0
0.5529994673114929 4.077747317129957 0
0.5702570158560435 4.335004255371722 0
0.5874719068277772 4.592698732257346 0
0.6045830127132324 4.850492984333425 0
0.6215321123465717 5.108165172628121 0
0.6382724286692956 5.365758005584586 0
0.654751634539573 5.623359250218622 0
0.6709104957260712 5.881139031811488 0
0.6866742295729338 6.139290839551429 0
0.7019451710118083 6.39802180202837 0
0.7165880131638376 6.657455293126724 0
0.7304066130927179 6.91743859480117 0
0.7431434214850318 7.177813510820617 0
0.7544556469645384 7.438420956406582 0
0.7638818751342746 7.699150433628674 0
0.7707880787445039 7.9599230630557 0
0.7742866114800225 8.220560170867556 0
0.773129828321838 8.480556865602072 0
0.7655854771049369 8.739228154208103 0
0.7493145633829739 8.995691653536932 0
0.7215377747591333 9.249113268498224 0
0.4480833719290814 0.2054281279743295 0
0.4512066495418984 0.4140715261541151 0
0.4590915902656534 0.6291468809104332 0
0.470473318078831 0.8515166814544924 0
0.4846285951617266 1.081718328838071 0
0.5009710323113172 1.3183396066246 0
0.5190614399242457 1.56045276750955 0
0.5384949658900524 1.806554122652644 0
0.5589615736827221 2.055686168269522 0
0.5801930388831098 2.306843571425589 0
0.6019868503441067 2.559375788974968 0
0.6241839285632729 2.812785665884763 0
0.6466666482784229 3.066784717391901 0
0.6693524593211059 3.321278765923349 0
0.6921808388474299 3.576275394641047 0
0.7151073258347534 3.831863464151665 0
0.7380881541564648 4.088078352325738 0
0.7610678829206633 4.344804733454236 0
0.7839865475200012 4.601887470486905 0
0.8067769929094104 4.859126558833872 0
0.8293734804446524 5.11639962410779 0
0.8517141124417555 5.373711882792184 0
0.8737316791239742 5.631125167397201 0
0.8953485605182743 5.888746045059741 0
0.9164685200846239 6.146691886040465 0
0.9369671783307112 6.405061786459646 0
0.9566783184714386 6.663883923942312 0
0.9753779872218675 6.923074304965462 0
0.9927736274644108 7.182516810573208 0
1.008481676110634 7.442085810512815 0
1.021994377060051 7.701660003930725 0
1.032630372368901 7.961103662615225 0
1.039463995850234 8.220214180285488 0
1.04122549413475 8.478676690793259 0
1.036142827137661 8.736124242935416 0
1.021607878698633 8.992210991906397 0
0.9932317275156033 9.246761691815303 0
0.5545463029609606 0.2096319395527422 0
0.5612950727890179 0.4222465306510292 0
0.5726081901730777 0.6403355974062722 0
0.587719219329108 0.8648787359878691 0
0.6059717318552444 1.096131907651778 0
0.6267663649548952 1.333187259023913 0
0.6495992559523609 1.575128846008906 0
0.6740196430489064 1.820792820456808 0
0.6996621788064891 2.069273123891404 0
0.7262219074953049 2.319741864010033 0
0.753461702377328 2.571607730080607 0
0.7811972921747534 2.82444137075856 0
0.8092906107036583 3.077983654700764 0
0.8376405025424281 3.332118979995278 0
0.8661704305324763 3.586815903101168 0
0.8948188089177457 3.842084148558027 0
0.9235263732602337 4.097898504024182 0
0.9522281781196322 4.35416202825216 0
0.980855430159745 4.610750250498191 0
1.009335533500695 4.867534513517382 0
1.037595949831781 5.124438206636606 0
1.065563846348457 5.381454601655243 0
1.093160062112925 5.638619247333701 0
1.120293239114742 5.895992381829816 0
1.146852146979917 6.153635007972746 0
1.172696513168557 6.411585243679264 0
1.197645727373384 6.669833497341691 0
1.221466586539629 6.928314784745198 0
1.243860905232107 7.186936260374538 0
1.264446725741743 7.445591548557432 0
1.28273192073002 7.704165926404291 0
1.2980781295654 7.96252872687678 0
1.309653719196188 8.22052028862548 0
1.316375285003865 8.477954132865259 0
1.316840168730245 8.734655700152302 0
1.309279184816989 8.990516439104629 0
1.291716534742465 9.245560161265271 0
0.659951566363738 0.2132747935166064 0
0.6704600228153892 0.4293124476833913 0
0.6854812601747073 0.6501204152104758 0
0.7045784261799068 0.8766267197938135 0
0.7271385438499159 1.108983075001183 0
0.7525418812226742 1.346542592814301 0
0.7802332204764448 1.5884865769956 0
0.8097203471678126 1.833867118142509 0
0.8405946153842593 2.081874318612364 0
0.872519513904644 2.331806159607559 0
0.9052300569606584 2.583137936618578 0
0.938520496062129 2.835492592587543 0
0.9722347099162775 3.088631802505356 0
1.006254991119658 3.342427146776136 0
1.040489675115036 3.596816006426446 0
1.074862249525975 3.85176147739836 0
1.109300794459664 4.107208556830827 0
1.143731877469476 4.363069079566022 0
1.178080108826633 4.619242986078847 0
1.212268247527245 4.875639280542519 0
1.246218354582664 5.132202633011048 0
1.279850233059801 5.388919283915087 0
1.313076815021383 5.645803140642528 0
1.34579876181266 5.902881044497303 0
1.377897919821482 6.160175924248477 0
1.409229800202278 6.417691265500512 0
1.439615122770513 6.675399702687105 0
1.468830900859564 6.933242579989225 0
1.496600756383006 7.191141277167929 0
1.522582232507619 7.449005498915945 0
1.546350706260661 7.706737315188508 0
1.567380042101397 7.964231630060935 0
1.585020833405367 8.221378439309792 0
1.598476558733341 8.478074811031252 0
1.60677233918694 8.734249990709078 0
1.608685648126776 8.989895072580486 0
1.602502502104487 9.24508818210932 0
0.7646596424261148 0.216458919606604 0
0.7787772277411011 0.4354710566471498 0
0.7976873597246097 0.6587097890325575 0
0.8209922260517794 0.8869998669935086 0
0.8480567675416681 1.120447280117883 0
0.8782238053512579 1.358555050432196 0
0.9108921191890046 1.600614522765176 0
0.9455322943852673 1.845833288293218 0
0.9817011263033033 2.093503159880477 0
1.019035742166502 2.343021271915544 0
1.057248747752944 2.593925856285327 0
1.096116397707532 2.84588245523315 0
1.135467010976742 3.098669471473486 0
1.17516850267062 3.352151232153724 0
1.215115855554977 3.606243698914594 0
1.255220119834675 3.86088289793189 0
1.295399265795115 4.115998849786557 0
1.335572912212466 4.371508825728445 0
1.375660771145572 4.627328850691902 0
1.415582136346236 4.883387555149664 0
1.455255572754654 5.139638643314381 0
1.494596966308521 5.396061845926384 0
1.533515891184004 5.65265413304597 0
1.571911269948971 5.909418751175972 0
1.609666454692636 6.166353801323825 0
1.646643968281385 6.423442815787904 0
1.682680140764177 6.68064955357828 0
1.717579921592288 6.937919060427904 0
1.751111775663289 7.195183484975868 0
1.783002303151742 7.452367563419751 0
1.812931296303082 7.709392877773275 0
1.840528965764155 7.9661818680202 0
1.865378459136356 8.222664150649928 0
1.887028908319863 8.478787348959399 0
1.905029216940114 8.734531545501172 0
1.919009888017905 8.989922438418375 0
1.928905427232943 9.245037511833683 0
0.8685837675422557 0.2192534548861246 0
0.8862318161699894 0.4408684663517725 0
0.9091999180442183 0.6662741847101225 0
0.9369213238904641 0.8961839850258317 0
0.9686781961751292 1.130676479375759 0
1.003760496544547 1.369349494029966 0
1.041523774012995 1.611595149907316 0
1.081405786942609 1.85674222991464 0
1.122935597238327 2.104176990954631 0
1.165728905161058 2.353378874266846 0
1.2094805002891 2.603942373067806 0
1.253951917853785 2.855568899045618 0
1.298958474063953 3.10805150295205 0
1.344356008483341 3.361251377760405 0
1.390028331032019 3.615071139365727 0
1.435876537158852 3.869431397566282 0
1.481810799453343 4.124254601674417 0
1.527745479937647 4.379461565386003 0
1.573596971630734 4.63497782593399 0
1.619282612773614 4.890741612411466 0
1.664719698106639 5.146709258822733 0
1.709823636704151 5.402854039809623 0
1.754505292045747 5.659159886108783 0
1.798668010759716 5.915613577279411 0
1.842204605750066 6.172197252385586 0
1.884994591746294 6.428882929579226 0
1.926901987953746 6.685630255063851 0
1.967774018211186 6.942387869465834 0
2.00744100966291 7.199097156292527 0
2.045718036768646 7.455696418568357 0
2.082409669368835 7.712125046746648 0
2.117320139272942 7.968328164852108 0
2.150272385889697 8.224262548817077 0
2.181140700754974 8.479903867894803 0
2.209902508276905 8.735253715450671 0
2.236711707363977 8.990343569785921 0
2.261971918785999 9.245232906429017 0
0.9715140700213818 0.2217110066902079 0
0.9927662240978372 0.4456153528525588 0
1.019996661696805 0.6729511561092699 0
1.052345258594843 0.9043265599293406 0
1.088976327836714 1.139798635556982 0
1.12912035667846 1.379030573283289 0
1.172093428715309 1.621501534340539 0
1.217305346855827 1.866639271886252 0
1.264263249604896 2.113914007158317 0
1.312566008789729 2.362875197764313 0
1.361894619486068 2.613166670339206 0
1.411998989922065 2.864520644798919 0
1.462683989801303 3.116743564795287 0
1.513795734204329 3.369696464426121 0
1.565209147297156 3.623274368571897 0
1.616817715775967 3.877389283402269 0
1.668525922945364 4.131959737471747 0
1.720244575038954 4.386908577534473 0
1.771888332670553 4.642166265223265 0
1.823374301349487 4.8976749095382 0
1.874620882997743 5.153390099236479 0
1.925546373289381 5.409278935788726 0
1.976067366347837 5.665315341001093 0
2.026097293614019 5.921474626352609 0
2.075545387983944 6.177728714238295 0
2.124316393347622 6.43404307597899 0
2.172311374383861 6.690375952465105 0
2.219430041044228 6.946679759669548 0
2.265575130532188 7.202903895674361 0
2.310659724174414 7.458998083338342 0
2.354618950309448 7.714915967999552 0
2.397428156815715 7.970619023307307 0
2.439130259437777 8.226080738545887 0
2.479875506673253 8.481290536283002 0
2.519977406921009 8.73625619994643 0
2.559990122061756 8.991003292178679 0
2.600822057013355 9.245570420212848 0
1.073228046734625 0.2238747420852462 0
1.098320802723201 0.4497984577917428 0
1.130071744726393 0.6788515305249225 0
1.167263959506174 0.9115457719772206 0
1.208944720203118 1.147919633299501 0
1.254289790312074 1.387685212634908 0
1.302581947616627 1.630396164123114 0
1.35320850632002 1.875563532473724 0
1.405659945084366 2.122731204182286 0
1.459522574317862 2.371508950780188 0
1.514467209862545 2.621583597008778 0
1.570235043668989 2.872714101557263 0
1.62662298940161 3.124719276511934 0
1.68346974312501 3.377461919294209 0
1.740643564929605 3.630833158712973 0
1.798032482752043 3.884740206193865 0
1.855537204470197 4.139099297929609 0
1.913066624002608 4.393833985800402 0
1.970535261254889 4.648876555728679 0
2.027861797645136 4.904169666418697 0
2.084968116298645 5.159666403039272 0
2.141778556196855 5.415328153522566 0
2.198219450560745 5.671121089154518 0
2.25421919349445 5.927012452421675 0
2.309709107744475 6.182967585699411 0
2.364625421246859 6.438948319643723 0
2.418912706345978 6.694912936130366 0
2.472529216851291 6.950817500635709 0
2.525454708074586 7.206618070125169 0
2.577701576032352 7.462273304363868 0
2.629330455464001 7.717747225384364 0
2.680471634190994 7.973011949815846 0
2.731353617763883 8.228050092915231 0
2.782339644758021 8.482856280241787 0
2.833971339882298 8.73743700469533 0
2.887014450389824 8.991808150771329 0
2.942489445999039 9.24598995930554 0
1.173333834952497 0.2257758192516096 0
1.202871847419418 0.4534873220708925 0
1.239447273790977 0.684064641092562 0
1.281698875336638 0.9179363659578678 0
1.3285952134693 1.155125677513603 0
1.379271021039222 1.395384363981647 0
1.432983857927283 1.638330656994532 0
1.489104356811472 1.883547352848967 0
1.547111220293369 2.130642959773375 0
1.606582146325451 2.379279621589264 0
1.667181063939257 2.629181575960763 0
1.728643167550437 2.880131039743343 0
1.790759778211586 3.131958096179296 0
1.8533643497477 3.384528280315473 0
1.916320535131698 3.637730904645029 0
1.979512827219086 3.891470299272198 0
2.042839874538709 4.145660899111494 0
2.106210199660668 4.400225767149569 0
2.169539727525642 4.655096897569502 0
2.232750492028282 4.910215502982783 0
2.295770094232944 5.16553125313333 0
2.358531739625029 5.421000303517333 0
2.420974920556115 5.676582682171929 0
2.483046932064106 5.932239792586138 0
2.544705451406702 6.187932619008128 0
2.605922445193639 6.443620963570588 0
2.666689710848038 6.69926375538475 0
2.727026427213921 6.954820223779715 0
2.786989190376764 7.210251598908415 0
2.846685127919821 7.465523021384707 0
2.906288748798803 7.72060541455085 0
2.966063084671649 7.975477076104512 0
3.026385283242421 8.230124671542114 0
3.087775984847757 8.484543228778218 0
3.150930493550099 8.738734749034865 0
3.216748422397993 8.992705240314198 0
3.286360081601108 9.246460331825732 0
1.272094001485019 0.227450731169181 0
1.306487204402929 0.4567395510084917 0
1.348178544541492 0.6886622252426106 0
1.395691807019479 0.9235736672687362 0
1.447955498175925 1.161485523954733 0
1.504079679955755 1.402184408557231 0
1.563305279238703 1.645345898905493 0
1.624991960626467 1.890615939899608 0
1.688611164362246 2.137660079096349 0
1.753735611440935 2.386186204309062 0
1.820025349707962 2.635951044261407 0
1.887212082556833 2.886756915642689 0
1.955083719926552 3.138443851844778 0
2.023470455940179 3.390880282395275 0
2.092233169547697 3.643954575966302 0
2.161254496686811 3.897568876363759 0
2.230432533595671 4.15163564368346 0
2.299676829727787 4.406076357910351 0
2.368906151801744 4.660821214787715 0
2.438047530753772 4.915808719376713 0
2.507036278269713 5.170984626092806 0
2.575816858978572 5.426300246896087 0
2.644344667274109 5.681710538492162 0
2.712588843489873 5.93717244893063 0
2.780536299925764 6.192643870214623 0
2.848197151074553 6.448083348411334 0
2.915611769075884 6.703450507519304 0
2.982859720198682 6.958706999255024 0
3.05007087153764 7.213817728359365 0
3.117438956135334 7.468752110362529 0
3.185237789114331 7.723485142052048 0
3.25384006330795 7.977998062112245 0
3.323738155247889 8.232278362075098 0
3.39556561084024 8.486318920512462 0
3.47011700127562 8.740116123270116 0
3.548362735605808 8.993667014502602 0
3.631453644865873 9.246965765451273 0
1.369441173693637 0.2289231228911686 0
1.409271059598589 0.4596010261765358 0
1.456346961150051 0.692700960469574 0
1.50930112946123 0.9285164203311301 0
1.567066029498517 1.167052373357197 0
1.628742236396796 1.408128341858498 0
1.693561824709286 1.651472388911388 0
1.760878731058908 1.896787232435738 0
1.830161248438943 2.143789218966766 0
1.900980445710369 2.392226341342891 0
1.972995218747899 2.641883391932557 0
2.045936047621948 2.892579759650191 0
2.119589382194408 3.144163812090855 0
2.193783894560002 3.396506345262603 0
2.268379260846076 3.649494769488326 0
2.343257677325114 3.903028938415708 0
2.418317970223272 4.157018759592705 0
2.493471933952887 4.411383100558701 0
2.568642445926383 4.666049209219308 0
2.643762968573373 4.920952008636208 0
2.718778196187363 5.176033005078748 0
2.793645755178785 5.431238904390226 0
2.8683389776092 5.686520230902901 0
2.942850824780573 5.9418302482051 0
3.017199059711544 6.197124370264005 0
3.091432776687552 6.452360108465052 0
3.165640401510224 6.707497472423804 0
3.239959275384385 6.96249965944231 0
3.31458691286798 7.217333836675249 0
3.389793949811474 7.471971825080032 0
3.465938631632901 7.726390507978735 0
3.543482402328177 7.980571797394897 0
3.623005732644964 8.234502010671584 0
3.705222813440781 8.488170560998192 0
3.790993256965927 8.741567962875324 0
3.881328731938498 8.99468328905075 0
3.977393082661148 9.247501355545724 0
1.465875813895725 0.230218620849467 0
1.511389957029823 0.4621085019272004 0
1.564053078764145 0.6962245018187735 0
1.622596921106578 0.9328088917317043 0
1.685976681118528 1.171865429661711 0
1.75329344655927 1.413246797335202 0
1.823776585597935 1.65673069550371 0
1.896778884939881 1.902071974597992 0
1.971769209034823 2.149032641402024 0
2.048319997893896 2.397395858712801 0
2.126091444476463 2.646970357564737 0
2.204814803121027 2.897589555154919 0
2.284276740330333 3.149108211527201 0
2.364305858782581 3.401398395432034 0
2.444761914055652 3.654345894585858 0
2.525527805239562 3.90784763484231 0
2.60650412911242 4.161810137943073 0
2.687605930431069 4.416148663899032 0
2.768761250827337 4.670786560357175 0
2.849911153125565 4.925654480567636 0
2.931011018437835 5.180689383124508 0
3.012033024311649 5.435833433581855 0
3.092969785724102 5.691033016493332 0
3.173839173618805 5.946238036852924 0
3.254690332625993 6.201401597289697 0
3.335610914410675 6.456480034764702 0
3.41673553010468 6.711433219320565 0
3.498255399338492 6.966224971864072 0
3.580429120315906 7.220823446080168 0
3.663594385479656 7.47520132843812 0
3.748180303654838 7.729335726918129 0
3.834719760461901 7.983207641034177 0
3.923860981868672 8.236800940613644 0
4.016377230720168 8.490100836952688 0
4.11317348143591 8.743091906643857 0
4.215289136840342 8.995755810608248 0
4.32389645688361 9.248068911359677 0
1.561579098898858 0.2313533713835372 0
1.613000742905706 0.4642893030842339 0
1.671403656722178 0.6992648744129035 0
1.735655797663864 0.9364824528260478 0
1.804743571390959 1.175951162834662 0
1.877774011750406 1.41755894043488 0
1.953978308830398 1.661131984763529 0
2.032712059953051 1.906473979549516 0
2.113448075616795 2.153388264660407 0
2.195762903054184 2.401688666207907 0
2.279320186209131 2.651203837220424 0
2.363853644591313 2.901778044660388 0
2.449151522351715 3.153270163206016 0
2.535043486860504 3.405551976213287 0
2.62139034572386 3.658506508597312 0
2.708076556435349 3.912026760145468 0
2.79500527016434 4.166014868304988 0
2.882095549524475 4.420381504603356 0
2.969281404880372 4.675045264341284 0
3.056512368886623 4.92993191709077 0
3.14375542515971 5.184973538873488 0
3.230998185312555 5.440107651678997 0
3.318253252966699 5.695276516829844 0
3.405563726398504 5.950426680165104 0
3.493009785234 6.205508789278516 0
3.580716290706575 6.460477630597669 0
3.66886130561114 6.715292285283664 0
3.757685404354739 6.96991628215841 0
3.847501586079082 7.224317627423964 0
3.938705516122059 7.478468605284629 0
4.031785702844784 7.732345264138985 0
4.127333084707588 7.985926529393965 0
4.226049396988303 8.239192919211728 0
4.328753675832484 8.492124884149975 0
4.436386427113573 8.744700839045789 0
4.550011428297165 8.99689499067585 0
4.670815916725122 9.248675066967046 0
1.656861880063286 0.2323402782543768 0
1.714260182580561 0.4661628666414563 0
1.778505765364534 0.7018437370352077 0
1.84855704169746 0.9395568017599282 0
1.923426438264265 1.179324321204782 0
2.002228591159912 1.421073257853408 0
2.084199851932236 1.664678609011282 0
2.168702170796711 1.90999057398536 0
2.255215418341216 2.156849990654039 0
2.343322706523431 2.405096994303074 0
2.432692959881126 2.654576063517174 0
2.523063703651548 2.905138905786942 0
2.614225764322106 3.15664589930846 0
2.706010660924273 3.408966606216993 0
2.798280899983856 3.661979802986647 0
2.89092305707279 3.915573323965113 0
2.983843354445582 4.169643819666359 0
3.076965386174374 4.424096397820855 0
3.170229667593599 4.678844095879498 0
3.263594756236872 4.933807199738166 0
3.357039766015983 5.188912500971851 0
3.450568147996047 5.444092618108304 0
3.544212632131392 5.69928548388163 0
3.638041221258117 5.954434040079088 0
3.732164112906385 6.20948611541405 0
3.826741404021797 6.464394412151459 0
3.921991410000107 6.719116502351658 0
4.018199399110403 6.973614732092504 0
4.115726501768769 7.227855943938341 0
4.215018500585676 7.481810946493013 0
4.316614150503489 7.735453681130179 0
4.421152641308749 7.988760059709401 0
4.529379835183653 8.241706473610586 0
4.64215303978977 8.494268000913999 0
4.760444366822515 8.746416356928414 0
4.88534322491728 8.998117630502881 0
5.018059240777527 9.249329808761482 0
1.751887602671779 0.2331871676664787 0
1.815302553552325 0.4677413754141367 0
1.88546174521738 0.7039733147134902 0
1.961379895260492 0.9420408679124369 0
2.042086661634948 1.181988725922384 0
2.1267042318361 1.423788265924721 0
2.214476964739724 1.667364761166259 0
2.304776557894648 1.912613222430284 0
2.397092876712825 2.15940829452247 0
2.491017763783767 2.40761194053101 0
2.586226880945433 2.657080111942566 0
2.682462497176715 2.907668242521292 0
2.77951862959432 3.159235285199145 0
2.877229064830397 3.411646346108419 0
2.975458318797736 3.664774226101619 0
3.074095344870837 3.918500203145887 0
3.173049682233316 4.172714281786531 0
3.272249710199101 4.427315038922602 0
3.371642711243463 4.682209169704573 0
3.471196509052295 4.937310860998792 0
3.570902503805405 5.192541138645806 0
3.670779955975395 5.447827314805426 0
3.770881371106547 5.703102604489554 0
3.871298821861317 5.958305909875393 0
3.972171022645824 6.213381713109679 0
4.073690953971087 6.468279986985019 0
4.176113819503374 6.722956028037624 0
4.279765105731378 6.977370129556335 0
4.385048500101272 7.23148703219433 0
4.492453411100022 7.485275110075078 0
4.602561833691117 7.738705267938472 0
4.716054333965638 7.991749540281953 0
4.833715008762019 8.244379396360404 0
4.956435419598122 8.496563761788705 0
5.085217675088267 8.748266760793578 0
5.221176900828128 8.999445152777334 0
5.365542863885571 9.250045373940313 0
1.84680334579443 0.2338985031707384 0
1.916247321521927 0.4690306247030971 0
1.992368349415835 0.7056570904580712 0
2.07420212894869 0.9439334350505915 0
2.160785916292741 1.183937876589895 0
2.251249216016419 1.425693165077977 0
2.344847417248221 1.669177211350796 0
2.44096546486182 1.914328337423145 0
2.539106016319353 2.161051066040683 0
2.638871467761983 2.4092242975111 0
2.739945229391707 2.658710690093039 0
2.842074789162881 2.909365336966271 0
2.945057529009428 3.161042552050803 0
3.048729530580125 3.413600529823799 0
3.152957289304782 3.66690421633861 0
3.257632098971104 3.920826864408003 0
3.362666795275382 4.175250660046717 0
3.467994541247128 4.430066702633222 0
3.573569380590318 4.685174573960967 0
3.679368342652936 4.940481718539481 0
3.785394923062058 5.195902830489306 0
3.891683772735783 5.451359378057171 0
3.998306410317094 5.706779307745657 0
4.105377745293915 5.962096886821699 0
4.213063176775747 6.217252590776197 0
4.321586023868536 6.47219292851084 0
4.431235047387829 6.72687011355902 0
4.542371834859234 6.981241518149014 0
4.655437838356467 7.235268874080159 0
4.770960879790605 7.488917202928067 0
4.889560978284669 7.742153467456866 0
5.011955418347315 7.994944938693011 0
5.1389630676803 8.247257270022427 0
5.271508049762518 8.499052258247019 0
5.41062291725716 8.75028524535678 0
5.557451344423012 9.000902065750632 0
5.713249973074968 9.250835364835412 0
1.941721225361768 0.2344757643033492 0
2.017200350149697 0.4700304924185199 0
2.099316838897944 0.706890185291721 0
2.187099400007827 0.9452234940097978 0
2.279585324844438 1.185155395038421 0
2.37591228417678 1.426768472358445 0
2.475350473303931 1.670096151045906 0
2.577301868903545 1.915118286772242 0
2.68128454971823 2.161764693497638 0
2.786912841825453 2.409925632264634 0
2.893878371118751 2.659465162303805 0
3.001933792562516 2.910233604752358 0
3.110879561871287 3.162077191649437 0
3.220553686411473 3.414844612754795 0
3.330824275765747 3.668391011064095 0
3.441584640970484 3.922580133588105 0
3.552750641539302 4.177285203995027 0
3.664259982097573 4.4323889373637 0
3.776073209054098 4.687783047200015 0
3.88817621383826 4.943367558227149 0
4.000584076906675 5.199050175082496 0
4.11334607403783 5.454745847945985 0
4.226551627045199 5.710376548332071 0
4.340336940694541 5.965871166115428 0
4.454892047296743 6.221165391484436 0
4.570467987507437 6.476201453285851 0
4.68738388548782 6.730927626497843 0
4.806033719167475 6.985297468734021 0
4.926892634960635 7.239268778880484 0
5.050522710286931 7.49280228345521 0
5.177578131082528 7.745860051622602 0
5.308809829928395 7.998403625096111 0
5.44506972342703 8.250391828880394 0
5.587314791455946 8.501778201833632 0
5.736611373996614 8.752507946081328 0
5.89414035521098 9.002514231686128 0
6.061204847697932 9.251713594063292 0
2.036731162627513 0.2349176811910748 0
2.118258490248334 0.4707351405298149 0
2.206393982259967 0.707659429919415 0
2.30014512837379 0.945890337950435 0
2.398544975940028 1.185615337297805 0
2.50074217869705 1.426986671086406 0
2.606026702149125 1.67009617753824 0
2.71382168236584 1.914962611844973 0
2.823662949102881 2.161535378652327 0
2.935177524206174 2.409709581523604 0
3.048065054022215 2.65934475734365 0
3.16208272102363 2.910281694346782 0
3.277033280341624 3.162354955490156 0
3.392755903504101 3.415401087320024 0
3.509119628545015 3.669263492170006 0
3.626019195804681 3.923794980917399 0
3.743372987832154 4.178858743772759 0
3.861122792590969 4.434328270131737 0
3.979235170204088 4.690086673768963 0
4.097704267278134 4.946025840171862 0
4.216555939927357 5.202045718197895 0
4.335853006088525 5.458053912147599 0
4.455701377441462 5.71396554608307 0
4.576256763887791 5.969703241355774 0
4.697731628551613 6.225197008899163 0
4.820402103264159 6.480383899035806 0
4.944614639121685 6.735207330986221 0
5.070792244229058 6.989616096543254 0
5.199440237707937 7.24356307008648 0
5.331151522705216 7.497003656336465 0
5.466611456901322 7.749893980070794 0
5.606602485159713 8.002188784270945 0
5.752008803880296 8.253838964787519 0
5.903821463186051 8.50478863091732 0
6.063144507839682 8.754971534233785 0
6.231203031115395 9.004306639479314 0
6.409354181524436 9.252692506331735 0
2.131930171336229 0.2352204650443424 0
2.219513375516993 0.4711329185981313 0
2.313683157824793 0.7079431131143784 0
2.413410620272589 0.9459034097080338 0
2.517723680044091 1.1852824091674 0
2.625787454509457 1.42631292575832 0
2.73691812179825 1.669147458012022 0
2.850564342972002 1.913839471117062 0
2.966281471874134 2.160350666286019 0
3.083709157193999 2.408573320641708 0
3.202554081137048 2.65835590123465 0
3.322576683516464 2.909524668074893 0
3.443580763862992 3.161898900458832 0
3.565405523699637 3.415300417104258 0
3.687919949374947 3.669559028785767 0
3.811019389189032 3.924515290466959 0
3.934624055232565 4.180021408163286 0
4.058679178150982 4.435940900207962 0
4.183156637591945 4.692147579547054 0
4.308057978945846 4.94852441283324 0
4.433418732596406 5.204962683375232 0
4.559313866681546 5.461361631031837 0
4.685864083585699 5.717628468074819 0
4.813242587327419 5.973678497839241 0
4.941681945197788 6.229435043599972 0
5.071480738516881 6.484828995005073 0
5.203009811029711 6.739797919829392 0
5.336718042209368 6.994284796020008 0
5.473137674624909 7.248236456526776 0
5.612889307936218 7.501601811852096 0
5.75668674987033 7.754329851327701 0
5.905342005184619 8.006367354695465 0
6.059770805670431 8.257656188615519 0
6.220999254937811 8.508130019138015 0
6.390172393038795 8.757710228737558 0
6.568565773312157 9.006300766824644 0
6.757601526310206 9.253781566274823 0
2.227392934505328 0.235377506962677 0
2.321052888171595 0.4712059330057205 0
2.421265349497429 0.7077103863100741 0
2.52696527982475 0.9452219101328221 0
2.637178858347532 1.184112130233501 0
2.751096514769754 1.424705921986437 0
2.868068678054632 1.667217118599678 0
2.987573813642699 1.911727320607326 0
3.10918761456881 2.158201163671325 0
3.232561181617079 2.4065191549203 0
3.357406347176759 2.656511611883675 0
3.483484899186417 2.907985202182387 0
3.610599976657059 3.160740426614939 0
3.738589339142323 3.414581945067747 0
3.867320682071876 3.669324281163602 0
3.996688949562577 3.924794584716832 0
4.126615345515997 4.180833302073604 0
4.257047763015168 4.437293367066165 0
4.387962525281091 4.694038621487022 0
4.519367468732565 4.950942234251888 0
4.651306384148786 5.207885705996366 0
4.783864665444285 5.464758640514725 0
4.917175807532138 5.721459043613482 0
5.051428273721827 5.977893684296464 0
5.186872274687186 6.233978084798721 0
5.323826139403939 6.489635913022541 0
5.462682145012568 6.744797790401646 0
5.603911842092062 6.999399682039813 0
5.748071033198997 7.253381059687074 0
5.895804643125563 7.506682947435379 0
6.04785179219177 7.759245834898282 0
6.20505149475022 8.011007328793172 0
6.368349614862482 8.261899340064362 0
6.538808132572775 8.511844568582413 0
6.717618691070276 8.760752028394197 0
6.906124613766789 9.008511318484056 0
7.105861447854867 9.25498523332501 0
2.323222583063637 0.2353792300022889 0
2.422964159088046 0.4709292850860385 0
2.529220084817477 0.7069202892541886 0
2.64087679514339 0.9437941779229189 0
2.756966475556239 1.18205100663511 0
2.876717847643083 1.422118906412266 0
2.999525079658712 1.664270908708961 0
3.124900018735713 1.908606836721718 0
3.252438004323862 2.15508241391437 0
3.381799023280279 2.403556172382361 0
3.512697209314629 2.653832888353907 0
3.644893196698116 2.905694746145316 0
3.778187371786179 3.158920259880546 0
3.912414287545768 3.413294739336842 0
4.047438891769882 3.668615936283107 0
4.183154577642657 3.924696681000675 0
4.319482624611005 4.181365128987369 0
4.456372720248782 4.438463190255057 0
4.593804587332088 4.695844080767824 0
4.731790961780313 4.95337011705602 0
4.870382105734455 5.210911585170019 0
5.009671718014865 5.468346836383669 0
5.149803744966912 5.725563102646555 0
5.29097942470176 5.982457244984392 0
5.433463979555163 6.238935799740239 0
5.577592628918834 6.494914089331868 0
5.72377589427344 6.750314561657578 0
5.872504400335445 7.005064730477012 0
6.024353503110256 7.259095064511906 0
6.179988129216948 7.512336988588538 0
6.34016826251557 7.764720932497657 0
6.505755649505771 8.016174187238553 0
6.67772261029719 8.266618244764205 0
6.857164459857288 8.515965294764221 0
7.045318106983112 8.764113587199788 0
7.243590842451912 9.010941388721989 0
7.45360370507596 9.25629922144511 0
2.419487305336741 0.2352125010393392 0
2.525332715444614 0.4702698667981431 0
2.637626195359587 0.7055203367711358 0
2.75521118172186 0.9415568598864787 0
2.877140935734507 1.179036797574048 0
3.002700467169685 1.418501020635718 0
3.131338033646456 1.660275193972685 0
3.26260075014227 1.904463076337939 0
3.396100728449172 2.150996872538866 0
3.531502642745038 2.399701887192939 0
3.668519148953081 2.650350026686754 0
3.806906753477061 2.902694589043237 0
3.946460701276511 3.156489344427267 0
4.08701032471587 3.411498351174719 0
4.228416193754748 3.667501353795401 0
4.370568945920584 3.924296263954113 0
4.513389032344448 4.181698754849777 0
4.656827039830515 4.439539496064924 0
4.800864868525808 4.697660391530438 0
4.945518391849134 4.955911535082596 0
5.090842052483726 5.214150080954377 0
5.236935224157372 5.472241045651537 0
5.383949554398392 5.730059021292445 0
5.532096291057028 5.987489486262408 0
5.681652816384392 6.244428812642376 0
5.832968085190458 6.500782817722121 0
5.986467140214156 6.75646434652898 0
6.142655179139626 7.011390622733262 0
6.302121743006055 7.265480953495776 0
6.46554557432889 7.518654991751517 0
6.633700702875805 7.770831362751176 0
6.807464534105298 8.021926203913173 0
6.987829390352838 8.271851097783738 0
7.17592061599867 8.520509959461268 0
7.373028413549731 8.767794588282051 0
7.580671142780121 9.013578699347685 0
7.800737717337831 9.257710128741994 0
2.516299142363187 0.2348598138337614 0
2.62824603229273 0.469184609416703 0
2.746562711882103 0.7034445885748442 0
2.870032527649429 0.938433912880742 0
2.997754871196617 1.174998998172113 0
3.129094603079021 1.413799045805109 0
3.263563955285773 1.65519933013295 0
3.400744080945186 1.899287852036669 0
3.54025808971375 2.145955918896782 0
3.681769403050667 2.394983794217019 0
3.824984669975956 2.646103797776801 0
3.969653027634834 2.89903679443497 0
4.115561994798093 3.153509626352123 0
4.26253343900846 3.409263472319561 0
4.410421794268814 3.666059108275946 0
4.559113793333505 3.923679365705375 0
4.708528297229282 4.181927724363569 0
4.858615934629685 4.440623670191219 0
5.009359322548683 4.699596966817456 0
5.160775159693807 4.958683553517299 0
5.312919058055853 5.217724792776623 0
5.465892765482033 5.476569681374968 0
5.619852408382409 5.735078040461288 0
5.775016196938767 5.993122540497356 0
5.931670558957483 6.250588362457105 0
6.090174527902496 6.507370641424874 0
6.250962956003424 6.763370826582693 0
6.414549470795469 7.018493313319519 0
6.581530058978109 7.272643257081871 0
6.752587942643728 7.525725731976571 0
6.928500253121476 7.777645730827135 0
7.110147099935276 8.028308151050878 0
7.29852402536879 8.277616911967089 0
7.494759155202656 8.525472605717948 0
7.700134593353929 8.771768455657893 0
7.916099282400372 9.01638475604029 0
8.1442047757434 9.259182597096444 0
2.613703809542085 0.2342985056670215 0
2.731793108719184 0.4676179823047658 0
2.856109453802549 0.7006111071061233 0
2.985402165551791 0.9343355236277062 0
3.118858788498256 1.169859715120214 0
3.255952749240494 1.407959698221294 0
3.396267261520447 1.649018461604301 0
3.539411321523134 1.893082275000341 0
3.685009755495752 2.139981813353717 0
3.832717192287205 2.38944074916409 0
3.982229372729397 2.641146432675106 0
4.133284841391514 2.89478498607438 0
4.285660680359634 3.150054731279922 0
4.439168779192374 3.406672490025255 0
4.593655608117038 3.664379417309347 0
4.749003086382411 3.922943752663445 0
4.905128052635281 4.182157760922648 0
5.061980415345146 4.441830110849595 0
5.219541649894976 4.701777222821109 0
5.377826082472746 4.961817968761364 0
5.536886420434175 5.221774150678184 0
5.696822624697896 5.481475348790515 0
5.857791604705908 5.740764391322912 0
6.020015288548404 5.999500080458482 0
6.18378575312793 6.257555756434289 0
6.349467640408972 6.514814627344196 0
6.517499211006237 6.771164228081592 0
6.688393666797588 7.026492347391387 0
6.862741988545541 7.280685692309171 0
7.041217878094915 7.533631168405778 0
7.22458485763867 7.785218586168342 0
7.413705397756287 8.035343191486808 0
7.609552167816581 8.283906644264398 0
7.813222252336216 8.530815719235326 0
8.02595808368303 8.775978837572143 0
8.249194057054961 9.019301324327454 0
8.484727199571713 9.260680590140295 0
2.711821471883141 0.2334984987387012 0
2.836073077218142 0.465498357243735 0
2.966347081863211 0.6969187177740873 0
3.101376929777519 0.9291571129813402 0
3.240500629957967 1.163535183221762 0
3.383331272659803 1.40093263562742 0
3.529523388712432 1.64171676737304 0
3.678700536185488 1.88585938152671 0
3.830476241422247 2.133109488848095 0
3.98448772095007 2.383124087427468 0
4.140415144788665 2.635542378971873 0
4.297983592320668 2.89001499633746 0
4.456956839481026 3.146210562234634 0
4.617133874105968 3.403819942842403 0
4.778351418091452 3.662564441031114 0
4.94048622732664 3.922199225432329 0
5.103453280362317 4.182507312545621 0
5.267201115273878 4.443287209760687 0
5.431707458042276 4.704339954274691 0
5.596979589814896 4.965462761641609 0
5.763061688564218 5.226452520187561 0
5.930046760667685 5.487115310863633 0
6.098088502580049 5.747275114426508 0
6.267409377989959 6.006776744232584 0
6.438303431837292 6.265481708100863 0
6.611135100062547 6.523259708992667 0
6.786336852944182 6.779980367330558 0
6.964408384567251 7.035508927015707 0
7.145918887875758 7.289707416429599 0
7.331512443988493 7.542440261876014 0
7.521915330166388 7.793581750036767 0
7.717943342117025 8.043022429490385 0
7.920506708848988 8.290672316389456 0
8.130608801188643 8.536460155527903 0
8.349329152471038 8.780329524105339 0
8.577756069828256 9.022233803415942 0
8.816714724507051 9.262133056963524 0
2.810690632616145 0.2324209122506587 0
2.941195897435574 0.4627329109240259 0
3.077354944521002 0.6922430552662154 0
3.218006151323316 0.9227787189292214 0
3.362725493593195 1.155938257850403 0
3.511292897973442 1.392674338868898 0
3.663422691530377 1.633291137073855 0
3.818730598907891 1.877646708278561 0
3.976802634752489 2.12538804419715 0
4.13724990075045 2.376098400685414 0
4.29973342368853 2.629368821369398 0
4.463962601094806 2.884815429065883 0
4.629684614678653 3.142075867084447 0
4.796681922284423 3.400812870132958 0
4.964780034790209 3.660728424013126 0
5.133851305617217 3.921567851561459 0
5.303809957547151 4.183108258170923 0
5.474602523732659 4.44513876986372 0
5.646198911619339 4.707441278144864 0
5.818592222293282 4.96978396128564 0
5.991810320438526 5.231931340219617 0
6.165933153490247 5.493661617208397 0
6.341107454071667 5.754779407591295 0
6.517553642530346 6.015117288082781 0
6.695563699622494 6.274525803559248 0
6.875493706646403 6.532858451738858 0
7.057756583869081 6.789959995670499 0
7.242819191521585 7.045663603564475 0
7.43120525510834 7.299797839594138 0
7.62350256926583 7.552200325918476 0
7.82037077313057 7.802732761024703 0
8.022544937560401 8.051292282432183 0
8.230829784212119 8.297816166249039 0
8.446079310798684 8.542279631361309 0
8.669159217937526 8.78468921839125 0
8.900911545367252 9.025075729067328 0
9.142282540239018 9.263490114722428 0
2.91049053855297 0.2310127186709474 0
3.047293572818628 0.4592001456803232 0
3.189205684130617 0.6864320367612982 0
3.335327334735775 0.915065233889729 0
3.485576047895854 1.146982311588558 0
3.639910492376668 1.383153008694722 0
3.798075361345155 1.623755195178314 0
3.959645694922854 1.868488612998401 0
4.124162423744269 2.116881792623717 0
4.29120320646388 2.368441906428408 0
4.460408519200063 2.622716004294902 0
4.631470655609464 2.879288240812678 0
4.804115813676356 3.137762840119561 0
4.978105109217037 3.397771009866807 0
5.153252398944876 3.658997624247113 0
5.329428419420971 3.921184181945347 0
5.506549067862672 4.18410697842006 0
5.68455790801046 4.447546194297465 0
5.863410114621026 4.711257432451452 0
6.043073434010759 4.974967950870494 0
6.223548913453694 5.238400044139387 0
6.404897044201716 5.501300544013944 0
6.587255307083511 5.763457315104548 0
6.770841018744768 6.02469565994029 0
6.955939307811748 6.284856636771771 0
7.142885504825563 6.543771827890985 0
7.332051909209357 6.8012486622854 0
7.523844561771607 7.057073147844998 0
7.718710365983475 7.311028925212958 0
7.917149370404483 7.562924662455671 0
8.119723957780472 7.812619679038922 0
8.327055819104322 8.060039834067648 0
8.539801408561518 8.305180202366383 0
8.758594889018212 8.548096225817533 0
8.983938066737975 8.788889256387332 0
9.215971057820788 9.02769319317281 0
9.453834149320462 9.264666803233778 0
3.011392389443623 0.2292022594079583 0
3.154507277819568 0.4547395998258882 0
3.301954327000436 0.6793012868126254 0
3.453360991357798 0.905868193910267 0
3.609094552426626 1.136587046800107 0
3.769272636945294 1.372354539848184 0
3.933617428713263 1.613143497151302 0
4.101620061519234 1.858448047418726 0
4.27276126845515 2.107670725225649 0
4.446580930217817 2.360246373306243 0
4.622701042475242 2.615687461435594 0
4.80079588602824 2.873549511657595 0
4.980563770282417 3.133397815633616 0
5.161737846360033 3.394826710328699 0
5.344122545018287 3.657509945456182 0
5.52759316062015 3.92119557572406 0
5.712071282607927 4.185666148015303 0
5.897495389812785 4.450691972834611 0
6.083793526305611 4.715988763968675 0
6.270890522494716 4.981224048596225 0
6.458747389239575 5.24606620775568 0
6.647400334300738 5.510230799732877 0
6.836979030819626 5.77349765887075 0
7.027699415937361 6.035694600501965 0
7.219832763031334 6.296653659092723 0
7.413673369469826 6.556171840229966 0
7.609520474345806 6.813997073217648 0
7.80768037990707 7.069845445554289 0
8.008485681958716 7.323443091826399 0
8.212318549122276 7.574574823612512 0
8.419622421227023 7.823121902917197 0
8.630887459429417 8.06907786552663 0
8.846596964211189 8.312540416353055 0
9.067122292176641 8.553686523066284 0
9.292549595493348 8.792743747388585 0
9.522419441589747 9.029967815216876 0
9.755481091819327 9.265628461801018 0
3.113712973057347 0.2268873704252714 0
3.26297732265302 0.4491372509462723 0
3.415623149748512 0.670630658760567 0
3.572105958054242 0.8950300181053863 0
3.733327797291507 1.124686792294309 0
3.899491414588342 1.360289471305443 0
4.070217770717361 1.601515601469458 0
4.244862597259554 1.847607370503393 0
4.422840552169424 2.097850301572741 0
4.603653259071545 2.351616599657784 0
4.786911592408665 2.608400360719661 0
4.972270207506278 2.867730659910341 0
5.159387499616129 3.129122053885078 0
5.347959682230957 3.392124247719979 0
5.537790338695918 3.656414192846977 0
5.728770498142756 3.92176291802081 0
5.92083285786044 4.187967858220157 0
6.113905924265114 4.454785278713698 0
6.307867685903336 4.721865182593969 0
6.502573073288325 4.98878673545827 0
6.69792898526983 5.255153881842283 0
6.89394813423426 5.520659798976554 0
7.090761210049367 5.785095477382319 0
7.288588565878009 6.048307233176208 0
7.487674204013234 6.310112532325829 0
7.688236738091996 6.570246928902359 0
7.890453184765439 6.828361167690934 0
8.094479623869409 7.084069942024269 0
8.300497461777663 7.337033701003012 0
8.508755645912284 7.5870356246626 0
8.71958391423555 7.83402749822666 0
8.933357922802665 8.078132270970952 0
9.15040590562565 8.319608278279645 0
9.370855036696618 8.55879483859832 0
9.594420095835948 8.796064616397143 0
9.820126062452246 9.031791894415235 0
10.0459010347375 9.266329956176 0
3.217783275074527 0.223924023410556 0
3.372806201317924 0.4421055751211775 0
3.530182294210685 0.6601642972557891 0
3.691537258710381 0.8823916153079304 0
3.858336637231492 1.11124188716419 0
4.030712576429462 1.347000509560939 0
4.208085836495329 1.588959597395931 0
4.389620739906208 1.836067626027969 0
4.574680645616366 2.087530631876162 0
4.762730125767793 2.342669458509208 0
4.953385030016785 2.600986347496322 0
5.14627469507438 2.861980446745666 0
5.340996069876357 3.125092454572086 0
5.537197354812897 3.389817934339844 0
5.734703991716598 3.655869006234576 0
5.933439569506525 3.923062315796051 0
6.133353679886701 4.191219070345313 0
6.334354351550113 4.460070910862119 0
6.536226219260529 4.729152994979974 0
6.738715386702741 4.997915959706478 0
6.941666152953918 5.26589842979014 0
7.14508133008881 5.532797398910465 0
7.349113863571218 5.798450182092495 0
7.553998747367308 6.062743709285326 0
7.75992216206599 6.325456622125667 0
7.966967971947866 6.586210635620688 0
8.175119346334823 6.844499377142002 0
8.38432433015646 7.099798938158743 0
8.594593253245872 7.351713815928364 0
8.806064254366706 7.600081344640226 0
9.019009280181363 7.845008995483139 0
9.233760557994396 8.086835697584112 0
9.450563547035694 8.326042033271978 0
9.669382368283642 8.563153769154045 0
9.889693429407803 8.798681631686478 0
10.11028016294543 9.033088727724618 0
10.32910683453049 9.266761512711055 0
3.324100072302235 0.2200960802552332 0
3.484005794833411 0.4332561374935253 0
3.645531735037122 0.6476189295708831 0
3.811609388919787 0.8678036877777496 0
3.98421210254928 1.096253871457593 0
4.163127619108047 1.332569674994085 0
4.347479593133317 1.575594608058634 0
4.536182682338638 1.823945452290269 0
4.728604113101673 2.0768354803705 0
4.924163731599662 2.333532437376427 0
5.122516014619023 2.593593601988564 0
5.323246378937523 2.856468176663401 0
5.525852795557769 3.121481653903896 0
5.729924958603399 3.388067901927267 0
5.935362759505227 3.656042028573626 0
6.142140347205907 3.925288827141082 0
6.350228994052712 4.195660996913395 0
6.559495317102155 4.466843432455767 0
6.7695470432781 4.738161845120241 0
6.979973635352216 5.008892253887216 0
7.1905696812583 5.278535671037719 0
7.401364455237815 5.546847234704877 0
7.612572770023494 5.813767662633844 0
7.824456244682869 6.079248786134052 0
8.037069808206963 6.342957551788497 0
8.250268499254746 6.604312279306227 0
8.463743152378159 6.862561067408352 0
8.677184029329842 7.117011731956044 0
8.890459319445094 7.367268033589851 0
9.103687014757245 7.613333095808214 0
9.317208998517176 7.855602291479467 0
9.531440485469661 8.094732990727326 0
9.746650708932197 8.331470222920679 0
9.96274433287036 8.56650997938141 0
10.17911122716582 8.80045962518583 0
10.39450605089526 9.033816327046564 0
10.60696142285112 9.266926349939096 0
3.433084731051015 0.2150873753789277 0
3.596398076243569 0.4220639239329553 0
3.761495823068088 0.6327090390901999 0
3.932267208566298 0.8511399850571912 0
4.111100437768866 1.079785797723907 0
4.296986040078292 1.317123066706827 0
4.488713169940577 1.56157197808023 0
4.684876446948404 1.811366313234672 0
4.884979841425832 2.065902345339376 0
5.088350309043872 2.324341182818858 0
5.294757211107526 2.586391559398557 0
5.503686938630011 2.851388374953872 0
5.71447814558098 3.11847619290237 0
5.9266604069311 3.387031706329594 0
6.140321460793691 3.657111292638268 0
6.355483681765669 3.928663753469738 0
6.572147332359736 4.201584961878367 0
6.790096769496598 4.475469240877347 0
7.008597681214856 4.749247242462692 0
7.227051800365672 5.02200089804235 0
7.445268287343819 5.29328356621782 0
7.66336972919444 5.562997787787491 0
7.881698062626192 5.831273486964094 0
8.100544858734166 6.09814086892863 0
8.319657384705607 6.362965280001873 0
8.538540720080427 6.624844810245967 0
8.756461100526778 6.88265385512956 0
8.972850654939093 7.135549484786208 0
9.187565232027698 7.383283259359194 0
9.400888406242922 7.62621114222116 0
9.613438195697018 7.865198004067501 0
9.825861424449196 8.101306573756935 0
10.03853731047323 8.335529969895429 0
10.25137465377964 8.56865337621513 0
10.46378839953948 8.801316115980667 0
10.67460991577847 9.033981085111261 0
10.88196015298537 9.26685869497306 0
3.54520774279308 0.2083962485270504 0
3.709483357845321 0.4078229426386049 0
3.877856023514479 0.6152039323590835 0
4.053462116888135 0.832305461381016 0
4.239240764968899 1.061991180746499 0
4.432603489776429 1.300828966334672 0
4.632164365713865 1.547075803541772 0
4.836063222620939 1.798451676756933 0
5.04423085702554 2.054886722800598 0
5.255729488982639 2.315234190834966 0
5.470633345668442 2.579581529123857 0
5.688173166377666 2.846966404854118 0
5.907448884854011 3.116270074626734 0
6.127955246309521 3.386848951048371 0
6.350201714458873 3.659274354571105 0
6.574166102228462 3.933446628898864 0
6.799919093533587 4.209359229156452 0
7.027074943211912 4.486420422804316 0
7.254224747056697 4.762795868007569 0
7.480667755701609 5.037497387134001 0
7.706378237699498 5.310317847703994 0
7.931661456256222 5.581419047176492 0
8.157093813778257 5.851251697832495 0
8.382959836101149 6.119890318689163 0
8.608281373459221 6.385936671350229 0
8.832168292114734 6.648141648586654 0
9.053238432136471 6.904765033937454 0
9.270836858212711 7.155006081693814 0
9.485095690877859 7.399060373282169 0
9.696742404720261 7.637892647246946 0
9.906944708049837 7.873062739796272 0
10.11666673343508 8.106032270928187 0
10.32640291265899 8.337921071482389 0
10.53607291983056 8.569444547624425 0
10.74530707930952 8.801241451385835 0
10.95335853565665 9.033658467643086 0
11.15942116055926 9.266629050277386 0
3.660229542488514 0.1992677955811451 0
3.822270881995828 0.389599484056008 0
3.994464277123887 0.5950417088801208 0
4.175157614410423 0.8112206849394458 0
4.369024333425982 1.043161744447157 0
4.570355901846161 1.283879577269954 0
4.778285010802499 1.532326575113853 0
4.990119665270808 1.785295110543897 0
5.206852820714952 2.043977889847308 0
5.426775974073498 2.306338877202883 0
5.650768881815064 2.573421089534699 0
5.877366328858398 2.843461373230484 0
6.105388835983025 3.115049116891601 0
6.334373521530866 3.387615149046398 0
6.565722696517172 3.662778917557814 0
6.798987174889464 3.939948733375196 0
7.034525503630227 4.21947676262775 0
7.271545404805928 4.500324667509343 0
7.507296049506269 4.779160571514603 0
7.741494286811935 5.055551855498218 0
7.974469351678557 5.329750752609116 0
8.206789823735306 5.602275575232131 0
8.439473383703021 5.874138441560585 0
8.672620389688412 6.145264926161059 0
8.903556401990805 6.412413572906853 0
9.131488491384284 6.674567535943018 0
9.35369109370629 6.928577356998487 0
9.570235011094267 7.174572524745324 0
9.781880506713147 7.413522268922546 0
9.990133868956411 7.647293367245882 0
10.19704779349874 7.878422777748265 0
10.40372794247418 8.108472605819866 0
10.61069432576308 8.338470870173968 0
10.81779545284828 8.568826092969882 0
11.02517141319248 8.800334656503821 0
11.23242773590957 9.033036581824698 0
11.43909326631421 9.266357616484871 0
3.777009759184206 0.1864430894918606 0
3.93319700553032 0.3661958414352927 0
4.111499298756045 0.5725411176941803 0
4.297278665494841 0.7877408860680361 0
4.501101352976252 1.023821883949892 0
4.710635838705512 1.266433089308705 0
4.9276261685231 1.517600902320238 0
5.147396672883742 1.771915244686277 0
5.373460472575953 2.033443562015639 0
5.601967920710591 2.297732803652085 0
5.835949551441545 2.568282538587824 0
6.072007812625552 2.841152378819087 0
6.308945163234049 3.11496079210352 0
6.546453922996787 3.389340221787877 0
6.787782575300498 3.668007008819949 0
7.030851300258745 3.948527616173465 0
7.277215500050094 4.232652527721822 0
7.524889709580799 4.518029667848859 0
7.768517061435554 4.798464625886687 0
8.010103071874939 5.076208153774346 0
8.25003998023249 5.351628020192983 0
8.489308902991592 5.625772266069621 0
8.72982918987281 5.900733338768007 0
8.970875626573578 6.175579245882169 0
9.205883620313976 6.442790274049999 0
9.436855843760867 6.704615179758817 0
9.656630886915966 6.952975521598169 0
9.869627559912377 7.192937018742567 0
10.07632727606635 7.425127464832537 0
10.27979148220205 7.65310280712446 0
10.48329640772572 7.880676445833387 0
10.68715371193324 8.10838459361695 0
10.89201608445292 8.337200130660928 0
11.09733007498689 8.566784339850347 0
11.30446483449101 8.798910718344269 0
11.51241046271892 9.032489761558328 0
11.72005803586024 9.266226615512561 0
2 2 0 1369
2129
2130
2131
2132
2133
2134
2135
2136
2137
2138
2139
2140
2141
2142
2143
2144
2145
2146
2147
2148
2149
2150
2151
2152
2153
2154
2155
2156
2157
2158
2159
2160
2161
2162
2163
2164
2165
2166
2167
2168
2169
2170
2171
2172
2173
2174
2175
2176
2177
2178
2179
2180
2181
2182
2183
2184
2185
2186
2187
2188
2189
2190
2191
2192
2193
2194
2195
2196
2197
2198
2199
2200
2201
2202
2203
2204
2205
2206
2207
2208
2209
2210
2211
2212
2213
2214
2215
2216
2217
2218
2219
2220
2221
2222
2223
2224
2225
2226
2227
2228
2229
2230
2231
2232
2233
2234
2235
2236
2237
2238
2239
2240
2241
2242
2243
2244
2245
2246
2247
2248
2249
2250
2251
2252
2253
2254
2255
2256
2257
2258
2259
2260
2261
2262
2263
2264
2265
2266
2267
2268
2269
2270
2271
2272
2273
2274
2275
2276
2277
2278
2279
2280
2281
2282
2283
2284
2285
2286
2287
2288
2289
2290
2291
2292
2293
2294
2295
2296
2297
2298
2299
2300
2301
2302
2303
2304
2305
2306
2307
2308
2309
2310
2311
2312
2313
2314
2315
2316
2317
2318
2319
2320
2321
2322
2323
2324
2325
2326
2327
2328
2329
2330
2331
2332
2333
2334
2335
2336
2337
2338
2339
2340
2341
2342
2343
2344
2345
2346
2347
2348
2349
2350
2351
2352
2353
2354
2355
2356
2357
2358
2359
2360
2361
2362
2363
2364
2365
2366
2367
2368
2369
2370
2371
2372
2373
2374
2375
2376
2377
2378
2379
2380
2381
2382
2383
2384
2385
2386
2387
2388
2389
2390
2391
2392
2393
2394
2395
2396
2397
2398
2399
2400
2401
2402
2403
2404
2405
2406
2407
2408
2409
2410
2411
2412
2413
2414
2415
2416
2417
2418
2419
2420
2421
2422
2423
2424
2425
2426
2427
2428
2429
2430
2431
2432
2433
2434
2435
2436
2437
2438
2439
2440
2441
2442
2443
2444
2445
2446
2447
2448
2449
2450
2451
2452
2453
2454
2455
2456
2457
2458
2459
2460
2461
2462
2463
2464
2465
2466
2467
2468
2469
2470
2471
2472
2473
2474
2475
2476
2477
2478
2479
2480
2481
2482
2483
2484
2485
2486
2487
2488
2489
2490
2491
2492
2493
2494
2495
2496
2497
2498
2499
2500
2501
2502
2503
2504
2505
2506
2507
2508
2509
2510
2511
2512
2513
2514
2515
2516
2517
2518
2519
2520
2521
2522
2523
2524
2525
2526
2527
2528
2529
2530
2531
2532
2533
2534
2535
2536
2537
2538
2539
2540
2541
2542
2543
2544
2545
2546
2547
2548
2549
2550
2551
2552
2553
2554
2555
2556
2557
2558
2559
2560
2561
2562
2563
2564
2565
2566
2567
2568
2569
2570
2571
2572
2573
2574
2575
2576
2577
2578
2579
2580
2581
2582
2583
2584
2585
2586
2587
2588
2589
2590
2591
2592
2593
2594
2595
2596
2597
2598
2599
2600
2601
2602
2603
2604
2605
2606
2607
2608
2609
2610
2611
2612
2613
2614
2615
2616
2617
2618
2619
2620
2621
2622
2623
2624
2625
2626
2627
2628
2629
2630
2631
2632
2633
2634
2635
2636
2637
2638
2639
2640
2641
2642
2643
2644
2645
2646
2647
2648
2649
2650
2651
2652
2653
2654
2655
2656
2657
2658
2659
2660
2661
2662
2663
2664
2665
2666
2667
2668
2669
2670
2671
2672
2673
2674
2675
2676
2677
2678
2679
2680
2681
2682
2683
2684
2685
2686
2687
2688
2689
2690
2691
2692
2693
2694
2695
2696
2697
2698
2699
2700
2701
2702
2703
2704
2705
2706
2707
2708
2709
2710
2711
2712
2713
2714
2715
2716
2717
2718
2719
2720
2721
2722
2723
2724
2725
2726
2727
2728
2729
2730
2731
2732
2733
2734
2735
2736
2737
2738
2739
2740
2741
2742
2743
2744
2745
2746
2747
2748
2749
2750
2751
2752
2753
2754
2755
2756
2757
2758
2759
2760
2761
2762
2763
2764
2765
2766
2767
2768
2769
2770
2771
2772
2773
2774
2775
2776
2777
2778
2779
2780
2781
2782
2783
2784
2785
2786
2787
2788
2789
2790
2791
2792
2793
2794
2795
2796
2797
2798
2799
2800
2801
2802
2803
2804
2805
2806
2807
2808
2809
2810
2811
2812
2813
2814
2815
2816
2817
2818
2819
2820
2821
2822
2823
2824
2825
2826
2827
2828
2829
2830
2831
2832
2833
2834
2835
2836
2837
2838
2839
2840
2841
2842
2843
2844
2845
2846
2847
2848
2849
2850
2851
2852
2853
2854
2855
2856
2857
2858
2859
2860
2861
2862
2863
2864
2865
2866
2867
2868
2869
2870
2871
2872
2873
2874
2875
2876
2877
2878
2879
2880
2881
2882
2883
2884
2885
2886
2887
2888
2889
2890
2891
2892
2893
2894
2895
2896
2897
2898
2899
2900
2901
2902
2903
2904
2905
2906
2907
2908
2909
2910
2911
2912
2913
2914
2915
2916
2917
2918
2919
2920
2921
2922
2923
2924
2925
2926
2927
2928
2929
2930
2931
2932
2933
2934
2935
2936
2937
2938
2939
2940
2941
2942
2943
2944
2945
2946
2947
2948
2949
2950
2951
2952
2953
2954
2955
2956
2957
2958
2959
2960
2961
2962
2963
2964
2965
2966
2967
2968
2969
2970
2971
2972
2973
2974
2975
2976
2977
2978
2979
2980
2981
2982
2983
2984
2985
2986
2987
2988
2989
2990
2991
2992
2993
2994
2995
2996
2997
2998
2999
3000
3001
3002
3003
3004
3005
3006
3007
3008
3009
3010
3011
3012
3013
3014
3015
3016
3017
3018
3019
3020
3021
3022
3023
3024
3025
3026
3027
3028
3029
3030
3031
3032
3033
3034
3035
3036
3037
3038
3039
3040
3041
3042
3043
3044
3045
3046
3047
3048
3049
3050
3051
3052
3053
3054
3055
3056
3057
3058
3059
3060
3061
3062
3063
3064
3065
3066
3067
3068
3069
3070
3071
3072
3073
3074
3075
3076
3077
3078
3079
3080
3081
3082
3083
3084
3085
3086
3087
3088
3089
3090
3091
3092
3093
3094
3095
3096
3097
3098
3099
3100
3101
3102
3103
3104
3105
3106
3107
3108
3109
3110
3111
3112
3113
3114
3115
3116
3117
3118
3119
3120
3121
3122
3123
3124
3125
3126
3127
3128
3129
3130
3131
3132
3133
3134
3135
3136
3137
3138
3139
3140
3141
3142
3143
3144
3145
3146
3147
3148
3149
3150
3151
3152
3153
3154
3155
3156
3157
3158
3159
3160
3161
3162
3163
3164
3165
3166
3167
3168
3169
3170
3171
3172
3173
3174
3175
3176
3177
3178
3179
3180
3181
3182
3183
3184
3185
3186
3187
3188
3189
3190
3191
3192
3193
3194
3195
3196
3197
3198
3199
3200
3201
3202
3203
3204
3205
3206
3207
3208
3209
3210
3211
3212
3213
3214
3215
3216
3217
3218
3219
3220
3221
3222
3223
3224
3225
3226
3227
3228
3229
3230
3231
3232
3233
3234
3235
3236
3237
3238
3239
3240
3241
3242
3243
3244
3245
3246
3247
3248
3249
3250
3251
3252
3253
3254
3255
3256
3257
3258
3259
3260
3261
3262
3263
3264
3265
3266
3267
3268
3269
3270
3271
3272
3273
3274
3275
3276
3277
3278
3279
3280
3281
3282
3283
3284
3285
3286
3287
3288
3289
3290
3291
3292
3293
3294
3295
3296
3297
3298
3299
3300
3301
3302
3303
3304
3305
3306
3307
3308
3309
3310
3311
3312
3313
3314
3315
3316
3317
3318
3319
3320
3321
3322
3323
3324
3325
3326
3327
3328
3329
3330
3331
3332
3333
3334
3335
3336
3337
3338
3339
3340
3341
3342
3343
3344
3345
3346
3347
3348
3349
3350
3351
3352
3353
3354
3355
3356
3357
3358
3359
3360
3361
3362
3363
3364
3365
3366
3367
3368
3369
3370
3371
3372
3373
3374
3375
3376
3377
3378
3379
3380
3381
3382
3383
3384
3385
3386
3387
3388
3389
3390
3391
3392
3393
3394
3395
3396
3397
3398
3399
3400
3401
3402
3403
3404
3405
3406
3407
3408
3409
3410
3411
3412
3413
3414
3415
3416
3417
3418
3419
3420
3421
3422
3423
3424
3425
3426
3427
3428
3429
3430
3431
3432
3433
3434
3435
3436
3437
3438
3439
3440
3441
3442
3443
3444
3445
3446
3447
3448
3449
3450
3451
3452
3453
3454
3455
3456
3457
3458
3459
3460
3461
3462
3463
3464
3465
3466
3467
3468
3469
3470
3471
3472
3473
3474
3475
3476
3477
3478
3479
3480
3481
3482
3483
3484
3485
3486
3487
3488
3489
3490
3491
3492
3493
3494
3495
3496
3497
0.4756381464969452 10.99469861873493 0
0.4884624302709382 11.51119071443875 0
0.4814911933392736 12.03496563431678 0
0.4654551610794506 12.55802355586313 0
0.4454749153605952 13.080143744395 0
0.4240031831885158 13.60024005498283 0
0.4022294902871213 14.11642782114624 0
0.3806358676043597 14.63146511070306 0
0.359400871535585 15.14764084853234 0
0.33868278192495 15.66531623116428 0
0.3186837618181171 16.18059363921313 0
0.2995008417049361 16.69266094473192 0
0.2811262197848663 17.20571273025949 0
0.2637440823857284 17.72297917094116 0
0.2480433135308306 18.23569134381462 0
0.2350250159345304 18.72742931954162 0
0.225938733942046 19.18786380810442 0
0.2231562987681466 19.60924326931061 0
0.9902400605714501 11.00574147689717 0
0.9936840620248928 11.51779913502752 0
0.9709731192364535 12.03466970421918 0
0.9354935370871802 12.55340415699979 0
0.8941520003010819 13.07237751941327 0
0.8505663929633815 13.59049581382216 0
0.8065983788775837 14.10697584463195 0
0.7631262398840812 14.62243627973964 0
0.7205368354584252 15.13789253280416 0
0.6790827238277446 15.65339395174919 0
0.6390137004157035 16.16742747083281 0
0.600517416763342 16.67929755135711 0
0.563741890643918 17.19038806840921 0
0.5291138204521406 17.70118410881144 0
0.4976985963678544 18.20597670533236 0
0.4711334710872972 18.69401857118849 0
0.4515303078015513 19.15646607515783 0
0.4421918797968933 19.58906156397952 0
1.556778253832263 11.00863001966479 0
1.524433605874423 11.51976671637888 0
1.474015798414965 12.0335600214496 0
1.413556605961512 12.54924798567011 0
1.348237811506586 13.06581520096294 0
1.281231113625867 13.58237357556446 0
1.214353799785324 14.09830416633189 0
1.148558131396694 14.61354743572952 0
1.08431001909828 15.12835144836983 0
1.021890439988047 15.64260598147071 0
0.9615517656661119 16.15553489564049 0
0.9035446499497466 16.66649545714607 0
0.8481792143529994 17.17556122779923 0
0.7960948161198118 17.6820698989894 0
0.7485926895522015 18.18192038217447 0
0.7076896505118242 18.66774556532601 0
0.6760390440147548 19.1327779264862 0
0.657131553742496 19.57452908368528 0
2.16599104071652 11.00894590305538 0
2.081177116711938 11.5193226449634 0
1.993047409618146 12.03142487551443 0
1.901993025158689 12.54511920022816 0
1.809626572272018 13.05990630949254 0
1.71750287527637 13.57516683501562 0
1.62673299345702 14.09035404871902 0
1.537983841654277 14.60514489968332 0
1.451615234884852 15.11938887373196 0
1.367850564894492 15.63281190087096 0
1.28690809021775 16.14482669995966 0
1.209067243576007 16.654766608325 0
1.134755734722051 17.16209542267587 0
1.064768277549806 17.66568361891587 0
1.000554312897488 18.16239659758481 0
0.9443418650432989 18.64703264603049 0
0.899122085118278 19.11462616101244 0
0.8687465904282403 19.5636825183398 0
2.801279120888932 11.0082572490251 0
2.659464716052048 11.51768169962292 0
2.52800191286405 12.02853696286299 0
2.402063441393213 12.5408292310789 0
2.279809911719139 13.05430232592112 0
2.160772109195376 13.56852498794452 0
2.044959482630566 14.08301554481148 0
1.932470945501253 14.59734689116833 0
1.823379705249146 15.11115442560042 0
1.717759309770349 15.62401917374057 0
1.61574757183523 16.13534838987294 0
1.517613154736867 16.64441250369767 0
1.423846997088014 17.15038769528351 0
1.335340425456939 17.65198078994805 0
1.253623706721002 18.14669675701446 0
1.181020446602894 18.63077983140841 0
1.120701896463376 19.10066668743471 0
1.076999763104114 19.55549808149402 0
3.451172077281562 11.00696501715386 0
3.254268543819307 11.51528739801003 0
3.077667239254211 12.02505563775923 0
2.91428668540796 12.53627139068415 0
2.759926174473486 13.04876360315228 0
2.612307813953902 13.56220380446511 0
2.470248737417098 14.07615627357767 0
2.333122875910431 14.59014820942483 0
2.200586879333488 15.10369247566575 0
2.072478978773049 15.61624969039382 0
1.948807682148822 16.12715598675679 0
1.829788722924888 16.63560306225509 0
1.715926561855045 17.14061919704573 0
1.608156130893782 17.6408742873985 0
1.508035835721358 18.13431781487559 0
1.417901494073489 18.61818683031246 0
1.340953640368341 19.089978321564 0
1.281651474309195 19.54931830413723 0
4.110251048106617 11.0052225059216 0
3.86204286743093 11.51225268837628 0
3.640760591758544 12.02097471128023 0
3.438851600552396 12.53130316027356 0
3.250889246135501 13.04306892274467 0
3.073292295693404 13.55597438019708 0
2.903819117977827 14.06960676544316 0
2.741096325806231 14.58346186723625 0
2.584296272103547 15.09697155286264 0
2.432959558621402 15.60949447611275 0
2.286919371211916 16.1202759182935 0
2.146302850864108 16.62842087152713 0
2.011585447830758 17.13286230834449 0
1.883703486327041 17.63227026922555 0
1.76420308391515 18.12490207558955 0
1.655375656804539 18.60868603782984 0
1.560334032619598 19.08192157017806 0
1.483228715729503 19.54464936293643 0
4.776312481145901 11.00302581483874 0
4.480794204827097 11.50851986219702 0
4.216387920383763 12.01615517345318 0
3.975908434838255 12.52570976298999 0
3.753520324608008 13.03695479352508 0
3.544871845227482 13.54957434182886 0
3.346918506043174 14.06314359159751 0
3.157621439836138 14.57712602731536 0
2.975663970347287 15.09088601070458 0
2.800256704350037 15.60369074449204 0
2.631027517098357 16.11468775372387 0
2.467984925001594 16.62288634599588 0
2.311545018977169 17.12713483443851 0
2.162613534840869 17.62609208705786 0
2.02269639480255 18.11821264816908 0
1.894010328212071 18.60190222314391 0
1.779525587040592 19.07607631458764 0
1.682949058169453 19.54116101536567 0
5.448331239539477 11.00027911091904 0
5.109462377958236 11.50392047765603 0
4.804069285172861 12.01035333485697 0
4.525701728522677 12.51918764597635 0
4.268637039042692 13.03008453822052 0
4.028206531632346 13.54266717054248 0
3.800856166343942 14.05646486352261 0
3.58402598615068 14.57089382493196 0
3.375964267026111 15.0852499730896 0
3.175556308715354 15.59870873779316 0
2.98221080125683 16.11031479620198 0
2.795800722482254 16.61897005347351 0
2.616664318689673 17.12342489532967 0
2.44565682652026 17.62229154858937 0
2.284229200372413 18.11411914565851 0
2.134511804369419 18.59762392471149 0
1.999331411787598 19.07220271625859 0
1.882057309610843 19.5386993399982 0
6.125579706490781 10.99686712078444 0
5.747338759269944 11.49822393851182 0
5.403539495821974 12.00324469412996 0
5.088555618066044 12.51134047722794 0
4.797085788916474 13.02202659034188 0
4.524500715359888 13.53481990538508 0
4.267023015476846 14.0491708866061 0
4.021757199993397 14.56442228186217 0
3.786614139438415 15.07978576304102 0
3.560196028027554 15.59433830234145 0
3.341702959909034 16.10701318023828 0
3.130869379750051 16.61659060430983 0
2.927949588642192 17.12169825551767 0
2.73374395763271 17.62085039383127 0
2.549646455727892 18.11258687664296 0
2.377701350766558 18.59578384007722 0
2.220612864415112 19.07021161435378 0
2.081571690421915 19.53720552467531 0
6.807027121311565 10.99270488435479 0
6.393586847709012 11.49118474207463 0
6.014489571676178 11.99444014074347 0
5.664773840502751 12.50168037020672 0
5.339720317098871 13.01223764515245 0
5.035008280179687 13.52547969876964 0
4.746909182975209 14.04073614533135 0
4.472402319247344 14.55724270666537 0
4.209197875242364 15.07410114348817 0
3.955693679447396 15.59026948300497 0
3.710917448198426 16.10455530292713 0
3.474482025831416 16.61560347762843 0
3.246567533958892 17.12188952969679 0
3.02792917609343 17.6217711974682 0
2.819918107676148 18.11366537936179 0
2.624503564878916 18.59645033934022 0
2.444281100789214 19.07015287521224 0
2.282388327775813 19.53668290031633 0
7.490540936840299 10.98786438500122 0
7.046652762291285 11.4826445515195 0
6.636201026350967 11.98354842266353 0
6.254445690457474 12.48964705028881 0
5.897308931643305 13.00005949477155 0
5.561001988293191 13.51395166660714 0
5.242105703747005 14.03048179914209 0
4.937706128999301 14.54873460982634 0
4.645491928328517 15.06766269641787 0
4.363775054222223 15.58606710185219 0
4.091479356835869 16.10260729283314 0
3.828133480512391 16.6157787467867 0
3.573868111083611 17.1238815848302 0
3.329422576967665 17.62505495386505 0
3.096140700953527 18.11747269036225 0
2.875945709796361 18.59982385918518 0
2.671315079277439 19.07222721997508 0
2.485387250348509 19.53722794936581 0
8.170530887291935 10.98254671275205 0
7.703294828051596 11.47261840563202 0
7.267030554450798 11.97025569590443 0
6.857154991821037 12.4746471949326 0
6.470369387525915 12.98473260799272 0
6.103690171279596 13.49939493287075 0
5.754279983607069 14.01754989679688 0
5.419585015215408 14.53808694600728 0
5.097493185352011 15.05975864008569 0
4.786408483811029 15.58114181653465 0
4.4852632278379 16.1006990428845 0
4.193557336752054 16.6167705920926 0
3.911416255438401 17.12747022103964 0
3.639611661858123 17.63066532591962 0
3.379542265894236 18.12416672945263 0
3.133156314309338 18.6062359786208 0
2.902794757047324 19.07680813965065 0
2.691471901920147 19.53907926425317 0
8.834285250002107 10.97684464957844 0
8.357097711579817 11.46133127338315 0
7.903660997418975 11.95444462270175 0
7.471568203197769 12.45612556935619 0
7.058939346772647 12.96540765044869 0
6.66407571617388 13.48082118989453 0
6.285111728668328 14.00088863168394 0
5.92012447517507 14.52425601853 0
5.567453052763939 15.04944596541094 0
5.225848532104343 15.57470620870883 0
4.894438700227317 16.0981920239911 0
4.572780878367769 16.61807788172561 0
4.261042663926045 17.13231897251552 0
3.960102323681661 17.63847254987213 0
3.671500003035437 18.13389041911254 0
3.397349529613794 18.6161399887945 0
3.139930440013241 19.0844804919208 0
2.901671382561736 19.54265486875917 0
9.465435030303532 10.97155994752082 0
8.998141385805299 11.4496534416957 0
8.540438990271841 11.93649802337582 0
8.094972749367638 12.43372128214063 0
7.66228774697817 12.94117917458147 0
7.24275753737261 13.45709253509924 0
6.836160926587511 13.97925433499086 0
6.441552656834874 14.50591904510757 0
6.057914728325279 15.03546630871312 0
5.684676232478319 15.56571680143899 0
5.321517930500651 16.09424471386865 0
4.968187161274311 16.61900235088943 0
4.624914501162909 17.13790377125676 0
4.292784958610638 17.64818340569235 0
3.973588131020608 18.14667878774146 0
3.66979548575606 18.63006560213191 0
3.384013271338713 19.09612015944305 0
3.117453937232923 19.54856850556742 0
10.05974713208281 10.96860185428194 0
9.617283667690909 11.43984958370844 0
9.16980095305335 11.9180812852385 0
8.722924540324442 12.40776118537882 0
8.278694859742849 12.91116775045652 0
7.83973514296159 13.42688066753939 0
7.408625880798607 13.95125618571425 0
6.986120383271601 14.48149246702736 0
6.571778057719411 15.01612018151486 0
6.165884148660481 15.55274904755932 0
5.76938983772751 16.08778275553475 0
5.38258539770762 16.61861558176952 0
5.005631616169232 17.14345308120187 0
4.639928176188392 17.65927631443965 0
4.287686362539988 18.16232382685863 0
3.951830233081693 18.64847497009911 0
3.636164452944695 19.11301965068019 0
3.340990013410384 19.55780756127633 0
10.63226376075428 10.96915471945163 0
10.21315340149217 11.43506036128876 0
9.784691892651939 11.90285776358901 0
9.349178606354384 12.38037497718662 0
8.905267846795313 12.87493257072662 0
8.454527938783031 13.38840375918888 0
8.003087047309958 13.91532242702727 0
7.555686284564593 14.44937203707923 0
7.112310694029077 14.98917847353857 0
6.673091501000038 15.53369795327462 0
6.241356517060664 16.07744847826241 0
5.81923166800815 16.61579101523598 0
5.406368893209176 17.14785738157741 0
5.004282342407302 17.67096750299397 0
4.61613520914178 18.18026305437451 0
4.24505940709411 18.67142969907323 0
3.896889478657036 19.13693139604016 0
3.57457627384103 19.5723833196033 0
11.20375449572387 10.97344049774657 0
10.79245595454249 11.43819796218888 0
10.38126096113239 11.8961734587247 0
9.965694955663816 12.35710576392387 0
9.536959807815911 12.83400379274996 0
9.086759276370396 13.33888443635321 0
8.620160602825916 13.86876105900421 0
8.150808948863244 14.40854040417818 0
7.682568759025264 14.95229782158916 0
7.211207317482473 15.50500946359142 0
6.741331156174769 16.06135353076935 0
6.281575777792309 16.60949440165524 0
5.831137530927849 17.14949271606637 0
5.389167144206702 17.68223838256738 0
4.96178339773898 18.19968278856289 0
4.551853618176747 18.69814191018716 0
4.165925880741272 19.16968836575249 0
3.817304691713972 19.5973105999944 0
0.454882658291428 10.74517912644315 0
0.2349020678766927 10.98120766089119 0
0.2236647383576607 10.7375008060299 0
0.4855400746722127 11.25110273856428 0
0.2430039167505011 11.50559128598706 0
0.2407806118575255 11.24115423029086 0
0.486601523427602 11.77284523397168 0
0.2402041970606961 12.03555296495361 0
0.2425151272770867 11.7706450207802 0
0.4741970022263109 12.29664656274416 0
0.2324037570333797 12.56067557997252 0
0.2366937405133775 12.29841053372924 0
0.4557658429269908 12.81921689785864 0
0.2224822943805469 13.08470633302582 0
0.2276039102851657 12.82281273599202 0
0.4348265168679593 13.3405621897038 0
0.2117754145345705 13.60627605067737 0
0.2171684272431333 13.34590452746797 0
0.4131102392354782 13.85868732321337 0
0.2009257690916675 14.12140284662384 0
0.2063438311986241 13.86421591180862 0
0.3913973187914452 14.3739274960977 0
0.1901574290731798 14.63579824533845 0
0.195527643016435 14.37853487052507 0
0.3699670782701432 14.88936388086106 0
0.1795420988853342 15.15230568680221 0
0.1848294151719578 14.89381932736696 0
0.348963675974308 15.40649502087668 0
0.169167086442739 15.67189490132059 0
0.1743148539291282 15.41209371990502 0
0.328580314902311 15.923331881009 0
0.1591690848560203 16.18781534155612 0
0.1641107624569225 15.93022060602896 0
0.3089899041719981 16.43681256223208 0
0.1495939937775699 16.69929336379085 0
0.1543299115100432 16.44369975198849 0
0.2902148804733011 16.94888034430947 0
0.1404012158636316 17.21299576962178 0
0.1449563682404911 16.95578446925183 0
0.2722833605826587 17.46424074901697 0
0.1316654862913209 17.73483055866367 0
0.1359616839973699 17.47369921287601 0
0.2556119215803649 17.98060103826584 0
0.1237914931861477 18.25332839227523 0
0.1275720542029219 17.995027490668 0
0.2411022822825819 18.48432889633035 0
0.1173306529799705 18.74761787644747 0
0.1203126846252767 18.50263240576743 0
0.2298530536673011 18.96138574736472 0
0.1129527318619497 19.20771962868007 0
0.114775408181468 18.98061402287096 0
0.2234430559575991 19.40258137342355 0
0.1119627153589224 19.62271560905348 0
0.1118202770625656 19.41856024791498 0
0.2265874640585128 19.80638948580892 0
0.114009345757033 19.81296554535262 0
0.9704554269737313 10.75228857636107 0
0.7271575612444492 11.00178639737321 0
0.7058284173886609 10.74948379990908 0
0.9964899561006924 11.26097038503087 0
0.73824037138177 11.51522603035636 0
0.7369217915197792 11.25729470221789 0
0.9845519575899653 11.77583743570454 0
0.7248138906550432 12.03484334615721 0
0.7335967575173123 11.77465495920046 0
0.9542949938117138 12.29393474319971 0
0.6996639616976923 12.55561803834158 0
0.7131950676500942 12.29522754238817 0
0.9152752859395816 12.81292892962881 0
0.6692702313688095 13.07606716539151 0
0.6848696297813408 12.81593546478025 0
0.8724932324853691 13.33161095586933 0
0.6368692495499033 13.59509047788388 0
0.653191471572824 13.33584479637086 0
0.8285583546019692 13.84893341316524 0
0.6040685713411875 14.11160565471146 0
0.6204585295628835 13.85361914629882 0
0.7847698900501143 14.36476100184666 0
0.571579750918791 14.62696933693536 0
0.5877622983130824 14.36931463805304 0
0.7417056630707037 14.88012875220841 0
0.5396949809309826 15.14278071205042 0
0.5555502445053273 14.88476951899327 0
0.6996519607541698 15.39571047518002 0
0.5086266719894486 15.65919017777511 0
0.5240435415044722 15.40102850423424 0
0.6588601102046736 15.91067951172483 0
0.4786090035011252 16.17383290932914 0
0.4934722385036592 15.91683129570581 0
0.6195609049897195 16.42357838436727 0
0.4497878252665011 16.6859529301447 0
0.4640451209157286 16.43009423442548 0
0.5819013736742304 16.93484399958064 0
0.4222255223196036 17.19807424567752 0
0.4358440569421749 16.94186070588578 0
0.5461107991681722 17.44602734017417 0
0.3962284224099708 17.71175440814802 0
0.4089921873762759 17.45498836426194 0
0.5129080441582747 17.95491217619267 0
0.372696905647901 18.22002535728206 0
0.3840686104307753 17.96723241155966 0
0.4836827588507671 18.4526426749679 0
0.3529893236590649 18.70970159435885 0
0.3622526498022092 18.46766779715988 0
0.4602914301621501 18.92875632370793 0
0.3388342471781538 19.17100625973917 0
0.3450626624932358 18.94411138286418 0
0.4452531484428484 19.37626789429968 0
0.3332284091971749 19.59825183934199 0
0.3346227113362907 19.3885101542025 0
0.4435644835708938 19.79595186306928 0
0.3360799755569195 19.80072282025446 0
1.562271964306106 10.75405360644339 0
1.267750044772161 11.00767057231618 0
1.260285106110131 10.75336221305711 0
1.543517373927762 11.26384958073128 0
1.255686906056168 11.51920314827627 0
1.265509391134346 11.26293362673215 0
1.500902543192299 11.77636441832807 0
1.220575928666854 12.03425606922579 0
1.240199796719369 11.77637578915261 0
1.44466150607992 12.29123218324282 0
1.173347253371524 12.55130252927128 0
1.19799339627249 12.29262730623819 0
1.381267745200826 12.80748080306688 0
1.120391082549886 13.06898562135488 0
1.147311988003454 12.8101321993436 0
1.314806514505464 13.32414423743751 0
1.065289752919612 13.5862897549569 0
1.092958624351599 13.32774111331524 0
1.247701243090349 13.84043526488576 0
1.009975301467961 14.10254402126732 0
1.037582202337256 13.84455708145042 0
1.181284328907656 14.35599570160206 0
0.9554087739172532 14.61794525153535 0
0.9825629428409011 14.36031197561763 0
1.116221337353273 14.87099551113762 0
0.9020383132771164 15.13306494663253 0
0.9285555792684974 14.87551865147466 0
1.052855737997613 15.38558421466692 0
0.8501402436045149 15.64787325036264 0
0.8758891407627196 15.39055712981146 0
0.991445089419404 15.89929245925632 0
0.7999697261910867 16.16133330058405 0
0.8248234604831719 15.90484044241201 0
0.9322406416837161 16.4112678655107 0
0.7517499099678098 16.67278810529737 0
0.7756036091523173 16.41729382043392 0
0.8755041847258136 16.92125870813436 0
0.7057136965172699 17.18284277030153 0
0.7284380282838869 16.92794512448288 0
0.8216640837485665 17.42929246907535 0
0.6624005111835505 17.69128620174501 0
0.683660346648562 17.43744008997786 0
0.7716589288130509 17.93323975533767 0
0.6230065915265346 18.19332614418258 0
0.6421085217686038 17.94359814875129 0
0.7271640412527711 18.42705635363427 0
0.5893846762695061 18.68010363903169 0
0.605333592325926 18.43914882950542 0
0.6905112864349423 18.90315021954183 0
0.5639489163228921 19.14382217958867 0
0.5754595742584954 18.91516368657008 0
0.6647319784006411 19.35639481926412 0
0.5501121335772465 19.58124580730574 0
0.5552920426600085 19.36563740341976 0
0.6536657454142087 19.78838064487772 0
0.5491665167172197 19.7918910349427 0
2.207990336626627 10.75431646635948 0
1.857303692126423 11.00897540274644 0
1.881381313147453 10.75429976837807 0
2.123910288163995 11.26393000687423 0
1.799781409405578 11.51974723301634 0
1.830101319556794 11.26410420778547 0
2.037555173789565 11.77515496254168 0
1.731493939116763 12.03260345814973 0
1.76674272812654 11.77592285652979 0
1.947792621319 12.28809887738043 0
1.656376878854136 12.54719566837757 0
1.694548399140059 12.28972405505749 0
1.855868024944053 12.8024144813215 0
1.577916471367541 13.0628048699229 0
1.617386560050718 12.80492161014747 0
1.763453460618204 13.31751526062009 0
1.498576241783182 13.57868160972779 0
1.538241210775331 13.32075252157159 0
1.671897763003721 13.83279615667539 0
1.41988863454283 14.09424535970101 0
1.459084721761116 13.83652616921465 0
1.582078147238798 14.34780949399139 0
1.342705653718758 14.6092740613722 0
1.381075217519118 14.3518262169902 0
1.494486626776259 14.8623456342586 0
1.267464121647068 15.12378510811215 0
1.304824009725463 14.86659611462659 0
1.409394648777441 15.37623280992106 0
1.194428031999647 15.63758543810399 0
1.230655717851469 15.38080551827341 0
1.327011258237236 15.88904022818104 0
1.123837768713784 16.15003104812833 0
1.158811402186512 15.89402636581128 0
1.247578379852254 16.40009009020492 0
1.055962519401796 16.66047428078615 0
1.089541467110095 16.40552580784045 0
1.171432770964332 16.9087977164603 0
0.9911785415512941 17.16862649214322 0
1.023151022668271 16.91485797029204 0
1.099148942362079 17.41449324345161 0
0.9302102613220411 17.67353702288952 0
0.9601492431723413 17.42163256179315 0
1.031818154951416 17.91519267150561 0
0.8744423092551301 18.17164220435786 0
0.9015588057291781 17.92378689357772 0
0.9712788887524555 18.40657456146404 0
0.8260142497735146 18.65677091013614 0
0.8491490637262213 18.41623721538068 0
0.9201387609508442 18.88317483441004 0
0.7877690110706617 19.12310650819071 0
0.8054105222671559 18.89253996521584 0
0.8818039708244996 19.34131928866223 0
0.7633391938081031 19.56872165553341 0
0.7735712847814558 19.34834356093091 0
0.8604250076324345 19.7827174374488 0
0.757424048018958 19.78534539141481 0
2.878931788785267 10.75400413583907 0
2.481274650236144 11.00870156979569 0
2.541668043770831 10.75424058598656 0
2.728599754149108 11.26280211960136 0
2.367966107151436 11.51861285919611 0
2.423792527771787 11.26347651705048 0
2.592835461578513 11.77292366085912 0
2.258598764867893 12.03006069707873 0
2.313040426031715 11.77413912429143 0
2.464504136646075 12.28451371427107 0
2.15052937282855 12.54300106268211 0
2.20444667899791 12.28636053008255 0
2.340523988280652 12.79744245953983 0
2.043540879448559 13.05708279721248 0
2.096871878603412 12.79992940669356 0
2.219893490120449 13.31135019179286 0
1.938181042783238 13.57179176530809 0
1.990617514973844 13.31439250748583 0
2.102456272486188 13.82576573525635 0
1.835039067631062 14.08661604643613 0
1.88630214705676 13.82921772723208 0
1.988294375468013 14.34022440130696 0
1.734526897448148 14.60116831922846 0
1.7844366330085 14.34394435791977 0
1.877496746043339 14.85433912670244 0
1.636880187179184 15.11517579360178 0
1.685334827008322 14.85825750728076 0
1.770129384522214 15.36773710605395 0
1.542259299626743 15.62828858016361 0
1.58918152146847 15.37187453924915 0
1.666289353480935 15.87991958465012 0
1.45084814574489 16.13992986022111 0
1.4961380890147 15.88433671636831 0
1.566171840073427 16.39021138716011 0
1.362926468411223 16.64940463936878 0
1.406428076553805 16.39498007664654 0
1.470140559859932 16.89784770985367 0
1.278960096362058 17.15600704526193 0
1.320407982913072 16.90311801324294 0
1.378858153808468 17.4018523825871 0
1.199798763491305 17.65850170925902 0
1.238702991541432 17.40789569523983 0
1.293507277697093 17.90041300781166 0
1.126940192398809 18.15410393310809 0
1.162457328541634 17.90741422514682 0
1.216005480551406 18.39032075620117 0
1.062672228318728 18.63840482846396 0
1.093558229642251 18.39796549868363 0
1.149090252562138 18.86764856022165 0
1.01009544395573 19.10718764506947 0
1.034693934079308 18.87491716416442 0
1.096431011598943 19.32983010994352 0
0.9733169724309656 19.55930287067641 0
0.9894231736712644 19.33518590332779 0
1.063447157608893 19.7784784455551 0
0.9624982972523526 19.78043695130539 0
3.560379070333977 10.75331626957294 0
3.124849290098462 11.00767360298386 0
3.218799987428409 10.7537008689403 0
3.349606793226826 11.26095094715514 0
2.955065331150003 11.51656686441033 0
3.037430601642034 11.26195333021231 0
3.16395028094104 11.76998717261672 0
2.80108246522137 12.02686723180403 0
2.876579582501221 11.77153526571659 0
2.994643255113113 12.28048864843598 0
2.656640991659089 12.53859099488808 0
2.727922416979444 12.28255850606828 0
2.836155276653587 12.79237527164232 0
2.518565679800095 13.05153822694918 0
2.586924577381516 12.79493184250988 0
2.685366055568697 13.30539061537048 0
2.385431216593301 13.56533827799134 0
2.451429964040505 13.30835897870644 0
2.540631373369109 13.81914521498753 0
2.256645448023511 14.07953554141646 0
2.320514924521888 13.82241646421138 0
2.401095182475319 14.33317725586312 0
2.13195567849264 14.59367642785235 0
2.193798163359789 14.33664022338819 0
2.266295052510882 14.84700787465951 0
2.011238993039478 15.10732711089701 0
2.071104917586278 14.85059056349334 0
2.135983263264603 15.36013258904832 0
1.894460689487487 15.62000601679371 0
1.952355812944567 15.36382312915181 0
2.010080888143206 15.87195652287543 0
1.781700611307346 16.13108887593795 0
1.837567520763948 15.8757921885623 0
1.888693121046944 16.38174274641827 0
1.673205580366289 16.6398078446277 0
1.726895906719741 16.38579607269656 0
1.772166846998051 16.8886105454416 0
1.569479265762405 17.14525478471577 0
1.620701142039709 16.89300726259368 0
1.661199383299715 17.39144952520445 0
1.471440773226772 17.64610905191766 0
1.519669412977163 17.39636964177733 0
1.557013052858887 17.88860946067499 0
1.380640132228488 18.14011757872242 0
1.425008865492718 17.89415474280156 0
1.461541853982411 18.37763049357064 0
1.299415860333492 18.62406624521442 0
1.338652132270372 18.38356392395484 0
1.377540869467167 18.85569147529526 0
1.230971689356058 19.09495926624443 0
1.263357564408754 18.86126820887095 0
1.308731434794844 19.32108358501281 0
1.179762503676291 19.55218875285449 0
1.202849971413783 19.32515601506742 0
1.260950606974611 19.77532852505779 0
1.162866639551614 19.77676407357067 0
4.24732179748648 10.75237195075139 0
3.779746639726338 11.00614827583793 0
3.903304031232772 10.75287579284536 0
3.982230391970294 11.25852128854716 0
3.556688586016832 11.51385070467127 0
3.664649401840381 11.25980740741838 0
3.748557679577013 11.76640644474778 0
3.357602208328507 12.02309622780123 0
3.454679387401247 11.76828039314745 0
3.53777226878457 12.27594589649281 0
3.175018502425147 12.53384972824233 0
3.264609771571417 12.27829109456006 0
3.343388403871757 12.78702198488187 0
3.003999955624016 13.04595041747847 0
3.088288284454191 12.78974766939569 0
3.160960551344806 13.29940268080021 0
2.841547051795444 13.55909280935099 0
2.92183361327747 13.30241573219557 0
2.987641955713739 13.81272947958358 0
2.685921775959584 14.0728554324413 0
2.762956494125127 13.81592591100667 0
2.821675629346905 14.32654045192735 0
2.536119471984089 14.58674922866302 0
2.610336538392392 14.32981809458609 0
2.661991983088322 14.84029795220631 0
2.391559184169557 15.100244201671 0
2.463208574972068 14.84358156080708 0
2.507961893672636 15.35340046227638 0
2.251935878947108 15.61274764002982 0
2.321140370442808 15.35666095723778 0
2.359276659046168 15.86515527155349 0
2.117175888893486 16.12355193182693 0
2.18394344963554 15.86841190884293 0
2.215912774670964 16.37474001619276 0
1.987454724657038 16.63180606369565 0
2.051663288876648 16.37805683785323 0
2.078160535441636 16.88117963950275 0
1.863266646559314 17.13648731096526 0
1.924622497104835 16.88466637670346 0
1.946709704970484 17.38329362079637 0
1.745552180723174 17.63626483934454 0
1.803519489877207 17.38709149195776 0
1.822780939321624 17.87955939097818 0
1.635867911125499 18.12925700010657 0
1.689580342067058 17.88375146824698 0
1.708280655604654 18.36802864760666 0
1.536532657696113 18.61307749438885 0
1.584729615870658 18.37246663582008 0
1.605902678949572 18.8466799915921 0
1.450714094781563 19.08565187563861 0
1.491699014377454 18.8508478774671 0
1.519219005637246 19.31448354861733 0
1.382754226673825 19.54681909698498 0
1.414153835062221 19.31754420589809 0
1.453273226514867 19.77294579730288 0
1.357592470020423 19.77405241804091 0
4.938219969105246 10.75117579559301 0
4.442486782561636 11.00418594908702 0
4.592330379064836 10.75180963218821 0
4.624175079580459 11.25548906095618 0
4.170126292323264 11.51048231668111 0
4.302124323014384 11.25708719337386 0
4.345178259481952 11.76208466491429 0
3.9270451565742 12.01867041652801 0
4.045428247584698 11.76434914671314 0
4.093557324900789 12.27070554008688 0
3.705805440249239 12.52860190009744 0
3.81409413206875 12.27342796894414 0
3.862758860455362 12.78113832389233 0
3.500695604319375 13.04008349977312 0
3.601522327216175 12.78416491916635 0
3.647696187803037 13.29311652359882 0
3.307686242932938 13.55281452436148 0
3.402872714415539 13.29631595947741 0
3.444705607522965 13.8062713569606 0
3.124097727583472 14.06638118069114 0
3.214840024824957 13.80952373406978 0
3.251284529785207 14.32012073545153 0
2.94820944974177 14.58026351393014 0
3.035270647271477 14.32331872105048 0
3.065785127625492 14.83407707832716 0
2.778946238013183 15.09385913302736 0
2.862797761291651 14.83713803375107 0
2.887173775316648 15.34745792371159 0
2.615685165339461 15.60648003295196 0
2.696589845591499 15.35033850552744 0
2.714878237993116 15.85947374090106 0
2.458159786233519 16.11732367072465 0
2.536209176793188 15.86217940388319 0
2.548717231555743 16.36920477004226 0
2.306440833820232 16.62544836151284 0
2.38155626513664 16.37179082518754 0
2.388895516358036 16.87558325631006 0
2.160977251309641 17.12974510076152 0
2.232881743567557 16.87815217958531 0
2.236062194247646 17.37736723495536 0
2.022693281470081 17.62888167204951 0
2.090858197752715 17.38005316201778 0
2.091407152287504 17.87310941538867 0
1.893117580491569 18.12122705385656 0
1.956693902731323 17.87601630287018 0
1.956781337298485 18.36120131152194 0
1.774506659259439 18.60497126420375 0
1.832269968261436 18.36428210379975 0
1.834777940576199 18.84020118491338 0
1.669904980594508 19.07874132060314 0
1.720232622186401 18.84314253318551 0
1.728739129315147 19.30963846276008 0
1.583237649484126 19.54277041404226 0
1.624040996233362 19.31185874166534 0
1.642698350580286 19.7710963466038 0
1.548196120320854 19.77196066096034 0
5.632390468570733 10.74967173880668 0
5.111624323551101 11.00172910408761 0
5.284930004754511 10.75046694801242 0
5.274295484512754 11.25172136718124 0
4.793936054759856 11.50634181190039 0
4.948265376582686 11.2537076525064 0
4.952995873028778 11.75681478427317 0
4.508740892439406 12.01339550941901 0
4.647722940855012 11.75958427681689 0
4.661887045781932 12.26449174068358 0
4.249193986244942 12.52258738402544 0
4.376154388082758 12.26774094234525 0
4.394824848162235 12.77440002729284 0
4.009465849315264 13.03363864493333 0
4.12716794270866 12.77789986234177 0
4.14658980782804 13.28619190644121 0
3.784995583113272 13.54620880809432 0
3.89555861772292 13.28975889408545 0
3.913077600353773 13.79944769287251 0
3.57244798206457 14.05985357231961 0
3.677397424415839 13.80292889441371 0
3.691252274977191 14.31364167166589 0
3.369501429371928 14.57401572460938 0
3.469886703506204 14.31690921145197 0
3.478982173816001 14.82812964474079 0
3.174612728321479 15.08802676208994 0
3.271121734094728 14.83108599432583 0
3.27485190423946 15.34214800579527 0
2.986826479975287 15.60110808353189 0
3.079872002429132 15.34473689234673 0
3.078019423965615 15.85480873309364 0
2.805661715959193 16.11235664260061 0
2.895429808088188 15.85702329414743 0
2.88812910726063 16.36508568770411 0
2.631060048123905 16.62072972478041 0
2.71752761059191 16.366973616882 0
2.705282749730468 16.87180646023524 0
2.463400401729983 17.12502926101103 0
2.546319991101644 16.87346984326703 0
2.530068800886157 17.3736475163705 0
2.303564879308222 17.62389640812585 0
2.382427435805723 17.37523287162502 0
2.363629043910975 17.86917382012689 0
2.153033068104974 18.11584568176836 0
2.227017264875815 17.8708301846507 0
2.207745912170652 18.35697395613262 0
2.0139788732446 18.59945731232821 0
2.08190673233362 18.3587685445392 0
2.064902571985108 18.8360198961309 0
1.889298974455914 19.073901899789 0
1.94963417984786 18.83783186440639 0
1.938236149726811 19.30633183258727 0
1.782511379205117 19.53980707152593 0
1.833432062093166 19.30780083977825 0
1.831165095916156 19.76973549990622 0
1.736971579133497 19.77035610881784 0
6.32936571062064 10.7478072613565 0
5.786350590384873 10.99866370742719 0
5.98056539109896 10.74878891053843 0
5.931800771048835 11.24704318417509 0
5.427292421764497 11.50122531496289 0
5.602174964412691 11.24950775055237 0
5.571488495963662 11.7503167805348 0
5.102345320336648 12.00698561941598 0
5.260938022166383 11.75373938980648 0
5.242789455412657 12.25693936260609 0
4.805474736551614 12.51545803740995 0
4.950763652229263 12.26090880406737 0
4.940189513175506 12.76638900199466 0
4.531140851102635 13.02623514962531 0
4.665806414591367 12.77058380027675 0
4.658689666998727 13.27819206823722 0
4.274656369820985 13.53889247109178 0
4.400922063600711 13.28235803256327 0
4.394074550473371 13.79183885200611 0
4.032320085401449 14.05292441235527 0
4.151912689422086 13.79577226585752 0
4.143011763710424 14.30673012028166 0
3.801380064098525 14.56771411851761 0
3.915564024563103 14.31026799579851 0
3.903022566749273 14.8221444860294 0
3.579900533445094 15.08251789981781 0
3.689550906751839 14.825165704587 0
3.672377785190902 15.33722664618018 0
3.366618438541383 15.59646387252068 0
3.472290994858446 15.33965792962892 0
3.449987611951159 15.85098303391933 0
3.160834391961749 16.10854212828735 0
3.262812856213879 15.85280537097682 0
3.235324980432043 16.36227132499002 0
2.962352057321251 16.617595541911 0
3.060673830096929 16.36352512313658 0
3.028383576531967 16.86979438565611 0
2.771467296930721 17.12231681521906 0
2.865921405384965 16.87058496410417 0
2.829684976294343 17.37211312308839 0
2.589007505800438 17.62127616513267 0
2.67911028375639 17.37260862050024 0
2.640319603013417 17.86772917334963 0
2.416394596609508 18.11303160318204 0
2.501355921447433 17.86813936675148 0
2.462000911379857 18.35529601353914 0
2.2557151444927 18.5963980026542 0
2.334405887290036 18.35581486882027 0
2.297107199041956 18.83405439585836 0
2.109732005148315 19.07097209553672 0
2.180689688970665 18.83475957904536 0
2.148633154529558 19.30447863558335 0
1.981706640659263 19.53783297251307 0
2.043265498466007 19.30522445385386 0
2.019757337809982 19.76885615755902 0
1.925396162143283 19.76923935618373 0
7.028284751091636 10.74555792954861 0
6.465871041583426 10.99487949404565 0
6.678654973778598 10.7467256277515 0
6.595693465230984 11.24129116948971 0
6.069488727340763 11.49488524476984 0
6.263035949002975 11.24430781254831 0
6.200060767863631 11.7422688431565 0
5.707610144230906 11.99907949770281 0
5.884566897825077 11.74650613646365 0
5.836260515274353 12.24760578910463 0
5.374980971532532 12.50677055331137 0
5.537962091937597 12.2525251814436 0
5.499446335461514 12.75658380567899 0
5.066578055776653 13.01738722192256 0
5.218047967366576 12.76174729381977 0
5.185070285276679 13.26856330351431 0
4.777898054225427 13.53037634881002 0
4.920027732084014 13.2736209708083 0
4.889088521019226 13.78290122375411 0
4.505154079398085 14.04513462599611 0
4.639739682133993 13.78757566027793 0
4.608116612627574 14.29888592150013 0
4.245360381528969 14.56095590286386 0
4.373793784816592 14.30296160515057 0
4.339502860363162 14.81568949711731 0
3.996308110140616 15.07700065137127 0
4.119601348936535 14.81900799619135 0
4.081308094768085 15.33234257790974 0
3.756485001997229 15.59229017756919 0
3.875312484436121 15.33480687664812 0
3.832252113481767 15.84772841892943 0
3.524998686345762 16.10569678620774 0
3.639733225395129 15.84930535020427 0
3.591659120503558 16.36057560887773 0
3.301519324248813 16.61593505911998 0
3.412257423671998 16.3612987335347 0
3.359426099594718 16.8694430273994 0
3.086262198735262 17.1215599114454 0
3.192828058281372 16.86942003791901 0
3.136018706721994 17.37273457979823 0
2.88000246650914 17.62101511485617 0
2.981936522665695 17.37215707356793 0
2.922486712790834 17.86880431893826 0
2.68410993988265 18.11279378823452 0
2.780650236682009 17.86794836099056 0
2.720488941130526 18.35623098418341 0
2.500589151571187 18.5957942577051 0
2.590652480270814 18.35542877790677 0
2.532306652879792 18.83436827246744 0
2.332089423108137 19.06993183977452 0
2.414272023106921 18.83391670500739 0
2.360839215561847 19.30410833331118 0
2.181762485168025 19.53681981751617 0
2.254452604614189 19.30410151407176 0
2.209264841928609 19.76843790434244 0
2.114347740625454 19.76859592211816 0
7.727118475427706 10.74304921154508 0
7.148729232081859 10.99034393378253 0
7.377878884465661 10.74429826879432 0
7.264062376672658 11.23443018343357 0
6.719413194255828 11.48710397287347 0
6.929499119329223 11.23798841510873 0
6.837569540930109 11.732389876707 0
6.324073095863281 11.98927761315068 0
6.517806857367154 11.73757089297633 0
6.441998661527204 12.23600492163252 0
5.957937954114145 12.49599726408883 0
6.137636359762382 12.24211927278682 0
6.073043744243574 12.744366741497 0
5.616604476655717 13.00649258039036 0
5.784435293922295 12.75081855524471 0
5.726775687334215 13.25662226292174 0
5.295991072447176 13.52003806855292 0
5.453946087230659 13.26292938479222 0
5.399572878400392 13.7719417679791 0
4.992490799522461 14.03588562295119 0
5.142304843485471 13.77772374124925 0
5.088253119814194 14.28945456101991 0
4.703106245619498 14.55320025970168 0
4.846195324187161 14.29441638832174 0
4.790195875547666 14.80818575481081 0
4.425511858826296 15.07101593312488 0
4.562954442563512 14.81211173936159 0
4.503402800636779 15.32701088347609 0
4.158044535060711 15.58821765609455 0
4.290591244672106 15.32976898097205 0
4.22649299618363 15.84465976258769 0
3.899669102628252 16.10354342911054 0
4.027761264256124 15.84620001517118 0
3.958693775913687 16.35971571732062 0
3.649950759644797 16.6155643879659 0
3.773732134460063 16.36006347925871 0
3.699833870976153 16.87057765819202 0
3.409040177403373 17.12267070810448 0
3.528361990133621 16.86983919276953 0
3.450347994598505 17.37545296356892 0
3.177680115867379 17.62311851450292 0
3.292096719327994 17.3738372690363 0
3.211278935594114 17.87246085544862 0
2.957212029911085 18.11521854079677 0
3.065977127312896 17.87030565557306 0
2.984266083474282 18.3599456032617 0
2.749576408356634 18.59778109277016 0
2.851645970253257 18.35772677567822 0
2.771505927211186 18.83717525030271 0
2.557312694223139 19.07090443808908 0
2.651339668037289 18.83544061032214 0
2.575792060368879 19.30538295964328 0
2.383559668792257 19.53681178864956 0
2.467911374857363 19.30452379183031 0
2.400498162628266 19.76849737331394 0
2.304615454632515 19.76841735132357 0
8.418330018850884 10.74046144008478 0
7.831486509234995 10.98517132447757 0
8.074079202986166 10.74158772319082 0
7.932645704155272 11.22660080263573 0
7.374832274885737 11.4777991225875 0
7.598733729630149 11.23059349135406 0
7.481627963410941 11.72053411509503 0
6.95063420602836 11.9772151046 0
7.159004404242686 11.72670761650956 0
7.05901353603213 12.22167007344855 0
6.554226928933012 12.48255470740055 0
6.749199264752219 12.22920505433274 0
6.661065342710026 12.72904839350536 0
6.181888246312926 12.99284088152482 0
6.365268371169559 12.73714029139676 0
6.28469836202915 13.24156005407087 0
5.830190064550331 13.50710988505484 0
6.00366459114186 13.24953640676597 0
5.926994873493213 13.75810321906861 0
5.495964720205914 14.02441141826152 0
5.661077159342276 13.76544238683898 0
5.585236786259637 14.27759427697709 0
5.176447047948952 14.54373742356967 0
5.334520798392508 14.28388880004681 0
5.257075769750323 14.79886654710776 0
4.869394800293897 15.06394649342844 0
5.021480667169429 14.80380945268491 0
4.940654412052809 15.32058024042661 0
4.573139086702286 15.58373896120156 0
4.719999251055185 15.32398128071307 0
4.63463865904374 15.84124842668679 0
4.286590474255648 16.10168376148101 0
4.42869633145864 15.84303672539232 0
4.338237763865722 16.35928199261198 0
4.009254638881976 16.61619973839239 0
4.146777997091377 16.3594770210513 0
4.05125810384093 16.8729205333205 0
3.741253802704213 17.12549366635396 0
3.874055457898158 16.87162052673279 0
3.774148744587424 17.38014500123643 0
3.483335537300651 17.62757444047136 0
3.610963330898688 17.37756389652316 0
3.507999544130136 17.8787568571316 0
3.23686189755369 18.12044873715282 0
3.358560044623924 17.87527681900159 0
3.25450043611739 18.36669357232435 0
3.003755752353304 18.6026243354082 0
3.118498809531186 18.36292194224866 0
3.015810515665753 18.84285008621737 0
2.786426737815758 19.07417336169103 0
2.892947029289805 18.83962391888089 0
2.794510713349702 19.30862995731075 0
2.587985145673278 19.53796983561518 0
2.684611595354387 19.30673225471542 0
2.594255299780804 19.76913939691396 0
2.497017569311349 19.76875451303088 0
9.082555192299537 10.73769454904419 0
8.505405944809223 10.97953986033452 0
8.754450937979296 10.73861391811739 0
8.592567630780863 11.21803726005066 0
8.031105922236881 11.46709012335379 0
8.264441558308381 11.22232944857842 0
8.127571192604881 11.70679132672947 0
7.584915115212399 11.96265878929882 0
7.804771427282034 11.71387495403615 0
7.685075469873825 12.20425572773628 0
7.163030498140947 12.46585697425043 0
7.371118143626073 12.21336041382119 0
7.26292479334011 12.7099034959267 0
6.762740005939716 12.97562563772111 0
6.960338197918061 12.71999926597987 0
6.8593985941211 13.22244415615571 0
6.381620876085299 13.49067784368588 0
6.56993492617525 13.23257204384142 0
6.472728980218142 13.74035865332915 0
6.01726131301855 14.00975877001349 0
6.197494806325437 13.74978989990042 0
6.100983921370152 14.26224568747692 0
5.667385602343605 14.53164514419546 0
5.840642962677167 14.27043137849079 0
5.742337075453909 14.78672708126668 0
5.330076897888051 15.05497336351735 0
5.497262535387639 14.79322340498587 0
5.395330226727681 15.31218345515204 0
5.003874506489526 15.5781710236898 0
5.16566077669054 15.3166920614909 0
5.058909011136047 15.83678390926555 0
4.687778407274809 16.09956780612783 0
4.844606895239727 15.83920020724566 0
4.732396677859663 16.35870375329342 0
4.381304422292167 16.61742343536274 0
4.533345645337566 16.35905403236309 0
4.415633196179949 16.87604820723509 0
4.084593070631676 17.12976477680763 0
4.231692983409221 16.87441984792177 0
4.109141550096854 17.38657070191211 0
3.798458784594163 17.6343079366699 0
3.940127405840843 17.38316228168201 0
3.814137881431689 17.88768921765834 0
3.524358781596086 18.1286436873181 0
3.659789690674535 17.88289822270356 0
3.532471726832393 18.37677736811844 0
3.264301670723723 18.61071919025169 0
3.392434397350554 18.37129957530433 0
3.266415873178033 18.85195071421883 0
3.020575150283631 19.08021126660471 0
3.14024871419834 18.84692939790567 0
3.018187139075713 19.31437738029439 0
2.795980944810968 19.54062024793365 0
2.905644739051197 19.31114896577727 0
2.791222283511689 19.77062631909217 0
2.692301405569451 19.76977578130759 0
9.699432146565659 10.73522979547439 0
9.154687501496069 10.97389484684406 0
9.396963964877212 10.73579299735515 0
9.231005230208384 11.20965004004439 0
8.679893022986409 11.45543239650641 0
8.91523743127377 11.21368231691385 0
8.767821002761519 11.69184826648387 0
8.222478218746579 11.94567615975683 0
8.448972603728951 11.69938102489849 0
8.316136172668966 12.18377357035028 0
7.782381393560406 12.44541426777628 0
8.0003156886676 12.1943692375149 0
7.8770027752566 12.68625556899737 0
7.358849031266972 12.95396382238535 0
7.568586880789177 12.69867798552307 0
7.450872138853287 13.19822215775625 0
6.95111446508804 13.46967831510931 0
7.153067798576108 13.21104182941068 0
7.037889579314587 13.71751440172905 0
6.55802202879061 13.99077732773934 0
6.752827854079888 13.72965457438681 0
6.637429751858276 14.2421173793015 0
6.17808447242605 14.51574502858424 0
6.366501769582777 14.25286823777632 0
6.248409223537944 14.77045321793816 0
5.809949203351496 15.04300867717586 0
5.992610548088328 14.7792033426422 0
5.870016283975485 15.30065980779202 0
5.452663189829596 15.57060848457886 0
5.629996040520094 15.3068998476148 0
5.501856851762994 15.83033420408173 0
5.105569029631445 16.09645967243819 0
5.27787443249761 15.83387566377573 0
5.14362819157556 16.35721294766277 0
4.768296326075291 16.61864036764166 0
4.935709714261436 16.35812875738441 0
4.795245453088241 16.87934084483543 0
4.441046900464396 17.13506094598469 0
4.603375832322016 16.87772168160191 0
4.457359448272603 17.39431578622675 0
4.124787932298484 17.6431166462685 0
4.281455640004488 17.39031272381959 0
4.13143213111747 17.89910888287658 0
3.821169155840978 18.13990713374711 0
3.971269657972881 17.89310586196799 0
3.819588621358576 18.3904626279137 0
3.53245992171181 18.62256682085978 0
3.674792337160897 18.38315848404154 0
3.524537876793262 18.86523951187411 0
3.261024607863499 19.08973502054946 0
3.394464075283658 18.85801602048034 0
3.248273143119051 19.32343539492969 0
3.008746048173212 19.54527111433581 0
3.132329268881198 19.31842623292341 0
2.992372154542279 19.77330680171513 0
2.891168144248744 19.77181255770248 0
10.27439503531201 10.73423854960737 0
9.766653015953214 10.96967426821164 0
9.990904974186108 10.7342794269821 0
9.839840531546347 11.20365028442612 0
9.310774900502352 11.44432714740927 0
9.539127854278721 11.20619821635083 0
9.393650693020511 11.67779038893803 0
8.856539422050965 11.9271687708322 0
9.083006094348661 11.68450980096117 0
8.94615072542665 12.16126831183953 0
8.408729308338 12.4211123946513 0
8.631715565835888 12.17263882054363 0
8.500339610506963 12.6577508279655 0
7.969008622091572 12.92694396637524 0
8.187758710338207 12.67260271802169 0
8.058365810863323 13.16770020436025 0
7.538983156680116 13.44289238025317 0
7.752692419739362 13.18383098261218 0
7.623102094746816 13.68820831433838 0
7.119664509804727 13.96614173302001 0
7.327973883755788 13.70376332934216 0
7.196323885578161 14.21574367331884 0
6.710810344691933 14.49457218770358 0
6.913978946514366 14.22980486785153 0
6.777940957688195 14.74836105429876 0
6.311724700047815 15.02659088331299 0
6.510071932775812 14.76025347810504 0
6.367712332941116 15.28440469112927 0
5.922275432767715 15.55984024766797 0
6.115780013463043 15.29324759704045 0
5.966422891196758 15.82067347579846 0
5.542658759101077 16.0914051132123 0
5.731236335252976 15.8259966391283 0
5.574783360211028 16.35382745792 0
5.172818699307803 16.6190398727258 0
5.356521341121647 16.35582648046192 0
5.192824243202689 16.88192798204489 0
4.812984703606657 17.14074287079569 0
4.991598110679089 16.88078846687842 0
4.821242239977265 17.40273224781577 0
4.464389577883779 17.65359990348697 0
4.637171455801477 17.39849115741592 0
4.461969916908199 17.91262707113117 0
4.129002312837415 18.15417047089853 0
4.294898071882829 17.90564133355271 0
4.117478391988659 18.40780923336418 0
3.809524769789848 18.63869117646501 0
3.967071370611169 18.39868934554251 0
3.791283697038053 18.88364420758733 0
3.509029078729384 19.10381214417196 0
3.656770484626982 18.8737427281061 0
3.486308808929067 19.33712060006792 0
3.228094600797235 19.55268588550711 0
3.366213999560723 19.32958723021238 0
3.200015567480139 19.77766132873506 0
3.095139756507809 19.7752879620407 0
10.8358436808509 10.73505370104463 0
10.34740379694735 10.96848276226692 0
10.55534972655652 10.73456493953163 0
10.42426235370582 11.20230383493653 0
9.917831976444505 11.43664035076437 0
10.13431791232595 11.20230785731544 0
9.999802554490326 11.66824833296712 0
9.479388378585714 11.90976433097273 0
9.699267814449836 11.67219392958507 0
9.567888081455582 12.13988517221491 0
9.036721661906046 12.39400048285141 0
9.258509637830558 12.15013269733978 0
9.128309118235755 12.62521293665159 0
8.590950044978424 12.89381039374662 0
8.814115560554251 12.64184540426587 0
8.680428009407491 13.12952038586846 0
8.144938341914694 13.40881864074876 0
8.36769111774 13.1496528332284 0
8.22849170295393 13.65068588124025 0
7.703092718412932 13.93439794641162 0
7.923270784403145 13.67061776980999 0
7.77880038251007 14.18167206330785 0
7.267699462141513 14.46648034262471 0
7.484581941210412 14.19975533130157 0
7.333562847018 14.71851585545105 0
6.838498152565902 15.00375539631872 0
7.052345065102043 14.73452520600185 0
6.892027912134343 15.26110520617164 0
6.415974686102613 15.54415764062952 0
6.626285641308077 15.27381649180913 0
6.456061903817526 15.80610431738749 0
6.002136088263637 16.08319956787594 0
6.207863909468607 15.81413770825544 0
6.029095177165774 16.34737633924389 0
5.597909339813052 16.61758195047589 0
5.798830215126183 16.35106398299173 0
5.611650833619496 16.8826353075039 0
5.203271004124697 17.14588490110101 0
5.399352241586836 16.88260262444602 0
5.203756150948679 17.41087587704515 0
4.819760390460897 17.66510639079604 0
5.009959531021899 17.40691165993963 0
4.808309501527964 17.92755290973652 0
4.449949013530636 18.17105594882962 0
4.632983070373296 17.91996966270732 0
4.42821863108871 18.42841394341307 0
4.096922367716235 18.65940911137933 0
4.271085396727429 18.41775512532507 0
4.067655245880113 18.90797054997124 0
3.765457439804848 19.12397796356482 0
3.928197711429688 18.89503947702451 0
3.733112289060871 19.35766146839389 0
3.456440605909217 19.564223814518 0
3.60862892445088 19.34634974569759 0
3.418691660123296 19.78438740839606 0
3.30752068461345 19.78078578882348 0
11.41057145623307 10.73763080356408 0
10.91712049362653 10.9709682695835 0
11.12096091236234 10.73649129015858 0
10.99783570799209 11.20701262983582 0
10.50433089860137 11.43547731833446 0
10.71156948576296 11.20388186665608 0
10.58710927876195 11.66736524290065 0
10.08535626462536 11.89808120656319 0
10.29557164291524 11.66648293053872 0
10.17441756400762 12.12555173192603 0
9.659236008282448 12.36769956767751 0
9.873441432771795 12.13136364257606 0
9.753729913275865 12.59258242609185 0
9.22095433202853 12.85479349726317 0
9.441935672064684 12.60845878597504 0
9.314703730684679 13.08280170778248 0
8.768471135620233 13.36525032968821 0
8.996265926715378 13.10719902463595 0
8.854618543686751 13.60189303351849 0
8.308678681790155 13.89366162312718 0
8.538861798473372 13.62797713812994 0
8.385081984912674 14.13838719254798 0
7.850100365043366 14.43006577006786 0
8.078966294052496 14.16131129120749 0
7.916935036014944 14.67943930812301 0
7.393594847087519 14.97209043373917 0
7.621763250114405 14.70016802695579 0
7.447347105372326 15.22755806122726 0
6.937889481813216 15.5208767977185 0
7.165523158551261 15.24583148836741 0
6.975201936879526 15.78389303733585 0
6.487558677090627 16.0702761940866 0
6.711601134843137 15.79619757831423 0
6.510116356734051 16.33649606409906 0
6.046990637582721 16.6131165407342 0
6.266027211923084 16.34259246264995 0
6.055592964472807 16.88002533702359 0
5.615455001005633 17.14914986957766 0
5.830225003920043 16.88183608703762 0
5.608628283141567 17.41733782071389 0
5.193929160039307 17.67672380326445 0
5.403121573302635 17.41443479206954 0
5.173621904006118 17.94284999427726 0
4.7866197311664 18.18983424748126 0
4.988363631958405 17.93523868127571 0
4.754691881136534 18.45116622389977 0
4.396568308110122 18.6844049355539 0
4.589266458086549 18.43962263961639 0
4.355194761871566 18.93804312636851 0
4.030403940127053 19.15210446952251 0
4.209867528484765 18.92238037601016 0
3.98770588512232 19.38808544108063 0
3.695176527696968 19.5830413635586 0
3.859550452396033 19.37147570795862 0
3.654411888852316 19.79560865417292 0
3.533975877048074 19.7894274858405 0
11.49262309969383 10.97610785492773 0
11.70272703915624 10.73872145814533 0
11.07823674399043 11.44353247909172 0
11.28416886970305 11.21132699773743 0
10.67243253073604 11.89782375642067 0
10.87500766498591 11.67120958748461 0
10.26717342198274 12.35005527727465 0
10.47027726092614 12.1234338487182 0
9.851727492708457 12.81363836732799 0
10.06209867152485 12.57911370569855 0
9.409482156372359 13.30866094437091 0
9.634598518796203 13.05710428381387 0
8.938387824125684 13.83939072504527 0
9.175938327470103 13.57183491747295 0
8.457495694637114 14.3848585215677 0
8.697439728011494 14.11225576085338 0
7.979171382062936 14.92979737763555 0
8.218827631830262 14.656464588664 0
7.4941846672829 15.48512351804564 0
7.737787771403431 15.2060891537458 0
7.003349138531053 16.05026437598906 0
7.247835493770185 15.7684028048831 0
6.523238691013588 16.60499537036364 0
6.76201781405933 16.32870918561166 0
6.054099998673088 17.14857607483891 0
6.288222627488597 16.87708864331688 0
5.590444954610137 17.6874202349223 0
5.821011721342432 17.41920228878794 0
5.14194558290001 18.20981277637941 0
5.364693415462992 17.95011056061304 0
4.711346225218121 18.71245225813537 0
4.92506313644494 18.46275971100917 0
4.303297694081813 19.18992231270848 0
4.504306824440789 18.95443360952099 0
3.939222936889047 19.61680216902323 0
4.117664126867945 19.40735480306913 0
3.777846263807783 19.80597636616412 0
2 3 0 765
3498
3499
3500
3501
3502
3503
3504
3505
3506
3507
3508
3509
3510
3511
3512
3513
3514
3515
3516
3517
3518
3519
3520
3521
3522
3523
3524
3525
3526
3527
3528
3529
3530
3531
3532
3533
3534
3535
3536
3537
3538
3539
3540
3541
3542
3543
3544
3545
3546
3547
3548
3549
3550
3551
3552
3553
3554
3555
3556
3557
3558
3559
3560
3561
3562
3563
3564
3565
3566
3567
3568
3569
3570
3571
3572
3573
3574
3575
3576
3577
3578
3579
3580
3581
3582
3583
3584
3585
3586
3587
3588
3589
3590
3591
3592
3593
3594
3595
3596
3597
3598
3599
3600
3601
3602
3603
3604
3605
3606
3607
3608
3609
3610
3611
3612
3613
3614
3615
3616
3617
3618
3619
3620
3621
3622
3623
3624
3625
3626
3627
3628
3629
3630
3631
3632
3633
3634
3635
3636
3637
3638
3639
3640
3641
3642
3643
3644
3645
3646
3647
3648
3649
3650
3651
3652
3653
3654
3655
3656
3657
3658
3659
3660
3661
3662
3663
3664
3665
3666
3667
3668
3669
3670
3671
3672
3673
3674
3675
3676
3677
3678
3679
3680
3681
3682
3683
3684
3685
3686
3687
3688
3689
3690
3691
3692
3693
3694
3695
3696
3697
3698
3699
3700
3701
3702
3703
3704
3705
3706
3707
3708
3709
3710
3711
3712
3713
3714
3715
3716
3717
3718
3719
3720
3721
3722
3723
3724
3725
3726
3727
3728
3729
3730
3731
3732
3733
3734
3735
3736
3737
3738
3739
3740
3741
3742
3743
3744
3745
3746
3747
3748
3749
3750
3751
3752
3753
3754
3755
3756
3757
3758
3759
3760
3761
3762
3763
3764
3765
3766
3767
3768
3769
3770
3771
3772
3773
3774
3775
3776
3777
3778
3779
3780
3781
3782
3783
3784
3785
3786
3787
3788
3789
3790
3791
3792
3793
3794
3795
3796
3797
3798
3799
3800
3801
3802
3803
3804
3805
3806
3807
3808
3809
3810
3811
3812
3813
3814
3815
3816
3817
3818
3819
3820
3821
3822
3823
3824
3825
3826
3827
3828
3829
3830
3831
3832
3833
3834
3835
3836
3837
3838
3839
3840
3841
3842
3843
3844
3845
3846
3847
3848
3849
3850
3851
3852
3853
3854
3855
3856
3857
3858
3859
3860
3861
3862
3863
3864
3865
3866
3867
3868
3869
3870
3871
3872
3873
3874
3875
3876
3877
3878
3879
3880
3881
3882
3883
3884
3885
3886
3887
3888
3889
3890
3891
3892
3893
3894
3895
3896
3897
3898
3899
3900
3901
3902
3903
3904
3905
3906
3907
3908
3909
3910
3911
3912
3913
3914
3915
3916
3917
3918
3919
3920
3921
3922
3923
3924
3925
3926
3927
3928
3929
3930
3931
3932
3933
3934
3935
3936
3937
3938
3939
3940
3941
3942
3943
3944
3945
3946
3947
3948
3949
3950
3951
3952
3953
3954
3955
3956
3957
3958
3959
3960
3961
3962
3963
3964
3965
3966
3967
3968
3969
3970
3971
3972
3973
3974
3975
3976
3977
3978
3979
3980
3981
3982
3983
3984
3985
3986
3987
3988
3989
3990
3991
3992
3993
3994
3995
3996
3997
3998
3999
4000
4001
4002
4003
4004
4005
4006
4007
4008
4009
4010
4011
4012
4013
4014
4015
4016
4017
4018
4019
4020
4021
4022
4023
4024
4025
4026
4027
4028
4029
4030
4031
4032
4033
4034
4035
4036
4037
4038
4039
4040
4041
4042
4043
4044
4045
4046
4047
4048
4049
4050
4051
4052
4053
4054
4055
4056
4057
4058
4059
4060
4061
4062
4063
4064
4065
4066
4067
4068
4069
4070
4071
4072
4073
4074
4075
4076
4077
4078
4079
4080
4081
4082
4083
4084
4085
4086
4087
4088
4089
4090
4091
4092
4093
4094
4095
4096
4097
4098
4099
4100
4101
4102
4103
4104
4105
4106
4107
4108
4109
4110
4111
4112
4113
4114
4115
4116
4117
4118
4119
4120
4121
4122
4123
4124
4125
4126
4127
4128
4129
4130
4131
4132
4133
4134
4135
4136
4137
4138
4139
4140
4141
4142
4143
4144
4145
4146
4147
4148
4149
4150
4151
4152
4153
4154
4155
4156
4157
4158
4159
4160
4161
4162
4163
4164
4165
4166
4167
4168
4169
4170
4171
4172
4173
4174
4175
4176
4177
4178
4179
4180
4181
4182
4183
4184
4185
4186
4187
4188
4189
4190
4191
4192
4193
4194
4195
4196
4197
4198
4199
4200
4201
4202
4203
4204
4205
4206
4207
4208
4209
4210
4211
4212
4213
4214
4215
4216
4217
4218
4219
4220
4221
4222
4223
4224
4225
4226
4227
4228
4229
4230
4231
4232
4233
4234
4235
4236
4237
4238
4239
4240
4241
4242
4243
4244
4245
4246
4247
4248
4249
4250
4251
4252
4253
4254
4255
4256
4257
4258
4259
4260
4261
4262
13.06891965733114 9.555543074216516 0
13.06895394402635 10.33328200883564 0
13.64155446841603 9.555538945000979 0
13.35560196176008 9.999788656457463 0
13.06902600666547 9.944360490109085 0
13.64154977683462 10.44428722554014 0
14.21400985605537 10.38440271756307 0
14.21598513968576 9.613769044727656 0
12.78255383064481 9.99996385580164 0
13.06891492761963 10.44442628307871 0
13.0690254214237 9.999911837863765 0
13.92829733338617 10.22030339978041 0
12.78255809670547 10.27775289697084 0
14.21474482628643 10.05107662333315 0
13.64226884735643 10.22163446735449 0
12.78253762092046 10.16663392623109 0
12.78265483293584 9.611099784950012 0
12.49591653640343 10.11109835081303 0
13.35548807189821 10.22202006527469 0
13.92854957891548 9.611379660465742 0
13.92816502480863 10.27600026207085 0
13.642387947623 10.16605229016844 0
12.78254421371239 10.22219289603478 0
13.92854839663351 10.10933241533731 0
12.7825834622274 9.888856010559081 0
12.782606430259 10.38887543362666 0
12.7826435803767 9.666649998524376 0
14.21433534601625 10.21514140313518 0
13.35536021808107 10.33319228561227 0
13.6419554764577 9.666593670338781 0
14.21540900724677 9.889234008554434 0
13.35559411981971 10.05533338992154 0
13.92805879372341 9.555709453878379 0
13.35520112911207 9.555533125707706 0
13.06894387186788 9.611086303474824 0
13.64253925909358 9.944015928568668 0
13.06898752320448 10.22214648278303 0
14.21514724509918 9.943191400937303 0
13.3555955994254 9.944250377326457 0
13.0690207520091 10.05546586045296 0
13.35557190022278 10.11088618379162 0
13.92842395748484 10.16475166768251 0
12.4960424839124 10.33332624438232 0
13.35520091489722 10.44439381954765 0
13.64176277018512 9.611071897823686 0
13.64227746212453 9.777593593764189 0
14.21485167923059 9.556999543103196 0
13.92787985732063 10.38781261161219 0
13.92867278670051 10.05402143896849 0
13.64212534822678 10.27725255591791 0
13.6423980197649 9.833073365785927 0
12.49629312602599 10.44444191217849 0
13.06901258457429 10.11102288767525 0
14.21411634785962 10.32733776354507 0
13.92879975443428 9.998786747461217 0
14.21389919763046 10.44206568882783 0
13.35557454438027 9.888716798843085 0
12.78254342528179 10.05551939296887 0
12.4959047395679 10.16665481087818 0
13.06898584491285 9.722173803039135 0
13.06896617150176 9.66662980113087 0
14.21612460550954 9.780534036025108 0
13.92944407532724 9.722472014844424 0
13.64212794571673 9.722101085574518 0
14.21445488831264 10.15997264572926 0
14.2142238962222 10.27089898378638 0
13.64253434408611 10.0549872787609 0
13.64248439203439 9.888545169438027 0
13.06893491179654 10.38885336212397 0
12.78263865854185 10.44443758463775 0
13.35549102125006 9.777656714747121 0
13.92772490924884 10.44388076921962 0
13.9291859079457 9.833162739743583 0
13.35543100755332 9.722127303085712 0
14.21492906263628 9.997084959132815 0
13.35536120702209 9.666597035677345 0
13.35553594001992 10.16644822058727 0
13.35542864563574 10.27760171255042 0
12.4959636630409 10.27776875021465 0
13.06902240830739 9.888811443036351 0
12.78266457159251 9.555549816014164 0
12.49594988403203 10.05554227302743 0
13.64255566264022 9.999493740460036 0
13.06900206982837 9.77771850309972 0
12.78261584251447 9.777751739708297 0
13.92931688843575 9.777862416692926 0
14.21458930632217 10.10533200282423 0
12.4961530677275 10.38888396559091 0
13.35553906760447 9.833186111526338 0
14.2172466816197 9.66997561918113 0
14.21662079376186 9.725542943324749 0
13.35528396098608 9.611065656590659 0
13.06901443314075 9.833264276428324 0
12.7825676707521 9.944409422530354 0
13.92905539128459 9.88839512306668 0
13.64175316254314 10.38858530482756 0
13.92892714747355 9.943590920868324 0
12.78259984999563 9.833303487431458 0
12.78263054963356 9.722200617181947 0
12.49591913207321 10.22221162012744 0
13.64247676885493 10.11050464908803 0
13.92802578034199 10.33184208038037 0
13.06897154127561 10.27771288744536 0
12.78257908252118 10.33331380092581 0
13.35528346468906 10.38879037829895 0
12.78253738686563 10.11107608247233 0
13.92901857905351 9.666974187988819 0
13.64194756935985 10.33290442154631 0
13.06900135876728 10.16658308609836 0
14.21572836542185 9.835067594865301 0
12.49599926706577 9.999986631282081 0
12.49606009115567 9.944431381575255 0
12.49612711877706 9.888876546958379 0
12.49619561706013 9.833322103202457 0
12.49626092538877 9.777767928335557 0
12.49631967388257 9.722214059969069 0
12.49636885055145 9.666660380375761 0
12.49640604103414 9.611106816990779 0
12.49643312720397 9.555553389857865 0
12.20946506237112 10.44444414511739 0
12.20896538268142 10.38888824720448 0
12.20866829925457 10.33333240823461 0
12.20852802276814 10.27777664086614 0
12.20850879179145 10.22222095157538 0
12.2085876745828 10.16666513538441 0
12.20873489104081 10.11110924258933 0
12.2089284607101 10.05555353461862 0
12.20915322605619 9.9999977997063 0
12.20939339868212 9.944442257665719 0
12.20963655255257 9.888886742983425 0
12.20986898457863 9.833331286098558 0
12.21007909890407 9.777775988584981 0
12.21025329723152 9.722220711782883 0
12.2103711546672 9.666665446720977 0
12.21042175839008 9.611110260545686 0
12.21038503889459 9.555555128141242 0
11.91551483348021 10.44444551077938 0
11.916294283752 10.38889103982684 0
11.91708321267101 10.33333606560227 0
11.91788060194902 10.27778115843586 0
11.91868506406276 10.22222579404629 0
11.91949212567615 10.16667052594156 0
11.92029693090707 10.11111495547846 0
11.92109431588215 10.05555925510274 0
11.92188005188899 10.00000367281524 0
11.92264896413185 9.944447971601976 0
11.92339674992481 9.888892063904891 0
11.92412069403173 9.833336278647144 0
11.9248171376523 9.777780304235334 0
11.92548405773589 9.722224274446972 0
11.92612240125278 9.666668325475168 0
11.92673256241149 9.611112292413742 0
11.92731812375775 9.555556132945698 0
11.62128455347997 10.4444458682476 0
11.62324113357113 10.38889173554353 0
11.62512045526713 10.33333737266257 0
11.62692542188642 10.27778256300116 0
11.6286631116501 10.22222778987607 0
11.63033096780052 10.16667243791958 0
11.63193533218713 10.11111715648953 0
11.63347461248455 10.05556159861646 0
11.63495018127737 10.00000588191129 0
11.6363628935936 9.944450039702936 0
11.63771359847909 9.888894100955483 0
11.6390017036994 9.83333798349061 0
11.64023187268257 9.777781918341516 0
11.64140165479873 9.72222563568814 0
11.64251703129582 9.666669396736678 0
11.64357796779784 9.611113044678703 0
11.64458606812159 9.555556517443225 0
11.32891124518559 10.44444612955875 0
11.33187814514683 10.38889233780792 0
11.33473622954498 10.33333737247473 0
11.3374816425626 10.27778227151856 0
11.34011252489524 10.2222272675023 0
11.34262653954719 10.16667230562696 0
11.34502078765042 10.11111710543998 0
11.34729736301602 10.05556170768512 0
11.34945477564876 10.00000594226882 0
11.3515046216811 9.944450257235403 0
11.35344134532743 9.888894270610052 0
11.35527612287262 9.833338338288867 0
11.35700370526708 9.777782103635664 0
11.3586328682435 9.722225759476769 0
11.36017255790887 9.666669384057023 0
11.3616341629725 9.611113012439652 0
11.36303164853093 9.5555565869956 0
11.03773087909121 10.44444488039555 0
11.04242493227872 10.388889842937 0
11.0466841581386 10.3333348094992 0
11.05058966184349 10.27777974802743 0
11.0542024700722 10.22222464379873 0
11.05756927090759 10.16666948187741 0
11.06072170255626 10.11111424320097 0
11.06368579381212 10.05555891756342 0
11.06647958837363 10.00000350369609 0
11.06911153076938 9.944447997701328 0
11.07158491893242 9.888892393883546 0
11.07389778937254 9.833336694046583 0
11.07603931213061 9.777780877968009 0
11.07799486031777 9.722224955439737 0
11.07973732868435 9.66666890584345 0
11.08122913390253 9.611112726897339 0
11.08241733089069 9.555556423451579 0
10.76024829082142 10.4444446344676 0
10.763859612913 10.3888892849927 0
10.76742191978862 10.33333399877561 0
10.77091217932711 10.27777877188967 0
10.77433250909265 10.22222360630677 0
10.77768395041147 10.16666849243923 0
10.7809651632167 10.11111342397198 0
10.7841822008763 10.05555827152011 0
10.78734194964442 10.00000314701737 0
10.79044625489719 9.944447896588819 0
10.79349947788195 9.888892584500219 0
10.79650374057962 9.833337088469815 0
10.79946299281437 9.777781613178609 0
10.80237575619413 9.722225956352247 0
10.8052431965311 9.666669882369163 0
10.80806640057614 9.611113391761769 0
10.8108448322518 9.555556909489518 0
10.48384516812199 10.44444403700694 0
10.48693401053113 10.38888807670492 0
10.49002096178398 10.33333249103238 0
10.49312429553038 10.27777713772443 0
10.49625647273167 10.22222176407734 0
10.49943038950672 10.16666673253289 0
10.50265246263337 10.11111167799061 0
10.5059367403327 10.0555567152 0
10.50928446158088 10.00000174801431 0
10.51271156897187 9.944446570071484 0
10.5162206645909 9.888891209948673 0
10.51981912818516 9.833335654727893 0
10.52351446249244 9.77777993738146 0
10.52731427036213 9.722224149710987 0
10.53123106807328 9.666668324833415 0
10.53528506737034 9.611112412463193 0
10.53950535716835 9.555556320134979 0
10.2083248077219 10.4444436105648 0
10.21038043629037 10.38888759778693 0
10.21256254977114 10.33333155694984 0
10.21491634510265 10.27777637846555 0
10.21744684280463 10.22222122819088 0
10.22016250628973 10.16666606042894 0
10.22307031240141 10.11111085550129 0
10.22617278290993 10.05555560831242 0
10.22947199391951 10.00000031502854 0
10.23296643815736 9.944444975577333 0
10.23665494172004 9.888889588861701 0
10.2405386829048 9.833334145985456 0
10.24461434550024 9.777778643809153 0
10.24887263023968 9.722223085631747 0
10.25330086974659 9.666667456610092 0
10.25787547477852 9.611111731865865 0
10.26255895656131 9.55555587289234 0
9.931301667522243 10.44444429137522 0
9.931307553365183 10.38888864233505 0
9.931894996097803 10.3333330410665 0
9.932992726667758 10.27777749339323 0
9.934549579015334 10.22222198065462 0
9.936526893274714 10.16666648867199 0
9.938899215372047 10.11111100668913 0
9.941648405926774 10.05555552774534 0
9.944759983399255 10.00000004906453 0
9.948230427030129 9.944444565680453 0
9.952061055945485 9.888889074322353 0
9.956260517637391 9.833333571406179 0
9.960840983168991 9.777778056304696 0
9.965824889482722 9.722222524856804 0
9.971243058560054 9.666666972588464 0
9.977140325701471 9.61111139361136 0
9.983584675506261 9.555555755990868 0
9.636373202560293 10.44444438531912 0
9.637030339121637 10.38888881163198 0
9.637928826598431 10.33333325580246 0
9.639126855845152 10.27777770772457 0
9.640659120143145 10.22222216132331 0
9.642546828679588 10.1666666144861 0
9.644804199595441 10.11111106502075 0
9.647437571863179 10.05555551148402 0
9.65044624774807 9.999999953847933 0
9.653831579339364 9.944444388623269 0
9.657591780953345 9.888888811884796 0
9.661723182385854 9.833333218411566 0
9.666215397891584 9.777777602957869 0
9.671053926775413 9.722221957184354 0
9.676212003996072 9.666666271249202 0
9.68165077527256 9.611110528971933 0
9.687310315566013 9.555554706168181 0
9.337568485984264 10.44444447039419 0
9.336289913883288 10.38888893794365 0
9.335793039967788 10.33333339880233 0
9.335979695062051 10.27777785373028 0
9.336780633385438 10.22222230247344 0
9.338143402301455 10.16666674775486 0
9.340032897654101 10.11111119006804 0
9.342424359452941 10.05555563128314 0
9.345300517875007 10.00000007546597 0
9.348657203020158 9.944444522173553 0
9.352498346883227 9.888888971223754 0
9.356837999893953 9.83333342100477 0
9.361697491663564 9.777777872398127 0
9.367111926932822 9.722222323463853 0
9.373128305035499 9.666666774572224 0
9.379815345650856 9.611111219125032 0
9.387268382701889 9.555555635349924 0
9.010275957165826 10.44444452880572 0
9.011187574764877 10.38888900800142 0
9.012294897179743 10.33333347077621 0
9.013651525467436 10.27777792250584 0
9.015291294041379 10.22222236626499 0
9.017238859662069 10.16666680292918 0
9.019507658198869 10.11111123450212 0
9.022107662632852 10.05555566199675 0
9.025041633618308 10.00000008798395 0
9.028310140952037 9.94444451422711 0
9.031913868183304 9.8888889401656 0
9.035851265571731 9.83333336443973 0
9.040114375873214 9.777777786299987 0
9.044692012424553 9.722222203933974 0
9.049562901874001 9.666666616901965 0
9.054697644633704 9.611111029188224 0
9.060052454159568 9.555555466509103 0
8.679138590618399 10.44444464176289 0
8.679565048732464 10.38888919155784 0
8.68043663873552 10.33333368502918 0
8.681711595559705 10.2777781336134 0
8.683359504985836 10.22222254946554 0
8.685356127878624 10.16666694825932 0
8.687687029521845 10.11111133415085 0
8.690341950792106 10.05555571316691 0
8.693312427669262 10.00000009511047 0
8.696595229021185 9.944444486345002 0
8.700194415040148 9.888888887935225 0
8.704118882929157 9.833333299402398 0
8.708378364743941 9.777777727990633 0
8.712989849396221 9.722222174861939 0
8.717973497007701 9.66666663198234 0
8.723357102573607 9.611111094990475 0
8.729182446446464 9.555555556248883 0
8.329466757813201 10.44444480189431 0
8.331603439416433 10.3888894006671 0
8.333824085729653 10.33333390227338 0
8.336158346180294 10.27777832686948 0
8.3386280878197 10.22222269229381 0
8.34124885161658 10.16666701327637 0
8.344030756813126 10.11111129853731 0
8.346977539558285 10.05555556549767 0
8.350093472381181 9.999999815074828 0
8.353385373145795 9.944444024861658 0
8.356855986970221 9.888888180654266 0
8.360504000284148 9.833332280736782 0
8.364328656960634 9.777776335451483 0
8.368340234223036 9.722220968484201 0
8.372504576685088 9.666665728818076 0
8.376800026774326 9.611110468330871 0
8.381200981459079 9.555555177071115 0
7.977797070196916 10.44444467684205 0
7.980183034551688 10.38888930696633 0
7.982686585570425 10.33333394185899 0
7.985306587754633 10.27777853677981 0
7.988052400563951 10.22222290505938 0
7.990911529716335 10.16666728579225 0
7.993901366145124 10.11111154764114 0
7.997014517138323 10.05555581986531 0
8.00025368146717 10.00000010850131 0
8.003621161793951 9.944444417029372 0
8.007116988238096 9.888888747061767 0
8.01074752192762 9.833333103429892 0
8.01451986016073 9.777777492017208 0
8.01844104899237 9.722221922812475 0
8.022521563903144 9.666666397392772 0
8.026772466262791 9.611110909133963 0
8.031208466828055 9.555555445896141 0
7.620843858310025 10.44444450873587 0
7.62378487794701 10.38888901250998 0
7.626749871091977 10.33333346262504 0
7.629744708188127 10.2777778990199 0
7.632779502410143 10.22222229406466 0
7.635860939649898 10.1666666463465 0
7.638994262795944 10.11111097439454 0
7.642180260990338 10.05555528804307 0
7.645425126854319 9.999999578657244 0
7.648733002518643 9.94444389403796 0
7.65209977489401 9.888888194655117 0
7.655530471331361 9.833332547503337 0
7.659022341519655 9.777776979213021 0
7.662570330917564 9.722221393737653 0
7.666173605801314 9.666665885494087 0
7.669828187290482 9.611110559139469 0
7.673521953815646 9.555555218138648 0
7.263313717587224 10.44444448998407 0
7.266358282881995 10.38888898157301 0
7.269421468389357 10.33333341928198 0
7.272503199984141 10.27777785959985 0
7.275608165028329 10.22222224130387 0
7.278735913392541 10.16666662635999 0
7.28189067164012 10.11111095814104 0
7.285074015290697 10.05555529446435 0
7.288285397948378 9.999999632967315 0
7.291528113369487 9.944443975581652 0
7.294802519450045 9.88888830513976 0
7.298110054781415 9.833332729067392 0
7.30145074748008 9.777777189264407 0
7.304822863115808 9.722221655243041 0
7.308228359593316 9.666666159861572 0
7.311666742670887 9.611110746010898 0
7.315138058141791 9.555555345421887 0
6.905129703268257 10.44444442038998 0
6.908208119263922 10.3888888379997 0
6.911290960262269 10.33333325670133 0
6.914381176790416 10.27777764430308 0
6.917480131037054 10.22222203084322 0
6.920588301617646 10.16666641750182 0
6.923708640299506 10.11111080244232 0
6.926840317379218 10.05555518520828 0
6.929985967195306 9.99999957554795 0
6.933144214974768 9.94444396240803 0
6.936317019510437 9.888888398806268 0
6.939503482526931 9.833332816120837 0
6.942703385943766 9.777777286755052 0
6.945916358549061 9.722221784985999 0
6.949140534161131 9.666666282067707 0
6.952376273969498 9.611110827521472 0
6.955620842178648 9.555555413286346 0
6.546852004064959 10.44444434467012 0
6.549882193500632 10.38888868884953 0
6.552916244989563 10.3333330626783 0
6.555953966587614 10.27777743337304 0
6.558996761396108 10.22222179538838 0
6.562044704894525 10.16666623379962 0
6.565098545302906 10.11111067262636 0
6.568157719082044 10.05555511146747 0
6.571223422374329 9.999999551871815 0
6.574295521313037 9.944444065611414 0
6.577374796553037 9.888888530880488 0
6.580460040956845 9.833333000681884 0
6.583551934782361 9.777777460010629 0
6.586650621785846 9.722221957227235 0
6.589754879557856 9.666666459296859 0
6.592865257638193 9.611110972330735 0
6.595980834370416 9.555555484210105 0
6.188499429421719 10.4444443298866 0
6.191464517948602 10.38888867098719 0
6.194431065630268 10.33333301214828 0
6.197399830589559 10.27777738619402 0
6.200370454923329 10.22222175877373 0
6.203343837098339 10.16666614234325 0
6.206320029103034 10.11111057924256 0
6.209298569035331 10.05555501223689 0
6.212280165976456 9.99999949732749 0
6.215264701551613 9.944443947066798 0
6.218252590223961 9.888888441055013 0
6.22124306701361 9.833332934192306 0
6.224236939537065 9.777777429191753 0
6.227233313045987 9.722221925077902 0
6.230232750540336 9.666666431654372 0
6.233234471628111 9.611110938230894 0
6.236238685134543 9.555555469208469 0
5.830141046523575 10.44444433763266 0
5.833034153121363 10.38888867481409 0
5.835926746280609 10.33333302560833 0
5.838819337670358 10.2777774241834 0
5.841712230216627 10.22222181894041 0
5.844605773561886 10.16666623164237 0
5.847499880953452 10.1111106452834 0
5.850394943917582 10.05555507756923 0
5.85329117013246 9.999999504550333 0
5.856188222199886 9.944443931393723 0
5.859086322490118 9.888888361683604 0
5.861985539244448 9.833332857495586 0
5.864885431432236 9.777777350853942 0
5.867786047181179 9.722221874617812 0
5.870687134109386 9.66666639845155 0
5.873588219575438 9.611110921615575 0
5.876488971190367 9.555555453128621 0
5.471875819402582 10.4444443568603 0
5.474678891876751 10.38888871419679 0
5.477482953466739 10.3333330862945 0
5.480287923911346 10.27777747342857 0
5.483093777172106 10.22222187630423 0
5.485900487068728 10.16666628214954 0
5.488708078186751 10.11111069525152 0
5.491516567858536 10.05555511017257 0
5.494325974540035 9.99999953035829 0
5.497136334577863 9.944443968507192 0
5.499947708313115 9.888888408095054 0
5.502760104570556 9.833332885603161 0
5.505573581585599 9.777777382260544 0
5.508388183629246 9.722221880151332 0
5.511203937026647 9.666666398241402 0
5.514020860267684 9.611110929947415 0
5.516838995658857 9.555555463095716 0
5.113619860146196 10.44444436560068 0
5.116338855032231 10.38888873232833 0
5.119057861162117 10.33333311017621 0
5.121776900094273 10.27777746047116 0
5.124496066364299 10.22222184648214 0
5.127215761499869 10.16666623453989 0
5.129935840418398 10.11111065763021 0
5.132656254156465 10.0555550953762 0
5.135377571921024 9.999999535889399 0
5.138099483775798 9.944443980173091 0
5.140822264793458 9.888888443609426 0
5.143546385707947 9.833332909524975 0
5.146271726212295 9.777777392480793 0
5.148998612231711 9.722221857485923 0
5.151727243937057 9.666666366550613 0
5.15445807971198 9.611110902549132 0
5.157191514953577 9.555555438315551 0
4.755423306235476 10.44444433454501 0
4.758049887876329 10.38888868211703 0
4.760677196930969 10.33333302994923 0
4.763304834555612 10.27777738983693 0
4.765932672596019 10.22222174192755 0
4.768560169206069 10.16666613299504 0
4.771188103754623 10.11111052354319 0
4.773815520911808 10.05555495962935 0
4.776443450019517 9.999999395228844 0
4.779070912557131 9.944443879120101 0
4.781699029297587 9.888888363156955 0
4.784327345520757 9.833332876041764 0
4.786955810595724 9.777777334420705 0
4.789584832286367 9.722221828256572 0
4.792214973731382 9.666666321607201 0
4.79484576025075 9.611110876631731 0
4.79747779150469 9.555555438229828 0
4.397240335882983 10.44444430925917 0
4.399784254231718 10.38888863540004 0
4.402326539372091 10.33333295989885 0
4.404867000172979 10.27777729963525 0
4.407405136691935 10.22222167892437 0
4.409942193147621 10.16666605668773 0
4.412476845230888 10.11111046016342 0
4.415010663443351 10.05555486241797 0
4.417542453798615 9.999999322031325 0
4.420073020425369 9.944443746648055 0
4.422602191325756 9.888888232082889 0
4.425131079794054 9.833332715915924 0
4.427658880854094 9.777777262377448 0
4.430185657882366 9.722221802637872 0
4.43271269636745 9.666666345454333 0
4.43523936932151 9.611110895612345 0
4.437766718643535 9.555555448456417 0
4.039189831196452 10.44444433666391 0
4.041638734946243 10.3888886740806 0
4.044086763463927 10.33333300496377 0
4.046533225281451 10.277777364045 0
4.0489770063415 10.22222168505541 0
4.051417759463002 10.16666606817787 0
4.053856341426463 10.11111044831438 0
4.056291523870475 10.0555548897788 0
4.058722673949998 9.999999316141048 0
4.061151501551624 9.944443743188444 0
4.063577134447624 9.888888176843592 0
4.065999171403879 9.833332678373441 0
4.06841948457276 9.77777717746218 0
4.070836730799259 9.722221719408768 0
4.073253035956841 9.666666258559532 0
4.075668145879027 9.611110818829175 0
4.078082889850343 9.55555540967775 0
3.681178260658875 10.44444434144118 0
3.683563196247962 10.38888868094251 0
3.685942079879872 10.33333302753316 0
3.688313524678105 10.27777739894929 0
3.690678520114824 10.22222176669479 0
3.693035015530632 10.16666615236816 0
3.695383468155153 10.11111055221187 0
3.69772326398841 10.05555495859377 0
3.700055665213912 9.999999362227049 0
3.702379368755445 9.94444377169609 0
3.704694251594829 9.888888264349555 0
3.70700099802254 9.833332759836475 0
3.709301149798863 9.77777725670923 0
3.711592951783806 9.722221775851397 0
3.713879059303074 9.666666297020928 0
3.716158481402823 9.611110840251094 0
3.718432668958561 9.555555419922964 0
3.323414187427035 10.44444439884081 0
3.325751824691856 10.38888879277943 0
3.328081297755944 10.33333318628168 0
3.330398212522913 10.27777757384668 0
3.332702134968751 10.22222196123201 0
3.334989545349946 10.16666636628765 0
3.337259785129053 10.11111075866859 0
3.339513420419934 10.05555515384824 0
3.341747737763623 9.999999535966433 0
3.343963893629877 9.94444394024328 0
3.346161847661347 9.888888365461515 0
3.34834377277915 9.833332795788154 0
3.350508141042654 9.777777274788347 0
3.352659143337339 9.722221756115387 0
3.354796520128549 9.666666292862248 0
3.356925005884466 9.611110831833841 0
3.359046273464891 9.555555414946706 0
2.965828184316702 10.44444444395196 0
2.96826661387432 10.38888888389035 0
2.970665616788642 10.3333333239074 0
2.97302487398294 10.27777773758628 0
2.975345571684004 10.22222214546414 0
2.97762172007044 10.16666651327673 0
2.979857291472814 10.11111087802302 0
2.982049079470602 10.05555522487413 0
2.984197242757349 9.999999600237521 0
2.986301700025299 9.944443957326317 0
2.988362971090087 9.888888335155276 0
2.990379366645279 9.833332767147141 0
2.992355895151074 9.777777205585828 0
2.994290790440283 9.722221693640222 0
2.996185384971738 9.666666196861435 0
2.998040124320565 9.611110765085972 0
2.999854918511293 9.555555355685529 0
2.609642367998469 10.44444459695393 0
2.612212492108353 10.38888912481328 0
2.614737953011542 10.3333336596066 0
2.617204810456579 10.27777813264479 0
2.619601812873262 10.22222253205045 0
2.621921425718301 10.16666681400747 0
2.624165486874147 10.11111111283395 0
2.626323703062571 10.05555533121781 0
2.628402744710819 9.999999566207906 0
2.630394776957733 9.944443826215787 0
2.632310253750203 9.888888100175189 0
2.634145596214228 9.833332486548461 0
2.63590864670143 9.777776942831521 0
2.637609595300551 9.722221412566762 0
2.639249141623455 9.666666002981634 0
2.640845035315788 9.611110605765676 0
2.642406387763339 9.555555270594892 0
2.254332797691095 10.44444451165339 0
2.257710874670263 10.38888896195827 0
2.260875131625856 10.33333335270716 0
2.263832673346195 10.27777768686022 0
2.266593149662254 10.22222199796152 0
2.269160948429692 10.16666629900175 0
2.27154071194985 10.11111060148675 0
2.273739038499555 10.05555490479922 0
2.275760960482472 9.999999209389655 0
2.277607734851664 9.944443519768441 0
2.279278755475643 9.888887845662776 0
2.280776814136324 9.833332197932679 0
2.282105318094486 9.777776591651088 0
2.283268202456689 9.722221038914784 0
2.284264882959675 9.666665598878993 0
2.285099262578242 9.611110268669419 0
2.28577027049649 9.555555066129077 0
1.907344496062162 10.44444453739593 0
1.910999534134656 10.38888886282871 0
1.914465583468941 10.33333311817589 0
1.91770724262278 10.27777737518892 0
1.920699971827369 10.22222165325642 0
1.923424754671617 10.16666596066602 0
1.925872905062714 10.11111029011186 0
1.92803777321145 10.05555464069487 0
1.929920634645646 9.999998999715896 0
1.931524755582413 9.94444336078748 0
1.932852846018585 9.888887732205855 0
1.933909919004782 9.833332128423612 0
1.934708455237488 9.77777655487335 0
1.935263594845267 9.722221029184 0
1.935599765125863 9.666665563211854 0
1.935746292759086 9.61111019941321 0
1.935745841693116 9.555554988227369 0
1.563501077526885 10.44444423281078 0
1.569736967578985 10.38888850246466 0
1.575192867119719 10.33333280066059 0
1.579939829244102 10.27777713052767 0
1.584032867160279 10.22222148492699 0
1.58751227722473 10.16666585719411 0
1.590405062643067 10.11111024870622 0
1.592731858485765 10.05555465611806 0
1.59450986994957 9.99999906794678 0
1.595748272124919 9.944443481602386 0
1.596446656209889 9.888887909195194 0
1.596601167592215 9.833332359358209 0
1.596204688077408 9.777776834716875 0
1.595240993193916 9.722221346320731 0
1.593687724790249 9.666665898365441 0
1.591508661368279 9.611110504709162 0
1.588651173190669 9.555555186620078 0
1.248099025542122 10.44444422198921 0
1.253772694295283 10.38888849720464 0
1.259000392690692 10.33333280962554 0
1.263692393131933 10.27777715782024 0
1.267792106300973 10.22222153243752 0
1.271261288154768 10.16666593194426 0
1.274078891679314 10.11111034755715 0
1.276231608380913 10.05555477747942 0
1.277715619956985 9.999999214099592 0
1.278531713576796 9.944443653423317 0
1.278682639681613 9.888888100901033 0
1.278175963584046 9.833332564940555 0
1.277028515342995 9.77777704857831 0
1.275264923154587 9.722221561240488 0
1.272926361302682 9.66666610596319 0
1.270075361104256 9.611110683073779 0
1.266797736034285 9.555555310034768 0
0.9395993873028576 10.44444423751207 0
0.9494326176430441 10.38888852191614 0
0.9576433987586324 10.33333284460452 0
0.9644472339769354 10.27777720355288 0
0.9699975076118427 10.22222158972286 0
0.9744010652112296 10.16666599584269 0
0.977728903999538 10.11111042071391 0
0.9800285086397569 10.05555485699591 0
0.9813242692267172 9.999999303763316 0
0.9816247165230323 9.944443753591376 0
0.9809158390770994 9.888888213255969 0
0.9791675159817629 9.833332682899098 0
0.9763262210447778 9.77777716826272 0
0.9723110184874366 9.722221677356272 0
0.9670083567447939 9.666666212146687 0
0.9602582441388776 9.611110772645478 0
0.9518328786832537 9.555555364515849 0
0.6785911475965178 10.44444419704132 0
0.6853452593378422 10.38888846243561 0
0.6914891420912331 10.33333277764841 0
0.6968842066885568 10.27777713746951 0
0.7014534258755322 10.22222153060378 0
0.7051549151970601 10.16666594786895 0
0.7079652188681147 10.11111038728209 0
0.7098732304074158 10.055554844775 0
0.7108755939753487 9.99999931147547 0
0.7109702946913576 9.944443783807845 0
0.7101576963724362 9.888888257915609 0
0.7084370518155659 9.833332742570974 0
0.7058160913048843 9.777777240110105 0
0.7023153870770484 9.722221750213366 0
0.6979750452125876 9.666666277372178 0
0.6928706922684355 9.611110827343646 0
0.687139571405799 9.555555399129624 0
0.42585593781934 10.44444395100536 0
0.4345596896144773 10.38888808581739 0
0.4416245080655542 10.33333240191361 0
0.4473369103562497 10.27777680215954 0
0.4518857118990815 10.22222125373258 0
0.4553965780644122 10.1666657355438 0
0.4579504162878254 10.11111023894729 0
0.459598627496921 10.05555475584114 0
0.4603704282515829 9.999999276539523 0
0.4602746288020673 9.944443794142272 0
0.4592982224037309 9.888888311364282 0
0.4574065870518665 9.833332835896515 0
0.4545442690407777 9.777777366709911 0
0.4506228829691531 9.722221908073593 0
0.445513800386014 9.66666645543947 0
0.4390264824116004 9.61111100023866 0
0.4308713985442293 9.555555536834355 0
0.2110053103367334 10.44444274593307 0
0.2143576735914541 10.38888549553367 0
0.2173295563843067 10.333330725149 0
0.2199252910044672 10.2777757493733 0
0.2221009543789589 10.22222062618679 0
0.2238366769771292 10.16666539893193 0
0.2251251971064949 10.1111100976257 0
0.2259629343830629 10.05555474877498 0
0.2263498975537644 9.999999368197015 0
0.2262880673863008 9.944443962761843 0
0.2257749242078229 9.888888548558567 0
0.2248065677976792 9.833333145194297 0
0.2233832598613948 9.777777767318987 0
0.2215098570162942 9.722222434103365 0
0.2192058104902961 9.666667162785091 0
0.2165126714080379 9.61111197729225 0
0.2135131365042892 9.555556892903759 0
2 4 0 833
4263
4264
4265
4266
4267
4268
4269
4270
4271
4272
4273
4274
4275
4276
4277
4278
4279
4280
4281
4282
4283
4284
4285
4286
4287
4288
4289
4290
4291
4292
4293
4294
4295
4296
4297
4298
4299
4300
4301
4302
4303
4304
4305
4306
4307
4308
4309
4310
4311
4312
4313
4314
4315
4316
4317
4318
4319
4320
4321
4322
4323
4324
4325
4326
4327
4328
4329
4330
4331
4332
4333
4334
4335
4336
4337
4338
4339
4340
4341
4342
4343
4344
4345
4346
4347
4348
4349
4350
4351
4352
4353
4354
4355
4356
4357
4358
4359
4360
4361
4362
4363
4364
4365
4366
4367
4368
4369
4370
4371
4372
4373
4374
4375
4376
4377
4378
4379
4380
4381
4382
4383
4384
4385
4386
4387
4388
4389
4390
4391
4392
4393
4394
4395
4396
4397
4398
4399
4400
4401
4402
4403
4404
4405
4406
4407
4408
4409
4410
4411
4412
4413
4414
4415
4416
4417
4418
4419
4420
4421
4422
4423
4424
4425
4426
4427
4428
4429
4430
4431
4432
4433
4434
4435
4436
4437
4438
4439
4440
4441
4442
4443
4444
4445
4446
4447
4448
4449
4450
4451
4452
4453
4454
4455
4456
4457
4458
4459
4460
4461
4462
4463
4464
4465
4466
4467
4468
4469
4470
4471
4472
4473
4474
4475
4476
4477
4478
4479
4480
4481
4482
4483
4484
4485
4486
4487
4488
4489
4490
4491
4492
4493
4494
4495
4496
4497
4498
4499
4500
4501
4502
4503
4504
4505
4506
4507
4508
4509
4510
4511
4512
4513
4514
4515
4516
4517
4518
4519
4520
4521
4522
4523
4524
4525
4526
4527
4528
4529
4530
4531
4532
4533
4534
4535
4536
4537
4538
4539
4540
4541
4542
4543
4544
4545
4546
4547
4548
4549
4550
4551
4552
4553
4554
4555
4556
4557
4558
4559
4560
4561
4562
4563
4564
4565
4566
4567
4568
4569
4570
4571
4572
4573
4574
4575
4576
4577
4578
4579
4580
4581
4582
4583
4584
4585
4586
4587
4588
4589
4590
4591
4592
4593
4594
4595
4596
4597
4598
4599
4600
4601
4602
4603
4604
4605
4606
4607
4608
4609
4610
4611
4612
4613
4614
4615
4616
4617
4618
4619
4620
4621
4622
4623
4624
4625
4626
4627
4628
4629
4630
4631
4632
4633
4634
4635
4636
4637
4638
4639
4640
4641
4642
4643
4644
4645
4646
4647
4648
4649
4650
4651
4652
4653
4654
4655
4656
4657
4658
4659
4660
4661
4662
4663
4664
4665
4666
4667
4668
4669
4670
4671
4672
4673
4674
4675
4676
4677
4678
4679
4680
4681
4682
4683
4684
4685
4686
4687
4688
4689
4690
4691
4692
4693
4694
4695
4696
4697
4698
4699
4700
4701
4702
4703
4704
4705
4706
4707
4708
4709
4710
4711
4712
4713
4714
4715
4716
4717
4718
4719
4720
4721
4722
4723
4724
4725
4726
4727
4728
4729
4730
4731
4732
4733
4734
4735
4736
4737
4738
4739
4740
4741
4742
4743
4744
4745
4746
4747
4748
4749
4750
4751
4752
4753
4754
4755
4756
4757
4758
4759
4760
4761
4762
4763
4764
4765
4766
4767
4768
4769
4770
4771
4772
4773
4774
4775
4776
4777
4778
4779
4780
4781
4782
4783
4784
4785
4786
4787
4788
4789
4790
4791
4792
4793
4794
4795
4796
4797
4798
4799
4800
4801
4802
4803
4804
4805
4806
4807
4808
4809
4810
4811
4812
4813
4814
4815
4816
4817
4818
4819
4820
4821
4822
4823
4824
4825
4826
4827
4828
4829
4830
4831
4832
4833
4834
4835
4836
4837
4838
4839
4840
4841
4842
4843
4844
4845
4846
4847
4848
4849
4850
4851
4852
4853
4854
4855
4856
4857
4858
4859
4860
4861
4862
4863
4864
4865
4866
4867
4868
4869
4870
4871
4872
4873
4874
4875
4876
4877
4878
4879
4880
4881
4882
4883
4884
4885
4886
4887
4888
4889
4890
4891
4892
4893
4894
4895
4896
4897
4898
4899
4900
4901
4902
4903
4904
4905
4906
4907
4908
4909
4910
4911
4912
4913
4914
4915
4916
4917
4918
4919
4920
4921
4922
4923
4924
4925
4926
4927
4928
4929
4930
4931
4932
4933
4934
4935
4936
4937
4938
4939
4940
4941
4942
4943
4944
4945
4946
4947
4948
4949
4950
4951
4952
4953
4954
4955
4956
4957
4958
4959
4960
4961
4962
4963
4964
4965
4966
4967
4968
4969
4970
4971
4972
4973
4974
4975
4976
4977
4978
4979
4980
4981
4982
4983
4984
4985
4986
4987
4988
4989
4990
4991
4992
4993
4994
4995
4996
4997
4998
4999
5000
5001
5002
5003
5004
5005
5006
5007
5008
5009
5010
5011
5012
5013
5014
5015
5016
5017
5018
5019
5020
5021
5022
5023
5024
5025
5026
5027
5028
5029
5030
5031
5032
5033
5034
5035
5036
5037
5038
5039
5040
5041
5042
5043
5044
5045
5046
5047
5048
5049
5050
5051
5052
5053
5054
5055
5056
5057
5058
5059
5060
5061
5062
5063
5064
5065
5066
5067
5068
5069
5070
5071
5072
5073
5074
5075
5076
5077
5078
5079
5080
5081
5082
5083
5084
5085
5086
5087
5088
5089
5090
5091
5092
5093
5094
5095
65.53219567437297 9.61111095486601 0
60.65219551322199 9.611110693597684 0
55.14620863506124 9.611111889862938 0
49.48369938075871 9.611111788297713 0
43.83090236438164 9.611111969565588 0
38.29181110694412 9.611111988703216 0
33.1119449997813 9.611111600594802 0
28.69116994384341 9.611111177598097 0
25.4702513710934 9.611118887456385 0
23.33661717609439 9.61111207848999 0
21.86795786867474 9.611112083799553 0
20.84185334762403 9.611112210316898 0
20.09606560854329 9.611112293621337 0
19.50312128389922 9.611112324705744 0
18.98102038103921 9.611112326093572 0
18.48242685254167 9.611113947884784 0
17.98770728615253 9.611109221597355 0
17.49753207077809 9.611107968699198 0
17.01302284196054 9.611106968179779 0
16.53357986765335 9.611105016005375 0
16.05897903780987 9.611092923963014 0
15.59290920221524 9.611054243694065 0
15.16487358541704 9.611111882284737 0
14.80745886610589 9.612915410684149 0
65.52142854491333 9.72222232015131 0
60.62941105524499 9.722222703862863 0
55.11310037538468 9.72222241740563 0
49.44744371974181 9.722223180598807 0
43.79584246181844 9.722222849398129 0
38.27098884559163 9.722223656620413 0
33.12654561971432 9.722222452818528 0
28.75435796128823 9.722222246761943 0
25.55774530811432 9.722236216734021 0
23.41305817084428 9.722223151415323 0
21.92890669139001 9.722223712737753 0
20.8899317427119 9.722224107047625 0
20.13151977369034 9.722224341336764 0
19.5273769624196 9.722224145760153 0
18.99759097588585 9.722224085490019 0
18.49586773934916 9.722224159180302 0
18.00133558381019 9.722218813124464 0
17.5110914553095 9.722216528779542 0
17.02565110385625 9.722215287679516 0
16.54484609047829 9.722211460057537 0
16.06977421275338 9.72218861973986 0
15.60759320017379 9.72211020773933 0
15.18431689452456 9.72209192876208 0
14.82158605523214 9.724204684528543 0
65.51105239755803 9.833334011434737 0
60.60708860594881 9.833334430588099 0
55.08004584356405 9.833332704629145 0
49.41117232437296 9.833334002219287 0
43.76076124957792 9.833333474056957 0
38.25000481751347 9.833334544164513 0
33.14011940395125 9.83333241429545 0
28.81415328375078 9.833334178124982 0
25.63984460429898 9.833348236922445 0
23.48454876727303 9.833333882538087 0
21.98425096282261 9.833335058334001 0
20.93195268139258 9.833335785218734 0
20.16208211891492 9.833336162354366 0
19.54866545308353 9.833335812495706 0
19.01295774573607 9.83333549236696 0
18.50901635447631 9.833334576817109 0
18.01465685172701 9.833328362390603 0
17.52434068909711 9.833325426748582 0
17.03801324387191 9.833324467950062 0
16.5557784501039 9.833319468574778 0
16.07985047258291 9.833288428911716 0
15.61931541420648 9.833171732955854 0
15.19778432443405 9.832965737337455 0
14.83084119388906 9.834076254288666 0
65.5010215351442 9.944445354199583 0
60.58516339009613 9.944444764965752 0
55.04702165445968 9.944444185955076 0
49.37487399088103 9.944444650372786 0
43.7256435664541 9.944444629399754 0
38.22886026390944 9.944444484680256 0
33.15278567645822 9.944442812912927 0
28.87066821034371 9.944445881140066 0
25.71698318795705 9.944456792341635 0
23.55173296498579 9.944444632361822 0
22.03479213337716 9.944446297446712 0
20.96874091206711 9.944447169771363 0
20.18828160053014 9.94444764631834 0
19.56709176251592 9.944447242401685 0
19.02697996963012 9.94444666730349 0
18.52172980769885 9.944445123495637 0
18.02772140373241 9.944437631424968 0
17.53737449475777 9.944434242253264 0
17.05018455577377 9.94443424372615 0
16.56639566949931 9.944429122016055 0
16.08912212431101 9.944393512608302 0
15.62836429440167 9.944246209550844 0
15.20643374733292 9.943800482363892 0
14.83630229081155 9.943122849168772 0
65.49131064677428 10.05555611124575 0
60.5635985730065 10.05555525282137 0
55.01400128879527 10.05555618809691 0
49.33852894320615 10.05555565726496 0
43.69046488818756 10.05555541823503 0
38.20753957150298 10.05555404385502 0
33.16455555904772 10.0555536992761 0
28.92401438939359 10.05555747894408 0
25.7887816962739 10.05556491803664 0
23.61499980389824 10.05555570611023 0
22.08097181509589 10.05555749685112 0
21.00066969147856 10.05555823529001 0
20.21026298483539 10.05555874178658 0
19.58255463106306 10.05555836197712 0
19.03948254467984 10.05555773459787 0
18.53390011141291 10.05555586049801 0
18.04057270716961 10.05554637198732 0
17.55024058204717 10.05554296237938 0
17.06222148868499 10.05554462461332 0
16.57672129564857 10.0555403936476 0
16.09757862397796 10.05550462129542 0
15.63489561984179 10.05534211500904 0
15.21071602866604 10.05468565858125 0
14.83836112302047 10.05210841466126 0
65.48191819319855 10.16666728141304 0
60.5423897755173 10.16666669784863 0
54.9809610284865 10.16666722299574 0
49.30211535166647 10.16666695137095 0
43.65519723331406 10.16666589515787 0
38.18601130126129 10.16666420377101 0
33.17529926758663 10.16666452586031 0
28.97438300696366 10.16666764359006 0
25.85618732071866 10.16667343598483 0
23.67451824636098 10.16666692264035 0
22.12294108596964 10.16666855441719 0
21.02780277856412 10.16666901347416 0
20.22792754617064 10.16666945959369 0
19.59483064128982 10.16666916700716 0
19.0502649265718 10.16666874893987 0
18.54544475888524 10.16666688524412 0
18.05323848575608 10.16665415706943 0
17.56297154475771 10.16665158904953 0
17.07417650710754 10.16665587728503 0
16.58676411204472 10.16665326808293 0
16.10524688024492 10.16662188115854 0
15.63900586397595 10.16646611432421 0
15.21065036984094 10.16570815149032 0
14.83695805832917 10.16180403458562 0
65.4728692668314 10.27777879743155 0
60.52156323179403 10.27777796446801 0
54.9478871947876 10.27777755546524 0
49.26561771309726 10.2777780734874 0
43.6198161157469 10.27777697442971 0
38.16423128015018 10.27777547902498 0
33.18509178791565 10.27777517889012 0
29.02166131111953 10.27777819993381 0
25.91944146733402 10.27778227027422 0
23.73033348946903 10.27777822675526 0
22.16064772370262 10.27777939429137 0
21.0499350348216 10.27777958653883 0
20.24094478649488 10.27777985951215 0
19.60355393545423 10.27777971116159 0
19.05906492719793 10.27777955568595 0
18.55627936663281 10.27777806808152 0
18.06567527388856 10.27776499191321 0
17.57556771460358 10.27776418431426 0
17.08605275615032 10.27777030648666 0
16.59653309240016 10.27776762381585 0
16.11221081522592 10.277744620621 0
15.64075188669178 10.2776205031113 0
15.20583411391645 10.27692895333853 0
14.83156184277383 10.27284019509023 0
65.46421839864003 10.38888960116524 0
60.50117620785495 10.38888882329101 0
54.91478109710457 10.38888836532128 0
49.22903260291631 10.38888901652929 0
43.5843062716293 10.3888886388908 0
38.14214616995474 10.3888875794043 0
33.19377414825968 10.38888693013089 0
29.06599029469061 10.38888893952545 0
25.97860062350561 10.3888912078499 0
23.78236078366067 10.38888938535049 0
22.19383023880624 10.38888992186804 0
21.06655063768765 10.388890026055 0
20.24866607723423 10.38889004909689 0
19.60810375359164 10.38889009916578 0
19.06551451041232 10.38889004583593 0
18.56633557559962 10.38888921076504 0
18.07797017712149 10.38888200140381 0
17.58811549408123 10.38888200495492 0
17.0979732842233 10.38888581388779 0
16.60602436580833 10.38888325474037 0
16.11860518034776 10.38887135825747 0
15.6401254695289 10.38880165829384 0
15.19520682125534 10.38836739514022 0
14.82088891417084 10.38558189854509 0
67.7678325570583 9.61112772613926 0
65.53773355555502 9.555555383917142 0
67.76983820798029 9.555565462919905 0
63.09401379815512 9.611110491339911 0
60.66377438595183 9.555554980259801 0
63.10173448237925 9.555555031245857 0
57.90043355558917 9.611111010920865 0
55.1627846170748 9.555556292896053 0
57.91394610347886 9.555555502296754 0
52.31508994894746 9.611110837743384 0
49.5018212210255 9.555555939911265 0
52.33237880706755 9.555555586111078 0
46.65715103627992 9.611111042659996 0
43.848427836489 9.555556177917536 0
46.67504635271261 9.555555520809401 0
41.06055132128405 9.611111852956055 0
38.30216522068095 9.555556020165342 0
41.07486603273044 9.555555948877188 0
35.69937852816196 9.611111140245717 0
33.10424089175827 9.555555808921179 0
35.70186689218301 9.555555570423968 0
30.89549950464875 9.611109371795083 0
28.6581849938007 9.555555575497586 0
30.87797956483177 9.555554687528954 0
27.06822540878667 9.611106746364175 0
25.42430220505008 9.55555937659274 0
27.03450779311993 9.55555342012082 0
24.38558473492638 9.611101564176959 0
23.29626675722315 9.555556232458249 0
24.35051371036796 9.555550548059756 0
22.58456200475276 9.611111556130295 0
21.83500431555647 9.555556113994033 0
22.55583550523852 9.555555789951105 0
21.33890861370116 9.611112222513219 0
20.81508302355796 9.555556184649772 0
21.31600785988513 9.555556191006186 0
20.45684038292682 9.611112298217057 0
20.0761484146687 9.55555623144102 0
20.43855146819459 9.555556209342358 0
19.79230430998766 9.611112309201207 0
19.48972054474633 9.555556245366086 0
19.77858771919916 9.555556249737229 0
19.23869785654556 9.611112332975781 0
18.97229822833378 9.555556255802962 0
19.22899505385029 9.555556257696026 0
18.73063602000582 9.611112426802439 0
18.4756472311385 9.555558973209417 0
18.72330697892345 9.555556371245398 0
18.23476094786776 9.611110943079201 0
17.98075271598453 9.555554525911345 0
18.22798604776864 9.555555506112663 0
17.74227254778347 9.611108326282466 0
17.49059376450285 9.555553908820146 0
17.7354532070087 9.555554062005713 0
17.25490299785332 9.611107575867047 0
17.00657596741481 9.555553256931473 0
17.24834547073037 9.555553655769222 0
16.77294440363054 9.611106292121242 0
16.52781535892689 9.555552318438945 0
16.76697716381557 9.555552878877553 0
16.29575398844414 9.611101259739327 0
16.05335858898437 9.555546201310614 0
16.2902943886872 9.555550447736085 0
15.82414002171223 9.611077406591837 0
15.58428277817043 9.5555269619001 0
15.81774945802061 9.555538333045286 0
15.37438750559435 9.611039934397096 0
15.15215460047113 9.555572132147544 0
15.36532766998979 9.555522444702188 0
14.98070138786193 9.611505215840225 0
14.79782369213198 9.556646361379922 0
14.97122665336151 9.555807856790024 0
14.65167215666873 9.617185908400838 0
14.64739125055962 9.559036088046177 0
67.76351409083284 9.722243201507325 0
65.52675659914276 9.666666500925871 0
67.76571745744295 9.666686485925819 0
63.07852529189005 9.722222384088672 0
60.64073890891007 9.66666640617713 0
63.08627773129994 9.666666436628104 0
57.87335194855392 9.722222162095719 0
55.12964341674657 9.666667487026556 0
57.88690471850036 9.666666590453499 0
52.28049258500648 9.722222086747797 0
49.46557161985721 9.666667638511601 0
52.29779599777256 9.666666460076508 0
46.62137312597728 9.72222257746942 0
43.81337516387785 9.666667762547174 0
46.63926032422105 9.666666739300348 0
41.03201201880705 9.722223047485054 0
38.28142433563612 9.666667955594299 0
41.04626380532257 9.666667448784738 0
35.69442780807166 9.722220843633052 0
33.11938420364608 9.666667395222174 0
35.69689630948029 9.666665992828269 0
30.9299882352223 9.722219323419969 0
28.72321702004089 9.666666674184798 0
30.91281957112387 9.666664165615352 0
27.13472854771804 9.722214016089854 0
25.51468949678618 9.666678499989176 0
27.10163128115003 9.666660436022168 0
24.45566188475877 9.722207572613124 0
23.37550519066837 9.666667683949868 0
24.42065173554764 9.666654189296136 0
22.64192517013223 9.722222954368698 0
21.8991986156833 9.666667940988475 0
22.61328294134488 9.666667279845086 0
21.38402040843221 9.722223916191647 0
20.86672777991243 9.666668190587858 0
21.36162252124242 9.666668121764618 0
20.49240501708647 9.722224385610657 0
20.11446267309622 9.666668357469376 0
20.47485209367647 9.666668341956123 0
19.81877622039118 9.72222430058696 0
19.51564166895549 9.666668267656142 0
19.80575475142168 9.666668302607341 0
19.25750201030253 9.722224119416587 0
18.98945055176399 9.666668260436492 0
19.24823446529438 9.666668278879245 0
18.74503900174596 9.72222403313298 0
18.48917377665426 9.666669017914016 0
18.73789205180541 9.666668290937769 0
18.24813941797686 9.722221526907781 0
17.99456316129806 9.66666400798278 0
18.24147924203401 9.666666274187889 0
17.75577042276907 9.722217265704169 0
17.50435827706695 9.666662177342811 0
17.74904638579417 9.666662746200492 0
17.26790425713013 9.722216030211529 0
17.01937597649842 9.666660998165623 0
17.26142514941108 9.666661699923653 0
16.78475449336316 9.722214126047543 0
16.5392554035956 9.666658055544355 0
16.77887273026273 9.666660054817216 0
16.306448278871 9.722204303366274 0
16.06445749221753 9.666640340642951 0
16.30114424541234 9.666652516384948 0
15.83601442017784 9.722158730809072 0
15.60064935689022 9.666581876665028 0
15.83024142983343 9.666617446730298 0
15.39014256535394 9.722058078814415 0
15.1754597374249 9.666617904874746 0
15.38268274523571 9.666551658335118 0
14.99666179864655 9.722519846905666 0
14.81524345600957 9.668761434043819 0
14.98922313441946 9.667075361925031 0
14.65852942236373 9.729347813030177 0
14.65538878637254 9.673836245109975 0
67.75890421280052 9.833354700329815 0
65.51619812087702 9.77777812341675 0
67.7612422573137 9.777798745090914 0
63.06298373433184 9.833334059543319 0
60.61820370995919 9.777778999549941 0
63.0707609301752 9.77777879618767 0
57.84620434948589 9.833333488085117 0
55.09656626897286 9.777777348630142 0
57.85978706137421 9.777777837942081 0
52.24587153294335 9.833333732024661 0
49.42930911784001 9.777778724229661 0
52.26318687009226 9.777777908328355 0
46.5856073557799 9.833334305915667 0
43.77830578854357 9.777777932587259 0
46.60348849470674 9.777778443425776 0
41.00356765419289 9.833332906496032 0
38.26051672762713 9.777779358739632 0
41.01777238490019 9.77777797543785 0
35.68950787625793 9.833331740524095 0
33.13344426220911 9.777777513095685 0
35.69196191709342 9.777776293627745 0
30.96384116255062 9.833329964902878 0
28.78466903406439 9.77777826878765 0
30.94699424451009 9.777774585731352 0
27.20003880240219 9.833322118999414 0
25.59944497069309 9.777794088586207 0
27.16753339124971 9.777767925669135 0
24.52539055326456 9.833315548830605 0
23.4493761704901 9.777778533111929 0
24.49058123180271 9.777761723900769 0
22.69876915790677 9.833334153960319 0
21.95721980676621 9.777779408753046 0
22.67043335967045 9.777778577184357 0
21.4275420176683 9.833335371253844 0
20.91164023583988 9.777780010835361 0
21.40601283459558 9.777779648614922 0
20.52560485924417 9.833336147767234 0
20.14737233954718 9.777780326683125 0
20.50935091743903 9.777780309028355 0
19.84307858962243 9.833336114018351 0
19.53838114242188 9.777780024727344 0
19.8312407683891 9.777780204863827 0
19.27495721966361 9.833335603054085 0
19.00543246773771 9.777779827028647 0
19.2664270543132 9.777779879548353 0
18.75887920667349 9.833335247974349 0
18.50248792698141 9.777779347339969 0
18.75204351562697 9.777779674289855 0
18.2612570672114 9.833331849574789 0
18.00803153773376 9.777773607646871 0
18.2547336716748 9.77777671249002 0
17.76906692357045 9.833326434490303 0
17.51774815363901 9.777770960594859 0
17.76244401886149 9.777771834231114 0
17.28073224152362 9.833325121542565 0
17.03186068509973 9.777769780363483 0
17.27433980897668 9.777770508175582 0
16.79636400038024 9.833323132240665 0
16.55035287952621 9.777765261326961 0
16.7905857321939 9.777768484055303 0
16.31675029503153 9.833309770738264 0
16.07490982617108 9.777737930348668 0
16.31165378835206 9.777756697851547 0
15.84650439642372 9.833246354707731 0
15.61380476822907 9.777639874835044 0
15.84143965658255 9.77770158206331 0
15.4024393549983 9.833062153810936 0
15.19170485959689 9.777538716639691 0
15.39672914613169 9.77756075115899 0
15.00822703542546 9.833096317187801 0
14.82673344906836 9.779286146224521 0
15.00299053937993 9.777852467508424 0
14.6631898480991 9.83744803351769 0
14.66111456482656 9.783778659935049 0
67.75409709205768 9.944466573402329 0
65.50600362122732 9.888889883149854 0
67.75652132364546 9.888911078119618 0
63.04739199691193 9.944444509150692 0
60.59609272013847 9.888889863844923 0
63.05519514118095 9.888889286509283 0
57.81898300183586 9.944444683048973 0
55.0635325690849 9.888888059381545 0
57.83260613881254 9.888889082980718 0
52.21121950794919 9.944444252976137 0
49.39302801466674 9.888889281593931 0
52.22855040981426 9.888888993939901 0
46.54984030291976 9.944445632960205 0
43.74321036472761 9.888889010806 0
46.56772213105619 9.888889965651765 0
40.97519631010655 9.944443150223156 0
38.23945204695747 9.888889734235113 0
40.98936483410358 9.888888032627371 0
35.68461201172442 9.944443619031686 0
33.14653238103878 9.888887318655467 0
35.68705466066212 9.888887679945501 0
30.99707003817601 9.944440990727061 0
28.84281548781311 9.88889003371537 0
30.98053206935474 9.888885434757043 0
27.26414084295012 9.944430875525633 0
25.67900671404563 9.888902444219191 0
27.23224143694419 9.88887650357993 0
24.59454326874263 9.944425053715191 0
23.51864938801829 9.888889229220188 0
24.56006190459988 9.888869206218786 0
22.75482720990317 9.944445195326525 0
22.01008584154192 9.8888906793108 0
22.72690408146514 9.888889690215649 0
21.46902166293226 9.94444665973062 0
20.95097610301586 9.888891555804715 0
21.44854826689064 9.888891018266722 0
20.5558323533216 9.944447639346862 0
20.17571760822748 9.888891998249582 0
20.5411062044559 9.88889189309111 0
19.86462836251062 9.944447618534786 0
19.55824354960356 9.888891601170872 0
19.85421457004147 9.888891863674971 0
19.29066166866121 9.944446900118132 0
19.02014774498593 9.888891103920933 0
19.28304732590165 9.888891278561282 0
18.77195384411207 9.944446282278191 0
18.51543479831071 9.888889830916948 0
18.76552337552156 9.888890783417459 0
18.27407341596932 9.944442059881746 0
18.02121802520828 9.888883046031864 0
18.26770546665292 9.888886960659638 0
17.78217543974516 9.944435576364633 0
17.53088053912242 9.888879856617582 0
17.77564299357289 9.888881020711356 0
17.29340653123252 9.944434535332451 0
17.04411832532302 9.888879300681715 0
17.28708618909668 9.888879809415748 0
16.80776998253871 9.944433200493451 0
16.56112545477276 9.888874086872736 0
16.80209146519202 9.888878039649876 0
16.32660205543936 9.944418128573595 0
16.08458918844956 9.888840252155152 0
16.32173387115894 9.888863569333191 0
15.85550895867288 9.944343094816132 0
15.62416596287398 9.88870681823375 0
15.85119226408345 9.888793409843386 0
15.4112644405997 9.944074117492919 0
15.20267439927139 9.888382646162475 0
15.40727851648639 9.88856542425698 0
15.0155142286074 9.94343995792291 0
14.83401026339445 9.888656683337677 0
15.01239279950693 9.888280889580738 0
14.66594005042447 9.943243404777654 0
14.66478848966239 9.890506671671485 0
67.74918976650986 10.0555714248774 0
65.49613611047737 10.00000081170269 0
67.75164386123286 10.0000204494993 0
63.03175443278307 10.05555510534662 0
60.57435237935132 9.999999667698424 0
63.03957951278637 9.999999666212057 0
57.79168837015762 10.05555564808674 0
55.03051618449727 10.00000031139811 0
57.80534854209102 10.00000016180265 0
52.17651962982241 10.05555470896709 0
49.35671161788072 10.00000001676426 0
52.19387661491161 9.999999770556165 0
46.51404980831856 10.05555558950949 0
43.70806795863754 10.00000025169913 0
46.53194881114808 10.00000007566231 0
40.94688074034011 10.05555535239526 0
38.21822316028783 9.999999236140926 0
40.96102158259804 9.999999253108911 0
35.6797343315632 10.05555461161013 0
33.15880239772657 9.999998255782518 0
35.68217038798657 9.999998904511976 0
31.02969508263321 10.05555236003173 0
28.89772199216333 10.00000175254992 0
31.01345767372879 9.999996634662384 0
27.32724004924224 10.05554350242397 0
25.75345091819279 10.0000108099817 0
27.29582101061688 9.999987269708829 0
24.66299668014525 10.05553665139175 0
23.58384322776737 10.00000014154216 0
24.62885379271599 9.999980936015749 0
22.81005185180164 10.0555561581775 0
22.05841318106667 10.00000191095663 0
22.78254174106413 10.00000068350154 0
21.50830047330578 10.05555769602139 0
20.98530967003878 10.00000278212449 0
21.48893265651581 10.00000220004335 0
20.58282932488476 10.05555865579391 0
20.19980734068568 10.00000329503495 0
20.56973664085581 10.00000319561049 0
19.8831374340906 10.05555865211959 0
19.57520937373059 10.00000288430957 0
19.87427101639155 10.00000318297744 0
19.30435950565028 10.05555802235217 0
19.03343209228378 10.00000219967894 0
19.29777152375455 10.00000246422243 0
18.78410807639491 10.05555725762114 0
18.52788793762344 10.00000045690039 0
18.77815310749716 10.00000176263654 0
18.28655869749437 10.0555523622926 0
18.0341719702895 9.999992087031115 0
18.28035846227734 9.999997179985325 0
17.79511418482299 10.05554472671107 0
17.54382612340065 9.999988615702879 0
17.78866567006642 9.999990127504605 0
17.30595662767722 10.0555442566952 0
17.05621721096716 9.999989334409669 0
17.29969587366053 9.999989333464287 0
16.81900017197633 10.05554418495416 0
16.57159397361791 9.999984557139969 0
16.8134056012324 9.999988575102435 0
16.33599989451299 10.05552956487539 0
16.09345117195564 9.999948288985484 0
16.33135706513676 9.999973460227888 0
15.86302055621016 10.05545148286011 0
15.63194155123317 9.999790996015298 0
15.85944613019809 9.999895708936352 0
15.41668659450953 10.05512215408569 0
15.20911389861335 9.999230994163767 0
15.4143923133236 9.999591851516024 0
15.01867777133678 10.05382452989679 0
14.83775030502089 9.997573432953821 0
15.01760789624077 9.998609274397722 0
14.66695215996538 10.04865519028454 0
14.66665958042088 9.995876184563974 0
67.74424633840184 10.16666735598355 0
65.4865818981182 10.11111140972272 0
67.74672668772911 10.11111984785506 0
63.01606462671012 10.16666688008701 0
60.5529625686473 10.11111083711829 0
63.02391678160309 10.11111099195413 0
57.76430396816217 10.16666660037882 0
54.99749013833569 10.11111206463214 0
57.77800902407114 10.11111113941739 0
52.14175394038159 10.16666621221663 0
49.32033703920877 10.11111129971644 0
52.15914581892258 10.11111039985913 0
46.478229189644 10.16666676329957 0
43.67285054878475 10.11111058850165 0
46.49613787611394 10.11111117749572 0
40.91860438311087 10.16666714948679 0
38.19680596608669 10.11110884904249 0
40.93273492838752 10.11111154829439 0
35.67488054722246 10.16666615711961 0
33.17005225987719 10.11110912793733 0
35.6773026178146 10.111110383644 0
31.06168015639889 10.16666389838205 0
28.94956854905329 10.11111290701877 0
31.04576981957978 10.11110812001148 0
27.38932946894846 10.16665649769113 0
25.82301750621816 10.1111191313315 0
27.35840667088708 10.11109988641846 0
24.73080478453308 10.16664907266436 0
23.64522073215364 10.11111129489967 0
24.69697942860086 10.11109200723274 0
22.86450374765652 10.16666706033449 0
22.10248058883297 10.11111304546409 0
22.83736453096715 10.11111161530232 0
21.54551974159405 10.1666686271317 0
21.0148487604836 10.11111369235527 0
21.52714897384218 10.11111316145265 0
20.60663935184049 10.16666931864157 0
20.21965579561024 10.1111141928775 0
20.59512185584078 10.11111402750841 0
19.8985390129964 10.16666941020186 0
19.58911382465978 10.11111383954722 0
19.89122190211901 10.11111403121405 0
19.31588677135212 10.16666891838406 0
19.04510410402774 10.11111326226208 0
19.31039819270323 10.11111347476896 0
18.79523409964661 10.16666828659729 0
18.5397565181559 10.1111113450883 0
18.78980623024914 10.11111277677636 0
18.29869627854141 10.1666631183043 0
18.04692571554078 10.1111004266125 0
18.29267272289223 10.11110765940842 0
17.80789045765781 10.16665440569696 0
17.55662138110932 10.1110972846874 0
17.80152215141871 10.11109944685077 0
17.31840045078765 10.16665478370382 0
17.0682055096666 10.11110012212415 0
17.31219076089963 10.11109937851946 0
16.83007236491652 10.1666562671761 0
16.5817770800816 10.11109663751406 0
16.824555099096 10.11110006806839 0
16.34495868267016 10.16664400603661 0
16.10150759527384 10.11106250440777 0
16.34053179649072 10.11108642761753 0
15.86910445500424 10.16657291074151 0
15.63725215623097 10.1109003365824 0
15.8662318768116 10.11101054563057 0
15.41876985869772 10.16623192828613 0
15.2112434847052 10.11017510078401 0
15.41813882831739 10.11066803920961 0
15.01770312730222 10.16452327823591 0
14.83811332107845 10.1068236285907 0
15.0187155228792 10.10911932344898 0
14.66619557487646 10.155611208612 0
14.66680599093444 10.10184421891566 0
67.73915297947491 10.27776635021864 0
65.4773525948393 10.22222316483708 0
67.74172957684544 10.22221535909521 0
63.00032038102347 10.27777871341009 0
60.53193465893804 10.22222255703031 0
63.00820004911508 10.2222227976736 0
57.73681141979793 10.27777777906066 0
54.96443400503481 10.22222238410561 0
57.7505717897234 10.22222219139916 0
52.10691581911468 10.27777808978029 0
49.28388361324062 10.22222260178489 0
52.12434005015741 10.22222214975851 0
46.44235341670412 10.27777875764523 0
43.6375300160668 10.22222119930153 0
46.46029576476295 10.22222241919064 0
40.89039596151729 10.27777744047226 0
38.17516174304157 10.22221955871147 0
40.90448343312486 10.22222229388319 0
35.67004902205255 10.27777705174089 0
33.18031516826402 10.22221984555519 0
35.67246066794002 10.22222233716033 0
31.09303484291577 10.27777552163286 0
28.99840160451928 10.22222285247926 0
31.07742526486248 10.22221967635457 0
27.45044796089097 10.27776979830483 0
25.88832621118307 10.22222782307497 0
27.42000663104801 10.22221316130103 0
24.7980699366567 10.27776368751891 0
23.70289013805281 10.222222572982 0
24.76449187552913 10.22220647309192 0
22.91839277890092 10.2777779233562 0
22.14233779086265 10.22222400409121 0
22.89149779085 10.22222249356942 0
21.58101011151352 10.27777943204466 0
21.03952187834427 10.22222434085917 0
21.56345518014355 10.22222406432514 0
20.62753293873227 10.27777972179349 0
20.23505327525071 10.22222473022302 0
20.61742322641699 10.22222454428327 0
19.91091510703342 10.27777984421142 0
19.59966997376581 10.22222449271436 0
19.90508619299897 10.22222462740936 0
19.32520017264725 10.27777964543715 0
19.05493142027219 10.22222418089573 0
19.32081563529542 10.22222428643821 0
18.8052534259649 10.27777919830579 0
18.55095557776416 10.2222224696452 0
18.80038428422249 10.22222377092718 0
18.31045982290751 10.27777483350213 0
18.05951577029571 10.22220743781337 0
18.30462593278992 10.22221881933712 0
17.82051102131921 10.27776611073551 0
17.56929405078767 10.22220591187424 0
17.81422029439868 10.22220979739845 0
17.33075581362709 10.27776725577501 0
17.08014374113787 10.22221192986545 0
17.32458783612695 10.22221061066845 0
16.84101238826097 10.27776970480881 0
16.59168277891961 10.22221027047292 0
16.835557135564 10.2222127920884 0
16.35352762096578 10.27776105168888 0
16.10880973714743 10.22218264035636 0
16.3492869385396 10.22220224215302 0
15.87390419825723 10.27770691748132 0
15.64017509798449 10.22203959171723 0
15.87165110551265 10.22213845548516 0
15.41757978838651 10.27741863712428 0
15.20888382586662 10.22129148360988 0
15.41857474125989 10.22181529155201 0
15.01240034583583 10.27574748003855 0
14.83481527776524 10.21712457676571 0
15.01560660882062 10.22006036729237 0
14.6634269186766 10.26577049677929 0
14.66508437471959 10.21022114810978 0
67.73378106914797 10.3888798965636 0
65.4684875003054 10.33333444059749 0
67.73651105058087 10.33332118207314 0
62.98451633523177 10.3888889694469 0
60.51130978706051 10.33333337198644 0
62.99242613585415 10.33333382812663 0
57.70920177740423 10.38888901266129 0
54.93134091722335 10.33333272805636 0
57.72302159975779 10.3333333954847 0
52.07199683835782 10.38888967643237 0
49.2473408423767 10.33333354613748 0
52.08946161782622 10.33333388233095 0
46.4064497058154 10.3888903250069 0
43.60208576117215 10.33333274277792 0
46.42439998399367 10.33333453816436 0
40.86224889367618 10.3888877559577 0
38.15324068728097 10.33333139675836 0
40.87630568063811 10.333332598802 0
35.6652557096184 10.3888873618833 0
33.18959884029218 10.33333050921241 0
35.66764682620294 10.33333220649122 0
31.12389882341834 10.38888751310949 0
29.04419093880266 10.33333355028743 0
31.10852347052581 10.33333146182396 0
27.51073392748263 10.38888351593665 0
25.94953590024867 10.33333674624794 0
27.4806782760498 10.33332650814813 0
24.8650191986581 10.38888057625077 0
23.75683006879178 10.33333383718218 0
24.83156414709247 10.33332214171008 0
22.97210169370866 10.38888881728069 0
22.17782880252459 10.33333470141594 0
22.9452396793591 10.33333335782292 0
21.61531918388079 10.38888994038526 0
21.05898211903434 10.33333483590529 0
21.59826582850011 10.33333473025348 0
20.64608692231336 10.3888900295565 0
20.24552773418204 10.33333499248862 0
20.63705084127799 10.33333487532137 0
19.92064334280326 10.38889007788318 0
19.60640595456507 10.3333349254838 0
19.91606861010817 10.33333496172187 0
19.33243380227977 10.38889009345646 0
19.06261488682628 10.33333485222645 0
19.32905678369237 10.33333491522925 0
18.81418602872191 10.38888984197425 0
18.56140922178469 10.3333336610518 0
18.80984806601316 10.33333455812634 0
18.32186409763595 10.38888735238967 0
18.07182126331297 10.3333235842219 0
18.31620450426072 10.33333104612705 0
17.83303316881277 10.38888194750031 0
17.58184017586671 10.3333230607598 0
17.82677758436438 10.3333233735549 0
17.3430828966954 10.38888282199893 0
17.09198715132091 10.33332871912759 0
17.33691743421882 10.33332476700438 0
16.85186306020878 10.38888450383829 0
16.60131375346327 10.33332530327527 0
16.84644500113834 10.3333269662841 0
16.36179623670699 10.38887999677433 0
16.11546926087829 10.33330761013733 0
16.35769199637955 10.33332034147341 0
15.87765452996201 10.38885084408533 0
15.64074122877734 10.33320820632648 0
15.87589224379801 10.33327789200326 0
15.41330790644343 10.38868135788268 0
15.20135394600183 10.33262156456321 0
15.41580413800951 10.3330412778141 0
15.00261360973815 10.38759514654364 0
14.82701389019804 10.3289901725814 0
15.00806141122667 10.33159297735741 0
14.65828310173806 10.38047997262018 0
14.66117001814514 10.32253634147364 0
65.46005659671249 10.44444475930147 0
67.73096023248259 10.44444086415475 0
60.49116144612903 10.44444427530943 0
62.97659035350894 10.44444448397014 0
54.89822035083162 10.44444400130815 0
57.69534990726761 10.44444450549404 0
49.21071255584626 10.4444444850057 0
52.05451043745554 10.44444483945342 0
43.56650754819449 10.44444453674312 0
46.38848464711159 10.44444516240685 0
38.13098596453433 10.44444376249047 0
40.84820895637009 10.44444387609383 0
33.19767107431954 10.44444346515555 0
35.66287744207191 10.44444368033891 0
29.08705720122535 10.44444439636761 0
31.13916724211294 10.44444368887554 0
26.00663237215801 10.44444563954568 0
27.5406876378483 10.44444174652986 0
23.8068910809108 10.44444480302911 0
24.89847612561373 10.44444023372866 0
22.208580712792 10.4444450305261 0
22.99905517746837 10.44444433763367 0
21.07249742373824 10.44444508965582 0
21.63229017481963 10.44444504326763 0
20.25020265171036 10.44444510567217 0
20.65476840895156 10.44444509402399 0
19.60847439899042 10.44444513405831 0
19.92475863559558 10.44444512322584 0
19.06767135140117 10.44444510395156 0
19.33541049593473 10.44444513175552 0
18.57104576460657 10.44444467556956 0
18.81829690374015 10.44444499910298 0
18.08414525205798 10.44444067314624 0
18.32744488729844 10.44444369200951 0
17.59439896107526 10.44444091729785 0
17.83928517177953 10.44444064859106 0
17.10402818694396 10.44444285968013 0
17.34925631647171 10.44444143992553 0
16.61065616090391 10.44444147014317 0
16.85727324198397 10.44444229083 0
16.12163939157395 10.44443558493763 0
16.36585590211904 10.44443991460508 0
15.63886969251851 10.44439947326039 0
15.87924956248642 10.44442512501341 0
15.18703130063931 10.44416212406011 0
15.4101817736474 10.44433574038179 0
14.81273511696382 10.44260403826885 0
14.99616905482149 10.44374049436296 0
14.65477679486935 10.43983415291846 0
2 5 0 365
5096
5097
5098
5099
5100
5101
5102
5103
5104
5105
5106
5107
5108
5109
5110
5111
5112
5113
5114
5115
5116
5117
5118
5119
5120
5121
5122
5123
5124
5125
5126
5127
5128
5129
5130
5131
5132
5133
5134
5135
5136
5137
5138
5139
5140
5141
5142
5143
5144
5145
5146
5147
5148
5149
5150
5151
5152
5153
5154
5155
5156
5157
5158
5159
5160
5161
5162
5163
5164
5165
5166
5167
5168
5169
5170
5171
5172
5173
5174
5175
5176
5177
5178
5179
5180
5181
5182
5183
5184
5185
5186
5187
5188
5189
5190
5191
5192
5193
5194
5195
5196
5197
5198
5199
5200
5201
5202
5203
5204
5205
5206
5207
5208
5209
5210
5211
5212
5213
5214
5215
5216
5217
5218
5219
5220
5221
5222
5223
5224
5225
5226
5227
5228
5229
5230
5231
5232
5233
5234
5235
5236
5237
5238
5239
5240
5241
5242
5243
5244
5245
5246
5247
5248
5249
5250
5251
5252
5253
5254
5255
5256
5257
5258
5259
5260
5261
5262
5263
5264
5265
5266
5267
5268
5269
5270
5271
5272
5273
5274
5275
5276
5277
5278
5279
5280
5281
5282
5283
5284
5285
5286
5287
5288
5289
5290
5291
5292
5293
5294
5295
5296
5297
5298
5299
5300
5301
5302
5303
5304
5305
5306
5307
5308
5309
5310
5311
5312
5313
5314
5315
5316
5317
5318
5319
5320
5321
5322
5323
5324
5325
5326
5327
5328
5329
5330
5331
5332
5333
5334
5335
5336
5337
5338
5339
5340
5341
5342
5343
5344
5345
5346
5347
5348
5349
5350
5351
5352
5353
5354
5355
5356
5357
5358
5359
5360
5361
5362
5363
5364
5365
5366
5367
5368
5369
5370
5371
5372
5373
5374
5375
5376
5377
5378
5379
5380
5381
5382
5383
5384
5385
5386
5387
5388
5389
5390
5391
5392
5393
5394
5395
5396
5397
5398
5399
5400
5401
5402
5403
5404
5405
5406
5407
5408
5409
5410
5411
5412
5413
5414
5415
5416
5417
5418
5419
5420
5421
5422
5423
5424
5425
5426
5427
5428
5429
5430
5431
5432
5433
5434
5435
5436
5437
5438
5439
5440
5441
5442
5443
5444
5445
5446
5447
5448
5449
5450
5451
5452
5453
5454
5455
5456
5457
5458
5459
5460
12.58260079106151 5.135226317805928 0
11.75370051739401 8.717256016052344 0
12.12338743196391 8.829218032641315 0
11.9507049185836 8.198540717972657 0
11.06073933359771 7.222361248239404 0
9.542614476693656 5.119099380538874 0
5.801372756125625 1.968803293131859 0
4.669680272984126 0.3989085599862863 0
6.360094042432914 1.732776056619187 0
6.047636221222723 0.7880318255615566 0
4.14625098497831 0.1751670629799609 0
5.46470574358522 1.36015353898648 0
5.567260964694908 1.785639714238061 0
7.07830794141058 2.163907423957316 0
5.471207455681634 0.9265818913454518 0
9.362458564069607 4.100305671910301 0
5.185570212511877 1.307117563690732 0
4.987034615759224 1.062871614110465 0
6.305558493803963 0.5598463629182353 0
13.60714187240739 8.335805348379417 0
12.62442165787599 7.676601620264803 0
14.17505072358575 7.431309942325602 0
11.44438784449176 8.278153165210577 0
13.90481024705505 8.396133279375448 0
12.27092796566851 8.425552063756566 0
12.11705430402061 7.935275035434282 0
13.09592496523847 6.846805204298029 0
13.8798469245647 7.883102305049216 0
13.35451027856661 9.263830770645482 0
12.93633656152448 7.706705242259691 0
13.35171046155733 9.026102887048987 0
10.62424304957281 5.054145984120502 0
11.55813327730785 7.990868769942929 0
10.71409763935305 7.31538282860315 0
12.99333359012016 5.102547812200839 0
14.16533263366519 7.156955276215347 0
14.14847609361615 6.586808463251126 0
13.25073414501196 7.752850823022166 0
9.88511044482558 6.269926521519725 0
9.652265361038179 5.982630845178075 0
12.31614367219429 7.664423271738917 0
12.78171394973669 5.624796387730226 0
13.57655339128302 2.677469887609671 0
13.4689968792074 3.800926240548333 0
13.77872388040279 0.6563117947347745 0
11.3126336363142 4.317797341305501 0
10.37490948402229 4.648386260449155 0
12.55111129220474 8.933684864908519 0
13.80175608008937 0.985931569192386 0
12.58959382016991 1.69136524749201 0
6.373217354521582 2.080867363785963 0
5.33752311364827 1.530949285319635 0
12.92001281683884 0.9189825833182419 0
13.85107713796625 4.16073737422271 0
13.70169285178236 2.352696336007824 0
14.30858620802361 1.911010669497923 0
14.16635246572201 3.569396001763912 0
13.62972262791841 8.823278187057676 0
13.55898748733227 5.452876488372134 0
9.408494858199909 5.684764231007843 0
10.43751064478034 5.592436602158144 0
14.21014328942006 8.931807909016321 0
10.48076483085479 6.386754797948823 0
11.83796358751239 7.954229987221527 0
14.25009189901699 1.685887896110991 0
11.40654523612736 7.151934220697829 0
12.10281481498449 8.636670894032738 0
13.33189907452947 8.538591193556066 0
12.92242524263266 6.091007473738263 0
14.36964548228505 5.396121031601949 0
14.30886270791261 5.228532083926591 0
14.02882866348709 5.10035138786424 0
13.82436079535292 3.504171578085011 0
14.18847921280273 2.989548199093115 0
14.04148207185471 1.858708915201821 0
13.45749010102971 2.098105187053326 0
14.1792579972029 4.148457184606707 0
13.54201276449697 1.507679892538146 0
14.31128087235066 2.215736870262587 0
14.2568235893619 2.443949312745575 0
6.620128113305386 0.2982873838883231 0
5.42085346537735 0.464283343098681 0
5.736353937331588 1.439385046518887 0
7.968663382013265 2.24359559031004 0
7.899215008553378 0.4066290123740446 0
6.913636154118828 2.982222782000369 0
12.74032068195763 8.212851805547372 0
11.23777462785944 6.864058028226435 0
14.19171078053507 7.962095111613621 0
9.15907958959869 2.382006921790545 0
7.528608004269351 1.555082465873966 0
9.796978398859759 5.45190604495118 0
12.53377368200503 9.198910893324022 0
12.83783040459859 4.64049608824823 0
10.86421646286547 6.254483365520372 0
11.89973094071376 5.643020911473683 0
12.34251899194069 6.760121370532183 0
12.61491528094723 6.430375976473161 0
10.51969268801216 7.067063783657384 0
4.770188272029737 0.8176636236366455 0
8.988795850474848 4.435680547793017 0
4.439862743992572 0.1895747029961514 0
9.769537275404907 3.763647373946711 0
5.82464381420877 0.9951024604445369 0
9.38836156271994 1.165261524861491 0
8.657967263019545 1.522069902139018 0
4.901592731702648 0.6283212121501212 0
7.219453312865198 0.3476719655866063 0
10.23299121527475 3.436851410167482 0
4.341072243088463 0.368978747158434 0
6.033269491024621 1.564305002041304 0
9.156674703413008 5.381205252779914 0
11.06573425754165 4.902401479233907 0
10.31769864246371 6.811119218483198 0
11.25687774990892 6.151199107523961 0
7.690214914692048 3.13121286429681 0
6.069306138942673 1.868435695867605 0
5.588576781476926 0.2393752068058372 0
9.27392137168269 4.779391327858849 0
5.122784532200333 0.8709185279031773 0
8.898705800751017 5.075432086816885 0
12.06765039302411 6.039448002631306 0
13.80128579164619 6.742748167084707 0
14.20664712935424 8.709384912483291 0
12.41967571177296 4.673317816016636 0
14.21448207720966 9.324506400478285 0
14.17412403181188 6.007397088519966 0
13.86297459040846 7.613943375341082 0
13.34468050128888 8.784932062237981 0
12.33179065628382 5.613621394538713 0
12.80514963176534 8.970792552888105 0
13.89380808754638 8.143888172941736 0
13.58898558544229 8.078881294737032 0
13.78491325656944 6.422119001598375 0
9.368819440175063 0.5681103090810478 0
7.519663035291402 1.986115223935909 0
4.778125230974003 0.2030212709693719 0
8.434586997680938 2.54036547336573 0
5.790116600341765 1.694725834714033 0
6.683703843025274 1.565898872466018 0
14.16916532342015 3.859839112530113 0
11.03412752854806 1.394651347734538 0
10.94792708052224 0.6708282623802742 0
7.052396937872902 1.367160668914662 0
7.203790727855824 3.262439881048 0
13.79054373463906 0.3254121388866995 0
13.85917181543907 2.078379383131591 0
14.21642041186079 2.708652482290171 0
11.65804332628169 6.078606472351886 0
11.5201542439404 4.79004485192253 0
10.8517936512822 5.438034455758125 0
13.28540388133343 8.024219254178696 0
13.20809615501942 7.468948550498896 0
12.10112682880462 7.081833630058555 0
12.46736917477983 8.192519108777073 0
11.47657077485782 5.70663140239167 0
10.03785729388916 5.775185617238618 0
11.40236487919683 7.74174931080286 0
11.08992345550688 7.802894391233245 0
13.79982751594426 5.252592475135283 0
12.07493361066941 9.023650818154696 0
13.0209976870796 6.492990788574375 0
13.91886413250614 8.870145038128607 0
13.99672695102811 5.536789587009356 0
12.6894095096559 7.950257065977581 0
13.65962292862047 4.900526929158804 0
13.22018144047334 4.594804669707132 0
13.85609272251397 1.30414845381942 0
13.8891711242185 4.482970214947864 0
13.56746806090377 4.538789650524514 0
5.030678425887352 0.4292824527322425 0
6.48403499568659 0.8753667499859175 0
6.608968180933047 1.211815124222071 0
9.346392234834443 1.801248260340665 0
13.82904703131103 3.834115749452341 0
13.46206462288994 3.421791613145033 0
8.029000023737844 3.43628029187279 0
8.910765039101165 2.887533057241186 0
12.71877769687616 6.786523781584662 0
12.80471237336091 7.113920099884492 0
12.40013701660197 7.934397567422009 0
12.15233774137749 5.170443321429458 0
6.627489445132071 2.711838179705693 0
7.495796759134238 3.551459624491766 0
12.87655756846467 7.418985214900522 0
11.70790441148788 7.697354370303598 0
12.28695834531937 9.136515055447539 0
12.4874914850215 6.039216028494123 0
5.843171325561947 0.5042894617576286 0
13.22732585073027 1.774790560874604 0
11.43806964821544 3.043733931912742 0
11.21529261541904 2.233230885105196 0
9.946468389058833 4.872172749994734 0
12.79834670408666 8.718498669082777 0
12.4519256371867 7.084630032427562 0
10.20120337145151 5.239645889013264 0
14.14514466155588 5.35435965808075 0
11.82312832329718 8.453667447165911 0
13.9259933113234 9.29807042626561 0
11.60196884868147 6.801346241446249 0
13.43231607900136 1.152251476822616 0
13.31235214054346 8.285523540340066 0
11.05717235639562 6.565242141945345 0
13.95337932955432 2.551135781535966 0
13.03428454728904 1.376005966505997 0
14.19629823494499 4.434079327588624 0
12.67335452539787 2.614057811030621 0
13.88393211496968 2.852482352621674 0
14.29193948252412 5.536692896021641 0
13.07345460661595 9.248866163443349 0
12.54543947902478 7.389042254761994 0
12.15998301078495 3.673002714050642 0
6.066716321099474 2.199201537520401 0
5.15684100928981 0.2221176184674354 0
7.78875762140806 3.849406387611027 0
11.06210012212037 5.802997877205343 0
13.15697743731966 7.168864111412454 0
13.63914008046381 9.279191043234519 0
13.82238415869556 7.046011636665925 0
13.06640333155655 8.751024375487688 0
5.953294434535781 1.275317302858056 0
5.548314524160022 1.580582748134484 0
13.84357453353656 7.335501301349438 0
11.82258329371891 6.431780740804724 0
12.21511952708293 6.412332992897538 0
11.23601601599343 7.485254512247089 0
14.15585562082813 6.875193284085872 0
10.09498223297341 4.218102947525072 0
9.669010440106637 4.491196404558294 0
13.86895705213267 5.776499893933256 0
12.54483938227045 8.685648998120067 0
11.71490351042986 5.227389492585774 0
12.01128869567777 7.671284087623444 0
10.83147033017125 4.459119265224221 0
10.68401821603072 6.674609041051237 0
11.43671468972584 6.483738293603052 0
12.27939691472675 4.195647532702345 0
13.11609799590999 2.863666737203938 0
13.13220363700215 4.181890393802719 0
5.31697880085445 1.11940060625157 0
13.06457554863517 3.317942853979865 0
13.25728140667788 2.446434133922521 0
12.06991881566565 3.05764786344361 0
13.50525488450831 4.172963210974711 0
12.20468234295986 8.186554865478245 0
11.91814157768368 8.64861804578325 0
10.87701531656891 6.952713586015967 0
11.56351841276513 7.429672803757814 0
13.49473934191439 3.040715982137464 0
14.04772122485977 2.283874719736048 0
13.62049367433809 8.583905461974533 0
14.18389668040444 7.699564051099632 0
7.018563945906807 2.572036209382986 0
7.99827889168108 0.8451637892178749 0
11.97619014265328 4.716964664622044 0
10.10773256632217 6.547494379250263 0
8.04668804928941 1.30659263355619 0
11.07980338996683 3.789048825744942 0
10.56320257950908 3.975154766981461 0
11.89357076669812 8.897655963584223 0
11.8029722198976 4.23259042446463 0
11.62716334606067 3.690201164810994 0
11.27907440001135 5.315726568687339 0
12.32273117973649 0.5422609192644208 0
12.04140161947847 8.42720349022917 0
7.482730875989591 1.132212653121817 0
6.710570280521193 1.935011681595459 0
11.2706249391788 8.042504025594095 0
7.380553706628135 0.7269928995828581 0
10.90403853643178 7.560240786366787 0
7.352316757990701 2.843275753663113 0
13.34858003655619 5.010994994212217 0
13.04967514504655 8.50022252179566 0
11.60706896681418 8.505685554103717 0
12.64485085086541 3.710815817486108 0
11.70021332767757 8.230161191903033 0
11.8895027081476 7.394510081778463 0
13.94565129010142 4.799229312061013 0
14.22130247871723 4.715874533127121 0
12.72441669689316 4.186633691143939 0
13.36364976072404 0.3803462134859759 0
14.17252286287292 1.143038947855291 0
12.61123174276434 3.192222533290709 0
8.578118650781317 2.045633359660047 0
6.066712678030109 0.2679967736930822 0
8.078696326659131 4.15396769310032 0
14.2033506310475 8.468795412913806 0
6.344406834215729 2.449963972551947 0
5.267099532779931 0.6726690032514018 0
12.31121557588538 8.654844109337194 0
12.98492662008809 7.980839525025607 0
6.96220805962117 0.9881971927433613 0
7.459258537886724 2.417196632973308 0
12.5162581027789 8.441394275564619 0
12.7767574612138 8.467577711761265 0
13.91285372478673 8.638965076038644 0
12.31939317597281 8.883739627900749 0
11.75289713783001 7.104702457589451 0
12.7984378350338 9.230070311817311 0
14.19815519000785 8.219109592332437 0
12.21637315146829 7.380781062646498 0
6.200331400808809 1.087934206975958 0
7.090432111481618 1.760865773571171 0
8.662447688029216 0.9921017286281435 0
6.303458773263757 1.402697947748565 0
13.93749767606757 1.599481465018934 0
13.84116992305944 3.174129299022105 0
12.92202218730869 2.131985621864302 0
14.16528092541867 2.067014543727105 0
8.612450423127868 0.4828810499956697 0
8.641349579596573 3.340147930046482 0
6.818429436023471 0.6299077534514597 0
8.036618139278273 1.777547982556553 0
5.646095353240224 0.723634234017851 0
6.691445399997805 2.317482728598255 0
7.850205937765489 2.695732346436909 0
8.363078747671654 3.757788379485898 0
5.630261758455418 1.184172341022121 0
8.246866984985648 3.002372622897137 0
14.25755305772745 4.987906881123999 0
14.22323961246642 5.749659599543613 0
11.97008969328465 6.765962264031288 0
10.65800258038833 5.930496306617726 0
13.02264525449803 8.244423243175522 0
13.07372195530548 8.999701214977783 0
10.15853390071362 0.6490683115876372 0
10.20263087693893 1.358175086202471 0
8.684958484931471 4.092663850784568 0
9.019514952798925 3.709368308009943 0
9.37556032290299 3.298631809406868 0
9.775632577898994 2.837218002609352 0
8.633732222481033 4.768232099556549 0
10.78742200024305 3.160634019371293 0
5.39906040051565 1.691894485597345 0
4.55193880657799 0.5863195174487243 0
8.360365548890064 4.460442058225852 0
10.2805656005322 2.264760234568738 0
13.37254227436642 0.7693327547664506 0
13.68848326487224 1.819120503597781 0
13.07797804860964 3.758706397987119 0
14.20494228555989 1.423085531382919 0
12.88999395889494 0.4548730166930994 0
12.39521427898628 1.106760656906369 0
13.56579360003943 7.812555751489437 0
13.53755374516736 7.535525249642525 0
13.5044336697776 7.24531274424309 0
13.4666275117464 6.937474653154862 0
13.42387049734254 6.603215520586963 0
13.37259263062666 6.220766901646192 0
13.92302469896328 9.089723908618147 0
14.21234911880746 9.139115009125703 0
14.14978550911889 6.292723704842082 0
13.78848481476813 6.079104328438856 0
11.97774254578126 8.79375509111761 0
10.2655751586922 6.086903925281186 0
13.63560180895033 9.0545765521577 0
13.29314757025879 5.710904097670585 0
14.14780128428594 0.568023370397392 0
14.15554082764776 0.2818174884138855 0
11.68784112231113 0.630687886203388 0
11.78258554840874 1.312498756057161 0
14.37643082688322 2.061928591139632 0
14.17219709009599 3.278149417562107 0
14.15339787556229 0.8565471539713641 0
12.05012788289352 2.196494078759873 0
2 6 0 375
5461
5462
5463
5464
5465
5466
5467
5468
5469
5470
5471
5472
5473
5474
5475
5476
5477
5478
5479
5480
5481
5482
5483
5484
5485
5486
5487
5488
5489
5490
5491
5492
5493
5494
5495
5496
5497
5498
5499
5500
5501
5502
5503
5504
5505
5506
5507
5508
5509
5510
5511
5512
5513
5514
5515
5516
5517
5518
5519
5520
5521
5522
5523
5524
5525
5526
5527
5528
5529
5530
5531
5532
5533
5534
5535
5536
5537
5538
5539
5540
5541
5542
5543
5544
5545
5546
5547
5548
5549
5550
5551
5552
5553
5554
5555
5556
5557
5558
5559
5560
5561
5562
5563
5564
5565
5566
5567
5568
5569
5570
5571
5572
5573
5574
5575
5576
5577
5578
5579
5580
5581
5582
5583
5584
5585
5586
5587
5588
5589
5590
5591
5592
5593
5594
5595
5596
5597
5598
5599
5600
5601
5602
5603
5604
5605
5606
5607
5608
5609
5610
5611
5612
5613
5614
5615
5616
5617
5618
5619
5620
5621
5622
5623
5624
5625
5626
5627
5628
5629
5630
5631
5632
5633
5634
5635
5636
5637
5638
5639
5640
5641
5642
5643
5644
5645
5646
5647
5648
5649
5650
5651
5652
5653
5654
5655
5656
5657
5658
5659
5660
5661
5662
5663
5664
5665
5666
5667
5668
5669
5670
5671
5672
5673
5674
5675
5676
5677
5678
5679
5680
5681
5682
5683
5684
5685
5686
5687
5688
5689
5690
5691
5692
5693
5694
5695
5696
5697
5698
5699
5700
5701
5702
5703
5704
5705
5706
5707
5708
5709
5710
5711
5712
5713
5714
5715
5716
5717
5718
5719
5720
5721
5722
5723
5724
5725
5726
5727
5728
5729
5730
5731
5732
5733
5734
5735
5736
5737
5738
5739
5740
5741
5742
5743
5744
5745
5746
5747
5748
5749
5750
5751
5752
5753
5754
5755
5756
5757
5758
5759
5760
5761
5762
5763
5764
5765
5766
5767
5768
5769
5770
5771
5772
5773
5774
5775
5776
5777
5778
5779
5780
5781
5782
5783
5784
5785
5786
5787
5788
5789
5790
5791
5792
5793
5794
5795
5796
5797
5798
5799
5800
5801
5802
5803
5804
5805
5806
5807
5808
5809
5810
5811
5812
5813
5814
5815
5816
5817
5818
5819
5820
5821
5822
5823
5824
5825
5826
5827
5828
5829
5830
5831
5832
5833
5834
5835
9.38331037964395 19.56443096549346 0
5.327941312101812 19.32984970327545 0
10.25473459747725 14.63594070898419 0
6.79968956189825 16.9621108441826 0
7.092849613685889 18.57120081066473 0
10.24292015214202 16.64029355611112 0
7.691323900298749 16.57052381711017 0
9.178098783354795 15.16575097852352 0
7.028803941532607 17.74034971985702 0
12.19535999543085 17.14037681091736 0
13.35262091281612 19.63483515533007 0
13.76780167967385 19.36561717317295 0
13.88320711886786 18.4378455611108 0
13.49656670680694 16.80488441265361 0
13.73368510283978 17.95081245423799 0
8.888654748702788 18.79878473493156 0
14.15332114689156 19.72538563325106 0
7.625369347692229 16.16505341191192 0
6.538800777299895 17.1983016534653 0
10.11333772742235 19.49556094015736 0
10.7823451699429 15.46087849692453 0
14.22501096430593 17.11277393902466 0
13.13645768585153 18.31297755600866 0
13.60646625819491 17.15050242577835 0
14.18097774666423 17.7238704732547 0
13.86703538075718 11.88146070435844 0
13.06163062935778 14.06994885968327 0
13.7903804356043 15.02883801022277 0
12.89665608804738 14.95471532764489 0
12.20944381900869 13.05501522357333 0
12.00794956480811 14.52655400182927 0
9.685023229214167 16.4791979676011 0
9.987784631783663 13.61361875275909 0
6.766254961649799 17.59532383494782 0
11.77316455290085 15.03980572119241 0
11.71909201909936 13.20531452460446 0
11.31066279817079 13.92736765114418 0
11.52815489190515 16.97755591737752 0
10.71112370646663 13.35369272616532 0
11.12492619883903 12.77047853394968 0
11.50303542184313 12.18287937848376 0
13.95467748216745 12.11205482430677 0
12.05769087480605 11.21414953798908 0
13.50080684149333 12.72967675584133 0
13.63688700460819 13.21365889935154 0
11.7866270829395 11.58157902224597 0
14.30582170980593 11.89254867918155 0
14.25643294012562 12.97509221450464 0
12.94584921980029 11.79093124822372 0
14.35952522815947 12.31649712357673 0
12.42902297439033 14.80533772556454 0
6.238235920217168 18.2669014300858 0
5.590872617104391 19.07573533723386 0
5.427705597016947 18.86921532243086 0
14.18223801715087 18.60644037654301 0
13.7421623861822 11.33899223067707 0
13.56708235047148 11.76256757021176 0
14.20007247437 13.50524034051247 0
13.489465559163 11.45686392747224 0
13.79593887006376 11.61857038555136 0
14.29160259298468 12.7309279016659 0
12.8403448302427 10.93171125156721 0
8.944264839036817 17.48352277983845 0
4.44667172318314 19.80482412719964 0
13.73907014290061 17.45358255166929 0
13.80015824070426 16.31466006236173 0
13.82124669090067 18.73507188402579 0
8.664471786235421 19.62195344780137 0
4.571415300354183 19.39858415673563 0
4.784656600340663 19.79499794547722 0
8.067323859002494 17.9152256598321 0
13.78544135558673 19.68545127289111 0
13.01159157013108 16.58157775184793 0
14.20789715714463 15.66834397661016 0
14.10361769153491 12.61272001578941 0
13.48837880451162 13.85404223069381 0
12.30767496424948 11.54209650857239 0
9.294679828725904 16.7717902005137 0
6.698145525079912 17.88706566636248 0
7.346846306996111 16.43966674400786 0
10.69706336748449 18.221256535212 0
7.397424920644418 17.20070765636744 0
7.304273122803608 19.70160520589972 0
8.179017519483434 15.60408698299381 0
6.664098921535748 18.66838654352402 0
6.217264785076221 19.24459546361291 0
11.31886219690414 12.47917803692614 0
10.84123819030745 12.56034479603177 0
11.22941637519828 12.0483157146265 0
11.03793459689529 12.30507739561764 0
10.92277510678009 13.0608149467089 0
10.4322283669133 13.07491881963662 0
10.63972256863371 12.81610157203904 0
9.480575079698026 18.16849223253958 0
9.818614314171263 16.9496704072015 0
6.461345564215773 18.96190142567855 0
11.42619968541067 15.51438578313036 0
10.02135113119016 17.93799358182359 0
7.224937960927474 18.24381918119549 0
7.995877993162814 16.30234646282101 0
8.717035910534428 15.04039765800199 0
7.727242326673908 16.96570603323906 0
11.56310458678928 11.54428551064246 0
11.6678493900458 11.87926887352652 0
11.41083808145645 11.79006288243224 0
12.90380109130666 16.08938750947226 0
8.097883585856628 17.52103572896177 0
8.890123458748784 15.45815648451022 0
9.671281014034609 15.2801780996989 0
8.476259303892482 18.12675824052516 0
4.93130761920111 19.36550912573443 0
6.381586577971604 17.99666703479236 0
5.715754297031045 18.14803736614417 0
11.83404650715821 11.3065706813424 0
11.65851062265107 11.35018895104541 0
13.31693505794294 17.97727029384561 0
13.96453980686443 18.16280038454546 0
14.21658850387235 18.33810077161746 0
10.48739360358016 13.6514047270169 0
10.21467384440735 13.34097615602901 0
14.24324419656543 11.13645866633381 0
13.93975579027526 12.4640742046768 0
12.38940279684385 12.65082128379854 0
13.2566624367755 13.34637735670222 0
14.1844886973772 12.18016152550955 0
13.79467696971202 14.30463948836995 0
14.16190013300269 14.07171488339759 0
14.22374750615234 10.69490469600086 0
9.362484375228425 15.58808133830959 0
7.538374750360631 18.44953580089816 0
6.438262176985736 18.46263252330709 0
5.169636269692793 19.78065483981384 0
10.80937329335764 14.67159799147969 0
8.459513068491241 16.87118781615237 0
8.309324750306903 18.93058309588867 0
8.980565494858357 14.75653163773747 0
12.97454920517459 14.48296398408506 0
13.77857359422925 14.65143869885084 0
13.3535533925402 15.02099180091459 0
13.38197428856852 14.59354077461095 0
12.03217654375683 13.43668951510366 0
13.79568030891823 12.27377968205436 0
14.22592019049839 13.23450956242183 0
13.39802376335443 18.89586661803185 0
14.19250389176871 16.84144915016547 0
12.70168543932974 13.88763314390038 0
11.00268459663563 13.63669881140014 0
11.41697145141458 12.98371841683607 0
11.5227235427689 13.56332856857227 0
11.21613403332098 13.30893004093878 0
12.67520106487053 12.90015567268729 0
13.91304087184105 13.37264631005698 0
14.32969602233444 12.51034700226402 0
6.070225358328209 17.65489509587663 0
14.23222627576885 10.90109791832154 0
12.96305483956274 13.13704986815452 0
12.0855570890978 12.46130215301299 0
12.88798448847388 11.34357954863077 0
13.51954704889866 17.69065404321959 0
13.59571030914838 18.23258546885394 0
14.15698196167507 14.97554749423405 0
14.14668697137175 14.66851274188081 0
11.07526852966784 14.29962384673112 0
10.772824184145 13.96901413857108 0
12.79032143575297 18.00708419673534 0
12.60198785892118 16.82105816674932 0
4.798341588779036 19.1675533513184 0
9.180964917810474 16.32338791075466 0
13.36297507384625 15.98157958455645 0
9.460046309090291 14.86767007348504 0
12.89073789082943 19.11977992513066 0
12.42324327863671 16.28334561656139 0
13.67040477098119 12.03861800942382 0
12.30285660660433 11.10221829476665 0
13.87413034240203 15.47852384812714 0
14.20663505950538 15.27280369573104 0
14.14496902471971 19.16500159371954 0
10.51652462432871 15.03343388068882 0
5.877483990313152 18.34164826665727 0
9.87380866285581 15.71119220986074 0
8.942300754572209 18.36555162483748 0
12.84240302962023 15.51563242310448 0
14.06812248488977 17.51730580839981 0
13.35377863476717 15.49879849110289 0
13.94683897091984 10.73729641946542 0
13.86501414879396 13.66779639452591 0
6.018892768852727 19.02287873801584 0
6.477416374272742 17.73401656110133 0
7.748242407086483 19.03736808799071 0
11.04708022037099 15.9280009046219 0
12.03478335770416 11.57864162147992 0
7.387829021739416 16.82794568348374 0
7.318108048088589 17.90657744540162 0
6.205105036570064 17.82547343151298 0
11.73742162164555 16.03428523370981 0
11.64181546880831 14.22598174642639 0
11.40286033175669 14.65091815723779 0
12.5673649290448 11.00728277451994 0
11.90552531260127 12.84431346806707 0
11.7877004033023 12.31514206694947 0
13.35307180182342 19.26176036534978 0
13.89603809820008 16.97497241886966 0
14.31995834404882 17.58284256251923 0
9.384099978366647 17.23007059661282 0
8.596639262473014 15.74509863116908 0
9.998355142072523 14.25924448474066 0
13.41345150205592 16.41673529456147 0
9.532208289303652 16.02544812067381 0
13.7814945743061 19.0465405939478 0
12.3464076547451 18.92213861070164 0
14.15042244276497 14.3664100022764 0
12.19331730049799 14.07871619748404 0
11.84642916799408 13.82283828433168 0
13.79814920173803 15.93611913411121 0
12.5475061863034 18.42296348931051 0
13.64386297577142 12.47919767544117 0
5.265426650564488 18.66956503342929 0
8.000725633492937 18.30125360827709 0
7.731765903038672 17.35094364016548 0
6.694307986237931 19.73018888363039 0
12.24171204206638 15.52660404805892 0
5.031724556234016 18.9220979354577 0
7.088554346088698 17.07075566750821 0
5.662165692233081 18.60764089191125 0
8.503809178747284 17.71175310736816 0
6.053585975927598 18.5402706630329 0
12.80892596153412 17.27618806941642 0
13.67076313673595 10.77805578803816 0
12.6000610196936 11.46557138857485 0
13.43611184100124 11.13909173995561 0
12.57103353240969 14.31057773008815 0
6.303647863802231 17.38973715182292 0
7.374805420792452 17.5594377766663 0
8.897622019452038 17.04268390479645 0
13.55744116125672 13.52309916369383 0
10.2500916424655 13.95373441122058 0
9.482384498618364 18.64157654515088 0
5.835339689351338 18.81126539632083 0
13.82955810516364 12.67698655359368 0
13.97351499176014 17.26352679786977 0
12.83001598662826 13.50150129510626 0
13.22788186515331 11.60087355336725 0
14.06883914536461 11.75391715270446 0
13.15283698333914 17.00809157839625 0
14.26104772670667 18.0875775941557 0
13.32405779440844 17.37708556636741 0
6.247119882925876 18.74607374969356 0
6.798198412566421 17.29162355772005 0
8.094758237359214 17.12035895034022 0
14.31721440211507 17.87326425336011 0
14.3084081431962 15.47036592654207 0
11.60773540917008 12.65551914844416 0
14.25795196377889 11.38442216617815 0
14.17875657616235 13.78440469966867 0
12.51526003271601 13.28256254198244 0
14.02489428892198 11.49704683588065 0
13.72788164230474 12.92934210732768 0
12.28474471296652 19.47578017948689 0
14.26686174619008 17.36533900739473 0
13.48168654605213 18.54992158057493 0
12.87094262622229 19.56384797009924 0
5.617792778090218 19.76811044346741 0
11.29896735997887 16.43923567533396 0
7.396935053494 18.79390600265796 0
8.960001599813433 17.92559639149563 0
6.063572403909378 18.07745047041901 0
6.946578131568161 18.05683603493612 0
7.639566135971978 18.09319737920774 0
7.974786103460543 19.66875997430713 0
6.919391032889789 18.88736380896484 0
7.071202848361287 16.7062605422441 0
7.89545309599582 18.67646326562532 0
8.392371380850939 16.4490408122107 0
8.721452352042698 16.172612517984 0
8.497427053378621 17.29251685813038 0
8.450111474570811 15.32266068848935 0
8.412284231109339 18.53439888795085 0
10.85426434992305 19.423402488025 0
5.181699411617551 19.12323468005147 0
9.045353774162216 15.88556624702974 0
6.119909470697829 19.74784583541206 0
6.825571584391273 18.36616844669155 0
9.747470788539236 13.89541447321095 0
5.916708308399887 17.88872841466317 0
11.11044607353911 15.06913920095256 0
10.40569493543208 17.140589947256 0
6.701791967731687 19.19025181226865 0
9.446878964662908 17.69656165142761 0
11.77582690458243 17.51223944350286 0
9.241764834788812 14.46960529303643 0
7.075059206870412 17.41362589320629 0
10.08646506059545 18.45302407181959 0
10.52341494992133 14.30353899995217 0
7.904282571910734 15.88491143873576 0
8.298203330265931 16.02664505462511 0
5.758125329341551 19.28981966585962 0
6.285279727973488 17.59858058184434 0
10.06521456332382 16.16395338146267 0
6.526290723118338 17.47516766036932 0
8.822546609459325 16.6052961670098 0
6.589174691683533 18.17559451000762 0
7.703231534760736 17.7267295745305 0
5.495146045506061 18.41029414883111 0
11.96748283239946 16.61597478784847 0
10.55564386282863 17.66578147224978 0
12.86158514237895 12.49858986280144 0
13.33469473140745 11.94305006367506 0
13.11313584776178 12.78909524229341 0
13.09687658481808 12.17934555744434 0
13.70260712652239 11.0564281275216 0
13.11688518475603 10.87165501111128 0
14.12335370125684 11.98835912553395 0
13.15525043508526 13.69482666285549 0
12.35812094099501 13.67003155583977 0
14.24211523070342 12.30981527529702 0
13.16524755651488 11.23380890561748 0
14.17621670450468 12.43125449737918 0
14.03329372735969 12.83841752719222 0
11.94480865044766 11.9500377493314 0
12.25244341843937 12.01276708755599 0
13.96701107142029 10.98027475684277 0
13.28865537064685 12.48490062488517 0
13.82512107936987 13.9781429210618 0
14.27881502721406 11.64300649619948 0
13.47703557553816 12.23643932378014 0
14.05690393702 12.29748535112644 0
13.37065852648573 13.02174690198792 0
13.39415810483093 10.82169541619596 0
13.96924665144771 13.09451224685917 0
14.33717852693277 12.11832474562351 0
13.42908109821551 14.20848720175295 0
13.89162293243195 17.71102112352857 0
13.83682738489326 16.65839481386261 0
12.98802686271275 18.69578405344832 0
14.14320782070975 19.44647960509986 0
14.06376237209152 17.9202340509939 0
13.05095771109058 17.66092443056287 0
13.99187686399734 11.23573773937776 0
12.60544211507686 12.08240618461751 0
14.15782901058672 16.26421413806619 0
14.16256423229746 15.96360193930606 0
8.06008702221639 16.7140395259547 0
9.931180258518877 17.4362883105943 0
14.38204625157897 17.73020413072928 0
14.15816015311479 18.88421009198982 0
14.16954913950186 16.55775879442183 0
7.211902856469012 19.12384392654029 0
9.734376169395283 14.56472170945383 0
9.969652803676599 14.96231998864532 0
10.20305782400167 15.38043750203658 0
10.43206055612042 15.82502609371052 0
10.65284478683801 16.30043161455758 0
10.86226381223235 16.80718666669051 0
11.06565629105719 17.34274130659545 0
11.29306492397668 17.91816870013734 0
12.46465195912041 17.61549844614642 0
12.10139558462559 18.0378455393872 0
4.684408181453535 19.5938331434932 0
5.055750927220888 19.57056495867348 0
5.471839577283418 19.54361156022381 0
5.933632954445486 19.51426818511045 0
6.436719437646312 19.47771612904841 0
6.979024211657125 19.4367926034495 0
7.554167842280236 19.38016750755986 0
8.164640086587866 19.31046888718213 0
8.796800158430136 19.2196163934336 0
9.449791961656526 19.1094991537373 0
10.11950938606391 18.97649324501076 0
10.82082825226527 18.81627687762098 0
4.154977380841853 19.81601942708458 0
11.61182602422238 19.38300107976176 0
6.13344411476618 17.48721426836568 0
9.498835822912501 14.1810901065044 0
4.355609722154535 19.61692978431488 0
11.63418313886106 18.61824481367879 0
2 7 0 1813
5836
5837
5838
5839
5840
5841
5842
5843
5844
5845
5846
5847
5848
5849
5850
5851
5852
5853
5854
5855
5856
5857
5858
5859
5860
5861
5862
5863
5864
5865
5866
5867
5868
5869
5870
5871
5872
5873
5874
5875
5876
5877
5878
5879
5880
5881
5882
5883
5884
5885
5886
5887
5888
5889
5890
5891
5892
5893
5894
5895
5896
5897
5898
5899
5900
5901
5902
5903
5904
5905
5906
5907
5908
5909
5910
5911
5912
5913
5914
5915
5916
5917
5918
5919
5920
5921
5922
5923
5924
5925
5926
5927
5928
5929
5930
5931
5932
5933
5934
5935
5936
5937
5938
5939
5940
5941
5942
5943
5944
5945
5946
5947
5948
5949
5950
5951
5952
5953
5954
5955
5956
5957
5958
5959
5960
5961
5962
5963
5964
5965
5966
5967
5968
5969
5970
5971
5972
5973
5974
5975
5976
5977
5978
5979
5980
5981
5982
5983
5984
5985
5986
5987
5988
5989
5990
5991
5992
5993
5994
5995
5996
5997
5998
5999
6000
6001
6002
6003
6004
6005
6006
6007
6008
6009
6010
6011
6012
6013
6014
6015
6016
6017
6018
6019
6020
6021
6022
6023
6024
6025
6026
6027
6028
6029
6030
6031
6032
6033
6034
6035
6036
6037
6038
6039
6040
6041
6042
6043
6044
6045
6046
6047
6048
6049
6050
6051
6052
6053
6054
6055
6056
6057
6058
6059
6060
6061
6062
6063
6064
6065
6066
6067
6068
6069
6070
6071
6072
6073
6074
6075
6076
6077
6078
6079
6080
6081
6082
6083
6084
6085
6086
6087
6088
6089
6090
6091
6092
6093
6094
6095
6096
6097
6098
6099
6100
6101
6102
6103
6104
6105
6106
6107
6108
6109
6110
6111
6112
6113
6114
6115
6116
6117
6118
6119
6120
6121
6122
6123
6124
6125
6126
6127
6128
6129
6130
6131
6132
6133
6134
6135
6136
6137
6138
6139
6140
6141
6142
6143
6144
6145
6146
6147
6148
6149
6150
6151
6152
6153
6154
6155
6156
6157
6158
6159
6160
6161
6162
6163
6164
6165
6166
6167
6168
6169
6170
6171
6172
6173
6174
6175
6176
6177
6178
6179
6180
6181
6182
6183
6184
6185
6186
6187
6188
6189
6190
6191
6192
6193
6194
6195
6196
6197
6198
6199
6200
6201
6202
6203
6204
6205
6206
6207
6208
6209
6210
6211
6212
6213
6214
6215
6216
6217
6218
6219
6220
6221
6222
6223
6224
6225
6226
6227
6228
6229
6230
6231
6232
6233
6234
6235
6236
6237
6238
6239
6240
6241
6242
6243
6244
6245
6246
6247
6248
6249
6250
6251
6252
6253
6254
6255
6256
6257
6258
6259
6260
6261
6262
6263
6264
6265
6266
6267
6268
6269
6270
6271
6272
6273
6274
6275
6276
6277
6278
6279
6280
6281
6282
6283
6284
6285
6286
6287
6288
6289
6290
6291
6292
6293
6294
6295
6296
6297
6298
6299
6300
6301
6302
6303
6304
6305
6306
6307
6308
6309
6310
6311
6312
6313
6314
6315
6316
6317
6318
6319
6320
6321
6322
6323
6324
6325
6326
6327
6328
6329
6330
6331
6332
6333
6334
6335
6336
6337
6338
6339
6340
6341
6342
6343
6344
6345
6346
6347
6348
6349
6350
6351
6352
6353
6354
6355
6356
6357
6358
6359
6360
6361
6362
6363
6364
6365
6366
6367
6368
6369
6370
6371
6372
6373
6374
6375
6376
6377
6378
6379
6380
6381
6382
6383
6384
6385
6386
6387
6388
6389
6390
6391
6392
6393
6394
6395
6396
6397
6398
6399
6400
6401
6402
6403
6404
6405
6406
6407
6408
6409
6410
6411
6412
6413
6414
6415
6416
6417
6418
6419
6420
6421
6422
6423
6424
6425
6426
6427
6428
6429
6430
6431
6432
6433
6434
6435
6436
6437
6438
6439
6440
6441
6442
6443
6444
6445
6446
6447
6448
6449
6450
6451
6452
6453
6454
6455
6456
6457
6458
6459
6460
6461
6462
6463
6464
6465
6466
6467
6468
6469
6470
6471
6472
6473
6474
6475
6476
6477
6478
6479
6480
6481
6482
6483
6484
6485
6486
6487
6488
6489
6490
6491
6492
6493
6494
6495
6496
6497
6498
6499
6500
6501
6502
6503
6504
6505
6506
6507
6508
6509
6510
6511
6512
6513
6514
6515
6516
6517
6518
6519
6520
6521
6522
6523
6524
6525
6526
6527
6528
6529
6530
6531
6532
6533
6534
6535
6536
6537
6538
6539
6540
6541
6542
6543
6544
6545
6546
6547
6548
6549
6550
6551
6552
6553
6554
6555
6556
6557
6558
6559
6560
6561
6562
6563
6564
6565
6566
6567
6568
6569
6570
6571
6572
6573
6574
6575
6576
6577
6578
6579
6580
6581
6582
6583
6584
6585
6586
6587
6588
6589
6590
6591
6592
6593
6594
6595
6596
6597
6598
6599
6600
6601
6602
6603
6604
6605
6606
6607
6608
6609
6610
6611
6612
6613
6614
6615
6616
6617
6618
6619
6620
6621
6622
6623
6624
6625
6626
6627
6628
6629
6630
6631
6632
6633
6634
6635
6636
6637
6638
6639
6640
6641
6642
6643
6644
6645
6646
6647
6648
6649
6650
6651
6652
6653
6654
6655
6656
6657
6658
6659
6660
6661
6662
6663
6664
6665
6666
6667
6668
6669
6670
6671
6672
6673
6674
6675
6676
6677
6678
6679
6680
6681
6682
6683
6684
6685
6686
6687
6688
6689
6690
6691
6692
6693
6694
6695
6696
6697
6698
6699
6700
6701
6702
6703
6704
6705
6706
6707
6708
6709
6710
6711
6712
6713
6714
6715
6716
6717
6718
6719
6720
6721
6722
6723
6724
6725
6726
6727
6728
6729
6730
6731
6732
6733
6734
6735
6736
6737
6738
6739
6740
6741
6742
6743
6744
6745
6746
6747
6748
6749
6750
6751
6752
6753
6754
6755
6756
6757
6758
6759
6760
6761
6762
6763
6764
6765
6766
6767
6768
6769
6770
6771
6772
6773
6774
6775
6776
6777
6778
6779
6780
6781
6782
6783
6784
6785
6786
6787
6788
6789
6790
6791
6792
6793
6794
6795
6796
6797
6798
6799
6800
6801
6802
6803
6804
6805
6806
6807
6808
6809
6810
6811
6812
6813
6814
6815
6816
6817
6818
6819
6820
6821
6822
6823
6824
6825
6826
6827
6828
6829
6830
6831
6832
6833
6834
6835
6836
6837
6838
6839
6840
6841
6842
6843
6844
6845
6846
6847
6848
6849
6850
6851
6852
6853
6854
6855
6856
6857
6858
6859
6860
6861
6862
6863
6864
6865
6866
6867
6868
6869
6870
6871
6872
6873
6874
6875
6876
6877
6878
6879
6880
6881
6882
6883
6884
6885
6886
6887
6888
6889
6890
6891
6892
6893
6894
6895
6896
6897
6898
6899
6900
6901
6902
6903
6904
6905
6906
6907
6908
6909
6910
6911
6912
6913
6914
6915
6916
6917
6918
6919
6920
6921
6922
6923
6924
6925
6926
6927
6928
6929
6930
6931
6932
6933
6934
6935
6936
6937
6938
6939
6940
6941
6942
6943
6944
6945
6946
6947
6948
6949
6950
6951
6952
6953
6954
6955
6956
6957
6958
6959
6960
6961
6962
6963
6964
6965
6966
6967
6968
6969
6970
6971
6972
6973
6974
6975
6976
6977
6978
6979
6980
6981
6982
6983
6984
6985
6986
6987
6988
6989
6990
6991
6992
6993
6994
6995
6996
6997
6998
6999
7000
7001
7002
7003
7004
7005
7006
7007
7008
7009
7010
7011
7012
7013
7014
7015
7016
7017
7018
7019
7020
7021
7022
7023
7024
7025
7026
7027
7028
7029
7030
7031
7032
7033
7034
7035
7036
7037
7038
7039
7040
7041
7042
7043
7044
7045
7046
7047
7048
7049
7050
7051
7052
7053
7054
7055
7056
7057
7058
7059
7060
7061
7062
7063
7064
7065
7066
7067
7068
7069
7070
7071
7072
7073
7074
7075
7076
7077
7078
7079
7080
7081
7082
7083
7084
7085
7086
7087
7088
7089
7090
7091
7092
7093
7094
7095
7096
7097
7098
7099
7100
7101
7102
7103
7104
7105
7106
7107
7108
7109
7110
7111
7112
7113
7114
7115
7116
7117
7118
7119
7120
7121
7122
7123
7124
7125
7126
7127
7128
7129
7130
7131
7132
7133
7134
7135
7136
7137
7138
7139
7140
7141
7142
7143
7144
7145
7146
7147
7148
7149
7150
7151
7152
7153
7154
7155
7156
7157
7158
7159
7160
7161
7162
7163
7164
7165
7166
7167
7168
7169
7170
7171
7172
7173
7174
7175
7176
7177
7178
7179
7180
7181
7182
7183
7184
7185
7186
7187
7188
7189
7190
7191
7192
7193
7194
7195
7196
7197
7198
7199
7200
7201
7202
7203
7204
7205
7206
7207
7208
7209
7210
7211
7212
7213
7214
7215
7216
7217
7218
7219
7220
7221
7222
7223
7224
7225
7226
7227
7228
7229
7230
7231
7232
7233
7234
7235
7236
7237
7238
7239
7240
7241
7242
7243
7244
7245
7246
7247
7248
7249
7250
7251
7252
7253
7254
7255
7256
7257
7258
7259
7260
7261
7262
7263
7264
7265
7266
7267
7268
7269
7270
7271
7272
7273
7274
7275
7276
7277
7278
7279
7280
7281
7282
7283
7284
7285
7286
7287
7288
7289
7290
7291
7292
7293
7294
7295
7296
7297
7298
7299
7300
7301
7302
7303
7304
7305
7306
7307
7308
7309
7310
7311
7312
7313
7314
7315
7316
7317
7318
7319
7320
7321
7322
7323
7324
7325
7326
7327
7328
7329
7330
7331
7332
7333
7334
7335
7336
7337
7338
7339
7340
7341
7342
7343
7344
7345
7346
7347
7348
7349
7350
7351
7352
7353
7354
7355
7356
7357
7358
7359
7360
7361
7362
7363
7364
7365
7366
7367
7368
7369
7370
7371
7372
7373
7374
7375
7376
7377
7378
7379
7380
7381
7382
7383
7384
7385
7386
7387
7388
7389
7390
7391
7392
7393
7394
7395
7396
7397
7398
7399
7400
7401
7402
7403
7404
7405
7406
7407
7408
7409
7410
7411
7412
7413
7414
7415
7416
7417
7418
7419
7420
7421
7422
7423
7424
7425
7426
7427
7428
7429
7430
7431
7432
7433
7434
7435
7436
7437
7438
7439
7440
7441
7442
7443
7444
7445
7446
7447
7448
7449
7450
7451
7452
7453
7454
7455
7456
7457
7458
7459
7460
7461
7462
7463
7464
7465
7466
7467
7468
7469
7470
7471
7472
7473
7474
7475
7476
7477
7478
7479
7480
7481
7482
7483
7484
7485
7486
7487
7488
7489
7490
7491
7492
7493
7494
7495
7496
7497
7498
7499
7500
7501
7502
7503
7504
7505
7506
7507
7508
7509
7510
7511
7512
7513
7514
7515
7516
7517
7518
7519
7520
7521
7522
7523
7524
7525
7526
7527
7528
7529
7530
7531
7532
7533
7534
7535
7536
7537
7538
7539
7540
7541
7542
7543
7544
7545
7546
7547
7548
7549
7550
7551
7552
7553
7554
7555
7556
7557
7558
7559
7560
7561
7562
7563
7564
7565
7566
7567
7568
7569
7570
7571
7572
7573
7574
7575
7576
7577
7578
7579
7580
7581
7582
7583
7584
7585
7586
7587
7588
7589
7590
7591
7592
7593
7594
7595
7596
7597
7598
7599
7600
7601
7602
7603
7604
7605
7606
7607
7608
7609
7610
7611
7612
7613
7614
7615
7616
7617
7618
7619
7620
7621
7622
7623
7624
7625
7626
7627
7628
7629
7630
7631
7632
7633
7634
7635
7636
7637
7638
7639
7640
7641
7642
7643
7644
7645
7646
7647
7648
66.27066675249559 0.4916907034611473 0
61.57603589627049 0.4950281538468797 0
55.78951749995219 0.4990541690170938 0
49.44214888003443 0.4998585204979822 0
43.07087192710089 0.4999772112059429 0
37.187741269784 0.5000212270321955 0
32.28394405189244 0.5001025495387914 0
28.5388711548641 0.5003138973522732 0
25.79224834394801 0.5008055731272745 0
23.79484055713512 0.5014837066979685 0
22.3232510614524 0.5023503648146581 0
21.2174391756635 0.5032826157728099 0
20.38200357760661 0.5041840240892126 0
19.73139410475282 0.5050175960028809 0
19.18364044919691 0.5058039301217077 0
18.68095237028954 0.5065900933662689 0
18.19458163380271 0.5073915601114782 0
17.71502665790499 0.5082054828820619 0
17.2438845505374 0.5089941071889799 0
16.78594323290761 0.5096901915157144 0
16.33896975461866 0.5101925697041598 0
15.89336188348392 0.5102516844739509 0
15.44076371660141 0.5093276117115138 0
14.97639144635147 0.5060933762255254 0
66.21320886997688 0.9811146121614431 0
61.45803958262064 0.9903179239852111 0
55.71804959328516 0.9981731946740888 0
49.44608539082392 0.9997218555757357 0
43.15313767354233 0.9999540316930133 0
37.34712263628646 1.000037114313672 0
32.52266299574634 1.000201750673255 0
28.85444690632616 1.000564996558893 0
26.17980834297556 1.001367561540909 0
24.22199152320652 1.002555378417947 0
22.75553731642714 1.004060769996434 0
21.62748354576614 1.005742303618323 0
20.73991093047313 1.007474386155102 0
20.02019299094556 1.009181587661621 0
19.40671142723482 1.010857366884622 0
18.85324968625976 1.01253864101646 0
18.33160806228696 1.014250838423686 0
17.82799384299984 1.015989422496396 0
17.33741784504204 1.017711267455917 0
16.85821075353876 1.019314991401487 0
16.38752154754498 1.020644857509364 0
15.92025483887289 1.021396866642724 0
15.4513506516787 1.020918820737991 0
14.97776799229165 1.017676643964706 0
66.17645555645721 1.467952754448564 0
61.3543786409574 1.48593703089764 0
55.65359674061462 1.497370285022945 0
49.45016511382795 1.499594012093871 0
43.22866280493443 1.499931527584067 0
37.48916726529739 1.500044865599647 0
32.72212312503705 1.500261894407598 0
29.11574632393504 1.500763826075521 0
26.49338873773346 1.501797751991416 0
24.56619425890565 1.503352431391444 0
23.10633054043824 1.50533831347946 0
21.96391231797184 1.507619470859061 0
21.04308819183702 1.510065162355378 0
20.27748453868641 1.512587295734736 0
19.61605628588308 1.515157964292325 0
19.0206463171247 1.517784651203797 0
18.46583518732821 1.520495920947103 0
17.93657193813876 1.523281717273291 0
17.42481525339697 1.526109259149175 0
16.92594030878878 1.528891594715272 0
16.43616493230163 1.531497516715304 0
15.95155139329001 1.533706823130201 0
15.46856995539876 1.535168887685695 0
14.98489522582728 1.53537417308955 0
66.11130343667983 1.951787540513373 0
61.26234895760598 1.981950990811646 0
55.59530138577578 1.996659246926926 0
49.45435445161593 1.999478314970581 0
43.29810946693494 1.999910857181496 0
37.61558962985668 2.000050934403375 0
32.89384521075976 2.000312340867115 0
29.3329580960968 2.000920683984976 0
26.74901406859054 2.002128240116963 0
24.84501613483813 2.003951208153221 0
23.3909490161347 2.006302340267268 0
22.23881119987207 2.009060069165118 0
21.29521117744552 2.012105314683787 0
20.49770971289695 2.015353236517404 0
19.80119004211975 2.018765347164909 0
19.17272647061499 2.022338317408519 0
18.58946030942943 2.02608082630532 0
18.03658891057137 2.02999951219482 0
17.50481025326727 2.034064610917798 0
16.98813576333329 2.038232706586421 0
16.48208959835709 2.042432033844802 0
15.98291724395275 2.046576169756031 0
15.48751612147406 2.050600359554037 0
14.99369423393194 2.054655082061173 0
66.03152767602724 2.433644547310267 0
61.18005431394665 2.478404395771444 0
55.54247415609625 2.496052493802376 0
49.45862706466551 2.499377710024383 0
43.36202506509073 2.499892773465259 0
37.72821759962522 2.500057962497829 0
33.04092445247632 2.500353344113547 0
29.51216521052185 2.501042315911791 0
26.95552237646634 2.502379336671338 0
25.0682382056946 2.504399177789135 0
23.61853718152072 2.507026753569855 0
22.45958169685446 2.510159629225771 0
21.4998801762905 2.513699701638286 0
20.67966660154184 2.517577195278131 0
19.95738948782907 2.521754403070129 0
19.30347486573904 2.526226170861474 0
18.69709238113119 2.530994579377143 0
18.12409811978537 2.536076095571074 0
17.57486243986273 2.541457716630818 0
17.04278025251531 2.547130210411477 0
16.52295476180791 2.553078683848701 0
16.01154283592987 2.559317039715832 0
15.50543905561111 2.565912506759092 0
15.00226712831518 2.573056025743385 0
65.96578482045979 2.914801096326605 0
61.10604866007677 2.975352032922716 0
55.49455397502557 2.995560758889287 0
49.46296228064738 2.999294604072024 0
43.42086963351093 2.999877810891094 0
37.8283305862759 3.000064716937398 0
33.16554911851213 3.000385077422435 0
29.6572139266443 3.001133345244742 0
27.11832369842107 3.002564376932075 0
25.24212522523118 3.004726592979305 0
23.79524188710881 3.007560239089704 0
22.63132524774968 3.010983859851401 0
21.6601206765015 3.014924944685238 0
20.82365223019493 3.01933464441532 0
20.08260453620063 3.024190057059516 0
19.40958165691307 3.029491435818223 0
18.78524951725009 3.035249974970863 0
18.19606531237592 3.041481227730152 0
17.63254986521767 3.048200021571516 0
17.08781918873038 3.055413890280699 0
16.55679616865477 3.063152535165462 0
16.03548496407739 3.071484158167496 0
15.52065053298592 3.080547132495716 0
15.0096489833867 3.090531516899422 0
65.91120687307284 3.396100153727516 0
61.03923457821213 3.472870784130169 0
55.45107819228575 3.49519284162631 0
49.46734354563619 3.499230869994259 0
43.4750380156934 3.49986636089011 0
37.91695251691092 3.500070498902438 0
33.2693077157852 3.5004076954235 0
29.77063492602349 3.501197017993889 0
27.24093269018831 3.502692526416999 0
25.3708651369011 3.50495366453678 0
23.92528290993202 3.507935760648294 0
22.7576211890181 3.51157866526913 0
21.77828003517214 3.515835658718673 0
20.93044128321681 3.520686061555528 0
20.17604994835333 3.526122957398143 0
19.48921954986412 3.532168018897005 0
18.85164422177323 3.538849262414594 0
18.25028461252324 3.546190416387102 0
17.67588611122325 3.554223775448055 0
17.12152828912771 3.562969615881712 0
16.58204911886536 3.572468306303513 0
16.0533275297176 3.582799794284955 0
15.53203793153385 3.594166013938712 0
15.01537395634446 3.607045647403365 0
65.8658905192012 3.878442415832774 0
60.97875793140422 3.971056155749446 0
55.41166161056491 3.994955352552483 0
49.47175771483719 3.999187937217071 0
43.52487871109035 3.999858677927329 0
37.99491572175258 4.000074899946824 0
33.35338823170958 4.000421351973685 0
29.85408680972485 4.001235577314576 0
27.32565136374605 4.002770087019501 0
25.45717529895806 4.005093510367902 0
24.01144115513189 4.008175169718105 0
22.84090393129694 4.011974456085182 0
21.85610691452945 4.016470749271928 0
21.00071195923764 4.021668860746392 0
20.23752978411874 4.027592082419801 0
19.54147195468067 4.034284978705091 0
18.89492496573346 4.041800381967327 0
18.28529151012634 4.0501866122853 0
17.70347122143664 4.059486809213206 0
17.14262580099261 4.069729435461564 0
16.59753630722633 4.080929645758336 0
16.06402648338045 4.093109666992257 0
15.53869489605177 4.106377307198564 0
15.01856561055233 4.121136075543407 0
65.82872420221034 4.362792624453414 0
60.92407947731718 4.469985379550231 0
55.37597815737459 4.494852384962248 0
49.47619410654647 4.499166775744 0
43.57070678566956 4.499854908329627 0
38.06297668714425 4.500077776696385 0
33.41868292586795 4.500426163032188 0
29.90861685327143 4.501250558584575 0
27.37376080444144 4.502801014125975 0
25.50267493557441 4.505154587297798 0
24.05530589602913 4.50829209298564 0
22.88262204446492 4.512190561189798 0
21.89463096825744 4.516852801534871 0
21.03502920266395 4.522309154465553 0
20.26697948888839 4.528617486304194 0
19.56584737892565 4.535851915161079 0
18.91435932244548 4.544098576293932 0
18.30019882645372 4.553440539316798 0
17.71438913452192 4.563944675584751 0
17.150193245588 4.575647486158131 0
16.60242754314311 4.588524475855719 0
16.06688445975542 4.602473085791202 0
15.5401026769832 4.61729608783818 0
15.01896380850676 4.632752960405485 0
65.79925844769323 4.850159773934406 0
60.87477264808803 4.969719602258912 0
55.34374861704537 4.994885226541383 0
49.48064382366422 4.999167867452195 0
43.61281351206682 4.99985510784768 0
38.12190049906636 5.000079395650085 0
33.46586484388938 5.000422211863509 0
29.93477075686047 5.001242962111559 0
27.38581399519558 5.002787611078643 0
25.50802375269841 5.005141444708128 0
24.05762865435979 5.008294378711373 0
22.8834859179626 5.012237455205801 0
21.8944100934854 5.016993716130443 0
21.03372796356386 5.022618767108609 0
20.26454542572677 5.029203542395223 0
19.56224325953174 5.036858739740958 0
18.90964328037442 5.04571385898819 0
18.29458798133795 5.055897674797374 0
17.70814580646101 5.067528072371937 0
17.14372404170938 5.080667971800832 0
16.59621827118355 5.095280260387438 0
16.06146991720644 5.111146574919032 0
15.53601303440565 5.127725355210742 0
15.01672444800622 5.143909234165179 0
65.77771351306777 5.341540548531994 0
60.83053236408745 5.470293445440813 0
55.31473157118293 5.495052178680429 0
49.48509943419422 5.499191159074581 0
43.65147315192268 5.499859234020296 0
38.17227960579421 5.50007989266492 0
33.49544312013508 5.500409595968962 0
29.93265575445192 5.501213443273075 0
27.36160049516218 5.502730647540355 0
25.47292645742426 5.50505540950009 0
24.0183115278629 5.508183617397996 0
22.8434414153281 5.512116883482746 0
21.8555267199732 5.516893163644295 0
20.99693982086844 5.522591666092416 0
20.23035006301094 5.529332674087334 0
19.53075665570669 5.537268528705045 0
18.88083871999814 5.546581033803292 0
18.26843538791243 5.557462207252175 0
17.6846586111986 5.570110004071463 0
17.12307346877495 5.584662596518799 0
16.5786882157973 5.601149866940995 0
16.04750790124627 5.619359409447581 0
15.52613275971967 5.638620666578964 0
15.01142388842441 5.657436287838918 0
65.76487708209805 5.837850605602702 0
60.79119197265383 5.971716939684946 0
55.2887169344553 5.995348411934263 0
49.48955392213065 5.999236068167312 0
43.68694905395371 5.999867134075113 0
38.21448677188535 6.000078961111395 0
33.50776201681967 6.000388381880516 0
29.90191457838887 6.001162366087913 0
27.300127289886 6.002629392355051 0
25.39620058885294 6.004894648907525 0
23.93629773996826 6.007956178125932 0
22.76170822123468 6.01182206998741 0
21.77752755306346 6.016538015142929 0
20.92458425650605 6.022202496993359 0
20.16456149531962 6.028962176009956 0
19.47171987018457 6.037011653368057 0
18.82838666190997 6.046586255453759 0
18.22216189077179 6.057968451107853 0
17.64427536069257 6.071460521518398 0
17.08840458936499 6.087355695088874 0
16.54983914258884 6.105863092675156 0
16.02486344517197 6.126985340851395 0
15.5102752328219 6.150295344834922 0
15.00304902818648 6.174466505966344 0
65.7623985807023 6.339823762287247 0
60.75689055710785 6.473969330342428 0
55.26552267496163 6.495765905850789 0
49.49400054806293 6.499301467802346 0
43.71949507011774 6.499878564559342 0
38.24889489317014 6.500076200362932 0
33.50300647669975 6.500358623398289 0
29.84164086293898 6.501089870333853 0
27.19949317967031 6.502481302587608 0
25.27573401896111 6.504653337712257 0
23.80962003034896 6.507601478325674 0
22.63691993583821 6.511333036528189 0
21.65963415482271 6.515896574269199 0
20.81647371776047 6.5214017684818 0
20.06752452058838 6.528016572340922 0
19.38589961590777 6.535967264119813 0
18.75314185165428 6.545559212316763 0
18.15663231495828 6.557162330572956 0
17.58764562134251 6.571229124812652 0
17.0401725918233 6.588256353980052 0
16.50988587811214 6.608770745289495 0
15.99350903878794 6.633235551024852 0
15.48827803251027 6.661891849442417 0
14.99144608118459 6.694555672999 0
65.77358408698467 6.847917633902856 0
60.72786103991579 6.976998249242385 0
55.24499335400802 6.996293473274281 0
49.4984316665517 6.999385695394457 0
43.74935623447151 6.999893212371738 0
38.27594205020654 7.000071314445146 0
33.48119720743782 7.00032041426644 0
29.75027840195923 7.000995982837766 0
27.05663481153713 7.002281566507597 0
25.10813611919174 7.004320921133449 0
23.63531399857003 7.007099062060706 0
22.46682525772517 7.010616571936316 0
21.50060685704771 7.014917333520044 0
20.67241497479159 7.020112206837138 0
19.93995219397453 7.026376368691769 0
19.27450459956657 7.033968168419216 0
18.65657645843437 7.043249831966847 0
18.0732603216424 7.054679057513962 0
17.51594827585048 7.068878733043811 0
16.97914254988118 7.086591910460368 0
16.45915798108058 7.10875080774577 0
15.95341630892453 7.136459384844815 0
15.4598544361234 7.17092316594876 0
14.97628963507049 7.213456922221139 0
65.71936253020519 7.368373944304883 0
60.70422415605502 7.480722281177506 0
55.2270025295605 7.496916892002419 0
49.50283830221042 7.499486611580681 0
43.77676820533669 7.499910708073413 0
38.29600613036395 7.500063775449362 0
33.44215937094123 7.500273930439383 0
29.62537142648096 7.500880641772309 0
26.86689623282989 7.502022117455943 0
24.88847749546541 7.50387944826411 0
23.40908757420523 7.506415538538202 0
22.24840204338093 7.509616788810746 0
21.29903628436065 7.51351593188644 0
20.49264077098142 7.518207758396896 0
19.78326098113567 7.523871024830389 0
19.13965750497265 7.53077492347601 0
18.54100222756957 7.539318617875963 0
17.97407688405263 7.550045483212093 0
17.43078021890169 7.563701051860057 0
16.90635378534731 7.581282561357511 0
16.39805201249755 7.604156592410489 0
15.90438506967972 7.634146765084112 0
15.42444642090702 7.673536681537169 0
14.95708801854574 7.724742082135938 0
65.65729864534245 7.896073388381627 0
60.68625244470365 7.985031232039983 0
55.21145893597445 7.997619225456416 0
49.5072091724396 7.999601617661911 0
43.80195200116117 7.999930626835922 0
38.30944475227669 8.000053102596429 0
33.38546741118898 8.00021949449272 0
29.46312830140433 8.000743671677837 0
26.62302688648798 8.001689888738824 0
24.60967216876313 8.003299742776127 0
23.12498526454446 8.005496153970279 0
21.97772509108894 8.008246315741106 0
21.05356544771769 8.011564044467699 0
20.27815919411518 8.015514572762338 0
19.60018379506398 8.020263764893052 0
18.98480284828004 8.026082038889399 0
18.40973612911281 8.033367334853896 0
17.86188422136266 8.042692203011512 0
17.33416168843758 8.054857517433625 0
16.82295507383484 8.0710260061072 0
16.32677479391764 8.092914762910999 0
15.84565877362356 8.123069564556287 0
15.38066212675486 8.165134586997272 0
14.93253829308904 8.224009851953413 0
65.60834826639064 8.428367990011068 0
60.67460560581939 8.48978553789971 0
55.1983172513861 8.498381287747668 0
49.51152966792823 8.499727743692496 0
43.8251069272735 8.499952494160089 0
38.31657582324841 8.500039067634587 0
33.31035580336503 8.500157668954355 0
29.25155994105901 8.500567831901289 0
26.31315180909274 8.501263780187511 0
24.26124496889292 8.502532604592965 0
22.77483136751737 8.504247246310547 0
21.65003117415551 8.506362951538344 0
20.76364909873572 8.508863175055399 0
20.03195014173862 8.511786435402954 0
19.39568237728304 8.515269027859574 0
18.81534582929253 8.519547815847611 0
18.26744488286224 8.524978356492751 0
17.7402039827237 8.532057278900686 0
17.22847167408827 8.541513918560264 0
16.73015821743223 8.554474193029089 0
16.24509413338977 8.572741825862735 0
15.77530286445726 8.599280166884261 0
15.32535737180173 8.639041508895442 0
14.89989180071779 8.701166792188879 0
65.5706898826048 8.963676726123463 0
60.67041064385538 8.994824049349759 0
55.18759570347756 8.999182112309088 0
49.51578086867388 8.999861729881985 0
43.84639721482131 8.999975794165893 0
38.31757321746782 9.00002132482132 0
33.21488075043409 9.000086033660013 0
28.97689209553366 9.000316720040916 0
25.91558296167103 9.000706681831121 0
23.8250568237764 9.001491007342675 0
22.34568595879003 9.00251082884829 0
21.25942095499767 9.003737111983654 0
20.43079937853337 9.005134039856792 0
19.7607850291165 9.006717750497197 0
19.17863471762957 9.008578398697123 0
18.63944679399374 9.010876453671466 0
18.12012289470431 9.013840496089673 0
17.61300910709655 9.017776053192041 0
17.11628245133666 9.023143775945259 0
16.62921975147756 9.030702711275254 0
16.15219798553588 9.041775828116817 0
15.68889490770363 9.058758047050558 0
15.251494520873 9.085908827020216 0
14.85481985562016 9.131408915783316 0
68.1474615702172 0.5209036767317254 0
66.30760211766344 0.2460890615940361 0
68.1612444910206 0.2617846904359062 0
63.96209603408018 0.4914257739677783 0
61.64151186547384 0.247488883785234 0
63.99670209280978 0.245712417118515 0
58.70923651588937 0.497695514794108 0
55.82820500636726 0.2495200362901286 0
58.74956129586617 0.2488283464761416 0
52.6247508765117 0.499630972014681 0
49.44024722727177 0.2499288130776023 0
52.63910889192169 0.2498133945593883 0
46.24883027855376 0.4999396516425989 0
43.02696496890677 0.2499887551387916 0
46.22944219376694 0.2499696413181614 0
40.10088630977072 0.4999859469774162 0
37.10081680654038 0.2500107686962973 0
40.04839119115584 0.2499920174303876 0
34.6823581528962 0.5000378865203392 0
32.1495509502777 0.2500519677745601 0
34.59548448290497 0.2500182963299187 0
30.3393411003671 0.5001800209668472 0
28.35014760214603 0.2501665198298015 0
30.20822075896711 0.2500940933527982 0
27.09389219962632 0.5005112331756858 0
25.56127978889073 0.2504586970318716 0
26.90970668706083 0.2502743164076979 0
24.73334257971208 0.501106255556004 0
23.53891077347999 0.2508066261847526 0
24.50703472041258 0.2505968904278408 0
23.01186950368706 0.5018989469647726 0
22.06662725006515 0.2512751682095971 0
22.76661761955373 0.2510275161372388 0
21.73473228443876 0.5028141461015903 0
20.97662471108447 0.2517659424470191 0
21.49205429884589 0.2515176003418 0
20.77221169203315 0.503742573873069 0
20.18097154281677 0.2522192073771968 0
20.55394267923883 0.2519966264861493 0
20.03928247408588 0.5046111822762787 0
19.57959404729844 0.2526207140476929 0
19.86464785855782 0.2524234581324306 0
19.44901600263542 0.5054155387359139 0
19.07317061305965 0.2529924886366959 0
19.31975462106764 0.2528071531437674 0
18.92903233880634 0.5061983820814093 0
18.59803485323795 0.2533689231653284 0
18.83383512974078 0.2531789887709794 0
18.43662057763787 0.5069915175078873 0
18.12822606983489 0.2537571937145359 0
18.36293745928661 0.2535626530089082 0
17.95403345009631 0.5078006705685822 0
17.65777036782164 0.2541528826456008 0
17.89278989963073 0.2539555644309927 0
17.47812884548919 0.5086092914434217 0
17.19374992535383 0.2545367761633734 0
17.42453359690922 0.2543480694280432 0
17.0132597360842 0.5093608794337408 0
16.74744047358963 0.2548778170822508 0
16.96871860935435 0.2547150698529926 0
16.56161333328092 0.5099737644678386 0
16.31592123108041 0.2550992096787044 0
16.53082879902664 0.2550097576494014 0
16.11657369754475 0.5103017530022422 0
15.8837474669705 0.2550753506726274 0
16.10048195370292 0.2551292655946997 0
15.66825610717132 0.509967293196141 0
15.44061934066102 0.2545185534628233 0
15.66360963555121 0.2548931886732269 0
15.21018061691009 0.5081414673943843 0
14.98089434657848 0.2527177696863954 0
15.21278491401199 0.2538452665749866 0
14.7390986779987 0.5026001059426508 0
14.7416648632465 0.2508895234592881 0
68.12138632125638 1.026120630777736 0
66.2392952291317 0.7367158867194235 0
68.13409398092972 0.7757289162117349 0
63.89398362648224 0.9828366493432554 0
61.5150452337249 0.7426345891784045 0
63.92777489427476 0.7371315248468324 0
58.63111516413426 0.9955575975052318 0
55.75283694153747 0.7486053830843806 0
58.66971884306644 0.7466042779791469 0
52.59699288646183 0.9992822037556541 0
49.44409636379681 0.7497890378541072 0
52.61071161294566 0.7494541497385558 0
46.28649519362784 0.9998821766895318 0
43.11290152330913 0.7499656558557044 0
46.26785566954848 0.7499105673519058 0
40.20208042743175 0.999977350303781 0
37.2697116698475 0.7500322326168818 0
40.1521428253069 0.7499813104340802 0
34.84689766548096 1.000077571028637 0
32.40795170270734 0.7501520511562481 0
34.76624326708462 0.7500579968614152 0
30.58171945209678 1.000330077080916 0
28.70434935158794 0.7504468746890529 0
30.46389841491058 0.7502584853604892 0
27.4243835186419 1.000902385786204 0
25.99680358958329 0.7511059857152735 0
27.2655511999458 0.7507192308040302 0
25.13103979675637 1.001912685159319 0
24.02050168233843 0.7520609280662534 0
24.94129222803273 0.7515401829385848 0
23.43923142101291 1.003277175864291 0
22.55103920126665 0.7532708199259788 0
23.23599238336156 0.7526409853350631 0
22.15659742539194 1.004890318526596 0
21.43281461172373 0.7545990579545856 0
21.95599179136911 0.7539281534611857 0
21.15850189808931 1.006611466570879 0
20.56801518149685 0.7559287310627865 0
20.97387554919652 0.755270909501381 0
20.36323806101657 1.00833684899844 0
19.8790776296499 0.7572048505998079 0
20.20624746184093 0.7565733796293569 0
19.70351283967027 1.01002582482315 0
19.2958788156097 0.7584275523668296 0
19.57801986182619 0.7578183798068644 0
19.12466674264255 1.011700668314451 0
18.76683916713463 0.7596546569482416 0
19.02688989986111 0.7590382326146108 0
18.5896035862436 1.013395749715913 0
18.26286231444388 0.7608963863476236 0
18.51277356020723 0.7602731087232648 0
18.07801640705544 1.015123255388316 0
17.77183923930985 0.7621562870089633 0
18.01602348227523 0.7615232307714069 0
17.58121373197898 1.016863180259394 0
17.29147990320956 0.763388264037846 0
17.53027462447035 0.7627817189813538 0
17.09651907251614 1.018539200245175 0
16.82268330075437 0.7645034492530001 0
17.05567949854831 0.7639698891260924 0
16.62209267564247 1.020030695907692 0
16.36302987755634 0.7653595676358653 0
16.59206878634272 0.7649748692477996 0
16.15380914060703 1.021122815508428 0
15.90590628504154 0.765672310754789 0
16.13460184696485 0.7656124186592768 0
15.68626635094468 1.021380389060461 0
15.4447832872352 0.764751996974786 0
15.67614572183615 0.765433578490438 0
15.21520848774572 1.019796177207508 0
14.97594134292684 0.7610800656907674 0
15.21141759471632 0.7634098928980892 0
14.73920182968607 1.013953441317911 0
14.73852141217489 0.7573199094819832 0
68.09673609395159 1.51354157826607 0
66.19228197873593 1.224861294447054 0
68.10894845146774 1.271910178685802 0
63.82880854744705 1.474256718009812 0
61.40460772094732 1.238082288187099 0
63.86095214528464 1.228546808822136 0
58.55695899125083 1.493610591090032 0
55.68499189193297 1.24776135139959 0
58.59350779403659 1.244558622034372 0
52.57071718291934 1.498962425492866 0
49.44810882355974 1.249656338210746 0
52.58367222364986 1.249118957049196 0
46.32255821276853 1.49982841755344 0
43.19170820650113 1.249942554983827 0
46.30472704327985 1.249855089187145 0
40.29767721335782 1.499971395823217 0
37.420267990345 1.250042606509788 0
40.25061309313745 1.249974069130349 0
34.99793094054218 1.500113567117275 0
32.62611045702396 1.250233072184443 0
34.92415825577289 1.250096132690696 0
30.79628692542413 1.50045280894459 0
28.99115659268671 1.250670241843469 0
30.69251833392607 1.25039476422511 0
27.70513104820855 1.501206459314161 0
26.34465797101169 1.251597000128435 0
27.57071029781802 1.25106383510221 0
25.45998661344954 1.502514216612138 0
24.40314770881055 1.252983431288437 0
25.3035093218267 1.252234299535339 0
23.78893208373231 1.504300518552453 0
22.9400102287719 1.254746727595781 0
23.62301256051438 1.253825646263684 0
22.50244552700973 1.506451941956434 0
21.80401540625283 1.256744955777047 0
22.33822377691584 1.255725440703312 0
21.48044948385649 1.50883253928742 0
20.89816395213313 1.258850730002908 0
21.32699793519259 1.257789787111525 0
20.64441563900855 1.511323461877669 0
20.15332138434894 1.260976674742615 0
20.50936324294429 1.259911904562651 0
19.93646734826773 1.513870201069583 0
19.51397446284728 1.263104815875526 0
19.82340742252081 1.262036832744296 0
19.31200065057729 1.516467976329849 0
18.93835989092053 1.265253810491604 0
19.22021309835391 1.264174558503625 0
18.73933484009937 1.519134458996008 0
18.3996373193118 1.267458590514229 0
18.66555806829513 1.266352623546975 0
18.19865906879004 1.52188781285599 0
17.88308779621665 1.26970387273288 0
18.13914204258253 1.268575990723382 0
17.67885654134342 1.524700448394594 0
17.38191821477997 1.271962521930644 0
17.63082780348412 1.270836366789818 0
17.17401844079435 1.527518369879805 0
16.89266578939614 1.274120975373778 0
17.13597811841427 1.273059088000848 0
16.68017040841427 1.530231938884048 0
16.41202706440821 1.27603921001597 0
16.65151926435613 1.275121384164883 0
16.19346114867326 1.532672689169249 0
15.93567278445127 1.27743464238793 0
16.1735896799624 1.276824881665356 0
15.71003768005377 1.534560261240548 0
15.45951128005711 1.277789278360263 0
15.69777205018354 1.277789053723906 0
15.2269066813294 1.535464744856711 0
14.98094514789635 1.276052400863507 0
15.22059728737903 1.277273624107761 0
14.74255292341673 1.534902456580016 0
14.74065502335774 1.273912918755953 0
68.0722030183735 1.985966339163458 0
66.15772209747286 1.710351286753082 0
68.08452937693534 1.751376656689209 0
63.7542928832781 1.965677399756657 0
61.30703974544653 1.733892205875702 0
63.79104171047315 1.719941678487035 0
58.48720293817149 1.991880922011488 0
55.62371106107442 1.747002570034935 0
58.52151363076865 1.74271691196785 0
52.54605213660606 1.998677504802018 0
49.45224679717408 1.749534146083132 0
52.55818033747101 1.748815232689256 0
46.35690472871008 1.999780488900716 0
43.26412051984207 1.749920805578242 0
46.33994157406455 1.749804082122069 0
40.38724164508562 1.999967564000968 0
37.55420214101431 1.750047676333891 0
40.34322930445072 1.74996926981133 0
35.13474976491092 2.000144169304005 0
32.81125625501037 1.750288348561218 0
35.0681363319375 1.750129620343688 0
30.98258871433084 2.0005507218504 0
29.22947475475929 1.750847087934291 0
30.89291876023941 1.750504617172688 0
27.93977032117236 2.001442024981134 0
26.62786565392562 1.751974279489816 0
27.82794275252513 1.751331857718653 0
25.72870924918479 2.002967081419586 0
24.71314186687236 1.753674066858008 0
25.60133643963083 1.752756506233334 0
24.07267807543558 2.00506853732134 0
23.25631854964167 1.755855834526437 0
23.9384134670711 1.754712021406735 0
22.78399032422632 2.00763984901204 0
22.10858766018869 1.758390385273087 0
22.65061181558226 1.757084659365114 0
21.7454240363932 2.01055657431646 0
21.1753326688543 1.761149365255072 0
21.61959562131818 1.759745789708361 0
20.88141720822807 2.013713644800165 0
20.39240106630028 1.764048031294482 0
20.76837014843312 1.762584475713452 0
20.13916633695407 2.017042009652305 0
19.7120811330485 1.767050582285303 0
20.04187082837316 1.765533401437775 0
19.48014145938756 2.020537522969311 0
19.09908347625201 1.770151837140617 0
19.39891364639822 1.768587416886129 0
18.87657054013653 2.024195148774346 0
18.5293921950841 1.773379312902027 0
18.80991934189452 1.771743906476557 0
18.30993521894301 2.028024852878729 0
17.98793915348823 1.776723822696675 0
18.2557850399522 1.775034747367948 0
17.76851802553216 2.03202329853075 0
17.46591096111831 1.780156447411075 0
17.72486540731393 1.778426405848901 0
17.24490796911971 2.036145609972771 0
16.95786692798098 1.783611421648902 0
17.21040626322151 1.781883785326212 0
16.73404352844815 2.040337187299125 0
16.45963493783662 1.786983486224912 0
16.70775993526625 1.785313050657233 0
16.23187103203549 2.044521483374174 0
15.96743298886413 1.790121757781046 0
16.21299369969336 1.788590469095727 0
15.7349125367299 2.048605338674042 0
15.47803329742029 1.79283756460542 0
15.72255113072857 1.791544921267281 0
15.24050864388825 2.052594652620575 0
14.9892331122142 1.795025103123161 0
15.2336616602963 1.79399720490517 0
14.74687618888401 2.056921015159674 0
14.74467478027131 1.795994024301545 0
68.0484679464338 2.447448851222331 0
66.06952180131944 2.192853565064295 0
68.05998546953765 2.217802600132665 0
63.68490160469576 2.457424195937215 0
61.22008243257717 2.230120466025419 0
63.71883207674308 2.211495644839838 0
58.42205423374595 2.4903946775032 0
55.56822571920934 2.246342122417916 0
58.45404644575023 2.241105805078056 0
52.52304184152072 2.49843212711043 0
49.45648044411396 2.249425663224744 0
52.53434529689837 2.248549871790205 0
46.38949985121246 2.499738774271919 0
43.3307397699416 2.249901325431451 0
46.37341665734765 2.249759102223938 0
40.47066112585614 2.499963911110583 0
37.67353966725165 2.250054418674812 0
40.42971354407582 2.249965923307244 0
35.25716415621231 2.500168642441194 0
32.9703479045972 2.250334075372964 0
35.19775217204986 2.250157173823259 0
31.14153982936529 2.500627302166492 0
29.4271119435165 2.250985670083375 0
31.06541750777311 2.250591509712454 0
28.13256683154754 2.501622360114034 0
26.85810729642094 2.252263035945318 0
28.04109983488646 2.251538360949465 0
25.94507304034603 2.503307771363176 0
24.96322201999558 2.25419268066299 0
25.84296950115925 2.253149512648574 0
24.29969118579003 2.505644506926902 0
23.51152108655747 2.256692655435041 0
24.19275116772823 2.255376734197359 0
23.00946979692765 2.508538117563287 0
22.35568078148997 2.259650547843832 0
22.90325357667943 2.258119039933867 0
21.95921092979835 2.511887804343433 0
21.40334534927982 2.262957029784102 0
21.85835170521008 2.26126306555861 0
21.07529675769187 2.515601105948726 0
20.59353533762066 2.266533118310261 0
20.98362070061398 2.264712838320077 0
20.30844705656428 2.519635512411289 0
19.88311253494365 2.2703370607771 0
20.2280319163164 2.268402032913929 0
19.6234087048611 2.523957943710778 0
19.2410639178452 2.274369252488916 0
19.55512267423071 2.272327244852877 0
18.99539715912904 2.528577750347634 0
18.64555401604789 2.278625265684856 0
18.93854269308274 2.27646859256089 0
18.4071397769925 2.533501408963012 0
18.08215837647746 2.283128813278976 0
18.36053816102909 2.28084738370201 0
17.84699819412986 2.538734249339943 0
17.54125648590504 2.287841746835553 0
17.80933931510996 2.285458915463848 0
17.30704522994361 2.544265695522086 0
17.01655237192218 2.292753502598034 0
17.27722138750708 2.290279903634788 0
16.78161429992855 2.550074948033605 0
16.50329277198277 2.297813534476044 0
16.75873693900524 2.29526495329086 0
16.26642443911895 2.556163638084016 0
15.99771522967433 2.302997858373072 0
16.24976614950378 2.300394918307233 0
15.75799899271704 2.56256364894867 0
15.49673294507314 2.308319930619673 0
15.74681511287526 2.305637025864662 0
15.25361169029508 2.569398399690135 0
14.99808288409135 2.313983965524302 0
15.2472252635539 2.311082810734868 0
14.75113852961744 2.576913892110048 0
14.74905328796932 2.317078471121338 0
68.02542799336496 2.901984626441815 0
65.99727257818274 2.674257379511134 0
68.03679276004456 2.67534747789847 0
63.6214169638628 2.949743051388466 0
61.1420947338304 2.726811537608666 0
63.65232715607902 2.703496694507278 0
58.36156114052371 2.989176514446907 0
55.5179146199445 2.745791595174777 0
58.39122786383704 2.739750601050914 0
52.50173586838432 2.998232298878174 0
49.46078654470793 2.749333576609742 0
52.51217893262478 2.748326307757186 0
46.42033188611919 2.999704393543714 0
43.39206725216857 2.749884727374668 0
46.40513430629606 2.749720724044986 0
40.54792680135022 2.999959714296487 0
37.77977105948979 2.750061427207292 0
40.51007479894518 2.749961649157829 0
35.36534231035732 3.000187140694225 0
33.10597884421255 2.750370450528249 0
35.31301872723259 2.750178622048501 0
31.27434482581134 3.000685153189979 0
29.58885996795941 2.751091530677322 0
31.21108750780473 2.750658361207827 0
28.28676162973944 3.001755941620487 0
27.04223965829307 2.75247970686115 0
28.21421552337663 2.751694425361565 0
26.11451270986922 3.003557272242159 0
25.16114499903572 2.754577085777827 0
26.03527750107995 2.753442485155818 0
24.47600828060317 3.006065169192961 0
23.71304966171138 2.757316392577727 0
24.39386062037405 2.755872051770136 0
23.18464527479866 3.009205102413678 0
22.55140740618006 2.76060489659568 0
23.10297196159045 2.758895957359728 0
22.12590732808248 3.012895292837865 0
21.58547847992408 2.764358222570014 0
22.04822167428897 2.762427812694312 0
21.22792288899524 3.017076768983999 0
20.75641773598093 2.768513420688743 0
21.15660690321359 2.766383807719162 0
20.44319001477878 3.021709915456166 0
20.02400955376748 2.7730439228451 0
20.38014425890836 2.770732552064603 0
19.73903197687703 3.026790257139182 0
19.35980084781405 2.777940181238478 0
19.68473920106473 2.775440278047826 0
19.09235713245923 3.03231926006529 0
18.74380179313782 2.78320871410666 0
19.04674103711193 2.780524399483347 0
18.48697528454257 3.038310859106673 0
18.16221614986751 2.788869981634678 0
18.44935647009007 2.785985068665515 0
17.91162409700338 3.04478541397957 0
17.60541303199141 2.794919752071621 0
17.88116014498615 2.791840752529076 0
17.35821516922977 3.051748364748684 0
17.06663796318588 2.801361312174404 0
17.33413406725018 2.798094428571094 0
16.82089404319735 3.059219785371452 0
16.54087679193865 2.808204533628527 0
16.80237973230498 2.804727468225735 0
16.29515957108726 3.067240248556515 0
16.0242130102339 2.815495886460711 0
16.28162442032963 2.811789862694658 0
15.77744366018206 3.07591385285303 0
15.51346927247923 2.823335651458456 0
15.76825985117435 2.819334707804355 0
15.26482359141226 3.085416739149066 0
15.00614379982819 2.831889693284654 0
15.25951439354175 2.827514017495674 0
14.75485585847121 3.095854965129722 0
14.75308573793442 2.836446682499652 0
68.00434777477979 3.352934332142429 0
65.93746631740127 3.155374118158775 0
68.01439038188204 3.127761148257912 0
63.56386359445658 3.44290668893526 0
61.07178531460597 3.22403640758778 0
63.59187085988079 3.196201938656625 0
58.30561150950523 3.488248577999573 0
55.47226897672429 3.245360779894998 0
58.33302745295282 3.23867495268166 0
52.48209341537216 3.498081165587512 0
49.46514650891066 3.249259990878935 0
52.49171526782625 3.248150652186323 0
46.44943299619926 3.499677440553843 0
43.44852721738353 3.249871481309836 0
46.43509319485375 3.249690118262174 0
40.61895098607575 3.499957608910429 0
37.87403052994406 3.250067758953168 0
40.58421455424557 3.249958355600237 0
35.45958792743557 3.500200005912606 0
33.22000629456956 3.250397633542373 0
35.41417657662698 3.250194238196003 0
31.38191514249825 3.500725776503685 0
29.71785537138934 3.251168578448242 0
31.33114638284381 3.250707400026964 0
28.40490996077374 3.501848754729744 0
27.18459345874583 3.252635301873686 0
28.35010341405771 3.251807002896114 0
26.2406362497492 3.503729309604689 0
25.31205754473253 3.254852252543831 0
26.1827886340733 3.253652212787296 0
24.60603145116384 3.506358636185518 0
23.86597916580285 3.257766986312342 0
24.54660063600214 3.256226555563118 0
23.31346012307498 3.509679661159952 0
22.70008442799667 3.261309687749752 0
23.25456275375825 3.259463293629275 0
22.24861993490566 3.513633204204954 0
21.72440159762872 3.265418600884778 0
22.19261284526904 3.263295559697227 0
21.34075307053685 3.51819059614389 0
20.88173234232449 3.270061964224256 0
21.28916236985021 3.267673699232268 0
20.54348787561156 3.523333495912429 0
20.13335516538425 3.275218610786871 0
20.49758952159095 3.272573485085851 0
19.82559078566669 3.529073552451019 0
19.45281651784475 3.280903726824905 0
19.78595814270214 3.277995620035672 0
19.16524889444015 3.535430236381424 0
18.82132586180609 3.287136259512697 0
19.13189147469707 3.283950706857554 0
18.54713320830623 3.542439420178586 0
18.22552115901723 3.293926114371193 0
18.51958949112691 3.290457301972007 0
17.96024046488502 3.550122495402524 0
17.65615654422129 3.301310107747466 0
17.93803155372894 3.297544024858713 0
17.396581901798 3.558507745847356 0
17.1061966973902 3.309289963709093 0
17.37909411080877 3.305222244862938 0
16.85024682905149 3.56762566938797 0
16.57058816192988 3.317914628399971 0
16.8368879432474 3.313520203506843 0
16.31659106122586 3.577523938393282 0
16.04525647022885 3.327263887021198 0
16.30685692078535 3.322490197176631 0
15.79195091417985 3.588333968116068 0
15.52688662291879 3.337510807950185 0
15.78536973518862 3.332256594515824 0
15.27330024637544 3.600369950727211 0
15.01273629399057 3.348971617218317 0
15.26944135712164 3.343065420867733 0
14.75774743962114 3.614320312071189 0
14.75642411639539 3.35525877731157 0
67.98471256886339 3.802460215065764 0
65.88774125654254 3.637075376157778 0
67.99400821418342 3.57776962274475 0
63.51270539713761 3.937192470259626 0
61.00821645432357 3.72187679109344 0
63.537403898931 3.689893074063428 0
58.25403818699027 3.987630225279355 0
55.4308668846521 3.745057391101382 0
58.27928226392655 3.737899547327861 0
52.46409537747077 3.997982469635414 0
49.46954564832695 3.749206542334255 0
52.47290087753554 3.748025377196865 0
46.47683261513409 3.999659377443325 0
43.50048989017196 3.749861896922147 0
46.46334062675213 3.749667381572136 0
40.68385752718048 3.999957759509152 0
37.95721762457951 3.750072890933757 0
40.65215689170513 3.749957433466936 0
35.54053770324926 4.000208237957072 0
33.31380497723069 3.750415785944301 0
35.50168196495841 3.750204634962645 0
31.46514923060627 4.000750277415328 0
29.81612733979556 3.751219482352586 0
31.42644047647216 3.750739812978848 0
28.48880486170414 4.001904849885888 0
27.2880461932109 3.752737496139209 0
28.45094553983311 3.751881055990097 0
26.32638037241716 4.003834364425123 0
25.41931547302523 3.755034151629709 0
26.28834339597518 3.753789634439453 0
24.69253539228389 4.006542139757478 0
23.97383488928143 3.758072104071758 0
24.65460685689979 3.756463341752469 0
23.39856450356207 4.009987764255427 0
22.80460737278583 3.761800817637066 0
23.36125136734717 3.759852515807417 0
22.32956834303462 4.014136931762465 0
21.82222211158904 3.766187082689256 0
22.29416365579037 3.763912288669065 0
21.41500601036302 4.018982527712318 0
20.97018353771075 3.77122356632231 0
21.38256589502895 3.768623303892092 0
20.60950427295601 4.024539100930888 0
20.21083590578746 3.776915421138143 0
20.58069719700968 3.773984820225136 0
19.88247648615015 4.030841914827628 0
19.51884770660153 3.78329719824247 0
19.85772046145211 3.780019007238507 0
19.21294224645995 4.037936975564287 0
18.8762886330351 3.790408448122682 0
19.1922952626147 3.786758556729915 0
18.58617743502519 4.045883405012055 0
18.27029835464996 3.798281414105561 0
18.56930990210526 3.794244880143891 0
17.99141104646379 4.054721048056443 0
17.6917473925792 3.806954801971488 0
17.97809013808916 3.802516889345258 0
17.42082419032545 4.06449018363665 0
17.13373191149101 3.816453105624439 0
17.41051465745426 3.811598156184532 0
16.8684258334706 4.075210380335916 0
16.59108351741218 3.82680907481979 0
16.86078207589196 3.821522585093129 0
16.32958901720513 4.086894513466545 0
16.05962989765695 3.838083310223157 0
16.32419043802074 3.832324831494519 0
15.80054396739174 4.099593016513499 0
15.53602706190735 3.850463648755111 0
15.79703600215244 3.8441136911083 0
15.27816950600935 4.113523264732755 0
15.0176720358841 3.864545586089619 0
15.27629406714748 3.85721855551823 0
14.75933963272818 4.129366800914291 0
14.75870116428765 3.87222096810244 0
67.96637974853135 4.252560424096495 0
65.84661288395145 4.120294527739854 0
67.97502352969572 4.027293485911892 0
63.46767655106213 4.432887879983315 0
60.95072905044954 4.220423142211169 0
63.48938995599079 4.184847506794714 0
58.20678827626579 4.487338204507356 0
55.39335478947052 4.244886829850605 0
58.22987885407451 4.237442686069229 0
52.44768392015596 4.49793811723828 0
49.47397215422951 4.249174430172527 0
52.45569721443967 4.247953572867654 0
46.50260472371225 4.499649894970028 0
43.5482862090758 4.24985616460966 0
46.48991500768507 4.249653667320253 0
40.74286913755491 4.499959600694733 0
38.03013397495049 4.25007651495851 0
40.71408385390153 4.249958506123499 0
35.60854580422143 4.500211923036638 0
33.38840025261196 4.25042503807118 0
35.57613008725428 4.250210632093387 0
31.52477651889346 4.500759390238025 0
29.88502526949283 4.251246126142613 0
31.49778725222483 4.250756510545968 0
28.53932736250206 4.501926578188241 0
27.3543563179631 4.252791314083607 0
28.51816630358573 4.251919855327023 0
26.37277733656023 4.503877723510405 0
25.48508230577904 4.255133632791729 0
26.35441422817668 4.253863430040858 0
24.73714381417132 4.506626905696084 0
24.03871957602065 4.258248518397415 0
24.720011364693 4.256596350686358 0
23.44138751372287 4.510146167474753 0
22.86699230910357 4.262104415380468 0
23.42517304253572 4.260084714899731 0
22.36972420266453 4.514424677181323 0
21.88032777975068 4.266692869485669 0
22.35468037269307 4.264306427832272 0
21.45155731082018 4.519478337249336 0
21.02241005883393 4.272031225566151 0
21.43786193875777 4.269265853336998 0
20.64141030654463 4.525351349091156 0
20.25631441102982 4.27815994311657 0
20.6297036654578 4.27499304701741 0
19.90935228594795 4.532112992973578 0
19.55722366803115 4.285137757789501 0
19.89967268293864 4.281538710097828 0
19.23482300578781 4.539841073897418 0
18.90771086988192 4.293032703391189 0
19.22711424162634 4.288964866343818 0
18.6032883320808 4.548627256308135 0
18.2953405643449 4.301909174764153 0
18.59745860021389 4.297344478316328 0
18.00425643285224 4.558542881198443 0
17.71109560288142 4.311819818616133 0
18.00012636630424 4.306732426903613 0
17.42997242760731 4.569643937686283 0
17.14817779152416 4.322795975613219 0
17.42730870125103 4.31717351144264 0
16.87457539572906 4.581941362288974 0
16.60137135316547 4.33483309700879 0
16.8730162553469 4.328684053981886 0
16.33337095066191 4.595373915774704 0
16.06647655975393 4.347896096711763 0
16.33266246039389 4.341238871037548 0
15.80261950171611 4.609788909721583 0
15.54007061277084 4.361958043826722 0
15.80241736837323 4.354800445381949 0
15.27901915478494 4.624957406906578 0
15.01906527295909 4.377136185220539 0
15.27907993495366 4.369388207691553 0
14.7596032117728 4.640694748200126 0
14.75963915298526 4.385279587186051 0
67.94839300966346 4.706036580877259 0
65.81330707960396 4.606024257454356 0
67.95725814780646 4.478679937376689 0
63.42917246308532 4.930248696250728 0
60.89877262844042 4.719749201983075 0
63.44759277309902 4.681345238282713 0
58.16373274863568 4.987380766700013 0
55.35943112526865 4.744851805684292 0
58.18474653912126 4.737317496730689 0
52.43277119690752 4.997948197297511 0
49.47841621648843 4.74916439053177 0
52.44005087979259 4.747936461162999 0
46.52681489237732 4.99964994918668 0
43.5922179529466 4.749854387787841 0
46.51489868815425 4.74964884144086 0
40.79626016104472 4.999962594879636 0
38.09353995521602 4.750078730148595 0
40.77024827909871 4.749960980400087 0
35.66414167353611 5.000211449172883 0
33.44456702108369 4.750425481390748 0
35.63784512605315 4.750212137617234 0
31.56115237159455 5.000753034966563 0
29.92533195282299 4.751249746990953 0
31.54582203178222 4.750758075385285 0
28.55721272308305 5.001915811860454 0
27.38441595560058 4.752799841472859 0
28.55233822200177 4.751925191501316 0
26.38086169767217 5.003863088724074 0
25.51049299572282 4.755157048381539 0
26.38150866668843 4.753877587827442 0
24.74077341467801 5.006618731321701 0
24.06177096918051 4.758307056141279 0
24.74397851342884 4.756634451101579 0
23.44283038003313 5.01016556608614 0
22.88826204292377 4.762234428441167 0
23.44726113104162 4.760172996631937 0
22.37006419922981 5.014510009853778 0
21.89943461446218 4.766952555455797 0
22.374773416723 4.764492997888207 0
21.45073097072977 5.01969170055804 0
21.03892005858785 4.772504207809478 0
21.45578984431267 4.769619900336775 0
20.63953892290844 5.025781553521003 0
20.26979418472951 4.778965173041918 0
20.64468437582334 4.775614480314131 0
19.90634468187596 5.032886847189354 0
19.56758627852411 4.786425869832843 0
19.9115524307409 4.782564108243975 0
19.23066230778345 5.041123042099607 0
18.91507470796106 4.794992893019145 0
19.23601509077114 4.790561792032617 0
18.59810130320518 5.050628194674943 0
18.30001389405103 4.804771385861612 0
18.6034359735062 4.799726731974479 0
17.99829720783474 5.061521701623136 0
17.71347244773789 4.815848841492305 0
18.00359530868769 4.810145729329396 0
17.42356867031832 5.073903446642755 0
17.14874931486263 4.828273715001787 0
17.42873044000447 4.821891868096129 0
16.86816898853007 5.087793091868025 0
16.60075904686462 4.842003834240543 0
16.87295585551487 4.834980831360367 0
16.32749684783327 5.103078008708389 0
16.06524633532335 4.856875788700583 0
16.33164555933115 4.84931773947438 0
15.7978005081916 5.119394924528965 0
15.53877593595273 4.872506013748739 0
15.80108258896384 4.864630187506992 0
15.27578702284104 5.135970206162996 0
15.01820190699526 4.888220326801179 0
15.277927268496 4.880411121019951 0
14.75849077040488 5.151183568610389 0
14.75922349001814 4.895796372445282 0
67.93136035145582 5.166260995633016 0
65.78770301173392 5.095276622754835 0
67.93976811456197 4.935064198051016 0
63.39749262018246 5.429495229348537 0
60.85203490802949 5.219900302846895 0
63.41245675730923 5.179624470931127 0
58.12470468637441 5.487757491272228 0
55.32883668350327 5.244952123052639 0
58.14372586633776 5.237527705361411 0
52.41929793894049 5.498012875596523 0
49.48286989036633 5.249176643613706 0
52.42586237622351 5.247973932793782 0
46.54956150164001 5.499658955806294 0
43.63256696004772 5.249856577850775 0
46.53836306533066 5.249653430720502 0
40.84416564888454 5.499967284641974 0
38.14813626939104 5.250079805744559 0
40.82085527514401 5.249964913284604 0
35.70779866617043 5.500206929963192 0
33.48289229201764 5.250417201621822 0
35.68741409118379 5.25020963792569 0
31.57496282470136 5.500732383824243 0
29.93735853592731 5.251231132251412 0
31.5707996915168 5.250744282829272 0
28.54236748986023 5.501873203567121 0
27.37840771868047 5.252764605822707 0
28.55391118259563 5.251898483815364 0
26.35014618013049 5.503791195779803 0
25.49570712959142 5.255107289876319 0
26.37027578623751 5.253834448176555 0
24.70299431588847 5.50651909046205 0
24.04331504345548 5.258252686473499 0
24.72699344915209 5.256580818279049 0
23.40294230642364 5.510045900340056 0
22.86871667836841 5.262197175811785 0
23.42801563324563 5.260124077094222 0
22.3304796272172 5.514392409429436 0
21.87991456020767 5.266972464987788 0
22.35518055778914 5.264478377848168 0
21.41284232369483 5.519618194770298 0
21.01986157775766 5.272645880262957 0
21.43635885993796 5.269693412253419 0
20.60401899514488 5.525817915339624 0
20.25147745780093 5.279324523665336 0
20.62598002922665 5.275850463103695 0
19.87350653741749 5.533134174068559 0
19.55003131361055 5.28713848404999 0
19.89356194430137 5.283082683630602 0
19.20052029113143 5.541733355685238 0
18.89827193960312 5.296243985751143 0
19.21883197333089 5.291515975888252 0
18.57063319134637 5.551806104494978 0
18.28411888641869 5.306794509260338 0
18.58709936819623 5.301330280050305 0
17.97344506912368 5.563550096658612 0
17.69857136106845 5.318952365943145 0
17.98821118239011 5.312664858809368 0
17.40146478782705 5.57713700841491 0
17.13519385463448 5.332802620046809 0
17.41448221479387 5.325659315079228 0
16.84903450530661 5.592662077327085 0
16.58889277671499 5.348332062516159 0
16.86020240517308 5.340361365137252 0
16.31168956723944 5.610062585270436 0
16.05558128657263 5.365303631826754 0
16.32082018900157 5.356669391832275 0
15.78581254598386 5.628921826726484 0
15.53182367316589 5.383069383560039 0
15.7927071773404 5.374151022865479 0
15.26814686348631 5.64822219945714 0
15.01450015746503 5.400260250169897 0
15.2725307310194 5.391866897759867 0
14.75556705378744 5.665840690644656 0
14.75739512966797 5.407880453230099 0
67.91576722622177 5.636950038463063 0
65.77034706864767 5.589016010993364 0
67.92315753855591 5.40010401650366 0
63.36311867824158 5.931126225008772 0
60.81024293453919 5.720899580464698 0
63.38433449926804 5.679879767528032 0
58.08952332229235 5.988459724732259 0
55.3013461921757 5.745184532067409 0
58.10664547052987 5.738068792226585 0
52.40715272739672 5.998129601614202 0
49.48732589031658 5.749210859471702 0
52.41307026658587 5.7480649527397 0
46.57093561996373 5.999677247483152 0
43.66960211603696 5.749862632758751 0
46.56041263983185 5.749667024593389 0
40.88715436058789 5.999971987214845 0
38.19438438305465 5.750079633451844 0
40.86623935326955 5.749969664414526 0
35.7402002313254 6.000198976885327 0
33.5038041042809 5.750400284128209 0
35.72538567447597 5.750203413502053 0
31.56619104562424 6.000697029111966 0
29.92100330101263 5.751190808787749 0
31.57331297612404 5.750716269225299 0
28.49429890377763 6.001798756476592 0
27.3357371263238 5.752685635299253 0
28.52247338931267 5.751839924786911 0
26.27928821134037 6.0036612839351 0
25.43999820788258 5.75498415884492 0
26.31980594303751 5.753733695479384 0
24.62271047105554 6.006325422778291 0
23.98286268132148 5.758083831268573 0
24.66814967162843 5.756435125154014 0
23.32044190490851 6.009785006695491 0
22.80794589845975 5.761990586245501 0
23.36707721387546 5.759933879789254 0
22.25021077714927 6.0140666385302 0
21.82154140388559 5.766746451538108 0
22.2954820037917 5.76425653026385 0
21.33750582161406 6.019239718834699 0
20.96529215790532 5.772441574146123 0
21.37978945581033 5.76947217447904 0
20.53487518457847 6.025428433746253 0
20.20144364545221 5.779210328221185 0
20.57366077468437 5.77567872660831 0
19.81105671379198 6.03280691597615 0
19.50469329299485 5.787225385536869 0
19.84596174848753 5.78304645694886 0
19.14480687711244 6.041582983717393 0
18.85756067089069 5.796696791271747 0
19.17582851085078 5.791759807142961 0
18.52130784893243 6.052024892034009 0
18.24781953841531 5.80785408051525 0
18.5486216239102 5.802051447159824 0
17.93016606253299 6.064421836099193 0
17.66658663536592 5.820950802270598 0
17.95403576746315 5.814152819438036 0
17.36394228868343 6.079084742900281 0
17.10749832231573 5.836190518365789 0
17.38457295167685 5.828299652806453 0
16.8172360906768 6.096267925475559 0
16.5656919992229 5.853675353426853 0
16.83471181754756 5.844648375676305 0
16.28588136951079 6.11610364459762 0
16.03729364752892 5.873270761170782 0
16.3000133579658 5.863237797786347 0
15.76646984216122 6.138416815694352 0
15.51896685790694 5.894379881209704 0
15.77706412869908 5.883702001244636 0
15.25594615293283 6.162410001928698 0
15.00761893098851 5.915530851263069 0
15.26261442867557 5.905090426135374 0
14.75121597384764 6.18590683308754 0
14.75355939650676 5.925324985624449 0
67.90059894125851 6.121761316889188 0
65.76229401926052 6.088087122892642 0
67.90785629927842 5.877409470484561 0
63.32312260129152 6.43539606548724 0
60.77340258378865 6.222741904479966 0
63.34271341366353 6.182965891146321 0
58.0580832278049 6.489469946737431 0
55.27676398411582 6.245542611646227 0
58.07338320664279 6.238927721192296 0
52.39625574200559 6.498295661569241 0
49.49177750773717 6.249266205432029 0
52.40155675435078 6.24820679334154 0
46.59105265844947 6.499704116859037 0
43.7035813255767 6.249872351277698 0
46.58114413357106 6.249689666088988 0
40.92569658929663 6.499976540516528 0
38.23263881003635 6.250077830784889 0
40.90696599691362 6.249974254332451 0
35.76169967956514 6.500187062603267 0
33.50756717678039 6.250374783222996 0
35.75227895728512 6.250193523878083 0
31.5348404447868 6.500646901263227 0
29.87563675510719 6.251128998590306 0
31.5532675260356 6.250673548085508 0
28.41141985931943 6.501690970383363 0
27.25497767674586 6.252561359905629 0
28.45722041595393 6.251749057143307 0
26.16660276035557 6.503468623711363 0
25.34172085229819 6.254784000420727 0
26.2282737122114 6.253573411249655 0
24.4978521986283 6.506029826931577 0
23.87881015915721 6.257794307751267 0
24.56591299586663 6.256192101672301 0
23.19398162919229 6.509364217874807 0
22.70490250889222 6.261601449940103 0
23.26278336859185 6.259597234145186 0
22.12840628797991 6.513502032184468 0
21.72372852955903 6.266252104633394 0
22.19452339229974 6.263818808058357 0
21.22427165233155 6.518515666035956 0
20.87508101855882 6.271853605241799 0
21.28558280398328 6.268928446051985 0
20.43220184991474 6.524551883285548 0
20.11999707874407 6.278560761556695 0
20.48771815700849 6.275056268829662 0
19.71967833960562 6.531800198175118 0
19.43214680056836 6.286591513464709 0
19.76888160394001 6.282401843168668 0
19.06436205267925 6.540528139442511 0
18.79359974915584 6.296206191728345 0
19.107605592292 6.291179970038288 0
18.45103001615032 6.551072711900951 0
18.19176379274483 6.307743067279858 0
18.48866346892119 6.301719979576902 0
17.86915658112059 6.563849478574908 0
17.61797228894373 6.321561474501015 0
17.90180293837485 6.314341154787845 0
17.31156058445296 6.579328354015128 0
17.06597445928391 6.338062343548498 0
17.33952584517524 6.329462171713807 0
16.77313534707065 6.598034901317636 0
16.53124579119007 6.357596142796369 0
16.7966772513643 6.347435408682443 0
16.25015754070453 6.620479077800047 0
16.01029160554239 6.38035800531469 0
16.26922913732641 6.368575996664665 0
15.73968342681311 6.647031207502653 0
15.5000681139993 6.406215358868672 0
15.75400446595759 6.392935603388123 0
15.23899760360048 6.677756166078917 0
14.99767463967916 6.434333944387474 0
15.24808483043874 6.420081994233774 0
14.74525944029843 6.712133233940702 0
14.74845695386137 6.448681705355288 0
67.88535631953494 6.624874364129294 0
65.76607263110913 6.593084964979202 0
67.89277884819037 6.370732365052874 0
63.28315018585055 6.942097242439084 0
60.7416733873714 6.725392297634661 0
63.30436264691411 6.688409590202109 0
58.0300452290814 6.990762597035447 0
55.25492061767414 6.74601675311385 0
58.04366475599385 6.740082918687449 0
52.38648032811871 6.998506262204212 0
49.49621762576031 6.749341265038233 0
52.39123885396701 6.748395745329091 0
46.61003314993371 6.999738914601144 0
43.73475450088532 6.749885448030861 0
46.60067551531753 6.749720649252541 0
40.95998624629061 6.9999812533595 0
38.263310276346 6.750074035141363 0
40.94332810990093 6.749978927312038 0
35.77284138311943 7.00017089443136 0
33.494285221649 6.750340760717002 0
35.76852499758775 6.75017952706828 0
31.48077149838829 7.00058178977488 0
29.8000467050159 6.751045777389852 0
31.51059213762286 6.750615985237882 0
28.29144442425183 7.001547183827315 0
27.13369200502598 6.75238816829653 0
28.35621174389368 6.751623781394745 0
26.00852751467737 7.003206203002624 0
25.19820097640872 6.754498643933478 0
26.09339278178276 6.753347190446052 0
24.32518830382468 7.005617225676386 0
23.72874223716738 6.757368975047783 0
24.4176476989343 6.755840613255394 0
23.02070748859154 7.008760204949168 0
22.55778265237491 6.76100365504657 0
23.11332559448581 6.759089109212212 0
21.9632057992345 7.012658535328697 0
21.58542037283579 6.765449876492112 0
22.05127308022762 6.763122184758661 0
21.07234009313367 7.017390098943967 0
20.74900523574381 6.770819285924388 0
21.15318713069605 6.768007991117113 0
20.29633289447612 7.02308919902476 0
20.00752743596275 6.77728839788402 0
20.36837852470887 6.773901702986103 0
19.6003133388535 7.029977551890549 0
19.33335197731634 6.785091353117293 0
19.66336329123325 6.781007192528678 0
18.96057678420966 7.038362997195788 0
18.70742710345819 6.794579157045161 0
19.01526636329011 6.789600454408928 0
18.36126595878278 7.0486490808466 0
18.1171065519591 6.806147883143849 0
18.4084343835112 6.800074144075356 0
17.79179171465791 7.0613785921581 0
17.55360555183202 6.820354882865367 0
17.8323963292499 6.81288990196882 0
17.24528308359299 7.077229967302666 0
17.01121074591031 6.837800810102425 0
17.28007012247311 6.828625367949408 0
16.71724280910774 7.097043936014459 0
16.4858689626499 6.859207783908897 0
16.74661566674612 6.847959819586868 0
16.20465916871065 7.121829169891795 0
15.97456622030485 6.885361505521015 0
16.22860889127091 6.871649461133738 0
15.70525054624846 7.152763394120784 0
15.47490544433612 6.916940214179862 0
15.72343741339419 6.900430842349834 0
15.21698364645913 7.191082677423791 0
14.98433671136836 6.954524041058314 0
15.22864617690137 6.934956249429919 0
14.73743308254317 7.23837858372005 0
14.74159092780513 6.975703643665137 0
67.86755287456405 7.151599475126408 0
65.75609086945379 7.106595657407531 0
67.87684023930723 6.885021114467673 0
63.24241762051008 7.451068562420662 0
60.71535639672472 7.228780956261124 0
63.26247005967341 7.196332432852344 0
58.00505337201584 7.49230256587464 0
55.23567533424713 7.24659423508759 0
58.01717554574208 7.241504084719463 0
52.37771845557577 7.498755989661486 0
49.50063798252027 7.249434141917503 0
52.38198529893968 7.24862666943757 0
46.62800356247156 7.499781097954569 0
43.76336205720584 7.249901583062295 0
46.61913418511797 7.24975924577822 0
40.99072077058226 7.499985823409911 0
38.28681757511348 7.250067876513526 0
40.97576465637329 7.249983552630971 0
35.77433410998699 7.500150205646069 0
33.46388880398639 7.250298351849498 0
35.77474886790789 7.250161159293027 0
31.40374911519763 7.500501357238648 0
29.69227365311986 7.250941133389944 0
31.44509124291303 7.250543300422777 0
28.13147650697787 7.501362952933651 0
26.9680866331372 7.25215981893786 0
28.21669785754286 7.251460520428117 0
25.80021256830448 7.502861628178583 0
25.00527724909646 7.254114576626947 0
25.91094103181673 7.253045643812344 0
24.10003064311178 7.505062629707055 0
23.52910692742695 7.256780916343436 0
24.21944816176392 7.255361020212039 0
22.79692426856954 7.507929209523152 0
22.36393547477995 7.260154399129423 0
22.91533194512743 7.258378902063153 0
21.75235668504228 7.511467850726756 0
21.40528523951376 7.264272618518214 0
21.86359611932998 7.262114702766052 0
20.88130448545271 7.515748561072551 0
20.58701177452417 7.269241271071319 0
20.98168351269083 7.266646242551466 0
20.12810631949519 7.520897535293193 0
19.8651649147601 7.275238471875007 0
20.21619140908157 7.272093904280229 0
19.45480609815261 7.527136227882314 0
19.20986871737247 7.282532622210126 0
19.53061401204133 7.278707659158068 0
18.83573460565206 7.534800791895307 0
18.60100778132362 7.291506012493918 0
18.90059238423418 7.28677968666177 0
18.254213396291 7.544357861541415 0
18.02552368749456 7.302655304104189 0
18.30970343894747 7.296771955257761 0
17.69986080328639 7.556442731280717 0
17.4749499968688 7.31668738794327 0
17.74748487585156 7.309266941373108 0
17.16644510277897 7.571914578434021 0
16.94417051702798 7.334461654168043 0
17.20731019875238 7.325047265000072 0
16.65031984017693 7.591947835770899 0
16.42989857253768 7.357139256339738 0
16.6850994905795 7.34511254686851 0
16.14946856325714 7.618119952531035 0
15.93006087202324 7.386173243396536 0
16.17826435930736 7.370765262016332 0
15.66276168280624 7.652506750403545 0
15.44308702174966 7.423293383183653 0
15.68505943083097 7.403608943317113 0
15.18930619071913 7.69752780429954 0
14.96725161335495 7.470287870539035 0
15.20390987270457 7.445455315908933 0
14.72748388039428 7.755281212993304 0
14.73276418508915 7.497882766467418 0
67.84528326452954 7.70467691209303 0
65.6865381084297 7.631572590699282 0
67.85678383877686 7.424942717050792 0
63.20477681810589 7.961827327197884 0
60.69450933683594 7.732814232385619 0
63.22317823198481 7.706250945213573 0
57.98281158123177 7.994047596182565 0
55.21891769794532 7.747259413347162 0
57.99361940424345 7.743152749899387 0
52.36982950611115 7.999038083609132 0
49.50502861715139 7.749542463870339 0
52.37367714524359 7.74889346799681 0
46.64510943658239 7.999829520265736 0
43.78963315686435 7.749920358540803 0
46.63665386742557 7.749804676625914 0
41.01826942987048 7.999989911308022 0
38.30352855969115 7.750058826959241 0
41.00484570220468 7.749987930843292 0
35.76700130823545 8.0001242785006 0
33.41608260210556 7.750247783684377 0
35.7717150590351 7.750137978746575 0
31.30343642367129 8.000404815317275 0
29.54925499755529 7.750814946713188 0
31.35650497609187 7.750455081529204 0
27.92733824849969 8.001130072020992 0
26.75240095889576 7.751866000121051 0
28.03520552199355 7.751253323482994 0
25.53468256226345 8.002415609187508 0
24.75710338490002 7.753608414349684 0
25.67508869514599 7.752653117692436 0
23.81573595242553 8.004326109537603 0
23.27478950412551 7.755988231185077 0
23.96574437212207 7.754721008826931 0
22.51764671278476 8.006799642903973 0
22.11993912154862 7.758982116934003 0
22.66451968693761 7.757410189892355 0
21.49310718992409 8.009829027999583 0
21.18190208619705 7.762615451574533 0
21.62894788797045 7.760713509190039 0
20.65093907125542 8.013449853304806 0
20.38966337318591 7.766967923991734 0
20.77097858513922 7.764695382971368 0
19.92955238110019 8.017767977127335 0
19.69480054444878 7.772218513887941 0
20.03239869776645 7.769469110483621 0
19.28635958148664 8.023009444400929 0
19.06446581091471 7.778633485530949 0
19.37316010504917 7.775255693840246 0
18.69326818914177 8.029499411903393 0
18.47710389659526 7.786614251692669 0
18.76639855424837 7.78239792702237 0
18.13298805091041 8.037721705966648 0
17.91942613556678 7.796738337669198 0
18.19510745290357 7.791373095900565 0
17.59581373507866 8.04835009519552 0
17.38378551839058 7.809783007628821 0
17.64915362294873 7.802843984321793 0
17.07664560169663 8.062342243098167 0
16.86591734145157 7.826854270462468 0
17.12280142564315 7.817730794403221 0
16.57303275739287 8.081111065125436 0
16.36369709823027 7.849503266809121 0
16.61291457181437 7.837366394211477 0
16.08429156328252 8.106754374603211 0
15.87632135835507 7.879931575471833 0
16.1181714927171 7.863575613228154 0
15.61107825891835 8.14233094002002 0
15.40374891999296 7.921050893534415 0
15.63818472713849 7.898946359925167 0
15.15450427333134 8.192123200770785 0
14.94561018956539 7.97623252707412 0
15.17294002541212 7.946688804370146 0
14.71450938507791 8.261523687106033 0
14.721464677361 8.009860022503952 0
67.82107934415014 8.283649492323196 0
65.63132739031826 8.161732027847577 0
67.83331197413028 7.990939153681724 0
63.17050528164498 8.473925492525073 0
60.67960592999627 8.23736666124007 0
63.18723078379943 8.217739798135259 0
57.96288744118848 8.495949295282271 0
55.20457772470155 8.247994164042105 0
57.972594291479 8.24498218235747 0
52.36265561049076 8.499345000322219 0
49.50937669361711 8.249663424550878 0
52.36616602111699 8.24918896628102 0
46.66150961526905 8.49988306606711 0
43.81377945572763 8.249941326213483 0
46.65338675424181 8.249855755493932 0
41.04341271328019 8.499993861597968 0
38.31379255417082 8.250046590208294 0
41.03109862902956 8.249991893431236 0
35.75189038601314 8.500091867515877 0
33.35028799811585 8.250189497781832 0
35.76033789881512 8.250108964128092 0
31.17968374107583 8.500291718687764 0
29.36627725747285 8.250666946384268 0
31.24452104070044 8.250350451625637 0
27.67344039028399 8.500834906693512 0
26.47741559537731 8.251490169358739 0
27.80687865538612 8.250991274278038 0
25.20310277428637 8.501834022245465 0
24.44507468960325 8.252943100624501 0
25.37778547496705 8.252144503267832 0
23.46354961593768 8.503335208266776 0
22.95884809258625 8.254919435188311 0
23.64878964660178 8.253868347433173 0
22.17639022025003 8.505253599905599 0
21.82137394033283 8.257378380508575 0
22.35519059799436 8.256090361197725 0
21.18299167256598 8.507561712946339 0
20.91418170666775 8.260318864471703 0
21.34452184181518 8.258790033222045 0
20.38271795762404 8.510261064729518 0
20.15875288731854 8.263792988946422 0
20.52135612979795 8.261986270337495 0
19.70479165048902 8.51344235105336 0
19.50020213351264 8.267953943076249 0
19.82003603176354 8.26577662085387 0
19.10035002796875 8.51728300027283 0
18.90148545707077 8.27306112697266 0
19.19506618092147 8.270373068335902 0
18.53831221299198 8.522086556819945 0
18.33963402641923 8.279497706112929 0
18.61695295223182 8.276079143037615 0
18.00168352248391 8.528266966455446 0
17.80200095110653 8.287810161064334 0
18.06830117795591 8.283373081800425 0
17.48259547150165 8.536423518454857 0
17.28230490384413 8.298788129224604 0
17.54013212153846 8.292909597055807 0
16.9777038916005 8.547458636523407 0
16.777666048053 8.313608176943411 0
17.02820382893228 8.305619879201315 0
16.48591399665111 8.562788865824169 0
16.28727942615071 8.334080029971558 0
16.53067981015998 8.322986253224309 0
16.00806168664179 8.584725393135029 0
15.8121328997104 8.363030388987541 0
16.04767328729668 8.34726365323286 0
15.54751768944741 8.617078976196987 0
15.35475622218 8.404843206339395 0
15.58104308376849 8.381971946068511 0
15.10941510442346 8.66642825981733 0
14.91747193601052 8.466381374823348 0
15.13354484700057 8.432585094284736 0
14.6967593663749 8.746542181320915 0
14.70638843537705 8.507625494418209 0
67.79635450349861 8.886264764813443 0
65.58818409071725 8.695764750749042 0
67.80872418574877 8.58245057254064 0
63.13910305126471 8.98684306836207 0
60.67150515335192 8.74228690516934 0
63.15450255986353 8.730317047296969 0
57.94468791915615 8.997953209472387 0
55.19263878825711 8.748778362628897 0
57.95361506099702 8.746941876221868 0
52.35600876703356 8.99966853015045 0
49.51366557495707 8.749793910084186 0
52.35928013362982 8.749505262529189 0
46.67738621572228 8.999940295459924 0
43.8359843375743 8.749963987648332 0
46.66950118456673 8.749911351797543 0
41.06675758302073 8.999997141020577 0
38.31783257434947 8.750030645914352 0
41.05524307178793 8.749995483044959 0
35.73038161342896 9.000051069234452 0
33.2653250827987 8.750123338143212 0
35.74182601211805 8.750072589122318 0
31.03208068755098 9.00015902612631 0
29.12246423153353 8.750450858735736 0
31.1088251716624 8.750227908284639 0
27.36559761267827 9.000463574107101 0
26.12739807958871 8.751004915870617 0
27.52648163628765 8.750659689996818 0
24.79605996893005 9.001061014505513 0
24.05589159702829 8.752053335944552 0
25.00943268136757 8.75147635980141 0
23.03310375698031 9.001965326421981 0
22.57136153089468 8.753452561555065 0
23.25864786459257 8.752709049577318 0
21.76578111435993 9.003095877607125 0
21.46309707533304 8.755159830277668 0
21.98010621194168 8.754269294920327 0
20.82066379114767 9.004411126981509 0
20.6023805002747 8.757146649178253 0
21.0082360421479 8.756119856208002 0
20.08133875805945 9.005896718180574 0
19.89885663055467 8.759437649817357 0
20.23561447627566 8.758248797892303 0
19.46216366118873 9.007602713005173 0
19.28797560693458 8.762150198113682 0
19.58496140242273 8.760729572230748 0
18.90556157086927 9.009657647614343 0
18.7275708572866 8.765489696536431 0
19.00333006439955 8.763722690986246 0
18.37805029409044 9.012256070481921 0
18.19401696908979 8.769758595009 0
18.45832402757487 8.767482907795085 0
17.86523477207306 9.015660504906375 0
17.67705865948165 8.775376283680535 0
17.93378740905219 8.772363834386754 0
17.36343744524739 9.020238677041309 0
17.17303168072612 8.78296362181506 0
17.42355295794137 8.778871458963904 0
16.87158007190347 9.026582151159161 0
16.68062124497365 8.793510339703495 0
16.92540741772753 8.787781824914651 0
16.38935763910819 9.035681739983279 0
16.20011660753273 8.808673095427832 0
16.43878327980986 8.800371078547549 0
15.91833878554083 9.049317123498298 0
15.73454961372581 8.831304529413222 0
15.96510859866924 8.818808822296084 0
15.46618214264413 9.070676280754091 0
15.29148552670838 8.86637778250256 0
15.50965502229746 8.846844423432925 0
15.04788794364121 9.105498274295753 0
14.87934322859617 8.923087545231468 0
15.0812808236944 8.891181633069653 0
14.67266449372682 9.167224404663273 0
14.68573752845608 8.96437009326489 0
65.55577497025304 9.231841972139058 0
67.7840016926833 9.19317280145118 0
60.67165429639462 9.247406681431771 0
63.12414245859561 9.243429448980921 0
55.18316065337741 9.249590356764124 0
57.93600000947599 9.248976055496334 0
49.51787377764385 9.249930538424524 0
52.35281297200709 9.249833883393194 0
43.85638867478721 9.249987814318898 0
46.6851915491237 9.249969984722751 0
38.31579439926713 9.25001110360863 0
41.07802673978483 9.249998532744851 0
33.15868149040558 9.25004529008844 0
35.71780837459052 9.25002707761538 0
28.81206323325451 9.250166891514709 0
30.94921701606066 9.250083488162733 0
25.67109232667306 9.250357745921086 0
27.19044036632108 9.250243833274238 0
23.5623262790182 9.250818954410127 0
24.5633661805723 9.250576415458301 0
22.09289070029362 9.251378998214134 0
22.78737309680478 9.25107580567502 0
21.03676071257688 9.252038259557025 0
21.53424426984986 9.251692104002744 0
20.24930346937291 9.252769053481043 0
20.62194199160371 9.252389989821529 0
19.61951533981541 9.253578823945251 0
19.92222475700754 9.253159861489795 0
19.06974187937018 9.254524997985492 0
19.3387815341943 9.254029072690107 0
18.55256496545703 9.255699193485908 0
18.80893951682929 9.255076332552798 0
18.04654172402021 9.257232761034276 0
18.29863790225383 9.256413611477116 0
17.54847059424816 9.259285572996236 0
17.79663073121401 9.258182436403061 0
17.05855415947871 9.262107147759682 0
17.30264534847159 9.260579484146572 0
16.57622929511874 9.266124150734012 0
16.81657513897216 9.263929244319014 0
16.10130040873214 9.272109299474852 0
16.33784282001761 9.268800799080317 0
15.63668576493926 9.281573663856621 0
15.86718025415823 9.276268875250002 0
15.20238355622442 9.29704463321878 0
15.41534572365038 9.288314703028435 0
14.82517737007206 9.322281916593298 0
15.00787399317615 9.308010704191924 0
14.65842100926927 9.340196670489606 0
2 8 0 1813
7649
7650
7651
7652
7653
7654
7655
7656
7657
7658
7659
7660
7661
7662
7663
7664
7665
7666
7667
7668
7669
7670
7671
7672
7673
7674
7675
7676
7677
7678
7679
7680
7681
7682
7683
7684
7685
7686
7687
7688
7689
7690
7691
7692
7693
7694
7695
7696
7697
7698
7699
7700
7701
7702
7703
7704
7705
7706
7707
7708
7709
7710
7711
7712
7713
7714
7715
7716
7717
7718
7719
7720
7721
7722
7723
7724
7725
7726
7727
7728
7729
7730
7731
7732
7733
7734
7735
7736
7737
7738
7739
7740
7741
7742
7743
7744
7745
7746
7747
7748
7749
7750
7751
7752
7753
7754
7755
7756
7757
7758
7759
7760
7761
7762
7763
7764
7765
7766
7767
7768
7769
7770
7771
7772
7773
7774
7775
7776
7777
7778
7779
7780
7781
7782
7783
7784
7785
7786
7787
7788
7789
7790
7791
7792
7793
7794
7795
7796
7797
7798
7799
7800
7801
7802
7803
7804
7805
7806
7807
7808
7809
7810
7811
7812
7813
7814
7815
7816
7817
7818
7819
7820
7821
7822
7823
7824
7825
7826
7827
7828
7829
7830
7831
7832
7833
7834
7835
7836
7837
7838
7839
7840
7841
7842
7843
7844
7845
7846
7847
7848
7849
7850
7851
7852
7853
7854
7855
7856
7857
7858
7859
7860
7861
7862
7863
7864
7865
7866
7867
7868
7869
7870
7871
7872
7873
7874
7875
7876
7877
7878
7879
7880
7881
7882
7883
7884
7885
7886
7887
7888
7889
7890
7891
7892
7893
7894
7895
7896
7897
7898
7899
7900
7901
7902
7903
7904
7905
7906
7907
7908
7909
7910
7911
7912
7913
7914
7915
7916
7917
7918
7919
7920
7921
7922
7923
7924
7925
7926
7927
7928
7929
7930
7931
7932
7933
7934
7935
7936
7937
7938
7939
7940
7941
7942
7943
7944
7945
7946
7947
7948
7949
7950
7951
7952
7953
7954
7955
7956
7957
7958
7959
7960
7961
7962
7963
7964
7965
7966
7967
7968
7969
7970
7971
7972
7973
7974
7975
7976
7977
7978
7979
7980
7981
7982
7983
7984
7985
7986
7987
7988
7989
7990
7991
7992
7993
7994
7995
7996
7997
7998
7999
8000
8001
8002
8003
8004
8005
8006
8007
8008
8009
8010
8011
8012
8013
8014
8015
8016
8017
8018
8019
8020
8021
8022
8023
8024
8025
8026
8027
8028
8029
8030
8031
8032
8033
8034
8035
8036
8037
8038
8039
8040
8041
8042
8043
8044
8045
8046
8047
8048
8049
8050
8051
8052
8053
8054
8055
8056
8057
8058
8059
8060
8061
8062
8063
8064
8065
8066
8067
8068
8069
8070
8071
8072
8073
8074
8075
8076
8077
8078
8079
8080
8081
8082
8083
8084
8085
8086
8087
8088
8089
8090
8091
8092
8093
8094
8095
8096
8097
8098
8099
8100
8101
8102
8103
8104
8105
8106
8107
8108
8109
8110
8111
8112
8113
8114
8115
8116
8117
8118
8119
8120
8121
8122
8123
8124
8125
8126
8127
8128
8129
8130
8131
8132
8133
8134
8135
8136
8137
8138
8139
8140
8141
8142
8143
8144
8145
8146
8147
8148
8149
8150
8151
8152
8153
8154
8155
8156
8157
8158
8159
8160
8161
8162
8163
8164
8165
8166
8167
8168
8169
8170
8171
8172
8173
8174
8175
8176
8177
8178
8179
8180
8181
8182
8183
8184
8185
8186
8187
8188
8189
8190
8191
8192
8193
8194
8195
8196
8197
8198
8199
8200
8201
8202
8203
8204
8205
8206
8207
8208
8209
8210
8211
8212
8213
8214
8215
8216
8217
8218
8219
8220
8221
8222
8223
8224
8225
8226
8227
8228
8229
8230
8231
8232
8233
8234
8235
8236
8237
8238
8239
8240
8241
8242
8243
8244
8245
8246
8247
8248
8249
8250
8251
8252
8253
8254
8255
8256
8257
8258
8259
8260
8261
8262
8263
8264
8265
8266
8267
8268
8269
8270
8271
8272
8273
8274
8275
8276
8277
8278
8279
8280
8281
8282
8283
8284
8285
8286
8287
8288
8289
8290
8291
8292
8293
8294
8295
8296
8297
8298
8299
8300
8301
8302
8303
8304
8305
8306
8307
8308
8309
8310
8311
8312
8313
8314
8315
8316
8317
8318
8319
8320
8321
8322
8323
8324
8325
8326
8327
8328
8329
8330
8331
8332
8333
8334
8335
8336
8337
8338
8339
8340
8341
8342
8343
8344
8345
8346
8347
8348
8349
8350
8351
8352
8353
8354
8355
8356
8357
8358
8359
8360
8361
8362
8363
8364
8365
8366
8367
8368
8369
8370
8371
8372
8373
8374
8375
8376
8377
8378
8379
8380
8381
8382
8383
8384
8385
8386
8387
8388
8389
8390
8391
8392
8393
8394
8395
8396
8397
8398
8399
8400
8401
8402
8403
8404
8405
8406
8407
8408
8409
8410
8411
8412
8413
8414
8415
8416
8417
8418
8419
8420
8421
8422
8423
8424
8425
8426
8427
8428
8429
8430
8431
8432
8433
8434
8435
8436
8437
8438
8439
8440
8441
8442
8443
8444
8445
8446
8447
8448
8449
8450
8451
8452
8453
8454
8455
8456
8457
8458
8459
8460
8461
8462
8463
8464
8465
8466
8467
8468
8469
8470
8471
8472
8473
8474
8475
8476
8477
8478
8479
8480
8481
8482
8483
8484
8485
8486
8487
8488
8489
8490
8491
8492
8493
8494
8495
8496
8497
8498
8499
8500
8501
8502
8503
8504
8505
8506
8507
8508
8509
8510
8511
8512
8513
8514
8515
8516
8517
8518
8519
8520
8521
8522
8523
8524
8525
8526
8527
8528
8529
8530
8531
8532
8533
8534
8535
8536
8537
8538
8539
8540
8541
8542
8543
8544
8545
8546
8547
8548
8549
8550
8551
8552
8553
8554
8555
8556
8557
8558
8559
8560
8561
8562
8563
8564
8565
8566
8567
8568
8569
8570
8571
8572
8573
8574
8575
8576
8577
8578
8579
8580
8581
8582
8583
8584
8585
8586
8587
8588
8589
8590
8591
8592
8593
8594
8595
8596
8597
8598
8599
8600
8601
8602
8603
8604
8605
8606
8607
8608
8609
8610
8611
8612
8613
8614
8615
8616
8617
8618
8619
8620
8621
8622
8623
8624
8625
8626
8627
8628
8629
8630
8631
8632
8633
8634
8635
8636
8637
8638
8639
8640
8641
8642
8643
8644
8645
8646
8647
8648
8649
8650
8651
8652
8653
8654
8655
8656
8657
8658
8659
8660
8661
8662
8663
8664
8665
8666
8667
8668
8669
8670
8671
8672
8673
8674
8675
8676
8677
8678
8679
8680
8681
8682
8683
8684
8685
8686
8687
8688
8689
8690
8691
8692
8693
8694
8695
8696
8697
8698
8699
8700
8701
8702
8703
8704
8705
8706
8707
8708
8709
8710
8711
8712
8713
8714
8715
8716
8717
8718
8719
8720
8721
8722
8723
8724
8725
8726
8727
8728
8729
8730
8731
8732
8733
8734
8735
8736
8737
8738
8739
8740
8741
8742
8743
8744
8745
8746
8747
8748
8749
8750
8751
8752
8753
8754
8755
8756
8757
8758
8759
8760
8761
8762
8763
8764
8765
8766
8767
8768
8769
8770
8771
8772
8773
8774
8775
8776
8777
8778
8779
8780
8781
8782
8783
8784
8785
8786
8787
8788
8789
8790
8791
8792
8793
8794
8795
8796
8797
8798
8799
8800
8801
8802
8803
8804
8805
8806
8807
8808
8809
8810
8811
8812
8813
8814
8815
8816
8817
8818
8819
8820
8821
8822
8823
8824
8825
8826
8827
8828
8829
8830
8831
8832
8833
8834
8835
8836
8837
8838
8839
8840
8841
8842
8843
8844
8845
8846
8847
8848
8849
8850
8851
8852
8853
8854
8855
8856
8857
8858
8859
8860
8861
8862
8863
8864
8865
8866
8867
8868
8869
8870
8871
8872
8873
8874
8875
8876
8877
8878
8879
8880
8881
8882
8883
8884
8885
8886
8887
8888
8889
8890
8891
8892
8893
8894
8895
8896
8897
8898
8899
8900
8901
8902
8903
8904
8905
8906
8907
8908
8909
8910
8911
8912
8913
8914
8915
8916
8917
8918
8919
8920
8921
8922
8923
8924
8925
8926
8927
8928
8929
8930
8931
8932
8933
8934
8935
8936
8937
8938
8939
8940
8941
8942
8943
8944
8945
8946
8947
8948
8949
8950
8951
8952
8953
8954
8955
8956
8957
8958
8959
8960
8961
8962
8963
8964
8965
8966
8967
8968
8969
8970
8971
8972
8973
8974
8975
8976
8977
8978
8979
8980
8981
8982
8983
8984
8985
8986
8987
8988
8989
8990
8991
8992
8993
8994
8995
8996
8997
8998
8999
9000
9001
9002
9003
9004
9005
9006
9007
9008
9009
9010
9011
9012
9013
9014
9015
9016
9017
9018
9019
9020
9021
9022
9023
9024
9025
9026
9027
9028
9029
9030
9031
9032
9033
9034
9035
9036
9037
9038
9039
9040
9041
9042
9043
9044
9045
9046
9047
9048
9049
9050
9051
9052
9053
9054
9055
9056
9057
9058
9059
9060
9061
9062
9063
9064
9065
9066
9067
9068
9069
9070
9071
9072
9073
9074
9075
9076
9077
9078
9079
9080
9081
9082
9083
9084
9085
9086
9087
9088
9089
9090
9091
9092
9093
9094
9095
9096
9097
9098
9099
9100
9101
9102
9103
9104
9105
9106
9107
9108
9109
9110
9111
9112
9113
9114
9115
9116
9117
9118
9119
9120
9121
9122
9123
9124
9125
9126
9127
9128
9129
9130
9131
9132
9133
9134
9135
9136
9137
9138
9139
9140
9141
9142
9143
9144
9145
9146
9147
9148
9149
9150
9151
9152
9153
9154
9155
9156
9157
9158
9159
9160
9161
9162
9163
9164
9165
9166
9167
9168
9169
9170
9171
9172
9173
9174
9175
9176
9177
9178
9179
9180
9181
9182
9183
9184
9185
9186
9187
9188
9189
9190
9191
9192
9193
9194
9195
9196
9197
9198
9199
9200
9201
9202
9203
9204
9205
9206
9207
9208
9209
9210
9211
9212
9213
9214
9215
9216
9217
9218
9219
9220
9221
9222
9223
9224
9225
9226
9227
9228
9229
9230
9231
9232
9233
9234
9235
9236
9237
9238
9239
9240
9241
9242
9243
9244
9245
9246
9247
9248
9249
9250
9251
9252
9253
9254
9255
9256
9257
9258
9259
9260
9261
9262
9263
9264
9265
9266
9267
9268
9269
9270
9271
9272
9273
9274
9275
9276
9277
9278
9279
9280
9281
9282
9283
9284
9285
9286
9287
9288
9289
9290
9291
9292
9293
9294
9295
9296
9297
9298
9299
9300
9301
9302
9303
9304
9305
9306
9307
9308
9309
9310
9311
9312
9313
9314
9315
9316
9317
9318
9319
9320
9321
9322
9323
9324
9325
9326
9327
9328
9329
9330
9331
9332
9333
9334
9335
9336
9337
9338
9339
9340
9341
9342
9343
9344
9345
9346
9347
9348
9349
9350
9351
9352
9353
9354
9355
9356
9357
9358
9359
9360
9361
9362
9363
9364
9365
9366
9367
9368
9369
9370
9371
9372
9373
9374
9375
9376
9377
9378
9379
9380
9381
9382
9383
9384
9385
9386
9387
9388
9389
9390
9391
9392
9393
9394
9395
9396
9397
9398
9399
9400
9401
9402
9403
9404
9405
9406
9407
9408
9409
9410
9411
9412
9413
9414
9415
9416
9417
9418
9419
9420
9421
9422
9423
9424
9425
9426
9427
9428
9429
9430
9431
9432
9433
9434
9435
9436
9437
9438
9439
9440
9441
9442
9443
9444
9445
9446
9447
9448
9449
9450
9451
9452
9453
9454
9455
9456
9457
9458
9459
9460
9461
66.28985479755724 19.51076311325243 0
66.19446176587115 19.02393623469564 0
66.11376838976551 18.53949484434153 0
66.04377735335488 18.05705953273096 0
65.98222142561605 17.57599106538601 0
65.92777863946961 17.09547802368297 0
65.87951185189594 16.61461001465968 0
65.83692581843516 16.13242165947066 0
65.79982074177963 15.64789882228491 0
65.7684067331398 15.16000989998011 0
65.7433218033926 14.66776915262121 0
65.72556263555418 14.17030498263871 0
65.71737336815045 13.6669826779194 0
65.72232328629306 13.1574351256067 0
65.64458451362189 12.63444420070905 0
65.58084801849942 12.10580843396697 0
65.52895283225052 11.5726895273489 0
65.48753178428653 11.03674448406308 0
61.65228178980075 19.50558952635373 0
61.52028184046712 19.01083611242322 0
61.40253169710689 18.51566648064269 0
61.29633276086497 18.02001855140459 0
61.19974185511925 17.52382894020517 0
61.11127427116315 17.02701889842263 0
61.02987495772217 16.52952383145832 0
60.95473305676775 16.03126454179719 0
60.88527117215568 15.53217768959894 0
60.82104379460185 15.03221896526112 0
60.76177097093404 14.53137207306738 0
60.70739586678269 14.02964978341052 0
60.6579693925678 13.52709069809895 0
60.61371877575637 13.02376689091125 0
60.57464934520347 12.5197768679225 0
60.54078265923377 12.01526188814435 0
60.5129346818867 11.51036591797688 0
60.49268041491685 11.00521741416706 0
55.89355512432947 19.50106375401333 0
55.80085607515105 19.0020401635388 0
55.71521352777073 18.50291631950467 0
55.63575839113838 18.00367862638628 0
55.56178333172366 17.50431551491749 0
55.49270557288246 17.00481768206912 0
55.42803581726095 16.50517833264487 0
55.36735720666766 16.00539333026704 0
55.31030940383779 15.5054614539657 0
55.25657213816678 15.00538460533891 0
55.20585898976931 14.5051679215999 0
55.15790728848724 14.00481976810947 0
55.11247512386735 13.50435167920172 0
55.06933814775685 13.00377817699638 0
55.02828926497739 12.50311648227398 0
54.9891410209683 12.00238608481035 0
54.95173038456168 11.50160819962802 0
54.91592966664599 11.00080522537347 0
49.59503528871134 19.50015978864796 0
49.57061802198196 19.00031123233326 0
49.54695481868632 18.50045027126737 0
49.52391432044642 18.00057373623484 0
49.50137746183898 17.50067891685384 0
49.47923643812243 17.00076360104978 0
49.45739316964164 16.50082612767354 0
49.4357587387603 16.00086538058675 0
49.41425240233497 15.50088081675755 0
49.39280068495648 15.00087246842806 0
49.37133664037479 14.50084095815236 0
49.34979909847875 14.00078746846813 0
49.32813148724827 13.50071374857963 0
49.3062805878106 13.0006220601993 0
49.28419480249189 12.50051512091259 0
49.2618217954745 12.00039601907371 0
49.23910505071595 11.50026810735786 0
49.21597915058403 11.00013488135935 0
43.26510803036724 19.50003008267429 0
43.32034838055071 19.00005950896421 0
43.36914631585986 18.50008699194752 0
43.41209913246257 18.00011153601496 0
43.44967832232966 17.5001323895586 0
43.48226255192397 17.00014902371293 0
43.5101625356868 16.50016111318741 0
43.53363836526794 16.00016846804332 0
43.55291349166504 15.50017103580154 0
43.5681856304775 15.00016890377566 0
43.57963237167063 14.50016227512889 0
43.58741625749645 14.00015145850276 0
43.59168517795447 13.50013686449966 0
43.59257116759152 13.00011898431359 0
43.59018460752406 12.5000983574069 0
43.58460465510772 12.00007557233129 0
43.57586381816967 11.50005122446411 0
43.56392300627183 11.00002584386632 0
37.43513069820109 19.49999931048772 0
37.5725919152781 19.00000234711957 0
37.69318365892965 18.50000880065243 0
37.79884013557346 18.00001189090164 0
37.89102171211212 17.50001249950988 0
37.97083524240045 17.00001141640742 0
38.03912484913962 16.50000918707929 0
38.09658750003198 16.00000626571987 0
38.14379035756287 15.50000292937731 0
38.18129855334983 14.99999936629678 0
38.20960556056357 14.49999569342227 0
38.22892240914712 13.9999920426256 0
38.2394062823512 13.49998864896928 0
38.24121487922223 12.99998593140846 0
38.23447308729497 12.49998438486824 0
38.21919503288863 11.99998459767239 0
38.19526101872445 11.49998707703715 0
38.16233389426353 10.99999217323658 0
32.54692936882546 19.49997746923506 0
32.76725044544959 18.99994514078893 0
32.95455981972697 18.49991101217655 0
33.11571900403307 17.99988319932515 0
33.25340610411885 17.49986075510902 0
33.36950900995356 16.99984309557698 0
33.46541274728855 16.49982985858104 0
33.54215354652514 15.99982082058462 0
33.60049537054707 15.49981585758064 0
33.64100776900521 14.9998149168744 0
33.66409101389129 14.49981800280791 0
33.66999171299332 13.99982515714814 0
33.65879089739927 13.49983644354741 0
33.63038643518019 12.9998519298396 0
33.58444648983426 12.49987166675715 0
33.52032440876523 11.99989565690888 0
33.43692833936561 11.49992378247545 0
33.33175781838436 10.99995753968603 0
28.69157421269509 19.49987010098917 0
29.01552899617469 18.99973768208258 0
29.28425819436342 18.49963542109377 0
29.50830717252821 17.99955619294632 0
29.6941070017361 17.49949549581312 0
29.84584141288031 16.99945039288776 0
29.9662970749689 16.49941893828744 0
30.05737212995399 15.99939985726769 0
30.1203816630573 15.49939227707645 0
30.15611812638273 14.99939569929191 0
30.16501118324269 14.49940975955774 0
30.14707016461457 13.99943425868217 0
30.10189543111458 13.49946902195519 0
30.02858898207934 12.99951381682506 0
29.92559904106648 12.49956822834771 0
29.79044812792071 11.99963145434417 0
29.61911741696709 11.49970225994366 0
29.39306996193017 10.99983271579983 0
25.79901522053994 19.49959453401863 0
26.22694897782971 18.99930222095885 0
26.56992570207075 18.49908406321371 0
26.84890816121582 17.99891994947652 0
27.07533194883376 17.49879815096208 0
27.25621404735803 16.99871088520949 0
27.39609675328714 16.49865313107876 0
27.49795669537515 15.9986216572561 0
27.56377529357611 15.49861411592306 0
27.59464866960976 14.99862928092858 0
27.59105002768217 14.49866641155756 0
27.55268497687612 13.99872574140888 0
27.47856425361003 13.49880815438381 0
27.36684507978828 12.9989154152152 0
27.21454700358908 12.49905037409561 0
27.01689321431569 11.99921751570391 0
26.76604136914918 11.49942336107963 0
26.44797571242357 10.99967781827976 0
23.73845565484464 19.49923673886521 0
24.20799517964912 18.99869059802361 0
24.58592521051112 18.49828892783071 0
24.89299337929963 17.99799252721582 0
25.14081909188461 17.49777658366891 0
25.33700777426393 16.99762486069716 0
25.48674468148775 16.49752659529825 0
25.59360434905455 15.99747406774714 0
25.65983512150673 15.49746277331459 0
25.68666897377834 14.99749017782564 0
25.67455048558018 14.49755476963576 0
25.62299371754042 13.99765688926055 0
25.53065505204178 13.49779832997956 0
25.39528921914834 12.99798277863768 0
25.21321846900378 12.49821664245454 0
24.9790689237733 11.99851048011804 0
24.68437144388693 11.49888132655219 0
24.31383939383029 10.99935891552264 0
22.26645509823048 19.49883515238254 0
22.72734347054562 18.99797621046364 0
23.10516342580813 18.49733566950103 0
23.41459521103077 17.99685605495766 0
23.66500799013138 17.49650334488204 0
23.8631101251235 16.99625153891999 0
24.01357972378865 16.4960852877653 0
24.11977683755297 15.99599080433774 0
24.18382461189009 15.49596055664586 0
24.20686794617752 14.99599014011619 0
24.18924140817599 14.49607700019452 0
24.13033222438011 13.99622175811926 0
24.02871923066579 13.49642746103602 0
23.88197807360901 12.99670130705597 0
23.68624248163206 12.49705566643643 0
23.43593860871512 11.99751153799579 0
23.12258681796007 11.49810416984123 0
22.7313487339855 10.99889479321029 0
21.18802410636545 19.49844988858123 0
21.60849752226395 18.99725010350976 0
21.96121672939135 18.49631922613434 0
22.25416423386042 17.99560341941928 0
22.4932849706083 17.49506283323956 0
22.68334793185726 16.99466190906142 0
22.82775991298431 16.49438331925536 0
22.92908631929165 15.99420984092992 0
22.98902768126624 15.4941298878771 0
23.00845338145538 14.99413722772729 0
22.98755364418564 14.49422872075752 0
22.92575283490601 13.99440538392168 0
22.82170219026649 13.49467297405585 0
22.67326726250708 12.99504402815792 0
22.47714981852834 12.49554019115154 0
22.22878039879962 11.99619851254237 0
21.92180329237729 11.49708067485227 0
21.54680049307767 10.99828815677527 0
20.3714803095286 19.49811707956103 0
20.73226652390075 18.99656936457033 0
21.04433172994334 18.49531813773231 0
21.30874213718548 17.99431374016133 0
21.52743518695697 17.49352381503372 0
21.7025929032975 16.99291655673408 0
21.83618359754426 16.49246691321007 0
21.9296586219945 15.99216069161568 0
21.98411354001674 15.49198294032754 0
22.00011277490943 14.99192591104607 0
21.97767665069384 14.49198794575883 0
21.91637974068688 13.99217234442347 0
21.81519829135018 13.49248988647234 0
21.67265470227483 12.99296258481044 0
21.48660735604292 12.49362559991669 0
21.25452753385081 11.99453913963696 0
20.97366463269825 11.49579798377851 0
20.64167387609514 10.99754529166716 0
19.72536851207107 19.49784300475786 0
20.01782017016505 18.99596773336327 0
20.28153996740534 18.49437357534406 0
20.51078190003264 17.99304304269998 0
20.70365636428387 17.49194614301788 0
20.85980354815763 16.99106295436388 0
20.97951939824068 16.49037360428912 0
21.06322760861824 15.98986302395474 0
21.11134267588518 15.48951747751631 0
21.12404662200007 14.98933253809422 0
21.10135462866944 14.48930921283831 0
21.04293624971265 13.98945780629513 0
20.94826841644017 13.48979928778184 0
20.81671697086015 12.99037114292474 0
20.64759435986035 12.49123283897347 0
20.4405354725936 11.99247214179709 0
20.1962605979391 11.49421961375868 0
19.91781009432181 10.99665632739507 0
19.17741885435804 19.49761387978986 0
19.40612940406682 18.99544414555168 0
19.62140636355017 18.49350911929962 0
19.81385431689116 17.99182723053438 0
19.97886620049794 17.49037698702045 0
20.1141216622888 16.98915057822315 0
20.21846677907422 16.48814129529366 0
20.29143493620746 15.98733609770053 0
20.33284283287144 15.48672798768791 0
20.342525663272 14.98632192926255 0
20.32039991376314 14.48612858188409 0
20.26635413370887 13.98617149920407 0
20.18034071151536 13.48648947581706 0
20.06252191322037 12.98714578384341 0
19.91347625288055 12.48823245004174 0
19.73470153934787 11.98987874915982 0
19.52949880885792 11.4922607249608 0
19.30432370265609 10.99557857747116 0
18.67681247277654 19.49742433195189 0
18.85476820842174 18.99499799075468 0
19.02725139277339 18.49274852433411 0
19.18523842409896 17.99069843184401 0
19.32308602614479 17.48885984079087 0
19.4374384945867 16.98722767063255 0
19.52625107335826 16.48580626336606 0
19.58833434288579 15.98459709343548 0
19.62303136881436 15.483606171006 0
19.62991968338367 14.9828529970962 0
19.60886070444101 14.48236606753218 0
19.5599322840153 13.98219316396089 0
19.48343245996238 13.48240487908967 0
19.38016320427734 12.98310642306613 0
19.25157350090488 12.48443683504198 0
19.10038024071181 11.98658590180031 0
18.93126986909916 11.48977801088831 0
18.75210569619965 10.99422219400888 0
18.19812911377917 19.49727549177659 0
18.33738556420545 18.99463052593853 0
18.47454119206561 18.49209517846146 0
18.60230875148976 17.98969069409802 0
18.71538694539569 17.48743610628843 0
18.81014894068501 16.98533899245971 0
18.88412645306254 16.48341736073286 0
18.9357811116835 15.98167851568152 0
18.96409411123158 15.48015350095801 0
18.96848316748508 14.9788829133298 0
18.94876619505131 14.47792550663031 0
18.90511477166399 13.97736875582289 0
18.83807650128134 13.47733673782693 0
18.74877645292001 12.97799634371703 0
18.6391240257053 12.47956329973106 0
18.51230427916148 11.98231406095454 0
18.37314210391688 11.48652915967871 0
18.22895675566204 10.99243407341159 0
17.73002920172385 19.49718059841522 0
17.83943097222975 18.9943688963099 0
17.94788305871432 18.49158121430446 0
18.04997672513875 17.98884098719233 0
18.14125386180018 17.48616600862875 0
18.21834772211399 16.98356081332434 0
18.27874279472482 16.48104795014231 0
18.32077861709661 15.97864200738196 0
18.34326917082008 15.47639491911085 0
18.34552767233014 14.97438039842991 0
18.32731510155041 14.47270323183582 0
18.28882172335615 13.97151445652066 0
18.23066364119692 13.47101752536192 0
18.15404450406217 12.97147610216189 0
18.06090987706681 12.47322211226378 0
17.95421358697425 11.97665253488617 0
17.83806193645647 11.4821481052825 0
17.71805866797362 10.98997701156739 0
17.26792274556047 19.49715316152771 0
17.35316975310522 18.99423855653386 0
17.43794777411455 18.49124794827493 0
17.51830775242011 17.98820774971479 0
17.59070014839508 17.48512441639607 0
17.65219795102155 16.98199032711211 0
17.70048975421703 16.47880699252389 0
17.73391241872233 15.97558655099883 0
17.75125218911826 15.47239426911159 0
17.7517917970441 14.96934091995118 0
17.73522747616165 14.46660024353485 0
17.70167645001364 13.96441873116725 0
17.65169033734657 13.46311586603669 0
17.58633884414102 12.96309991253973 0
17.50721421596153 12.46486301743945 0
17.4166099459406 11.96899012463869 0
17.31751396712489 11.47606702426435 0
17.21370379014959 10.98647806876843 0
16.80951744107148 19.49722343172926 0
16.87426542598464 18.99428524599294 0
16.93896088707453 18.49114002328243 0
17.00074446177828 17.98783910372386 0
17.05678637747188 17.48439589171983 0
17.10463449645902 16.98075873317529 0
17.14225646421328 16.47686956327718 0
17.16811625362297 15.9726967636557 0
17.18107406531954 15.4682940168287 0
17.18038538348064 14.96381785516376 0
17.16565958277921 14.45954302873918 0
17.13692315701859 13.95585478308637 0
17.09454148692611 13.45323787809277 0
17.0392996551751 12.95229255187746 0
16.9722392453086 12.45373536796259 0
16.89470532829537 11.95844207160565 0
16.80827313695864 11.46738897833092 0
16.71460858381666 10.98130826771122 0
16.35362273134662 19.49745459865914 0
16.39990818028755 18.9945911521915 0
16.44703881305819 18.49131247833255 0
16.49270441041233 17.98778509434652 0
16.53452364406542 17.48407368760104 0
16.57043251244452 16.980045712964 0
16.59872699091839 16.47549429581409 0
16.61806436461509 15.97026713512117 0
16.62741512708779 15.46435802357926 0
16.62600838540181 14.95796261336393 0
16.61337409709197 14.45149856981369 0
16.58947873164755 13.94558178746801 0
16.55450786605853 13.44093868576663 0
16.50882081512855 12.93837763093924 0
16.45281674360197 12.43886767548795 0
16.38674845591252 11.9437104650824 0
16.31050247810478 11.45463347412198 0
16.22335498647318 10.97332495564928 0
15.89883866956331 19.49802098132796 0
15.92767487141402 18.99532821972156 0
15.95924875487868 18.49180645777192 0
15.9908411382508 17.9880120230319 0
16.02022738814632 17.48420106761142 0
16.04566753852889 16.98006273791148 0
16.06579057791813 16.47506384065888 0
16.07951852105161 15.96878861665574 0
16.08601259573956 15.46106409161339 0
16.08452251519876 14.9520887781068 0
16.07424762968445 14.44249765048033 0
16.05538110263819 13.93335249185112 0
16.02799892575412 13.42574179661199 0
15.99205475064212 12.92063201520938 0
15.94729299871634 12.41909548647698 0
15.89287559124 11.9229195788701 0
15.82681164288966 11.43526705844941 0
15.7448448885025 10.96026823179067 0
15.44095380224013 19.49941430668278 0
15.45482887114889 18.99692391127242 0
15.47315329888868 18.49261348100833 0
15.49259285315628 17.98825674299783 0
15.51107958248363 17.48468485750034 0
15.5272503199372 16.98108654810413 0
15.54013273694298 16.47616249304608 0
15.54896945898353 15.96907402174713 0
15.55325737545533 15.4592565789723 0
15.55314458063058 14.94684111722577 0
15.54464475804949 14.43258889773474 0
15.53121159221715 13.91884265060574 0
15.51203707478555 13.40721246276384 0
15.48674488924445 12.89855449006259 0
15.45462163962338 12.39336896508032 0
15.41407908757094 11.89352984683164 0
15.36174926099442 11.40476391718663 0
15.29021084606496 10.93750886790922 0
14.97519721963564 19.50291244143287 0
14.97896228670916 19.0006302721943 0
14.9869798392103 18.49346296700794 0
14.99611079821428 17.98752395744717 0
15.00492431195354 17.48508647801057 0
15.0127226765206 16.98359022034698 0
15.01900951381513 16.47963341814964 0
15.02339411417223 15.97245804491408 0
15.02560245369189 15.46055516043337 0
15.02505238060183 14.94281877518181 0
15.02092266304405 14.42164149649834 0
15.01379387660749 13.90135346667923 0
15.00374663968321 13.3849149781917 0
14.99047029369654 12.87240885870339 0
14.97328574894044 12.36171700768129 0
14.95064614192155 11.85274651725139 0
14.91946055986519 11.35438927035629 0
14.87445777130231 10.89496779174708 0
66.34473375876797 19.75509937591684 0
68.16456735195634 19.48448579895531 0
68.1836268346502 19.74072713862214 0
66.24013983492773 19.26704126077193 0
68.12859134679607 18.98514960214042 0
68.1462780675256 19.23267300012717 0
66.1527276344179 18.78143602729602 0
68.0960296397636 18.50243454891403 0
68.11204440835851 18.74192294776339 0
66.0778675512629 18.29806348700953 0
68.0667303872893 18.03280234908669 0
68.08077372853774 18.26622535051531 0
66.01233994709143 17.81640578935731 0
68.04024061709492 17.57281901849327 0
68.05288446559831 17.80182538008486 0
65.95453106271206 17.33572655486243 0
68.01676167657109 17.11920127622635 0
68.0282212352151 17.34542334934536 0
65.90329341110137 16.8551566683424 0
67.99444944762395 16.66888637526645 0
68.00579467794671 16.89378512128406 0
65.85791935025384 16.37375544158091 0
67.97350654673102 16.21966273432086 0
67.98342389450903 16.44424672913141 0
65.8180732580237 15.89053189044695 0
67.95359092424479 15.76936330020015 0
67.96386210842188 15.99484942213303 0
65.78373356823236 15.40445532076542 0
67.93527113602558 15.31504441355636 0
67.94435541089459 15.54292179332093 0
65.7553171153986 14.91450736532308 0
67.91659549325546 14.85313978987849 0
67.92547544160459 15.08521937286249 0
65.73366681385463 14.41975006193679 0
67.89820264282298 14.38018890717684 0
67.90699713768035 14.61820707350743 0
65.72023161462707 13.91941498667653 0
67.8798494179506 13.89288009071808 0
67.88870869938017 14.13848346284493 0
65.71799331424157 13.41300267912773 0
67.86106372402502 13.38725027476059 0
67.87027484562536 13.64264636362165 0
65.68154482732604 12.89669929964258 0
67.83882434124196 12.8578611809661 0
67.85080028758344 13.12585341526917 0
65.61111476449486 12.37077058815055 0
67.81278848788156 12.30187917732156 0
67.82630635957585 12.58313564666496 0
65.55352329565088 11.83971728196559 0
67.78497098991691 11.7200825705248 0
67.79888818065453 12.01409269513411 0
65.50698788325997 11.30494828340546 0
67.75656652304717 11.11527169905586 0
67.77086662510116 11.42016445611551 0
65.47053783168612 10.76834306683844 0
67.7423195777411 10.80744746863549 0
61.72473473081682 19.75283290558092 0
64.02452870908792 19.50982082600305 0
64.06425338848994 19.75492535478568 0
61.58430016249626 19.25826235453228 0
63.94605138417629 19.01955427229952 0
63.98504705596539 19.26469961010503 0
61.45981257248435 18.76330612454062 0
63.87026731231879 18.52912973969632 0
63.90773940056468 18.77436032543046 0
61.3481217356696 18.26790618937815 0
63.78073124304991 18.03852643691716 0
63.82449038459907 18.28388327698426 0
61.24693762825116 17.7719957719824 0
63.69918741789945 17.54737875403065 0
63.73906806266444 17.79303530508788 0
61.15456021042652 17.27550197373717 0
63.62509042336314 17.0554510963135 0
63.66134141853777 17.30152997247203 0
61.06974771595083 16.77836269571192 0
63.55799994902125 16.56247959412565 0
63.59057162093298 16.80911080186263 0
60.99155784589385 16.28049338951511 0
63.49765154829465 16.06819039601526 0
63.52710930479986 16.3155191993807 0
60.91932190410996 15.78182782453524 0
63.44398888509286 15.57231925660983 0
63.47008253798753 15.82047070101595 0
60.85252882865371 15.2823094344175 0
63.39716619227073 15.0746311923768 0
63.41977521112103 15.32371728516808 0
60.79079442525318 14.78190615117681 0
63.35756095696115 14.57493978707452 0
63.37640154308865 14.82504437689236 0
60.73396933342887 14.28061862528376 0
63.3034317574655 14.07238571696587 0
63.33009141566124 14.32396465958959 0
60.68205245313028 13.77847117508942 0
63.2525313868072 13.56742462309359 0
63.27757633441584 13.82020286348791 0
60.63516721912463 13.27551778949905 0
63.20081382485036 13.05998679122959 0
63.22830913793446 13.31406286173087 0
60.59353369901225 12.77184673313655 0
63.14786044759734 12.5503143717203 0
63.17389894564536 12.80538322821814 0
60.55713236463136 12.26756827965728 0
63.09852015733882 12.03898548240621 0
63.1227347589915 12.29482999936258 0
60.52599152239159 11.76285493507529 0
63.05273984993979 11.52646148398877 0
63.07521032885077 11.78284113190483 0
60.5017869506224 11.25781379435139 0
63.00984934585065 11.01327329222233 0
63.03099318088154 11.26991502141217 0
60.4858181744975 10.75259562029991 0
62.98913752119627 10.75660995831065 0
55.94287531055812 19.75054169532709 0
58.79892150607239 19.50258764635461 0
58.84824318993672 19.75132128171443 0
55.84625218455953 19.25156284197908 0
58.70287012544026 19.00495749761529 0
58.75042930970768 19.2538007891957 0
55.75719736330915 18.75249126324928 0
58.61084077645966 18.50708827314858 0
58.65632140519939 18.75605442354878 0
55.67474322037668 18.25331227521556 0
58.52323243750793 18.00895331218645 0
58.56646873944095 18.258055668947 0
55.59810658723321 17.75401328809583 0
58.44022014695406 17.51052662268072 0
58.48114736783029 17.75977798046872 0
55.52664566895507 17.25458388757771 0
58.36182707220433 17.01178482849805 0
58.40044947265271 17.26119643004281 0
55.45982754275181 16.75501601497456 0
58.287929437195 16.51270824979892 0
58.32433373075736 16.7622894206273 0
55.39720162983458 16.25530419259505 0
58.2182897714412 16.01328221798746 0
58.25258400081695 16.26303964645023 0
55.33838130053595 15.75544571700958 0
58.1528488252285 15.51349754907033 0
58.18504971802214 15.763434969875 0
55.28302689703389 15.25544091244858 0
58.0914779887818 15.01335369423008 0
58.1216657502196 15.26347019036148 0
55.23083724674389 14.75529330024911 0
58.03399006520991 14.51285895143362 0
58.06226119117959 14.76314933521782 0
55.18153754816084 14.25500963782683 0
57.98017351295041 14.01203029831027 0
58.00663752909671 14.26248495102062 0
55.13487640055735 13.75459988689574 0
57.92984678014136 13.51089388811323 0
57.95459358185138 13.76149860140572 0
55.09062044194309 13.2540770993384 0
57.88282026073346 13.0094839495931 0
57.90592507969601 13.26022079959208 0
55.04855384519934 12.75345719528404 0
57.83866267729447 12.50784183488296 0
57.8604156752715 12.75868882924767 0
55.0084792483234 12.25275858226956 0
57.79694310397436 12.00601827803296 0
57.81750816312713 12.25694974241905 0
54.97021986841516 11.75200169714558 0
57.75727056821317 11.50406478887579 0
57.77689000132094 11.7550533295663 0
54.93362877200949 11.25120839267168 0
57.7190357369122 11.00203892475847 0
57.73801536695197 11.25305600435105 0
54.89860168991327 10.75040145287328 0
57.70022398683069 10.75101594499467 0
49.60757232548899 19.75008077170775 0
52.75250635575772 19.50041606683548 0
52.77973607145485 19.75021145175293 0
49.58272437740919 19.25023711553612 0
52.69934598403473 19.00080306796122 0
52.72568960255816 19.25061448368361 0
49.55870148293999 18.75038276815437 0
52.64806099946357 18.50115204606968 0
52.67347292432659 18.75098207650138 0
49.53536514884107 18.25051438628067 0
52.59872216910533 18.00145625893782 0
52.62314795638475 18.25131003624561 0
49.51259067876077 17.75062900272883 0
52.55129258622074 17.50171281874971 0
52.57476579727339 17.75159110648497 0
49.49026460365083 17.25072415722986 0
52.505770437002 17.00191540224284 0
52.52829807228525 17.25182102326199 0
49.46828421751001 16.75079791253103 0
52.4620494168264 16.50206250295449 0
52.48368638916064 16.75199624969464 0
49.44655607049454 16.25084888401166 0
52.4200583388735 16.00215123334554 0
52.44084259326674 16.25211419212562 0
49.42499541835454 15.75087624029894 0
52.37968105328942 15.50218130430028 0
52.39967900149335 15.75217346497429 0
49.40352527782479 15.25087972341343 0
52.34081062016315 15.00215254415114 0
52.36006532173522 15.25217407236655 0
49.38207552741112 14.75085966944487 0
52.30330619128689 14.50206808805352 0
52.32189312094377 14.75211715464336 0
49.36058227360641 14.25081697306296 0
52.26705518745032 14.00193032947491 0
52.28503087564795 14.2520055638657 0
49.33898672872243 13.75075310510534 0
52.23191992810368 13.50174448246215 0
52.24935423477573 13.75184314789498 0
49.31723420280357 13.25067007465023 0
52.19777126758461 13.00151601158865 0
52.21473236092165 13.25163509822496 0
49.29527256366497 12.75057038387608 0
52.16447624562235 12.50125167858787 0
52.18102691493547 12.75138779072752 0
49.27305018747072 12.25045694761803 0
52.13189725853989 12.0009593575194 0
52.14810669631123 12.25110846010894 0
49.25051318922691 11.7503330028906 0
52.09989363685001 11.50064743076866 0
52.11583281887392 11.75080526280293 0
49.22760136233853 11.25020199414244 0
52.06831754151487 11.00032463854769 0
52.08406140472104 11.25048679123821 0
49.20424243291103 10.75006744103813 0
52.05264174079943 10.75016199620112 0
43.23484665737926 19.75001506268777 0
46.42135647951543 19.5000682040629 0
46.41649620247518 19.75003413661671 0
43.2935855346994 19.25004503594369 0
46.43041714558408 19.0001321331801 0
46.42600276564934 19.25010071800589 0
43.34552333342906 18.75007369475881 0
46.43843169769335 18.50019119530448 0
46.43456138087782 18.75016205694127 0
43.3913341762268 18.2500998506061 0
46.44517183259991 18.00024335728422 0
46.44196141754963 18.25021784056193 0
43.43154810940578 17.75012264723404 0
46.45050410138334 17.50028791290211 0
46.44801366281557 17.75026635678541 0
43.46658734682708 17.25014144690492 0
46.45432976311905 17.00032396830807 0
46.45260341258399 17.25030679803116 0
43.496794009093 16.75015583414751 0
46.45658553430872 16.50035080341206 0
46.45565077591758 16.75033835278868 0
43.52245161945912 16.25016556167288 0
46.45722920667865 16.00036762259415 0
46.45711019635183 16.2503604885199 0
43.54380068200294 15.75017050414834 0
46.45627370732718 15.50037495301442 0
46.45695454036005 15.75037260867944 0
43.56105062819677 15.25017068301129 0
46.45370582368685 15.00037191075168 0
46.45518419501934 15.25037453528678 0
43.57438861181219 14.75016625195278 0
46.44956261468111 14.50035898158523 0
46.45182406906051 14.75036652770906 0
43.58398447430793 14.2501574670192 0
46.4438867852119 14.00033650671891 0
46.4469122968763 14.25034889380808 0
43.5899934619799 13.75014468633867 0
46.43675626705809 13.5003054456559 0
46.44050420709992 13.75032214277513 0
43.59255591016366 13.25012836887165 0
46.428258216705 13.00026663112299 0
46.43267289712174 13.25028696995886 0
43.59179380758597 12.75010903484397 0
46.41849797019633 12.50022104701022 0
46.42352959615894 12.75024464076286 0
43.58780366774166 12.25008724208169 0
46.40763292794266 12.00017018714731 0
46.41319427350362 12.25019621251126 0
43.58064390648047 11.75006360043649 0
46.39584053019872 11.50011535564167 0
46.40183639795156 11.75014314668322 0
43.57031508984559 11.25003868509087 0
46.38336594512879 11.00005812501682 0
46.3896696808401 11.25008694190311 0
43.55673001769988 10.75001296502154 0
46.37696747531213 10.75002908116028 0
37.35943579084802 19.74999970934499 0
40.32135631726301 19.50002207267571 0
40.28147934761428 19.7500119569853 0
37.50608729472355 19.24999808789854 0
40.39769935635708 19.00003852732757 0
40.36012885634529 19.25003071994984 0
37.63487028124215 18.75000605063724 0
40.46885758800555 18.50005159678558 0
40.43396751418796 18.75004545841238 0
37.74777687746917 18.25001071360449 0
40.53433961945327 18.00006285580312 0
40.50232061052117 18.25005720316023 0
37.84654028364733 17.75001245282117 0
40.59389877705839 17.50007399605722 0
40.56488364052533 17.75006863369573 0
37.9324104560126 17.25001211354148 0
40.64721454701051 17.00008210667204 0
40.62134719041011 17.25007852062268 0
38.00637024528231 16.7500104065503 0
40.69417709933292 16.50008618352533 0
40.67149832416937 16.75008478914467 0
38.06917439995165 16.25000779576109 0
40.73481317633405 16.00008641698395 0
40.71527779647616 16.25008670108949 0
38.12143234891481 15.75000463583475 0
40.7691641248005 15.50008281361723 0
40.75279983450692 15.75008540615175 0
38.16372038450118 15.25000116681242 0
40.79752073939451 15.00007725451395 0
40.78406091275748 15.25008008734719 0
38.19658437781784 14.74999753645793 0
40.82003705951848 14.50006986781422 0
40.8094699255382 14.75007362931012 0
38.22037512136089 14.24999385431937 0
40.83699880227667 14.00006123341892 0
40.82917578944518 14.2500656263465 0
38.2352576175823 13.74999029257169 0
40.84866712270373 13.50005171683235 0
40.84345684915544 13.75005654944802 0
38.24139372024767 13.24998716015977 0
40.85545729006868 13.00004178935025 0
40.85268448903138 13.25004673580284 0
38.23890458459068 12.7499849877068 0
40.85778158671305 12.50003153029491 0
40.85713991566723 12.75003670804563 0
38.22789903086031 12.24998425861654 0
40.85608231184474 12.00002166891589 0
40.85737789728286 12.25002665402258 0
38.20831963220893 11.74998555174471 0
40.85101737138324 11.50001270085659 0
40.85390890159571 11.75001722713641 0
38.17994816770211 11.24998931573682 0
40.84334922354797 11.00000587042419 0
40.8474362264526 11.2500092228279 0
38.14230389236145 10.74999575261626 0
40.83890135761577 10.75000249617974 0
32.42183106612629 19.74998917614432 0
34.9412156570012 19.49999710441654 0
34.86306278623603 19.74999989606227 0
32.66264530431382 19.24996504567794 0
35.08887158124885 18.99998686978289 0
35.01656352412741 19.24999251539555 0
32.86439699997423 18.74992721955262 0
35.22379469922078 18.499974601881 0
35.15799973928329 18.74998085160361 0
33.03824792504235 18.2498964111143 0
35.34511470495054 17.9999624735351 0
35.28618637989402 18.24996843253127 0
33.18740235520649 17.74987137733495 0
35.45252018668568 17.49995163082868 0
35.4005647900251 17.74995685781541 0
33.31410605802962 17.24985138093491 0
35.54601443909781 16.99994250192073 0
35.50100017289673 17.24994684269133 0
33.41996764455523 16.74983596030663 0
35.62579608461086 16.49993519206226 0
35.58760444622633 16.74993862058284 0
33.50618224713325 16.24982483095527 0
35.69227750900726 15.99992966195865 0
35.66065916243788 16.24993221037179 0
33.57364588680045 15.74981782406232 0
35.74579792988035 15.49992581182206 0
35.72062303268709 15.7499275325553 0
33.62301287011542 15.24981485683441 0
35.78663379613615 14.99992356719944 0
35.76775668532247 15.24992449378013 0
33.65476873879 14.74981590860677 0
35.81516591282908 14.49992287701712 0
35.80239978555846 14.74992303225275 0
33.66923617569977 14.24982100755888 0
35.831898228665 13.99992367916372 0
35.82500270027128 14.24992309028319 0
33.66658127883463 13.74983021073079 0
35.83703020179536 13.49992600920922 0
35.83588767557832 13.749924649872 0
33.64679705353955 13.24984358838402 0
35.83097848541144 12.99992999195608 0
35.8353701514209 13.24992778187722 0
33.6096749697227 12.74986120290846 0
35.81431069724199 12.4999359051761 0
35.82393512551635 12.7499326739247 0
33.55473611478266 12.24988309162413 0
35.78773015438536 11.99994436741655 0
35.80220961783917 12.24993975226617 0
33.4811352120506 11.74990920032307 0
35.75220962800565 11.4999565102221 0
35.7710089586443 11.7499498979573 0
33.38725831448063 11.24993981628483 0
35.70913827142027 10.99997414894677 0
35.7315030844044 11.24996455168394 0
33.26997609311276 10.74997729514676 0
35.68536731913989 10.74998579763499 0
28.49839090830169 19.74992873664287 0
30.55212915956128 19.49991918053835 0
30.42150899794521 19.74995778182858 0
28.86137566967746 19.24979950614158 0
30.79254349318933 18.9998517006961 0
30.67581200075457 19.24988382394886 0
29.15605347466182 18.74968325930765 0
31.00481223941628 18.4997956776132 0
30.90219213237184 18.74982236215595 0
29.40145744618859 18.24959321129713 0
31.1892464847447 17.99974968840123 0
31.10049426343362 18.24977151758696 0
29.60576177348724 17.74952368846953 0
31.34690861712399 17.49971282578744 0
31.27129361986187 17.74973013645262 0
29.77412193300731 17.2494710799046 0
31.47891442723515 16.99968432441293 0
31.4161201322006 17.24969759869568 0
29.90993921425814 16.74943298431019 0
31.58632836075882 16.49966360554943 0
31.53571176121127 16.74967303655234 0
30.01551179616755 16.24940783876944 0
31.67007384925915 15.99965026596955 0
31.63102548177589 16.24965603802534 0
30.09243047467582 15.74939456543195 0
31.73090519336299 15.49964406381893 0
31.70339775872168 15.74964625321041 0
30.14172506315369 15.24939252035693 0
31.76940740300123 14.99964488797023 0
31.75283348305204 15.24964365603142 0
30.16401028394188 14.74940127663649 0
31.78600056161343 14.49965273115563 0
31.7803376841459 14.74964801292981 0
30.15950709822982 14.24942055935097 0
31.78096275349946 13.99966766588236 0
31.7860938405742 14.24965940829164 0
30.12801718545907 13.74945021431667 0
31.75444474349297 13.49968983710244 0
31.77030988624873 13.74967795184417 0
30.06891505469371 13.24949003699852 0
31.70651718586898 12.99971944737991 0
31.73309022053862 13.24970381472431 0
29.98099195811113 12.74953974050853 0
31.63723412188261 12.49975677199373 0
31.67459254718423 12.74973701649557 0
29.86229312342924 12.24959871708012 0
31.54674957303256 11.99980218090423 0
31.59458439152049 12.24977852343692 0
29.70965418579245 11.7496659804141 0
31.43550047405898 11.49985620210525 0
31.49365025526832 11.74982812864597 0
29.51252983062982 11.24976268408009 0
31.30425545110506 10.99992079462305 0
31.37228279557233 11.24988704246417 0
29.25886578902234 10.74991236289942 0
31.23150956854752 10.74995812792228 0
25.54087070634372 19.74977928924648 0
27.17416567098405 19.49974195612638 0
26.97511093772961 19.74986087575842 0
26.02560337924482 19.24943690795297 0
27.52795504296672 18.99954724962814 0
27.35832743503666 19.24963845290625 0
26.40748969909655 18.74918491993265 0
27.82700111404802 18.49939538124065 0
27.68393848574487 18.74946651286438 0
26.71664607853976 18.24899554392232 0
28.0771451728225 17.99927870209616 0
27.9577466154843 18.24933337297699 0
26.96826969083233 17.74885383891636 0
28.28356768891625 17.49919089835905 0
28.18552057992385 17.74923155264213 0
27.17123962094211 17.24875009103757 0
28.45075999287727 16.99912665079258 0
28.37196513291612 17.24915576947092 0
27.33117749427362 16.74867809173757 0
28.58194473966676 16.49908272915935 0
28.52071327203421 16.74910225513902 0
27.45175874907707 16.2486338264966 0
28.67875592591448 15.99905827797511 0
28.63448027998672 16.24906829146319 0
27.5354126083756 15.74861457608837 0
28.74362383531273 15.49905010230152 0
28.71516124028985 15.74905211984033 0
27.58365788372508 15.24861856268762 0
28.77661593089336 14.99905907789226 0
28.76401134948308 15.24905258324701 0
27.59728352549772 14.74864477571342 0
28.77880345684575 14.49908354966764 0
28.78147039473853 14.74906955296079 0
27.5763768753119 14.2486929781941 0
28.74987478837665 13.99912397007683 0
28.76835657795402 14.24910154077595 0
27.52030059840169 13.74876373401893 0
28.68943893971103 13.49918038470027 0
28.72367838679457 13.74915007718847 0
27.42765787967166 13.24885834840819 0
28.59598648040931 12.99925460799009 0
28.64699543070159 13.24921504859355 0
27.29610985250184 12.74897905673163 0
28.46803721622428 12.49934810299997 0
28.53637397645995 12.74929893417861 0
27.12186078369106 12.24912949257287 0
28.30334949283161 11.99946420246138 0
28.3905097540084 12.24940292013111 0
26.89885098409999 11.74931505086336 0
28.099236084875 11.49960881663486 0
28.20644357701369 11.74953235357578 0
26.61674235818636 11.24954365924981 0
27.85420520788798 10.9997873614237 0
27.98179357921875 11.24969386986256 0
26.25575540196383 10.74982855443166 0
27.71689432986953 10.74988930253031 0
23.45578951045614 19.74958381411696 0
24.70144130967928 19.49942913464687 0
24.45091286075638 19.74969061766302 0
23.98672338037821 19.24894114787758 0
25.14058123836898 18.9990161566059 0
24.93131610993634 19.24920593503539 0
24.4068457061838 18.74847350315261 0
25.50254366019006 18.49871273839565 0
25.33057458891253 18.74885222000767 0
24.74754824456938 18.24812794805348 0
25.79867917525127 17.99848679762572 0
25.6581874777034 18.24859124123731 0
25.02386804183568 17.74787420664314 0
26.03835986635295 17.49832267979878 0
25.92496976530666 17.74839895859898 0
25.24510582908077 17.24769212634062 0
26.22876990761801 16.99820681931458 0
26.1392682737464 17.24826011424046 0
25.41754869984857 16.74756833014749 0
26.37481898742422 16.49813167412125 0
26.30697642805971 16.74816535585612 0
25.54548172028431 16.24749400857688 0
26.4798977442533 15.99809190065659 0
26.43243657307928 16.24810693526861 0
25.63182999161272 15.74746258655995 0
26.54645965249056 15.49808285033077 0
26.51791953137092 15.74808353376508 0
25.67825240515791 15.24747111435508 0
26.57501233298413 14.99810577703038 0
26.56538667135681 15.2480906848325 0
25.68561613911418 14.74751734339591 0
26.56690969088411 14.49815606357298 0
26.57560181934323 14.74812726614819 0
25.65389029037357 14.24760074712576 0
26.52109849128142 13.99823646765958 0
26.54861865295337 14.24819287039785 0
25.58215535334696 13.74772238313788 0
26.43643478272914 13.49834777392607 0
26.48369651607228 13.74828821729841 0
25.46865150185159 13.24788485795439 0
26.31125270994783 12.99849189157968 0
26.37900653355168 13.24841555343019 0
25.31047420061379 12.74809315900449 0
26.14193501411301 12.49867377436668 0
26.23232659284109 12.74857778303561 0
25.10316939586811 12.24835544960815 0
25.92437402158256 11.99890032103734 0
26.0396175475546 12.24878091310109 0
24.84006950421264 11.74868511084861 0
25.65262509949621 11.49918270177988 0
25.79563264925317 11.7490336021545 0
24.51009466888937 11.24910445180138 0
25.32145847095195 10.99953937857233 0
25.49474400633708 11.24935031904476 0
24.09049319640284 10.74965360899106 0
25.1332744031202 10.74975431745237 0
21.99559770822021 19.74937034505343 0
22.9491908769614 19.4990383221952 0
22.68386156114987 19.74948058755314 0
22.50862751053484 19.24837235607383 0
23.41347549412707 18.99833931693339 0
23.19244147438616 19.24866289890824 0
22.92560401863172 18.74763032231183 0
23.79467570462635 18.49782446267232 0
23.61356809057855 18.74806427774954 0
23.26783856738574 18.24707552164669 0
24.10570194434676 17.99744380481224 0
23.95830803328848 18.24761780133424 0
23.54680019209237 17.74666306121181 0
24.35686966952168 17.49716578051766 0
24.23832916933243 17.74729186069685 0
23.77038034507034 17.24636316294445 0
24.5554829455911 16.99696946920546 0
24.462475160657 17.24705679921449 0
23.94417641757072 16.74615643469268 0
24.70664410523017 16.49684090915038 0
24.63684167592844 16.74689600936513 0
24.07216518072365 16.24602791198264 0
24.81383645233646 15.99677063549663 0
24.76546574632576 16.24680017374907 0
24.15710217666032 15.74596649893878 0
24.87926434820393 15.49675290539565 0
24.85154506070361 15.7467566438955 0
24.20053993212328 15.24596719062822 0
24.90418837568739 14.99678370153357 0
24.8966333661006 15.24676315071652 0
24.2032692708326 14.74602587018117 0
24.88896663617211 14.49686121917827 0
24.901482810742 14.74681720864659 0
24.16512898885852 14.2461418484379 0
24.83312259723538 13.99698558521547 0
24.86629744980234 14.24691721073598 0
24.08509216302409 13.74631684294203 0
24.73504728551176 13.49715904519831 0
24.7894688499223 13.74706601686271 0
23.96130234074572 13.24655577596146 0
24.59283164930913 12.99738749588289 0
24.66970959937913 13.24726589903569 0
23.7906214777678 12.74686813315159 0
24.4020069182094 12.49767864659134 0
24.50374067103344 12.74752441496643 0
23.56842004528551 12.24726990634148 0
24.15763175835451 11.99804942713485 0
24.28702956180027 12.24785335204622 0
23.28791115736969 11.74778876870398 0
23.85176069011357 11.49852406800633 0
24.01293313210455 11.74827141608719 0
22.93815956580166 11.24847000021607 0
23.47523661075828 10.99914869813196 0
23.67292457342425 11.24881430868042 0
22.49668617004756 10.74939701552961 0
23.25874659345611 10.74953955618015 0
20.94740200060208 19.74917446743469 0
21.68992175739174 19.49863743672499 0
21.44014243992868 19.74927050501705 0
21.40743287721151 19.24780879683407 0
22.13150097459753 18.99760681113584 0
21.92047492872019 19.24808861664771 0
21.79279733467937 18.74675205603081 0
22.49905927919017 18.49682956917938 0
22.32392838561259 18.74719075892913 0
22.11483324781534 18.24593260345383 0
22.80223747025687 17.99623416586897 0
22.65816881160261 18.24651146903858 0
22.38020737740653 17.74530949581898 0
23.04832418758344 17.49579848036343 0
22.93199523719435 17.74599945982894 0
22.59429182777568 17.24484280756044 0
23.24359810016781 16.99547466001624 0
23.1520506639752 17.24562250670681 0
22.76117793174045 16.74450516437733 0
23.39162650954525 16.49526256002102 0
23.323269548404 16.74535697524412 0
22.88379309070781 16.24428143659724 0
23.49580618998678 15.99513473328769 0
23.44897106660367 16.24519034624852 0
22.96428209848995 15.74415634898238 0
23.55812435121454 15.49508316104904 0
23.53212175388141 15.74509956655895 0
23.00388875560638 15.24412161538553 0
23.57928334132797 14.99510680659141 0
23.57367874154239 15.24508737640052 0
23.00316269126228 14.74417194734198 0
23.55988418617473 14.49519926604714 0
23.57470505485523 14.74514410400481 0
22.96194448160674 14.24430627434409 0
23.49900967002981 13.99536328538206 0
23.5345590860417 14.24527239530508 0
22.87919548871425 13.74452777000588 0
23.39529539831182 13.4956008344032 0
23.45261211818775 13.7454724796266 0
22.7532977206005 13.24484559202467 0
23.24662740218848 12.99592281868328 0
23.32688268386685 13.24575122529903 0
22.58149537408836 12.74527611663095 0
23.04921554488359 12.4963458720513 0
23.1543706129348 12.7461212999327 0
22.35990775070665 12.24584763879115 0
22.79781132970188 11.99689798216895 0
22.93061026070443 12.24660239453901 0
22.08314892179319 11.74660813920489 0
22.48489583739333 11.4976243906542 0
22.64958845255892 11.74723508465546 0
21.74366987363249 11.24763668005285 0
22.10132717385028 10.99861198081733 0
22.30251147181663 11.24807875718952 0
21.32783654970312 10.74906490097455 0
21.88167519439797 10.74924342751213 0
20.17228569675503 19.74901305545067 0
20.75428170246422 19.49827321697103 0
20.53744197366817 19.7490907028963 0
20.55799702891218 19.24730002910309 0
21.14581341527431 18.99689885895147 0
20.95741302675236 19.24754565838528 0
20.89439269031555 18.74590571373107 0
21.47963674614309 18.49580940281902 0
21.31969045685651 18.7463257659297 0
21.18244657928452 18.24478138038522 0
21.75946382815908 17.99495618793651 0
21.62608829239876 18.24535235246275 0
21.42374193235961 17.74388796132604 0
21.98928577618831 17.49429821651793 0
21.88045502004202 17.74460093201665 0
21.62039909283961 17.24319437756494 0
22.17257670757558 16.99380231380289 0
22.0864822088456 17.24403553729609 0
21.77457379102535 16.74266839639278 0
22.31205557434446 16.49344715076954 0
22.2477277630727 16.74360502685092 0
21.88795487881832 16.24229311933935 0
22.40975377460627 15.9932157653323 0
22.36611088144002 16.24331417737783 0
21.96182043787027 15.74205357268597 0
22.46704922304965 15.4930951764969 0
22.44348566493495 15.74314009673445 0
21.99702258958973 15.24193776103503 0
22.48484055630688 14.9930759968549 0
22.48086919407453 15.24307283839977 0
21.99380628405897 14.74194156387616 0
22.4629171187995 14.49315920599068 0
22.47874024985049 14.74310572921861 0
21.95203690925514 14.24206487498335 0
22.40111035492469 13.99334512391175 0
22.43706208591643 14.24323871005379 0
21.87093343571501 13.74231475555258 0
22.29791893212331 13.4936408470691 0
22.35470200178636 13.74347775286481 0
21.7493096163627 13.24270749939533 0
22.15160736986714 12.99406315762313 0
22.23021601432221 13.2438330668006 0
21.58529819567406 12.74327022773404 0
21.95936217803638 12.49463810657464 0
22.06140629306872 12.74432863351409 0
21.37654340489593 12.24404831548516 0
21.71764507988099 11.99541538330582 0
21.84495244334468 12.24499737739363 0
21.12039257035149 11.74511974967067 0
21.42189059882424 11.4964747004454 0
21.57688817650625 11.7459056318697 0
20.81420606859795 11.24660094554812 0
21.06736059046206 10.99793589367177 0
21.25217376763926 11.2471457352271 0
20.45535143088911 10.74866762152939 0
20.86864863475228 10.74887715676665 0
19.57215188141229 19.74888554859586 0
20.03225660152449 19.49797173357124 0
19.85792804394887 19.74894590853996 0
19.87458853757843 19.24686592858325 0
20.35895023195501 18.9962516888077 0
20.1999866872346 19.247074163215 0
20.15378977024337 18.74513125583168 0
20.64730215515389 18.49483442542288 0
20.50819043474177 18.74550778757336 0
20.4007008427855 18.24366967106178 0
20.89464405347054 17.99367030222816 0
20.77616898080634 18.24421899949442 0
20.61187143893179 17.74245959934825 0
21.10090183922244 17.4927322760783 0
21.00291762761747 17.74316952349455 0
20.78638615261951 17.24147210351628 0
21.26690336645467 16.9919976307694 0
21.18880054974621 17.242346150779 0
20.9242683548763 16.74068951138125 0
21.39388650542538 16.49143519711035 0
21.33520187468012 16.74169606282817 0
21.02592742858114 16.24009258300455 0
21.48261791087356 15.99103980226985 0
21.4430378693261 16.24121524676344 0
21.09183002434177 15.73966597428705 0
21.53396944319617 15.49078959983273 0
21.51300035235699 15.74089497403416 0
21.12221268617922 15.23940324459022 0
21.54833179569473 14.99067872729422 0
21.54582972793702 15.24071573265789 0
21.11721327912549 14.73929998226276 0
21.52566548099097 14.49070734735859 0
21.5415728094321 14.74067564204329 0
21.07672241230723 14.23936202130992 0
21.46557594940031 13.99088228182701 0
21.50024534389856 14.24077505619183 0
21.00023679554341 13.73960443239124 0
21.36720690139174 13.49121493727742 0
21.4212219839316 13.74102756358243 0
20.88722528484955 13.24005663577576 0
21.22968114925353 12.99173847073353 0
21.30350304984141 13.24145309351348 0
20.73696870009659 12.74076590220492 0
21.05150347480674 12.49249835659843 0
21.1458048621517 12.74208690978475 0
20.54885363907425 12.24180258159372 0
20.83122395561991 11.99356631094195 0
20.94666984203538 12.24298557581612 0
20.32297146845588 11.74327614447457 0
20.56791926776272 11.49505293598446 0
20.70492960559657 11.74424621848594 0
20.06100704040901 11.24534033939237 0
20.26272225909238 10.99712247067349 0
20.42030801585121 11.24600177997253 0
19.76729235987314 10.74820117772158 0
20.09680204647739 10.74844629793824 0
19.06320965317332 19.74878047926677 0
19.44293565955957 19.49772207712076 0
19.31096501422688 19.74883132348245 0
19.29261026651114 19.24649504291791 0
19.7021814349702 18.99569467628016 0
19.57428273964437 19.24667417085512 0
19.51621212898318 18.7444387608505 0
19.94128186085419 18.49392307433304 0
19.82489970918181 18.74477774390308 0
19.72089654605407 18.24262880071865 0
20.15201905587989 17.99242417582266 0
20.05046969796639 18.2431434170955 0
19.90003156440946 17.74106498799296 0
20.33102565026206 17.49115584487524 0
20.24564613046988 17.74175719962451 0
20.05036436768195 17.23972862648229 0
20.47690451101364 16.99010286143475 0
20.40816085032455 17.2406015453651 0
20.1702775590495 16.7386118824682 0
20.58904343756249 16.48926595129831 0
20.53711571846758 16.73966571304276 0
20.25894571418193 16.23770975385857 0
20.66738545059238 15.98862559168641 0
20.63242509416931 16.23892280907479 0
20.31618192391035 15.73700311455003 0
20.71218734558939 15.48816211821084 0
20.69405744830676 15.73836820628942 0
20.34174192786466 15.2364972882098 0
20.72333169521857 14.98788086980811 0
20.72189511150044 15.23800027932244 0
20.33554054737622 14.73619753087291 0
20.70089773675956 14.48778660276821 0
20.71631632079396 14.73780931237359 0
20.29744769300532 14.23612022519883 0
20.64451093517129 13.98789486290381 0
20.67687650593198 14.23781282470687 0
20.22740415966362 13.73629566169353 0
20.55399921858088 13.48823431802851 0
20.60346586075031 13.73803053570769 0
20.12545284529491 13.23677485383277 0
20.429037234753 12.9888487469598 0
20.49581134569729 13.23850227370664 0
19.99188615175877 12.73763237014195 0
20.26976730847675 12.4898212834362 0
20.3537337777904 12.73928864898907 0
19.82769921137913 12.23898088023035 0
20.0767165363612 11.99125268967395 0
20.17741006510188 12.2404743982627 0
19.63512600653354 11.74096963539886 0
19.85205758722312 11.49329687545406 0
19.96813543678088 11.74218971999659 0
19.4188494628013 11.24379363654216 0
19.60096417862701 10.99614820780603 0
19.72930589211241 11.24460907523962 0
19.18750039826372 10.74764648243971 0
19.46894282086972 10.74793866214309 0
18.58966120352705 19.74869522298983 0
18.92332787846498 19.49751088801714 0
18.82401540146921 19.74873623097813 0
18.76576340910984 19.24618700507786 0
19.12491159280651 18.99520924668306 0
19.02437186696613 19.24633585870468 0
18.94236467423708 18.74384567667757 0
19.31791273521522 18.49310578269214 0
19.2232071116826 18.74413068923209 0
19.10850293930529 18.24169094742345 0
19.49265875716629 17.99124408572681 0
19.40797056736368 18.24214592278038 0
19.25697473456685 17.73974425467609 0
19.64388169192607 17.48960217357572 0
19.5713995771865 17.74040211345426 0
19.38340881637907 17.2380085104059 0
19.76857797349825 16.98818320811148 0
19.70970830179088 17.23885971226875 0
19.48519351926354 16.73648226562226 0
19.86512700439909 16.48697946258022 0
19.82048893074866 16.73754903806623 0
19.56074400297748 16.2351696641997 0
19.93263947946957 15.98598740905435 0
19.90248523140114 16.23646216937562 0
19.60920499657842 15.73406940654278 0
19.97065446466389 15.48520711285331 0
19.95540804836263 15.73556763542287 0
19.63004094618189 15.2331964862303 0
19.97890395672628 14.98464704849825 0
19.97856890795407 15.23489720404186 0
19.6229579049618 14.73257418348683 0
19.95724382248913 14.48432578166289 0
19.97187650265752 14.73445511356967 0
19.58794794815604 14.2322392990919 0
19.90575684531267 13.98428017483572 0
19.9352226622409 14.23426523279562 0
19.52514707532837 13.73224892649265 0
19.82441972051723 13.4845572898248 0
19.86872669178292 13.73437074035073 0
19.43512917696978 13.23269163542866 0
19.71390570217438 12.9852472117075 0
19.77275735648133 13.23484368433825 0
19.31894900985047 12.73368844781136 0
19.57517568897174 12.48645575243913 0
19.64790855729416 12.73577238656572 0
19.17860302161452 12.23540115454845 0
19.41043155168997 11.98833660915913 0
19.49584929586565 12.23730028630488 0
19.01770286600192 11.73804364992959 0
19.22389924239927 11.49109970340704 0
19.31954134895756 11.73959722093121 0
18.84229602800477 11.24183679088455 0
19.02298403335685 10.99494368333247 0
19.12457717046302 11.2428740233607 0
18.6625365375327 10.74695122352764 0
18.92106482191223 10.74731994672944 0
18.13055076949897 19.74862838400882 0
18.43563890736481 19.49734076803093 0
18.35902483036211 19.74866026489847 0
18.26749796754374 19.24593550906532 0
18.59297278743813 18.99479486206979 0
18.51409828781506 19.24605402975613 0
18.40675284710124 18.74334040237797 0
18.74688044698653 18.49239986204787 0
18.67093253876787 18.74357811173513 0
18.54000310664789 18.24086683662041 0
18.88919775421854 17.99016704641576 0
18.81986064951576 18.24126938811072 0
18.66097151905145 17.73853748351262 0
19.01428069675507 17.48812893699296 0
18.95415231274212 17.73912423647271 0
18.76529642607851 17.23635484964538 0
19.11862683372894 16.98627115598461 0
19.06924265974207 17.23717165739202 0
18.84989601452872 16.73434880962457 0
19.1999107022465 16.48460937308982 0
19.16229675663638 16.73540963263732 0
18.91287939654443 16.2325166973685 0
19.25668073469219 15.98315421613813 0
19.23137456450644 16.23386025598212 0
18.95295904311849 15.73088308473269 0
19.288156975774 15.48191713004782 0
19.27561048750655 15.73250704735148 0
18.96936388019859 15.2294814831728 0
19.29373687292831 14.98093242832619 0
19.29423885897623 15.23139045918444 0
18.96169032102732 14.7283610356373 0
19.27331898999034 14.48023777368088 0
19.28682482265362 14.73054572867647 0
18.92998749380261 14.22759414156718 0
19.22703745674289 13.97990055759276 0
19.25342464644857 14.23002062752217 0
18.87449851868289 13.7272810550415 0
19.15533211655026 13.48001435827582 0
19.1942797353171 13.72989113587861 0
18.79616950084475 13.22757494075547 0
19.05917425320757 12.98071107551389 0
19.11017335327754 13.23027476926875 0
18.696366563827 12.72865656147284 0
18.94028732975518 12.48215919316995 0
19.00241262914211 12.73132784965393 0
18.577636552067 12.23077860174598 0
18.80178068435238 11.98459759360871 0
18.87326297789915 12.23324388726997 0
18.44390467050252 11.73422804280941 0
18.64851012765787 11.48827166245452 0
18.72659553889204 11.73626660155239 0
18.30111552905005 11.23926620534455 0
18.48826222271362 10.9933971605071 0
18.56862040354737 11.24064300283281 0
18.15812679300508 10.74602817567318 0
18.40903263931122 10.74652458234632 0
17.67674801401157 19.74858710575946 0
17.96315690287308 19.49721853724267 0
17.90320602634367 19.74860574155502 0
17.78449467647858 19.24576988935477 0
18.08658672550078 18.99448092551703 0
18.02460097733791 19.24584045344084 0
17.89415171769064 18.74296290062456 0
18.20865790176562 18.49181456837338 0
18.148205957371 18.74314229177918 0
18.00005624799963 18.24019475618146 0
18.32306533548153 17.98923434549658 0
18.26715262376636 18.24051446134854 0
18.09723633035915 17.73748517207784 0
18.42486380726939 17.48677048174588 0
18.375757211369 17.73799615434299 0
18.18178768681496 17.23484434188315 0
18.51056072659394 16.98441993177232 0
18.46990853183965 17.23557826896586 0
18.2507991695121 16.7322840960422 0
18.5775301288375 16.48222224372889 0
18.54648414875864 16.73330592381974 0
18.30216565106589 16.22982571077653 0
18.62430351372587 15.98016379903663 0
18.60353551430569 16.23117073084292 0
18.33456735407844 15.72749082519746 0
18.64960649903163 15.47830742911341 0
18.63963057052614 15.72921229928735 0
18.3470008267991 15.22535153468429 0
18.65288941606875 14.97669945539229 0
18.6540591156782 15.22746688811619 0
18.33903321078082 14.72349248600006 0
18.63387396778388 14.47541939869022 0
18.64615056387913 14.72601235539959 0
18.31064506415382 14.22204105680304 0
18.59284776080646 13.9745863887485 0
18.61612290441665 14.22493977513177 0
18.26217705289487 13.72116907088646 0
18.53034148606678 13.47435723828756 0
18.56418986183604 13.7243816894763 0
18.19459760443366 13.22111414566631 0
18.4475439193771 12.97494094031062 0
18.49140340677707 13.22453618421674 0
18.10941764940675 12.72217141319989 0
18.34647242679126 12.47660969347647 0
18.39915488682058 12.72562535425237 0
18.00906530963855 12.22470965039203 0
18.23026337882419 11.97969555682665 0
18.29001235005738 12.22795360461006 0
17.89702308128763 11.72912553113377 0
18.10341897562687 11.48451125276658 0
18.1678003874116 11.73186555956762 0
17.77816060790596 11.23577151859316 0
17.9725107417671 10.99131066671538 0
18.03799372118879 11.23765851268529 0
17.65864614705094 10.7447470413069 0
17.90803028140898 10.74544174948229 0
17.22634759255396 19.74858071214935 0
17.49840014559361 19.49715442357027 0
17.45122953953865 19.74857867150537 0
17.31036400177405 19.24570264724143 0
17.59516955145608 18.99428119362537 0
17.54656337196504 19.24572533096347 0
17.39588231046583 18.74274495127254 0
17.69126929999932 18.4913803585699 0
17.64360129244703 18.74283252970453 0
17.47892883245739 18.23972776228414 0
17.78204909284377 17.98848743382235 0
17.7375774903142 18.23993710966189 0
17.55573724583022 17.73665910964125 0
17.86354020159752 17.48560615529503 0
17.82418338207873 17.73704193294625 0
17.62299832871892 17.23355609222251 0
17.93258816169027 16.98273632373851 0
17.89981028212387 17.23416311012025 0
17.67814784472092 16.73039718441739 0
17.98676810064088 16.47989405142913 0
17.96162353617359 16.73131770219828 0
17.71918747862297 16.22719206493486 0
18.02436369408644 15.97710192981727 0
18.00769634418903 16.22849314803391 0
17.74468581520139 15.7239778723793 0
18.04419391292693 15.47441559759577 0
18.03650930209701 15.72574457891967 0
17.75367957848432 15.22084004965749 0
18.04551721921763 14.97192669136921 0
18.04718819142212 15.22313975130077 0
17.74569692476316 14.71791919441096 0
18.0280923080343 14.46976855120707 0
18.03914186745455 14.72079543098237 0
17.7205849194769 14.21542442173084 0
17.99210415739246 13.96813854417652 0
18.01243104950151 14.21887577945895 0
17.67871932597893 13.71363936203345 0
17.93812668853788 13.46729347884223 0
17.96732912518593 13.71760244796946 0
17.62087122866116 13.21292264812453 0
17.86731360727329 12.96756074102309 0
17.90470532600969 13.2172604968056 0
17.54840943572434 12.71373342507676 0
17.78144513526901 12.46933918132047 0
17.8261037584462 12.71823005572728 0
17.46320013415356 12.21659944645369 0
17.68326169081712 11.97312559894088 0
17.73370412727816 12.22095336623233 0
17.36792389695956 11.7221328111524 0
17.57627023484685 11.47936792965092 0
17.63058533458409 11.72590996147196 0
17.26593894631001 11.23085285422105 0
17.46520167506268 10.98839019659141 0
17.52092970288781 11.23353078950713 0
17.1614853922333 10.74290251199472 0
17.40981115590987 10.74391264072819 0
16.77784447632238 19.74861559904031 0
17.03835551958421 19.49717189996381 0
17.00189510687413 19.74859321651087 0
16.84174326305169 19.2457782651695 0
17.11300326195203 18.99423201048543 0
17.07550636529245 19.24572233993728 0
16.90680085920231 18.74273146774489 0
17.18737336956742 18.4911564759774 0
17.1504373029284 18.74270664901472 0
16.97041938659302 18.23949819640609 0
17.25809187399858 17.98798402482876 0
17.2233900912909 18.23958339144065 0
17.02967336960279 17.73612778109508 0
17.3220205434165 17.48471206938249 0
17.2910999234458 17.73635648891558 0
17.08189640494438 17.23259803812649 0
17.37648787086977 16.98131339159731 0
17.35057769186885 17.23303201340759 0
17.12486566587302 16.72884035418314 0
17.41924150742544 16.47778548564384 0
17.39942912521868 16.72957045630225 0
17.15677424191832 16.22481099645701 0
17.44878413887724 15.97410080684626 0
17.43574830169716 16.22595939478617 0
17.1762815806805 15.72051506987255 0
17.46383575171916 15.47034106681855 0
17.45814719597363 15.72222723559736 0
17.18250391139713 15.2160494542415 0
17.46369855226646 14.96663333671515 0
17.46566031344478 15.21847015990083 0
17.17480394046287 14.71163462859757 0
17.44802553875716 14.46319670003779 0
17.45778627560087 14.71486312609031 0
17.15305866237115 14.20760086147867 0
17.41688634358281 13.96033998366389 0
17.434334803603 14.21166978715433 0
17.11742476845399 13.70438259086542 0
17.37074019072323 13.4584554610393 0
17.39562800339921 13.70924577931161 0
17.06847970261641 13.20251709178876 0
17.31055743121518 12.9580459616569 0
17.34231516592047 13.20802814364712 0
17.0071894451653 12.70267030131966 0
17.23764683897611 12.45970467606574 0
17.27560411131748 12.70857872677365 0
16.93470470446371 12.20562579616046 0
17.1538698328966 11.96414916261569 0
17.19699668876539 12.21153518986095 0
16.85251519270772 11.71233344583337 0
17.06154860442706 11.47213136993899 0
17.10861431896797 11.71765516206331 0
16.76224310077246 11.22370938868414 0
16.96342447152045 10.98415775045931 0
17.01301392852342 11.22762636494038 0
16.66558712551255 10.74013342484104 0
16.91318992866638 10.74166485390832 0
16.33116252421392 19.74873186909268 0
16.58131634837948 19.49731194952893 0
16.55428682783564 19.74865674667793 0
16.37654432798447 19.24608064447192 0
16.63667272625901 18.99439522069479 0
16.60882745273256 19.24589299169717 0
16.42351034481977 18.74298983990259 0
16.69232247648107 18.49118419998335 0
16.66459961450944 18.74282499019743 0
16.47021849583203 18.23956646252961 0
16.74578526435322 17.98776350616841 0
16.71949208674207 18.23949531687756 0
16.51424113527918 17.73595342695352 0
16.79447497697144 17.48417158485465 0
16.77086347689074 17.73599726073727 0
16.55335003737209 17.2321060097199 0
16.83614970656442 16.98032006001174 0
16.8162949346288 17.23229258471992 0
16.58564312313838 16.72784206801414 0
16.8689616548944 16.47608544663066 0
16.85377765434695 16.72825341367516 0
16.6096082157985 16.22296526336066 0
16.8914265675138 15.97139703685563 0
16.88156322352905 16.22379940400943 0
16.62406877602971 15.71738742078328 0
16.90248269683944 15.46628038171052 0
16.89841480826268 15.71888694374088 0
16.62812531580421 15.21119915188995 0
16.90138198249587 14.96091728781412 0
16.90348232334393 15.21361199358997 0
16.62111777644287 14.70470531690541 0
16.8876659443667 14.45564656863563 0
16.89608567084151 14.70824237689453 0
16.60283970290701 14.19842983600036 0
16.86133640763855 13.95095235444419 0
16.87604709012366 14.20318989116618 0
16.57338330751666 13.69305802870114 0
16.82265037698753 13.44742575420661 0
16.84350608524498 13.69900174814545 0
16.53300007608811 13.18934903728217 0
16.77221336601635 12.94577631094394 0
16.7988486551478 13.19631505628484 0
16.48210245046312 12.68817520158819 0
16.71073026584608 12.44684494405491 0
16.74278254173399 12.69590399277185 0
16.42104937107004 12.19065081921636 0
16.6390138251484 11.95170330226565 0
16.67609395002002 12.19872079271838 0
16.34993395862013 11.69829635629958 0
16.55785109847376 11.4616502197614 0
16.59957873834597 11.70596077690504 0
16.26835991149535 11.21293750629759 0
16.46778048812498 10.97777346783216 0
16.51388884287151 11.21889878563836 0
16.17541442864429 10.73577184941406 0
16.41965883572504 10.73821787604908 0
15.8863830273519 19.74905201461449 0
16.12630394917845 19.49767363728329 0
16.10883106478983 19.74885633944332 0
15.91273615102816 19.24679552343395 0
16.16369304514245 18.99488687122209 0
16.14464140335259 19.24636653050845 0
15.94330365607748 18.74363655420695 0
16.20279580284618 18.49151493018201 0
16.18317674785013 18.74325747031653 0
15.97520366690299 18.23990816482874 0
16.24118881910735 17.98786597561302 0
16.22222764685356 18.2397100132313 0
16.00593894659186 17.73611300286203 0
16.27658666531359 17.48407676140926 0
16.25937558478125 17.73600121451036 0
16.03354550222372 17.23220185366512 0
16.30709852735188 16.97994166629422 0
16.29254281670408 17.2320786526825 0
16.05648419947588 16.72769644638909 0
16.33116524937282 16.47512815749209 0
16.32001401614636 16.72764176926974 0
16.07352541481984 16.22210018599981 0
16.34759829951687 15.96936538063968 0
16.34041495471567 16.22237197916273 0
16.08373209351548 15.71510296250342 0
16.35542775534203 15.46258822072783 0
16.35265190401462 15.71609647499767 0
16.08633202016695 15.20670246868009 0
16.35388739929921 14.95499953842669 0
16.35588432430871 15.20886992237084 0
16.08048910138162 14.69730980970284 0
16.34241535551434 14.44711572339605 0
16.34938419908959 14.7010483026384 0
16.06589573512953 14.1878014387166 0
16.32099902694537 13.93973148626443 0
16.33292424161115 14.19330318457337 0
16.04277160406465 13.6792969745869 0
16.28977238501189 13.43373535385143 0
16.30658691252044 13.68650063128904 0
16.0111191338723 13.17281990310262 0
16.24887733527171 12.93002743482181 0
16.27051815308879 13.18153420650267 0
15.97082071270995 12.66933553340217 0
16.19839639168969 12.4296735940045 0
16.22483245432257 12.67934705964931 0
15.9213881440778 12.17018014202935 0
16.13800559172579 11.93422033322484 0
16.16947170242764 12.18120326145928 0
15.8614981530823 11.67777470429799 0
16.06665286785796 11.4459985537808 0
16.10380774984772 11.68903244234153 0
15.78822982120094 11.19595643389925 0
15.98203700005683 10.96764544446101 0
16.02620640663091 11.20545656399836 0
15.69524542692281 10.72835828291669 0
15.93363434157073 10.7325872536332 0
15.43743965767258 19.74983765054644 0
15.67056937319411 19.49856390185671 0
15.6626807087295 19.74935888322131 0
15.44704339844224 19.24846393990262 0
15.69150292197995 18.99597159095682 0
15.68035233341553 19.24745160571351 0
15.46368586622678 18.74489072060585 0
15.71612139290845 18.492176276425 0
15.70356201914114 18.74416765423478 0
15.48288611229481 18.24034604007218 0
15.74140022245324 17.9881658461078 0
15.72883526013032 18.24014183899957 0
15.50205962038534 17.7363922522077 0
15.76516711801838 17.48441061904499 0
15.7535800066149 17.73627034317099 0
15.51952814940066 17.23297336118796 0
15.78583757219456 16.98042557040282 0
15.77596060925309 17.23250411658746 0
15.53416406345742 16.72884909008955 0
15.8022496755601 16.47537145144354 0
15.79463658151493 16.72807790284158 0
15.54510050806416 16.22292849005965 0
15.81345161487233 15.96864118982987 0
15.80854632254208 16.22224520876413 0
15.55170973468242 15.71452381031881 0
15.81878252187317 15.45989970912947 0
15.81689460578998 15.71452502983307 0
15.55366681056519 15.2033064352459 0
15.81763830532469 14.94932114551665 0
15.81907447736186 15.20480230332636 0
15.54938898172215 14.68976699740615 0
15.80848761659037 14.43765780481041 0
15.81396385024708 14.69353239395151 0
15.53862880549003 14.17554065934039 0
15.79226522793077 13.92641276224489 0
15.80126679323103 14.18189302021828 0
15.52237110721078 13.66269380597054 0
15.76888568361787 13.416921471893 0
15.78148751775322 13.67138122534975 0
15.50019551070236 13.15248990032703 0
15.73811709241345 12.9101492269908 0
15.754438208116 13.16314271804528 0
15.4716144943698 12.64547183483712 0
15.6994266382643 12.4070215692428 0
15.71981030231782 12.65804549993739 0
15.43556052720439 12.14254244188816 0
15.65153747116671 11.90948199995707 0
15.6767578186511 12.15735233179153 0
15.38970808527104 11.64719179528156 0
15.59163722168368 11.42181117004168 0
15.62335356389729 11.66402987537379 0
15.32914582655643 11.16777353241335 0
15.51377494967624 10.95054625917574 0
15.55553445629812 11.18373251315667 0
15.24183461254425 10.71495771938565 0
15.4646588672663 10.72269944675351 0
14.97731763253356 19.75178345600484 0
15.20926366392647 19.5007555293472 0
15.20890461415089 19.75059227165967 0
14.97622237561117 19.25250107481645 0
15.21735588142936 18.99837399930741 0
15.21239899710278 19.25003942018271 0
14.98269615622546 18.74727072311443 0
15.23016093753624 18.49306954217625 0
15.22344090096476 18.74588596003518 0
14.99151729925874 18.2401170684702 0
15.24422034136263 17.98813227087887 0
15.23716443248189 18.24040404910246 0
15.00061212094151 17.7359868551162 0
15.25774406636125 17.4849447958582 0
15.2511308916326 17.73636586947336 0
15.00898499334324 17.23446358443217 0
15.26964018300719 16.98209982630035 0
15.26394333981498 17.23362550470354 0
15.01608501037004 16.73197156268911 0
15.27916249001172 16.47753820849078 0
15.27473291737835 16.73010991172745 0
15.02146009667572 16.22650585077873 0
15.28573161472937 15.97026688290414 0
15.28284310085986 16.22429581543664 0
15.02478387353554 15.71718997569165 0
15.28895586184592 15.45935166020061 0
15.28778308643754 15.71531297292347 0
15.02579051751353 15.20224148981737 0
15.28852583819793 14.94455076185632 0
15.28922401461837 15.20235393306324 0
15.02342062722712 14.68240481393839 0
15.28222518106494 14.4272652893189 0
15.28586880153696 14.68601842182302 0
15.01770856687206 14.1611702147581 0
15.27185252139126 13.9105491389794 0
15.27756465733285 14.16867339208412 0
15.00915311894806 13.64261801197994 0
15.25712188358082 13.39657130363302 0
15.26505405693382 13.65315012175706 0
14.99754338685902 13.12829658090229 0
15.23765464404455 12.88591941645543 0
15.24801650272151 13.14085629033104 0
14.98243378676011 12.61691350502639 0
15.2126823023111 12.37818569014888 0
15.22593335045547 12.63168196458073 0
14.96279180807792 12.10671623714134 0
15.18051896049701 11.87471027870022 0
15.19765885297512 12.12564108115115 0
14.93639542855433 11.60100666853803 0
15.13764770023346 11.38289573203592 0
15.16074813878702 11.62649665450234 0
14.89920908046661 11.11836365933638 0
15.07724979146476 10.91981068527833 0
15.11028034951368 11.14666933328396 0
14.84386807456571 10.69038677732656 0
15.03699369790096 10.70462616123456 0
14.73832139616003 19.50649450900774 0
14.73965488778068 19.75366792611503 0
14.73972237693933 19.00431645529413 0
14.73854065603679 19.25632679601964 0
14.74357651099415 18.49352458499247 0
14.74148749749316 18.74917862915235 0
14.74808103192963 17.98593295820343 0
14.74581035124119 18.23918893745103 0
14.75243261293428 17.48491899810993 0
14.75030383710007 17.7349802269576 0
14.75627637135735 16.98583028594236 0
14.75443109298864 17.2355264150109 0
14.75941391087836 16.48255369450453 0
14.75794614741489 16.73458294076291 0
14.76166147413547 15.97594295469113 0
14.76065690926562 16.22968787534559 0
14.76274628741944 15.46356860657935 0
14.7623973888084 15.72051859920539 0
14.76233670699408 14.94194353665769 0
14.76272870872919 15.20347605122711 0
14.76033144229505 14.41555464239269 0
14.7615748086809 14.6789447915625 0
14.75667264996153 13.89091580538681 0
14.75869330995378 14.15283965653326 0
14.75153065792413 13.37207935821444 0
14.75429201658131 13.63092038283522 0
14.74477421858059 12.85836207802116 0
14.74837303908264 13.11492194863767 0
14.73594412483338 12.34457366401406 0
14.74066043169531 12.60159387388431 0
14.72403668024367 11.82770732325 0
14.73046470230652 12.086092885877 0
14.70701380401412 11.31626542418896 0
14.71633771099525 11.56969021194925 0
14.6824412073468 10.85828793466995 0
14.6959539459717 11.08017035047796 0
14.66752468626235 10.67161016967922 0
$EndNodes
$Elements
32 9674 1 9674
0 2 15 1
1 2 
0 3 15 1
2 3 
0 4 15 1
3 4 
0 5 15 1
4 5 
0 7 15 1
5 7 
0 8 15 1
6 8 
0 11 15 1
7 11 
0 12 15 1
8 12 
0 13 15 1
9 13 
0 14 15 1
10 14 
0 15 15 1
11 15 
0 16 15 1
12 16 
1 3 1 38
13 3 127 
14 127 91 
15 91 126 
16 126 92 
17 92 125 
18 125 93 
19 93 124 
20 124 94 
21 94 123 
22 123 95 
23 95 122 
24 122 96 
25 96 121 
26 121 97 
27 97 120 
28 120 98 
29 98 119 
30 119 99 
31 99 118 
32 118 100 
33 100 117 
34 117 101 
35 101 116 
36 116 102 
37 102 115 
38 115 103 
39 103 114 
40 114 104 
41 104 113 
42 113 105 
43 105 112 
44 112 106 
45 106 111 
46 111 107 
47 107 110 
48 110 108 
49 108 109 
50 109 4 
1 4 1 38
51 4 138 
52 138 147 
53 147 129 
54 129 148 
55 148 130 
56 130 149 
57 149 131 
58 131 150 
59 150 132 
60 132 151 
61 151 133 
62 133 152 
63 152 134 
64 134 153 
65 153 135 
66 135 154 
67 154 136 
68 136 155 
69 155 137 
70 137 156 
71 156 128 
72 128 157 
73 157 139 
74 139 158 
75 158 140 
76 140 159 
77 159 141 
78 141 160 
79 160 142 
80 142 161 
81 161 143 
82 143 162 
83 162 144 
84 144 163 
85 163 145 
86 145 164 
87 164 146 
88 146 2 
1 6 1 38
89 5 238 
90 238 202 
91 202 237 
92 237 203 
93 203 236 
94 236 204 
95 204 235 
96 235 205 
97 205 234 
98 234 206 
99 206 233 
100 233 207 
101 207 232 
102 232 208 
103 208 231 
104 231 209 
105 209 230 
106 230 210 
107 210 229 
108 229 211 
109 211 228 
110 228 212 
111 212 227 
112 227 213 
113 213 226 
114 226 214 
115 214 225 
116 225 215 
117 215 224 
118 224 216 
119 216 223 
120 223 217 
121 217 222 
122 222 218 
123 218 221 
124 221 219 
125 219 220 
126 220 7 
1 7 1 38
127 7 275 
128 275 239 
129 239 274 
130 274 240 
131 240 273 
132 273 241 
133 241 272 
134 272 242 
135 242 271 
136 271 243 
137 243 270 
138 270 244 
139 244 269 
140 269 245 
141 245 268 
142 268 246 
143 246 267 
144 267 247 
145 247 266 
146 266 248 
147 248 265 
148 265 249 
149 249 264 
150 264 250 
151 250 263 
152 263 251 
153 251 262 
154 262 252 
155 252 261 
156 261 253 
157 253 260 
158 260 254 
159 254 259 
160 259 255 
161 255 258 
162 258 256 
163 256 257 
164 257 8 
1 9 1 18
165 8 329 
166 329 313 
167 313 328 
168 328 314 
169 314 327 
170 327 315 
171 315 326 
172 326 316 
173 316 325 
174 325 317 
175 317 324 
176 324 318 
177 318 323 
178 323 319 
179 319 322 
180 322 320 
181 320 321 
182 321 3 
1 15 1 18
183 12 459 
184 459 468 
185 468 467 
186 467 469 
187 469 466 
188 466 470 
189 470 465 
190 465 471 
191 471 464 
192 464 472 
193 472 463 
194 463 473 
195 473 462 
196 462 474 
197 474 461 
198 461 475 
199 475 460 
200 460 11 
1 16 1 20
201 2 476 
202 476 486 
203 486 485 
204 485 487 
205 487 484 
206 484 488 
207 488 483 
208 483 489 
209 489 482 
210 482 490 
211 490 481 
212 481 491 
213 491 480 
214 480 492 
215 492 479 
216 479 493 
217 493 478 
218 478 494 
219 494 477 
220 477 13 
1 18 1 20
221 14 550 
222 550 532 
223 532 549 
224 549 533 
225 533 548 
226 548 534 
227 534 547 
228 547 535 
229 535 546 
230 546 536 
231 536 545 
232 545 537 
233 537 544 
234 544 538 
235 538 543 
236 543 539 
237 539 542 
238 542 540 
239 540 541 
240 541 5 
1 20 1 50
241 13 601 
242 601 613 
243 613 589 
244 589 614 
245 614 590 
246 590 615 
247 615 591 
248 591 616 
249 616 592 
250 592 617 
251 617 593 
252 593 618 
253 618 594 
254 594 619 
255 619 595 
256 595 620 
257 620 596 
258 596 621 
259 621 597 
260 597 622 
261 622 598 
262 598 623 
263 623 599 
264 599 624 
265 624 600 
266 600 625 
267 625 588 
268 588 626 
269 626 602 
270 602 627 
271 627 603 
272 603 628 
273 628 604 
274 604 629 
275 629 605 
276 605 630 
277 630 606 
278 606 631 
279 631 607 
280 607 632 
281 632 608 
282 608 633 
283 633 609 
284 609 634 
285 634 610 
286 610 635 
287 635 611 
288 611 636 
289 636 612 
290 612 15 
1 21 1 38
291 15 647 
292 647 656 
293 656 638 
294 638 657 
295 657 639 
296 639 658 
297 658 640 
298 640 659 
299 659 641 
300 641 660 
301 660 642 
302 642 661 
303 661 643 
304 643 662 
305 662 644 
306 644 663 
307 663 645 
308 645 664 
309 664 646 
310 646 665 
311 665 637 
312 637 666 
313 666 648 
314 648 667 
315 667 649 
316 649 668 
317 668 650 
318 650 669 
319 669 651 
320 651 670 
321 670 652 
322 652 671 
323 671 653 
324 653 672 
325 672 654 
326 654 673 
327 673 655 
328 655 12 
1 22 1 38
329 11 684 
330 684 693 
331 693 675 
332 675 694 
333 694 676 
334 676 695 
335 695 677 
336 677 696 
337 696 678 
338 678 697 
339 697 679 
340 679 698 
341 698 680 
342 680 699 
343 699 681 
344 681 700 
345 700 682 
346 682 701 
347 701 683 
348 683 702 
349 702 674 
350 674 703 
351 703 685 
352 685 704 
353 704 686 
354 686 705 
355 705 687 
356 687 706 
357 706 688 
358 688 707 
359 707 689 
360 689 708 
361 708 690 
362 690 709 
363 709 691 
364 691 710 
365 710 692 
366 692 16 
1 23 1 50
367 16 759 
368 759 711 
369 711 758 
370 758 712 
371 712 757 
372 757 713 
373 713 756 
374 756 714 
375 714 755 
376 755 715 
377 715 754 
378 754 716 
379 716 753 
380 753 717 
381 717 752 
382 752 718 
383 718 751 
384 751 719 
385 719 750 
386 750 720 
387 720 749 
388 749 721 
389 721 748 
390 748 722 
391 722 747 
392 747 723 
393 723 735 
394 735 724 
395 724 736 
396 736 725 
397 725 737 
398 737 726 
399 726 738 
400 738 727 
401 727 739 
402 739 728 
403 728 740 
404 740 729 
405 729 741 
406 741 730 
407 730 742 
408 742 731 
409 731 743 
410 743 732 
411 732 744 
412 744 733 
413 733 745 
414 745 734 
415 734 746 
416 746 14 
2 1 3 1444
417 4 138 760 109 
418 109 760 761 108 
419 108 761 762 110 
420 110 762 763 107 
421 107 763 764 111 
422 111 764 765 106 
423 106 765 766 112 
424 112 766 767 105 
425 105 767 768 113 
426 113 768 769 104 
427 104 769 770 114 
428 114 770 771 103 
429 103 771 772 115 
430 115 772 773 102 
431 102 773 774 116 
432 116 774 775 101 
433 101 775 776 117 
434 117 776 777 100 
435 100 777 778 118 
436 118 778 779 99 
437 99 779 780 119 
438 119 780 781 98 
439 98 781 782 120 
440 120 782 783 97 
441 97 783 784 121 
442 121 784 785 96 
443 96 785 786 122 
444 122 786 787 95 
445 95 787 788 123 
446 123 788 789 94 
447 94 789 790 124 
448 124 790 791 93 
449 93 791 792 125 
450 125 792 793 92 
451 92 793 794 126 
452 126 794 795 91 
453 91 795 796 127 
454 127 796 64 3 
455 138 147 797 760 
456 760 797 798 761 
457 761 798 799 762 
458 762 799 800 763 
459 763 800 801 764 
460 764 801 802 765 
461 765 802 803 766 
462 766 803 804 767 
463 767 804 805 768 
464 768 805 806 769 
465 769 806 807 770 
466 770 807 808 771 
467 771 808 809 772 
468 772 809 810 773 
469 773 810 811 774 
470 774 811 812 775 
471 775 812 813 776 
472 776 813 814 777 
473 777 814 815 778 
474 778 815 816 779 
475 779 816 817 780 
476 780 817 818 781 
477 781 818 819 782 
478 782 819 820 783 
479 783 820 821 784 
480 784 821 822 785 
481 785 822 823 786 
482 786 823 824 787 
483 787 824 825 788 
484 788 825 826 789 
485 789 826 827 790 
486 790 827 828 791 
487 791 828 829 792 
488 792 829 830 793 
489 793 830 831 794 
490 794 831 832 795 
491 795 832 833 796 
492 796 833 73 64 
493 147 129 834 797 
494 797 834 835 798 
495 798 835 836 799 
496 799 836 837 800 
497 800 837 838 801 
498 801 838 839 802 
499 802 839 840 803 
500 803 840 841 804 
501 804 841 842 805 
502 805 842 843 806 
503 806 843 844 807 
504 807 844 845 808 
505 808 845 846 809 
506 809 846 847 810 
507 810 847 848 811 
508 811 848 849 812 
509 812 849 850 813 
510 813 850 851 814 
511 814 851 852 815 
512 815 852 853 816 
513 816 853 854 817 
514 817 854 855 818 
515 818 855 856 819 
516 819 856 857 820 
517 820 857 858 821 
518 821 858 859 822 
519 822 859 860 823 
520 823 860 861 824 
521 824 861 862 825 
522 825 862 863 826 
523 826 863 864 827 
524 827 864 865 828 
525 828 865 866 829 
526 829 866 867 830 
527 830 867 868 831 
528 831 868 869 832 
529 832 869 870 833 
530 833 870 55 73 
531 129 148 871 834 
532 834 871 872 835 
533 835 872 873 836 
534 836 873 874 837 
535 837 874 875 838 
536 838 875 876 839 
537 839 876 877 840 
538 840 877 878 841 
539 841 878 879 842 
540 842 879 880 843 
541 843 880 881 844 
542 844 881 882 845 
543 845 882 883 846 
544 846 883 884 847 
545 847 884 885 848 
546 848 885 886 849 
547 849 886 887 850 
548 850 887 888 851 
549 851 888 889 852 
550 852 889 890 853 
551 853 890 891 854 
552 854 891 892 855 
553 855 892 893 856 
554 856 893 894 857 
555 857 894 895 858 
556 858 895 896 859 
557 859 896 897 860 
558 860 897 898 861 
559 861 898 899 862 
560 862 899 900 863 
561 863 900 901 864 
562 864 901 902 865 
563 865 902 903 866 
564 866 903 904 867 
565 867 904 905 868 
566 868 905 906 869 
567 869 906 907 870 
568 870 907 74 55 
569 148 130 908 871 
570 871 908 909 872 
571 872 909 910 873 
572 873 910 911 874 
573 874 911 912 875 
574 875 912 913 876 
575 876 913 914 877 
576 877 914 915 878 
577 878 915 916 879 
578 879 916 917 880 
579 880 917 918 881 
580 881 918 919 882 
581 882 919 920 883 
582 883 920 921 884 
583 884 921 922 885 
584 885 922 923 886 
585 886 923 924 887 
586 887 924 925 888 
587 888 925 926 889 
588 889 926 927 890 
589 890 927 928 891 
590 891 928 929 892 
591 892 929 930 893 
592 893 930 931 894 
593 894 931 932 895 
594 895 932 933 896 
595 896 933 934 897 
596 897 934 935 898 
597 898 935 936 899 
598 899 936 937 900 
599 900 937 938 901 
600 901 938 939 902 
601 902 939 940 903 
602 903 940 941 904 
603 904 941 942 905 
604 905 942 943 906 
605 906 943 944 907 
606 907 944 56 74 
607 130 149 945 908 
608 908 945 946 909 
609 909 946 947 910 
610 910 947 948 911 
611 911 948 949 912 
612 912 949 950 913 
613 913 950 951 914 
614 914 951 952 915 
615 915 952 953 916 
616 916 953 954 917 
617 917 954 955 918 
618 918 955 956 919 
619 919 956 957 920 
620 920 957 958 921 
621 921 958 959 922 
622 922 959 960 923 
623 923 960 961 924 
624 924 961 962 925 
625 925 962 963 926 
626 926 963 964 927 
627 927 964 965 928 
628 928 965 966 929 
629 929 966 967 930 
630 930 967 968 931 
631 931 968 969 932 
632 932 969 970 933 
633 933 970 971 934 
634 934 971 972 935 
635 935 972 973 936 
636 936 973 974 937 
637 937 974 975 938 
638 938 975 976 939 
639 939 976 977 940 
640 940 977 978 941 
641 941 978 979 942 
642 942 979 980 943 
643 943 980 981 944 
644 944 981 75 56 
645 149 131 982 945 
646 945 982 983 946 
647 946 983 984 947 
648 947 984 985 948 
649 948 985 986 949 
650 949 986 987 950 
651 950 987 988 951 
652 951 988 989 952 
653 952 989 990 953 
654 953 990 991 954 
655 954 991 992 955 
656 955 992 993 956 
657 956 993 994 957 
658 957 994 995 958 
659 958 995 996 959 
660 959 996 997 960 
661 960 997 998 961 
662 961 998 999 962 
663 962 999 1000 963 
664 963 1000 1001 964 
665 964 1001 1002 965 
666 965 1002 1003 966 
667 966 1003 1004 967 
668 967 1004 1005 968 
669 968 1005 1006 969 
670 969 1006 1007 970 
671 970 1007 1008 971 
672 971 1008 1009 972 
673 972 1009 1010 973 
674 973 1010 1011 974 
675 974 1011 1012 975 
676 975 1012 1013 976 
677 976 1013 1014 977 
678 977 1014 1015 978 
679 978 1015 1016 979 
680 979 1016 1017 980 
681 980 1017 1018 981 
682 981 1018 57 75 
683 131 150 1019 982 
684 982 1019 1020 983 
685 983 1020 1021 984 
686 984 1021 1022 985 
687 985 1022 1023 986 
688 986 1023 1024 987 
689 987 1024 1025 988 
690 988 1025 1026 989 
691 989 1026 1027 990 
692 990 1027 1028 991 
693 991 1028 1029 992 
694 992 1029 1030 993 
695 993 1030 1031 994 
696 994 1031 1032 995 
697 995 1032 1033 996 
698 996 1033 1034 997 
699 997 1034 1035 998 
700 998 1035 1036 999 
701 999 1036 1037 1000 
702 1000 1037 1038 1001 
703 1001 1038 1039 1002 
704 1002 1039 1040 1003 
705 1003 1040 1041 1004 
706 1004 1041 1042 1005 
707 1005 1042 1043 1006 
708 1006 1043 1044 1007 
709 1007 1044 1045 1008 
710 1008 1045 1046 1009 
711 1009 1046 1047 1010 
712 1010 1047 1048 1011 
713 1011 1048 1049 1012 
714 1012 1049 1050 1013 
715 1013 1050 1051 1014 
716 1014 1051 1052 1015 
717 1015 1052 1053 1016 
718 1016 1053 1054 1017 
719 1017 1054 1055 1018 
720 1018 1055 76 57 
721 150 132 1056 1019 
722 1019 1056 1057 1020 
723 1020 1057 1058 1021 
724 1021 1058 1059 1022 
725 1022 1059 1060 1023 
726 1023 1060 1061 1024 
727 1024 1061 1062 1025 
728 1025 1062 1063 1026 
729 1026 1063 1064 1027 
730 1027 1064 1065 1028 
731 1028 1065 1066 1029 
732 1029 1066 1067 1030 
733 1030 1067 1068 1031 
734 1031 1068 1069 1032 
735 1032 1069 1070 1033 
736 1033 1070 1071 1034 
737 1034 1071 1072 1035 
738 1035 1072 1073 1036 
739 1036 1073 1074 1037 
740 1037 1074 1075 1038 
741 1038 1075 1076 1039 
742 1039 1076 1077 1040 
743 1040 1077 1078 1041 
744 1041 1078 1079 1042 
745 1042 1079 1080 1043 
746 1043 1080 1081 1044 
747 1044 1081 1082 1045 
748 1045 1082 1083 1046 
749 1046 1083 1084 1047 
750 1047 1084 1085 1048 
751 1048 1085 1086 1049 
752 1049 1086 1087 1050 
753 1050 1087 1088 1051 
754 1051 1088 1089 1052 
755 1052 1089 1090 1053 
756 1053 1090 1091 1054 
757 1054 1091 1092 1055 
758 1055 1092 58 76 
759 132 151 1093 1056 
760 1056 1093 1094 1057 
761 1057 1094 1095 1058 
762 1058 1095 1096 1059 
763 1059 1096 1097 1060 
764 1060 1097 1098 1061 
765 1061 1098 1099 1062 
766 1062 1099 1100 1063 
767 1063 1100 1101 1064 
768 1064 1101 1102 1065 
769 1065 1102 1103 1066 
770 1066 1103 1104 1067 
771 1067 1104 1105 1068 
772 1068 1105 1106 1069 
773 1069 1106 1107 1070 
774 1070 1107 1108 1071 
775 1071 1108 1109 1072 
776 1072 1109 1110 1073 
777 1073 1110 1111 1074 
778 1074 1111 1112 1075 
779 1075 1112 1113 1076 
780 1076 1113 1114 1077 
781 1077 1114 1115 1078 
782 1078 1115 1116 1079 
783 1079 1116 1117 1080 
784 1080 1117 1118 1081 
785 1081 1118 1119 1082 
786 1082 1119 1120 1083 
787 1083 1120 1121 1084 
788 1084 1121 1122 1085 
789 1085 1122 1123 1086 
790 1086 1123 1124 1087 
791 1087 1124 1125 1088 
792 1088 1125 1126 1089 
793 1089 1126 1127 1090 
794 1090 1127 1128 1091 
795 1091 1128 1129 1092 
796 1092 1129 77 58 
797 151 133 1130 1093 
798 1093 1130 1131 1094 
799 1094 1131 1132 1095 
800 1095 1132 1133 1096 
801 1096 1133 1134 1097 
802 1097 1134 1135 1098 
803 1098 1135 1136 1099 
804 1099 1136 1137 1100 
805 1100 1137 1138 1101 
806 1101 1138 1139 1102 
807 1102 1139 1140 1103 
808 1103 1140 1141 1104 
809 1104 1141 1142 1105 
810 1105 1142 1143 1106 
811 1106 1143 1144 1107 
812 1107 1144 1145 1108 
813 1108 1145 1146 1109 
814 1109 1146 1147 1110 
815 1110 1147 1148 1111 
816 1111 1148 1149 1112 
817 1112 1149 1150 1113 
818 1113 1150 1151 1114 
819 1114 1151 1152 1115 
820 1115 1152 1153 1116 
821 1116 1153 1154 1117 
822 1117 1154 1155 1118 
823 1118 1155 1156 1119 
824 1119 1156 1157 1120 
825 1120 1157 1158 1121 
826 1121 1158 1159 1122 
827 1122 1159 1160 1123 
828 1123 1160 1161 1124 
829 1124 1161 1162 1125 
830 1125 1162 1163 1126 
831 1126 1163 1164 1127 
832 1127 1164 1165 1128 
833 1128 1165 1166 1129 
834 1129 1166 59 77 
835 133 152 1167 1130 
836 1130 1167 1168 1131 
837 1131 1168 1169 1132 
838 1132 1169 1170 1133 
839 1133 1170 1171 1134 
840 1134 1171 1172 1135 
841 1135 1172 1173 1136 
842 1136 1173 1174 1137 
843 1137 1174 1175 1138 
844 1138 1175 1176 1139 
845 1139 1176 1177 1140 
846 1140 1177 1178 1141 
847 1141 1178 1179 1142 
848 1142 1179 1180 1143 
849 1143 1180 1181 1144 
850 1144 1181 1182 1145 
851 1145 1182 1183 1146 
852 1146 1183 1184 1147 
853 1147 1184 1185 1148 
854 1148 1185 1186 1149 
855 1149 1186 1187 1150 
856 1150 1187 1188 1151 
857 1151 1188 1189 1152 
858 1152 1189 1190 1153 
859 1153 1190 1191 1154 
860 1154 1191 1192 1155 
861 1155 1192 1193 1156 
862 1156 1193 1194 1157 
863 1157 1194 1195 1158 
864 1158 1195 1196 1159 
865 1159 1196 1197 1160 
866 1160 1197 1198 1161 
867 1161 1198 1199 1162 
868 1162 1199 1200 1163 
869 1163 1200 1201 1164 
870 1164 1201 1202 1165 
871 1165 1202 1203 1166 
872 1166 1203 78 59 
873 152 134 1204 1167 
874 1167 1204 1205 1168 
875 1168 1205 1206 1169 
876 1169 1206 1207 1170 
877 1170 1207 1208 1171 
878 1171 1208 1209 1172 
879 1172 1209 1210 1173 
880 1173 1210 1211 1174 
881 1174 1211 1212 1175 
882 1175 1212 1213 1176 
883 1176 1213 1214 1177 
884 1177 1214 1215 1178 
885 1178 1215 1216 1179 
886 1179 1216 1217 1180 
887 1180 1217 1218 1181 
888 1181 1218 1219 1182 
889 1182 1219 1220 1183 
890 1183 1220 1221 1184 
891 1184 1221 1222 1185 
892 1185 1222 1223 1186 
893 1186 1223 1224 1187 
894 1187 1224 1225 1188 
895 1188 1225 1226 1189 
896 1189 1226 1227 1190 
897 1190 1227 1228 1191 
898 1191 1228 1229 1192 
899 1192 1229 1230 1193 
900 1193 1230 1231 1194 
901 1194 1231 1232 1195 
902 1195 1232 1233 1196 
903 1196 1233 1234 1197 
904 1197 1234 1235 1198 
905 1198 1235 1236 1199 
906 1199 1236 1237 1200 
907 1200 1237 1238 1201 
908 1201 1238 1239 1202 
909 1202 1239 1240 1203 
910 1203 1240 60 78 
911 134 153 1241 1204 
912 1204 1241 1242 1205 
913 1205 1242 1243 1206 
914 1206 1243 1244 1207 
915 1207 1244 1245 1208 
916 1208 1245 1246 1209 
917 1209 1246 1247 1210 
918 1210 1247 1248 1211 
919 1211 1248 1249 1212 
920 1212 1249 1250 1213 
921 1213 1250 1251 1214 
922 1214 1251 1252 1215 
923 1215 1252 1253 1216 
924 1216 1253 1254 1217 
925 1217 1254 1255 1218 
926 1218 1255 1256 1219 
927 1219 1256 1257 1220 
928 1220 1257 1258 1221 
929 1221 1258 1259 1222 
930 1222 1259 1260 1223 
931 1223 1260 1261 1224 
932 1224 1261 1262 1225 
933 1225 1262 1263 1226 
934 1226 1263 1264 1227 
935 1227 1264 1265 1228 
936 1228 1265 1266 1229 
937 1229 1266 1267 1230 
938 1230 1267 1268 1231 
939 1231 1268 1269 1232 
940 1232 1269 1270 1233 
941 1233 1270 1271 1234 
942 1234 1271 1272 1235 
943 1235 1272 1273 1236 
944 1236 1273 1274 1237 
945 1237 1274 1275 1238 
946 1238 1275 1276 1239 
947 1239 1276 1277 1240 
948 1240 1277 79 60 
949 153 135 1278 1241 
950 1241 1278 1279 1242 
951 1242 1279 1280 1243 
952 1243 1280 1281 1244 
953 1244 1281 1282 1245 
954 1245 1282 1283 1246 
955 1246 1283 1284 1247 
956 1247 1284 1285 1248 
957 1248 1285 1286 1249 
958 1249 1286 1287 1250 
959 1250 1287 1288 1251 
960 1251 1288 1289 1252 
961 1252 1289 1290 1253 
962 1253 1290 1291 1254 
963 1254 1291 1292 1255 
964 1255 1292 1293 1256 
965 1256 1293 1294 1257 
966 1257 1294 1295 1258 
967 1258 1295 1296 1259 
968 1259 1296 1297 1260 
969 1260 1297 1298 1261 
970 1261 1298 1299 1262 
971 1262 1299 1300 1263 
972 1263 1300 1301 1264 
973 1264 1301 1302 1265 
974 1265 1302 1303 1266 
975 1266 1303 1304 1267 
976 1267 1304 1305 1268 
977 1268 1305 1306 1269 
978 1269 1306 1307 1270 
979 1270 1307 1308 1271 
980 1271 1308 1309 1272 
981 1272 1309 1310 1273 
982 1273 1310 1311 1274 
983 1274 1311 1312 1275 
984 1275 1312 1313 1276 
985 1276 1313 1314 1277 
986 1277 1314 61 79 
987 135 154 1315 1278 
988 1278 1315 1316 1279 
989 1279 1316 1317 1280 
990 1280 1317 1318 1281 
991 1281 1318 1319 1282 
992 1282 1319 1320 1283 
993 1283 1320 1321 1284 
994 1284 1321 1322 1285 
995 1285 1322 1323 1286 
996 1286 1323 1324 1287 
997 1287 1324 1325 1288 
998 1288 1325 1326 1289 
999 1289 1326 1327 1290 
1000 1290 1327 1328 1291 
1001 1291 1328 1329 1292 
1002 1292 1329 1330 1293 
1003 1293 1330 1331 1294 
1004 1294 1331 1332 1295 
1005 1295 1332 1333 1296 
1006 1296 1333 1334 1297 
1007 1297 1334 1335 1298 
1008 1298 1335 1336 1299 
1009 1299 1336 1337 1300 
1010 1300 1337 1338 1301 
1011 1301 1338 1339 1302 
1012 1302 1339 1340 1303 
1013 1303 1340 1341 1304 
1014 1304 1341 1342 1305 
1015 1305 1342 1343 1306 
1016 1306 1343 1344 1307 
1017 1307 1344 1345 1308 
1018 1308 1345 1346 1309 
1019 1309 1346 1347 1310 
1020 1310 1347 1348 1311 
1021 1311 1348 1349 1312 
1022 1312 1349 1350 1313 
1023 1313 1350 1351 1314 
1024 1314 1351 80 61 
1025 154 136 1352 1315 
1026 1315 1352 1353 1316 
1027 1316 1353 1354 1317 
1028 1317 1354 1355 1318 
1029 1318 1355 1356 1319 
1030 1319 1356 1357 1320 
1031 1320 1357 1358 1321 
1032 1321 1358 1359 1322 
1033 1322 1359 1360 1323 
1034 1323 1360 1361 1324 
1035 1324 1361 1362 1325 
1036 1325 1362 1363 1326 
1037 1326 1363 1364 1327 
1038 1327 1364 1365 1328 
1039 1328 1365 1366 1329 
1040 1329 1366 1367 1330 
1041 1330 1367 1368 1331 
1042 1331 1368 1369 1332 
1043 1332 1369 1370 1333 
1044 1333 1370 1371 1334 
1045 1334 1371 1372 1335 
1046 1335 1372 1373 1336 
1047 1336 1373 1374 1337 
1048 1337 1374 1375 1338 
1049 1338 1375 1376 1339 
1050 1339 1376 1377 1340 
1051 1340 1377 1378 1341 
1052 1341 1378 1379 1342 
1053 1342 1379 1380 1343 
1054 1343 1380 1381 1344 
1055 1344 1381 1382 1345 
1056 1345 1382 1383 1346 
1057 1346 1383 1384 1347 
1058 1347 1384 1385 1348 
1059 1348 1385 1386 1349 
1060 1349 1386 1387 1350 
1061 1350 1387 1388 1351 
1062 1351 1388 62 80 
1063 136 155 1389 1352 
1064 1352 1389 1390 1353 
1065 1353 1390 1391 1354 
1066 1354 1391 1392 1355 
1067 1355 1392 1393 1356 
1068 1356 1393 1394 1357 
1069 1357 1394 1395 1358 
1070 1358 1395 1396 1359 
1071 1359 1396 1397 1360 
1072 1360 1397 1398 1361 
1073 1361 1398 1399 1362 
1074 1362 1399 1400 1363 
1075 1363 1400 1401 1364 
1076 1364 1401 1402 1365 
1077 1365 1402 1403 1366 
1078 1366 1403 1404 1367 
1079 1367 1404 1405 1368 
1080 1368 1405 1406 1369 
1081 1369 1406 1407 1370 
1082 1370 1407 1408 1371 
1083 1371 1408 1409 1372 
1084 1372 1409 1410 1373 
1085 1373 1410 1411 1374 
1086 1374 1411 1412 1375 
1087 1375 1412 1413 1376 
1088 1376 1413 1414 1377 
1089 1377 1414 1415 1378 
1090 1378 1415 1416 1379 
1091 1379 1416 1417 1380 
1092 1380 1417 1418 1381 
1093 1381 1418 1419 1382 
1094 1382 1419 1420 1383 
1095 1383 1420 1421 1384 
1096 1384 1421 1422 1385 
1097 1385 1422 1423 1386 
1098 1386 1423 1424 1387 
1099 1387 1424 1425 1388 
1100 1388 1425 81 62 
1101 155 137 1426 1389 
1102 1389 1426 1427 1390 
1103 1390 1427 1428 1391 
1104 1391 1428 1429 1392 
1105 1392 1429 1430 1393 
1106 1393 1430 1431 1394 
1107 1394 1431 1432 1395 
1108 1395 1432 1433 1396 
1109 1396 1433 1434 1397 
1110 1397 1434 1435 1398 
1111 1398 1435 1436 1399 
1112 1399 1436 1437 1400 
1113 1400 1437 1438 1401 
1114 1401 1438 1439 1402 
1115 1402 1439 1440 1403 
1116 1403 1440 1441 1404 
1117 1404 1441 1442 1405 
1118 1405 1442 1443 1406 
1119 1406 1443 1444 1407 
1120 1407 1444 1445 1408 
1121 1408 1445 1446 1409 
1122 1409 1446 1447 1410 
1123 1410 1447 1448 1411 
1124 1411 1448 1449 1412 
1125 1412 1449 1450 1413 
1126 1413 1450 1451 1414 
1127 1414 1451 1452 1415 
1128 1415 1452 1453 1416 
1129 1416 1453 1454 1417 
1130 1417 1454 1455 1418 
1131 1418 1455 1456 1419 
1132 1419 1456 1457 1420 
1133 1420 1457 1458 1421 
1134 1421 1458 1459 1422 
1135 1422 1459 1460 1423 
1136 1423 1460 1461 1424 
1137 1424 1461 1462 1425 
1138 1425 1462 63 81 
1139 137 156 1463 1426 
1140 1426 1463 1464 1427 
1141 1427 1464 1465 1428 
1142 1428 1465 1466 1429 
1143 1429 1466 1467 1430 
1144 1430 1467 1468 1431 
1145 1431 1468 1469 1432 
1146 1432 1469 1470 1433 
1147 1433 1470 1471 1434 
1148 1434 1471 1472 1435 
1149 1435 1472 1473 1436 
1150 1436 1473 1474 1437 
1151 1437 1474 1475 1438 
1152 1438 1475 1476 1439 
1153 1439 1476 1477 1440 
1154 1440 1477 1478 1441 
1155 1441 1478 1479 1442 
1156 1442 1479 1480 1443 
1157 1443 1480 1481 1444 
1158 1444 1481 1482 1445 
1159 1445 1482 1483 1446 
1160 1446 1483 1484 1447 
1161 1447 1484 1485 1448 
1162 1448 1485 1486 1449 
1163 1449 1486 1487 1450 
1164 1450 1487 1488 1451 
1165 1451 1488 1489 1452 
1166 1452 1489 1490 1453 
1167 1453 1490 1491 1454 
1168 1454 1491 1492 1455 
1169 1455 1492 1493 1456 
1170 1456 1493 1494 1457 
1171 1457 1494 1495 1458 
1172 1458 1495 1496 1459 
1173 1459 1496 1497 1460 
1174 1460 1497 1498 1461 
1175 1461 1498 1499 1462 
1176 1462 1499 82 63 
1177 156 128 1500 1463 
1178 1463 1500 1501 1464 
1179 1464 1501 1502 1465 
1180 1465 1502 1503 1466 
1181 1466 1503 1504 1467 
1182 1467 1504 1505 1468 
1183 1468 1505 1506 1469 
1184 1469 1506 1507 1470 
1185 1470 1507 1508 1471 
1186 1471 1508 1509 1472 
1187 1472 1509 1510 1473 
1188 1473 1510 1511 1474 
1189 1474 1511 1512 1475 
1190 1475 1512 1513 1476 
1191 1476 1513 1514 1477 
1192 1477 1514 1515 1478 
1193 1478 1515 1516 1479 
1194 1479 1516 1517 1480 
1195 1480 1517 1518 1481 
1196 1481 1518 1519 1482 
1197 1482 1519 1520 1483 
1198 1483 1520 1521 1484 
1199 1484 1521 1522 1485 
1200 1485 1522 1523 1486 
1201 1486 1523 1524 1487 
1202 1487 1524 1525 1488 
1203 1488 1525 1526 1489 
1204 1489 1526 1527 1490 
1205 1490 1527 1528 1491 
1206 1491 1528 1529 1492 
1207 1492 1529 1530 1493 
1208 1493 1530 1531 1494 
1209 1494 1531 1532 1495 
1210 1495 1532 1533 1496 
1211 1496 1533 1534 1497 
1212 1497 1534 1535 1498 
1213 1498 1535 1536 1499 
1214 1499 1536 54 82 
1215 128 157 1537 1500 
1216 1500 1537 1538 1501 
1217 1501 1538 1539 1502 
1218 1502 1539 1540 1503 
1219 1503 1540 1541 1504 
1220 1504 1541 1542 1505 
1221 1505 1542 1543 1506 
1222 1506 1543 1544 1507 
1223 1507 1544 1545 1508 
1224 1508 1545 1546 1509 
1225 1509 1546 1547 1510 
1226 1510 1547 1548 1511 
1227 1511 1548 1549 1512 
1228 1512 1549 1550 1513 
1229 1513 1550 1551 1514 
1230 1514 1551 1552 1515 
1231 1515 1552 1553 1516 
1232 1516 1553 1554 1517 
1233 1517 1554 1555 1518 
1234 1518 1555 1556 1519 
1235 1519 1556 1557 1520 
1236 1520 1557 1558 1521 
1237 1521 1558 1559 1522 
1238 1522 1559 1560 1523 
1239 1523 1560 1561 1524 
1240 1524 1561 1562 1525 
1241 1525 1562 1563 1526 
1242 1526 1563 1564 1527 
1243 1527 1564 1565 1528 
1244 1528 1565 1566 1529 
1245 1529 1566 1567 1530 
1246 1530 1567 1568 1531 
1247 1531 1568 1569 1532 
1248 1532 1569 1570 1533 
1249 1533 1570 1571 1534 
1250 1534 1571 1572 1535 
1251 1535 1572 1573 1536 
1252 1536 1573 83 54 
1253 157 139 1574 1537 
1254 1537 1574 1575 1538 
1255 1538 1575 1576 1539 
1256 1539 1576 1577 1540 
1257 1540 1577 1578 1541 
1258 1541 1578 1579 1542 
1259 1542 1579 1580 1543 
1260 1543 1580 1581 1544 
1261 1544 1581 1582 1545 
1262 1545 1582 1583 1546 
1263 1546 1583 1584 1547 
1264 1547 1584 1585 1548 
1265 1548 1585 1586 1549 
1266 1549 1586 1587 1550 
1267 1550 1587 1588 1551 
1268 1551 1588 1589 1552 
1269 1552 1589 1590 1553 
1270 1553 1590 1591 1554 
1271 1554 1591 1592 1555 
1272 1555 1592 1593 1556 
1273 1556 1593 1594 1557 
1274 1557 1594 1595 1558 
1275 1558 1595 1596 1559 
1276 1559 1596 1597 1560 
1277 1560 1597 1598 1561 
1278 1561 1598 1599 1562 
1279 1562 1599 1600 1563 
1280 1563 1600 1601 1564 
1281 1564 1601 1602 1565 
1282 1565 1602 1603 1566 
1283 1566 1603 1604 1567 
1284 1567 1604 1605 1568 
1285 1568 1605 1606 1569 
1286 1569 1606 1607 1570 
1287 1570 1607 1608 1571 
1288 1571 1608 1609 1572 
1289 1572 1609 1610 1573 
1290 1573 1610 65 83 
1291 139 158 1611 1574 
1292 1574 1611 1612 1575 
1293 1575 1612 1613 1576 
1294 1576 1613 1614 1577 
1295 1577 1614 1615 1578 
1296 1578 1615 1616 1579 
1297 1579 1616 1617 1580 
1298 1580 1617 1618 1581 
1299 1581 1618 1619 1582 
1300 1582 1619 1620 1583 
1301 1583 1620 1621 1584 
1302 1584 1621 1622 1585 
1303 1585 1622 1623 1586 
1304 1586 1623 1624 1587 
1305 1587 1624 1625 1588 
1306 1588 1625 1626 1589 
1307 1589 1626 1627 1590 
1308 1590 1627 1628 1591 
1309 1591 1628 1629 1592 
1310 1592 1629 1630 1593 
1311 1593 1630 1631 1594 
1312 1594 1631 1632 1595 
1313 1595 1632 1633 1596 
1314 1596 1633 1634 1597 
1315 1597 1634 1635 1598 
1316 1598 1635 1636 1599 
1317 1599 1636 1637 1600 
1318 1600 1637 1638 1601 
1319 1601 1638 1639 1602 
1320 1602 1639 1640 1603 
1321 1603 1640 1641 1604 
1322 1604 1641 1642 1605 
1323 1605 1642 1643 1606 
1324 1606 1643 1644 1607 
1325 1607 1644 1645 1608 
1326 1608 1645 1646 1609 
1327 1609 1646 1647 1610 
1328 1610 1647 84 65 
1329 158 140 1648 1611 
1330 1611 1648 1649 1612 
1331 1612 1649 1650 1613 
1332 1613 1650 1651 1614 
1333 1614 1651 1652 1615 
1334 1615 1652 1653 1616 
1335 1616 1653 1654 1617 
1336 1617 1654 1655 1618 
1337 1618 1655 1656 1619 
1338 1619 1656 1657 1620 
1339 1620 1657 1658 1621 
1340 1621 1658 1659 1622 
1341 1622 1659 1660 1623 
1342 1623 1660 1661 1624 
1343 1624 1661 1662 1625 
1344 1625 1662 1663 1626 
1345 1626 1663 1664 1627 
1346 1627 1664 1665 1628 
1347 1628 1665 1666 1629 
1348 1629 1666 1667 1630 
1349 1630 1667 1668 1631 
1350 1631 1668 1669 1632 
1351 1632 1669 1670 1633 
1352 1633 1670 1671 1634 
1353 1634 1671 1672 1635 
1354 1635 1672 1673 1636 
1355 1636 1673 1674 1637 
1356 1637 1674 1675 1638 
1357 1638 1675 1676 1639 
1358 1639 1676 1677 1640 
1359 1640 1677 1678 1641 
1360 1641 1678 1679 1642 
1361 1642 1679 1680 1643 
1362 1643 1680 1681 1644 
1363 1644 1681 1682 1645 
1364 1645 1682 1683 1646 
1365 1646 1683 1684 1647 
1366 1647 1684 66 84 
1367 140 159 1685 1648 
1368 1648 1685 1686 1649 
1369 1649 1686 1687 1650 
1370 1650 1687 1688 1651 
1371 1651 1688 1689 1652 
1372 1652 1689 1690 1653 
1373 1653 1690 1691 1654 
1374 1654 1691 1692 1655 
1375 1655 1692 1693 1656 
1376 1656 1693 1694 1657 
1377 1657 1694 1695 1658 
1378 1658 1695 1696 1659 
1379 1659 1696 1697 1660 
1380 1660 1697 1698 1661 
1381 1661 1698 1699 1662 
1382 1662 1699 1700 1663 
1383 1663 1700 1701 1664 
1384 1664 1701 1702 1665 
1385 1665 1702 1703 1666 
1386 1666 1703 1704 1667 
1387 1667 1704 1705 1668 
1388 1668 1705 1706 1669 
1389 1669 1706 1707 1670 
1390 1670 1707 1708 1671 
1391 1671 1708 1709 1672 
1392 1672 1709 1710 1673 
1393 1673 1710 1711 1674 
1394 1674 1711 1712 1675 
1395 1675 1712 1713 1676 
1396 1676 1713 1714 1677 
1397 1677 1714 1715 1678 
1398 1678 1715 1716 1679 
1399 1679 1716 1717 1680 
1400 1680 1717 1718 1681 
1401 1681 1718 1719 1682 
1402 1682 1719 1720 1683 
1403 1683 1720 1721 1684 
1404 1684 1721 85 66 
1405 159 141 1722 1685 
1406 1685 1722 1723 1686 
1407 1686 1723 1724 1687 
1408 1687 1724 1725 1688 
1409 1688 1725 1726 1689 
1410 1689 1726 1727 1690 
1411 1690 1727 1728 1691 
1412 1691 1728 1729 1692 
1413 1692 1729 1730 1693 
1414 1693 1730 1731 1694 
1415 1694 1731 1732 1695 
1416 1695 1732 1733 1696 
1417 1696 1733 1734 1697 
1418 1697 1734 1735 1698 
1419 1698 1735 1736 1699 
1420 1699 1736 1737 1700 
1421 1700 1737 1738 1701 
1422 1701 1738 1739 1702 
1423 1702 1739 1740 1703 
1424 1703 1740 1741 1704 
1425 1704 1741 1742 1705 
1426 1705 1742 1743 1706 
1427 1706 1743 1744 1707 
1428 1707 1744 1745 1708 
1429 1708 1745 1746 1709 
1430 1709 1746 1747 1710 
1431 1710 1747 1748 1711 
1432 1711 1748 1749 1712 
1433 1712 1749 1750 1713 
1434 1713 1750 1751 1714 
1435 1714 1751 1752 1715 
1436 1715 1752 1753 1716 
1437 1716 1753 1754 1717 
1438 1717 1754 1755 1718 
1439 1718 1755 1756 1719 
1440 1719 1756 1757 1720 
1441 1720 1757 1758 1721 
1442 1721 1758 67 85 
1443 141 160 1759 1722 
1444 1722 1759 1760 1723 
1445 1723 1760 1761 1724 
1446 1724 1761 1762 1725 
1447 1725 1762 1763 1726 
1448 1726 1763 1764 1727 
1449 1727 1764 1765 1728 
1450 1728 1765 1766 1729 
1451 1729 1766 1767 1730 
1452 1730 1767 1768 1731 
1453 1731 1768 1769 1732 
1454 1732 1769 1770 1733 
1455 1733 1770 1771 1734 
1456 1734 1771 1772 1735 
1457 1735 1772 1773 1736 
1458 1736 1773 1774 1737 
1459 1737 1774 1775 1738 
1460 1738 1775 1776 1739 
1461 1739 1776 1777 1740 
1462 1740 1777 1778 1741 
1463 1741 1778 1779 1742 
1464 1742 1779 1780 1743 
1465 1743 1780 1781 1744 
1466 1744 1781 1782 1745 
1467 1745 1782 1783 1746 
1468 1746 1783 1784 1747 
1469 1747 1784 1785 1748 
1470 1748 1785 1786 1749 
1471 1749 1786 1787 1750 
1472 1750 1787 1788 1751 
1473 1751 1788 1789 1752 
1474 1752 1789 1790 1753 
1475 1753 1790 1791 1754 
1476 1754 1791 1792 1755 
1477 1755 1792 1793 1756 
1478 1756 1793 1794 1757 
1479 1757 1794 1795 1758 
1480 1758 1795 86 67 
1481 160 142 1796 1759 
1482 1759 1796 1797 1760 
1483 1760 1797 1798 1761 
1484 1761 1798 1799 1762 
1485 1762 1799 1800 1763 
1486 1763 1800 1801 1764 
1487 1764 1801 1802 1765 
1488 1765 1802 1803 1766 
1489 1766 1803 1804 1767 
1490 1767 1804 1805 1768 
1491 1768 1805 1806 1769 
1492 1769 1806 1807 1770 
1493 1770 1807 1808 1771 
1494 1771 1808 1809 1772 
1495 1772 1809 1810 1773 
1496 1773 1810 1811 1774 
1497 1774 1811 1812 1775 
1498 1775 1812 1813 1776 
1499 1776 1813 1814 1777 
1500 1777 1814 1815 1778 
1501 1778 1815 1816 1779 
1502 1779 1816 1817 1780 
1503 1780 1817 1818 1781 
1504 1781 1818 1819 1782 
1505 1782 1819 1820 1783 
1506 1783 1820 1821 1784 
1507 1784 1821 1822 1785 
1508 1785 1822 1823 1786 
1509 1786 1823 1824 1787 
1510 1787 1824 1825 1788 
1511 1788 1825 1826 1789 
1512 1789 1826 1827 1790 
1513 1790 1827 1828 1791 
1514 1791 1828 1829 1792 
1515 1792 1829 1830 1793 
1516 1793 1830 1831 1794 
1517 1794 1831 1832 1795 
1518 1795 1832 68 86 
1519 142 161 1833 1796 
1520 1796 1833 1834 1797 
1521 1797 1834 1835 1798 
1522 1798 1835 1836 1799 
1523 1799 1836 1837 1800 
1524 1800 1837 1838 1801 
1525 1801 1838 1839 1802 
1526 1802 1839 1840 1803 
1527 1803 1840 1841 1804 
1528 1804 1841 1842 1805 
1529 1805 1842 1843 1806 
1530 1806 1843 1844 1807 
1531 1807 1844 1845 1808 
1532 1808 1845 1846 1809 
1533 1809 1846 1847 1810 
1534 1810 1847 1848 1811 
1535 1811 1848 1849 1812 
1536 1812 1849 1850 1813 
1537 1813 1850 1851 1814 
1538 1814 1851 1852 1815 
1539 1815 1852 1853 1816 
1540 1816 1853 1854 1817 
1541 1817 1854 1855 1818 
1542 1818 1855 1856 1819 
1543 1819 1856 1857 1820 
1544 1820 1857 1858 1821 
1545 1821 1858 1859 1822 
1546 1822 1859 1860 1823 
1547 1823 1860 1861 1824 
1548 1824 1861 1862 1825 
1549 1825 1862 1863 1826 
1550 1826 1863 1864 1827 
1551 1827 1864 1865 1828 
1552 1828 1865 1866 1829 
1553 1829 1866 1867 1830 
1554 1830 1867 1868 1831 
1555 1831 1868 1869 1832 
1556 1832 1869 87 68 
1557 161 143 1870 1833 
1558 1833 1870 1871 1834 
1559 1834 1871 1872 1835 
1560 1835 1872 1873 1836 
1561 1836 1873 1874 1837 
1562 1837 1874 1875 1838 
1563 1838 1875 1876 1839 
1564 1839 1876 1877 1840 
1565 1840 1877 1878 1841 
1566 1841 1878 1879 1842 
1567 1842 1879 1880 1843 
1568 1843 1880 1881 1844 
1569 1844 1881 1882 1845 
1570 1845 1882 1883 1846 
1571 1846 1883 1884 1847 
1572 1847 1884 1885 1848 
1573 1848 1885 1886 1849 
1574 1849 1886 1887 1850 
1575 1850 1887 1888 1851 
1576 1851 1888 1889 1852 
1577 1852 1889 1890 1853 
1578 1853 1890 1891 1854 
1579 1854 1891 1892 1855 
1580 1855 1892 1893 1856 
1581 1856 1893 1894 1857 
1582 1857 1894 1895 1858 
1583 1858 1895 1896 1859 
1584 1859 1896 1897 1860 
1585 1860 1897 1898 1861 
1586 1861 1898 1899 1862 
1587 1862 1899 1900 1863 
1588 1863 1900 1901 1864 
1589 1864 1901 1902 1865 
1590 1865 1902 1903 1866 
1591 1866 1903 1904 1867 
1592 1867 1904 1905 1868 
1593 1868 1905 1906 1869 
1594 1869 1906 69 87 
1595 143 162 1907 1870 
1596 1870 1907 1908 1871 
1597 1871 1908 1909 1872 
1598 1872 1909 1910 1873 
1599 1873 1910 1911 1874 
1600 1874 1911 1912 1875 
1601 1875 1912 1913 1876 
1602 1876 1913 1914 1877 
1603 1877 1914 1915 1878 
1604 1878 1915 1916 1879 
1605 1879 1916 1917 1880 
1606 1880 1917 1918 1881 
1607 1881 1918 1919 1882 
1608 1882 1919 1920 1883 
1609 1883 1920 1921 1884 
1610 1884 1921 1922 1885 
1611 1885 1922 1923 1886 
1612 1886 1923 1924 1887 
1613 1887 1924 1925 1888 
1614 1888 1925 1926 1889 
1615 1889 1926 1927 1890 
1616 1890 1927 1928 1891 
1617 1891 1928 1929 1892 
1618 1892 1929 1930 1893 
1619 1893 1930 1931 1894 
1620 1894 1931 1932 1895 
1621 1895 1932 1933 1896 
1622 1896 1933 1934 1897 
1623 1897 1934 1935 1898 
1624 1898 1935 1936 1899 
1625 1899 1936 1937 1900 
1626 1900 1937 1938 1901 
1627 1901 1938 1939 1902 
1628 1902 1939 1940 1903 
1629 1903 1940 1941 1904 
1630 1904 1941 1942 1905 
1631 1905 1942 1943 1906 
1632 1906 1943 88 69 
1633 162 144 1944 1907 
1634 1907 1944 1945 1908 
1635 1908 1945 1946 1909 
1636 1909 1946 1947 1910 
1637 1910 1947 1948 1911 
1638 1911 1948 1949 1912 
1639 1912 1949 1950 1913 
1640 1913 1950 1951 1914 
1641 1914 1951 1952 1915 
1642 1915 1952 1953 1916 
1643 1916 1953 1954 1917 
1644 1917 1954 1955 1918 
1645 1918 1955 1956 1919 
1646 1919 1956 1957 1920 
1647 1920 1957 1958 1921 
1648 1921 1958 1959 1922 
1649 1922 1959 1960 1923 
1650 1923 1960 1961 1924 
1651 1924 1961 1962 1925 
1652 1925 1962 1963 1926 
1653 1926 1963 1964 1927 
1654 1927 1964 1965 1928 
1655 1928 1965 1966 1929 
1656 1929 1966 1967 1930 
1657 1930 1967 1968 1931 
1658 1931 1968 1969 1932 
1659 1932 1969 1970 1933 
1660 1933 1970 1971 1934 
1661 1934 1971 1972 1935 
1662 1935 1972 1973 1936 
1663 1936 1973 1974 1937 
1664 1937 1974 1975 1938 
1665 1938 1975 1976 1939 
1666 1939 1976 1977 1940 
1667 1940 1977 1978 1941 
1668 1941 1978 1979 1942 
1669 1942 1979 1980 1943 
1670 1943 1980 70 88 
1671 144 163 1981 1944 
1672 1944 1981 1982 1945 
1673 1945 1982 1983 1946 
1674 1946 1983 1984 1947 
1675 1947 1984 1985 1948 
1676 1948 1985 1986 1949 
1677 1949 1986 1987 1950 
1678 1950 1987 1988 1951 
1679 1951 1988 1989 1952 
1680 1952 1989 1990 1953 
1681 1953 1990 1991 1954 
1682 1954 1991 1992 1955 
1683 1955 1992 1993 1956 
1684 1956 1993 1994 1957 
1685 1957 1994 1995 1958 
1686 1958 1995 1996 1959 
1687 1959 1996 1997 1960 
1688 1960 1997 1998 1961 
1689 1961 1998 1999 1962 
1690 1962 1999 2000 1963 
1691 1963 2000 2001 1964 
1692 1964 2001 2002 1965 
1693 1965 2002 2003 1966 
1694 1966 2003 2004 1967 
1695 1967 2004 2005 1968 
1696 1968 2005 2006 1969 
1697 1969 2006 2007 1970 
1698 1970 2007 2008 1971 
1699 1971 2008 2009 1972 
1700 1972 2009 2010 1973 
1701 1973 2010 2011 1974 
1702 1974 2011 2012 1975 
1703 1975 2012 2013 1976 
1704 1976 2013 2014 1977 
1705 1977 2014 2015 1978 
1706 1978 2015 2016 1979 
1707 1979 2016 2017 1980 
1708 1980 2017 89 70 
1709 163 145 2018 1981 
1710 1981 2018 2019 1982 
1711 1982 2019 2020 1983 
1712 1983 2020 2021 1984 
1713 1984 2021 2022 1985 
1714 1985 2022 2023 1986 
1715 1986 2023 2024 1987 
1716 1987 2024 2025 1988 
1717 1988 2025 2026 1989 
1718 1989 2026 2027 1990 
1719 1990 2027 2028 1991 
1720 1991 2028 2029 1992 
1721 1992 2029 2030 1993 
1722 1993 2030 2031 1994 
1723 1994 2031 2032 1995 
1724 1995 2032 2033 1996 
1725 1996 2033 2034 1997 
1726 1997 2034 2035 1998 
1727 1998 2035 2036 1999 
1728 1999 2036 2037 2000 
1729 2000 2037 2038 2001 
1730 2001 2038 2039 2002 
1731 2002 2039 2040 2003 
1732 2003 2040 2041 2004 
1733 2004 2041 2042 2005 
1734 2005 2042 2043 2006 
1735 2006 2043 2044 2007 
1736 2007 2044 2045 2008 
1737 2008 2045 2046 2009 
1738 2009 2046 2047 2010 
1739 2010 2047 2048 2011 
1740 2011 2048 2049 2012 
1741 2012 2049 2050 2013 
1742 2013 2050 2051 2014 
1743 2014 2051 2052 2015 
1744 2015 2052 2053 2016 
1745 2016 2053 2054 2017 
1746 2017 2054 71 89 
1747 145 164 2055 2018 
1748 2018 2055 2056 2019 
1749 2019 2056 2057 2020 
1750 2020 2057 2058 2021 
1751 2021 2058 2059 2022 
1752 2022 2059 2060 2023 
1753 2023 2060 2061 2024 
1754 2024 2061 2062 2025 
1755 2025 2062 2063 2026 
1756 2026 2063 2064 2027 
1757 2027 2064 2065 2028 
1758 2028 2065 2066 2029 
1759 2029 2066 2067 2030 
1760 2030 2067 2068 2031 
1761 2031 2068 2069 2032 
1762 2032 2069 2070 2033 
1763 2033 2070 2071 2034 
1764 2034 2071 2072 2035 
1765 2035 2072 2073 2036 
1766 2036 2073 2074 2037 
1767 2037 2074 2075 2038 
1768 2038 2075 2076 2039 
1769 2039 2076 2077 2040 
1770 2040 2077 2078 2041 
1771 2041 2078 2079 2042 
1772 2042 2079 2080 2043 
1773 2043 2080 2081 2044 
1774 2044 2081 2082 2045 
1775 2045 2082 2083 2046 
1776 2046 2083 2084 2047 
1777 2047 2084 2085 2048 
1778 2048 2085 2086 2049 
1779 2049 2086 2087 2050 
1780 2050 2087 2088 2051 
1781 2051 2088 2089 2052 
1782 2052 2089 2090 2053 
1783 2053 2090 2091 2054 
1784 2054 2091 90 71 
1785 164 146 2092 2055 
1786 2055 2092 2093 2056 
1787 2056 2093 2094 2057 
1788 2057 2094 2095 2058 
1789 2058 2095 2096 2059 
1790 2059 2096 2097 2060 
1791 2060 2097 2098 2061 
1792 2061 2098 2099 2062 
1793 2062 2099 2100 2063 
1794 2063 2100 2101 2064 
1795 2064 2101 2102 2065 
1796 2065 2102 2103 2066 
1797 2066 2103 2104 2067 
1798 2067 2104 2105 2068 
1799 2068 2105 2106 2069 
1800 2069 2106 2107 2070 
1801 2070 2107 2108 2071 
1802 2071 2108 2109 2072 
1803 2072 2109 2110 2073 
1804 2073 2110 2111 2074 
1805 2074 2111 2112 2075 
1806 2075 2112 2113 2076 
1807 2076 2113 2114 2077 
1808 2077 2114 2115 2078 
1809 2078 2115 2116 2079 
1810 2079 2116 2117 2080 
1811 2080 2117 2118 2081 
1812 2081 2118 2119 2082 
1813 2082 2119 2120 2083 
1814 2083 2120 2121 2084 
1815 2084 2121 2122 2085 
1816 2085 2122 2123 2086 
1817 2086 2123 2124 2087 
1818 2087 2124 2125 2088 
1819 2088 2125 2126 2089 
1820 2089 2126 2127 2090 
1821 2090 2127 2128 2091 
1822 2091 2128 72 90 
1823 146 2 35 2092 
1824 2092 35 34 2093 
1825 2093 34 36 2094 
1826 2094 36 33 2095 
1827 2095 33 37 2096 
1828 2096 37 32 2097 
1829 2097 32 38 2098 
1830 2098 38 31 2099 
1831 2099 31 39 2100 
1832 2100 39 30 2101 
1833 2101 30 40 2102 
1834 2102 40 29 2103 
1835 2103 29 41 2104 
1836 2104 41 28 2105 
1837 2105 28 42 2106 
1838 2106 42 27 2107 
1839 2107 27 43 2108 
1840 2108 43 26 2109 
1841 2109 26 44 2110 
1842 2110 44 25 2111 
1843 2111 25 45 2112 
1844 2112 45 24 2113 
1845 2113 24 46 2114 
1846 2114 46 23 2115 
1847 2115 23 47 2116 
1848 2116 47 22 2117 
1849 2117 22 48 2118 
1850 2118 48 21 2119 
1851 2119 21 49 2120 
1852 2120 49 20 2121 
1853 2121 20 50 2122 
1854 2122 50 19 2123 
1855 2123 19 51 2124 
1856 2124 51 18 2125 
1857 2125 18 52 2126 
1858 2126 52 17 2127 
1859 2127 17 53 2128 
1860 2128 53 1 72 
2 2 3 1444
1861 8 286 2455 257 
1862 286 295 2453 2455 
1863 2455 2453 2129 2454 
1864 257 2455 2454 256 
1865 256 2454 2458 258 
1866 2454 2129 2456 2458 
1867 2458 2456 2130 2457 
1868 258 2458 2457 255 
1869 255 2457 2461 259 
1870 2457 2130 2459 2461 
1871 2461 2459 2131 2460 
1872 259 2461 2460 254 
1873 254 2460 2464 260 
1874 2460 2131 2462 2464 
1875 2464 2462 2132 2463 
1876 260 2464 2463 253 
1877 253 2463 2467 261 
1878 2463 2132 2465 2467 
1879 2467 2465 2133 2466 
1880 261 2467 2466 252 
1881 252 2466 2470 262 
1882 2466 2133 2468 2470 
1883 2470 2468 2134 2469 
1884 262 2470 2469 251 
1885 251 2469 2473 263 
1886 2469 2134 2471 2473 
1887 2473 2471 2135 2472 
1888 263 2473 2472 250 
1889 250 2472 2476 264 
1890 2472 2135 2474 2476 
1891 2476 2474 2136 2475 
1892 264 2476 2475 249 
1893 249 2475 2479 265 
1894 2475 2136 2477 2479 
1895 2479 2477 2137 2478 
1896 265 2479 2478 248 
1897 248 2478 2482 266 
1898 2478 2137 2480 2482 
1899 2482 2480 2138 2481 
1900 266 2482 2481 247 
1901 247 2481 2485 267 
1902 2481 2138 2483 2485 
1903 2485 2483 2139 2484 
1904 267 2485 2484 246 
1905 246 2484 2488 268 
1906 2484 2139 2486 2488 
1907 2488 2486 2140 2487 
1908 268 2488 2487 245 
1909 245 2487 2491 269 
1910 2487 2140 2489 2491 
1911 2491 2489 2141 2490 
1912 269 2491 2490 244 
1913 244 2490 2494 270 
1914 2490 2141 2492 2494 
1915 2494 2492 2142 2493 
1916 270 2494 2493 243 
1917 243 2493 2497 271 
1918 2493 2142 2495 2497 
1919 2497 2495 2143 2496 
1920 271 2497 2496 242 
1921 242 2496 2500 272 
1922 2496 2143 2498 2500 
1923 2500 2498 2144 2499 
1924 272 2500 2499 241 
1925 241 2499 2503 273 
1926 2499 2144 2501 2503 
1927 2503 2501 2145 2502 
1928 273 2503 2502 240 
1929 240 2502 2506 274 
1930 2502 2145 2504 2506 
1931 2506 2504 2146 2505 
1932 274 2506 2505 239 
1933 239 2505 2508 275 
1934 2505 2146 2507 2508 
1935 2508 2507 219 220 
1936 275 2508 220 7 
1937 295 277 2511 2453 
1938 277 296 2509 2511 
1939 2511 2509 2147 2510 
1940 2453 2511 2510 2129 
1941 2129 2510 2514 2456 
1942 2510 2147 2512 2514 
1943 2514 2512 2148 2513 
1944 2456 2514 2513 2130 
1945 2130 2513 2517 2459 
1946 2513 2148 2515 2517 
1947 2517 2515 2149 2516 
1948 2459 2517 2516 2131 
1949 2131 2516 2520 2462 
1950 2516 2149 2518 2520 
1951 2520 2518 2150 2519 
1952 2462 2520 2519 2132 
1953 2132 2519 2523 2465 
1954 2519 2150 2521 2523 
1955 2523 2521 2151 2522 
1956 2465 2523 2522 2133 
1957 2133 2522 2526 2468 
1958 2522 2151 2524 2526 
1959 2526 2524 2152 2525 
1960 2468 2526 2525 2134 
1961 2134 2525 2529 2471 
1962 2525 2152 2527 2529 
1963 2529 2527 2153 2528 
1964 2471 2529 2528 2135 
1965 2135 2528 2532 2474 
1966 2528 2153 2530 2532 
1967 2532 2530 2154 2531 
1968 2474 2532 2531 2136 
1969 2136 2531 2535 2477 
1970 2531 2154 2533 2535 
1971 2535 2533 2155 2534 
1972 2477 2535 2534 2137 
1973 2137 2534 2538 2480 
1974 2534 2155 2536 2538 
1975 2538 2536 2156 2537 
1976 2480 2538 2537 2138 
1977 2138 2537 2541 2483 
1978 2537 2156 2539 2541 
1979 2541 2539 2157 2540 
1980 2483 2541 2540 2139 
1981 2139 2540 2544 2486 
1982 2540 2157 2542 2544 
1983 2544 2542 2158 2543 
1984 2486 2544 2543 2140 
1985 2140 2543 2547 2489 
1986 2543 2158 2545 2547 
1987 2547 2545 2159 2546 
1988 2489 2547 2546 2141 
1989 2141 2546 2550 2492 
1990 2546 2159 2548 2550 
1991 2550 2548 2160 2549 
1992 2492 2550 2549 2142 
1993 2142 2549 2553 2495 
1994 2549 2160 2551 2553 
1995 2553 2551 2161 2552 
1996 2495 2553 2552 2143 
1997 2143 2552 2556 2498 
1998 2552 2161 2554 2556 
1999 2556 2554 2162 2555 
2000 2498 2556 2555 2144 
2001 2144 2555 2559 2501 
2002 2555 2162 2557 2559 
2003 2559 2557 2163 2558 
2004 2501 2559 2558 2145 
2005 2145 2558 2562 2504 
2006 2558 2163 2560 2562 
2007 2562 2560 2164 2561 
2008 2504 2562 2561 2146 
2009 2146 2561 2564 2507 
2010 2561 2164 2563 2564 
2011 2564 2563 218 221 
2012 2507 2564 221 219 
2013 296 278 2567 2509 
2014 278 297 2565 2567 
2015 2567 2565 2165 2566 
2016 2509 2567 2566 2147 
2017 2147 2566 2570 2512 
2018 2566 2165 2568 2570 
2019 2570 2568 2166 2569 
2020 2512 2570 2569 2148 
2021 2148 2569 2573 2515 
2022 2569 2166 2571 2573 
2023 2573 2571 2167 2572 
2024 2515 2573 2572 2149 
2025 2149 2572 2576 2518 
2026 2572 2167 2574 2576 
2027 2576 2574 2168 2575 
2028 2518 2576 2575 2150 
2029 2150 2575 2579 2521 
2030 2575 2168 2577 2579 
2031 2579 2577 2169 2578 
2032 2521 2579 2578 2151 
2033 2151 2578 2582 2524 
2034 2578 2169 2580 2582 
2035 2582 2580 2170 2581 
2036 2524 2582 2581 2152 
2037 2152 2581 2585 2527 
2038 2581 2170 2583 2585 
2039 2585 2583 2171 2584 
2040 2527 2585 2584 2153 
2041 2153 2584 2588 2530 
2042 2584 2171 2586 2588 
2043 2588 2586 2172 2587 
2044 2530 2588 2587 2154 
2045 2154 2587 2591 2533 
2046 2587 2172 2589 2591 
2047 2591 2589 2173 2590 
2048 2533 2591 2590 2155 
2049 2155 2590 2594 2536 
2050 2590 2173 2592 2594 
2051 2594 2592 2174 2593 
2052 2536 2594 2593 2156 
2053 2156 2593 2597 2539 
2054 2593 2174 2595 2597 
2055 2597 2595 2175 2596 
2056 2539 2597 2596 2157 
2057 2157 2596 2600 2542 
2058 2596 2175 2598 2600 
2059 2600 2598 2176 2599 
2060 2542 2600 2599 2158 
2061 2158 2599 2603 2545 
2062 2599 2176 2601 2603 
2063 2603 2601 2177 2602 
2064 2545 2603 2602 2159 
2065 2159 2602 2606 2548 
2066 2602 2177 2604 2606 
2067 2606 2604 2178 2605 
2068 2548 2606 2605 2160 
2069 2160 2605 2609 2551 
2070 2605 2178 2607 2609 
2071 2609 2607 2179 2608 
2072 2551 2609 2608 2161 
2073 2161 2608 2612 2554 
2074 2608 2179 2610 2612 
2075 2612 2610 2180 2611 
2076 2554 2612 2611 2162 
2077 2162 2611 2615 2557 
2078 2611 2180 2613 2615 
2079 2615 2613 2181 2614 
2080 2557 2615 2614 2163 
2081 2163 2614 2618 2560 
2082 2614 2181 2616 2618 
2083 2618 2616 2182 2617 
2084 2560 2618 2617 2164 
2085 2164 2617 2620 2563 
2086 2617 2182 2619 2620 
2087 2620 2619 217 222 
2088 2563 2620 222 218 
2089 297 279 2623 2565 
2090 279 298 2621 2623 
2091 2623 2621 2183 2622 
2092 2565 2623 2622 2165 
2093 2165 2622 2626 2568 
2094 2622 2183 2624 2626 
2095 2626 2624 2184 2625 
2096 2568 2626 2625 2166 
2097 2166 2625 2629 2571 
2098 2625 2184 2627 2629 
2099 2629 2627 2185 2628 
2100 2571 2629 2628 2167 
2101 2167 2628 2632 2574 
2102 2628 2185 2630 2632 
2103 2632 2630 2186 2631 
2104 2574 2632 2631 2168 
2105 2168 2631 2635 2577 
2106 2631 2186 2633 2635 
2107 2635 2633 2187 2634 
2108 2577 2635 2634 2169 
2109 2169 2634 2638 2580 
2110 2634 2187 2636 2638 
2111 2638 2636 2188 2637 
2112 2580 2638 2637 2170 
2113 2170 2637 2641 2583 
2114 2637 2188 2639 2641 
2115 2641 2639 2189 2640 
2116 2583 2641 2640 2171 
2117 2171 2640 2644 2586 
2118 2640 2189 2642 2644 
2119 2644 2642 2190 2643 
2120 2586 2644 2643 2172 
2121 2172 2643 2647 2589 
2122 2643 2190 2645 2647 
2123 2647 2645 2191 2646 
2124 2589 2647 2646 2173 
2125 2173 2646 2650 2592 
2126 2646 2191 2648 2650 
2127 2650 2648 2192 2649 
2128 2592 2650 2649 2174 
2129 2174 2649 2653 2595 
2130 2649 2192 2651 2653 
2131 2653 2651 2193 2652 
2132 2595 2653 2652 2175 
2133 2175 2652 2656 2598 
2134 2652 2193 2654 2656 
2135 2656 2654 2194 2655 
2136 2598 2656 2655 2176 
2137 2176 2655 2659 2601 
2138 2655 2194 2657 2659 
2139 2659 2657 2195 2658 
2140 2601 2659 2658 2177 
2141 2177 2658 2662 2604 
2142 2658 2195 2660 2662 
2143 2662 2660 2196 2661 
2144 2604 2662 2661 2178 
2145 2178 2661 2665 2607 
2146 2661 2196 2663 2665 
2147 2665 2663 2197 2664 
2148 2607 2665 2664 2179 
2149 2179 2664 2668 2610 
2150 2664 2197 2666 2668 
2151 2668 2666 2198 2667 
2152 2610 2668 2667 2180 
2153 2180 2667 2671 2613 
2154 2667 2198 2669 2671 
2155 2671 2669 2199 2670 
2156 2613 2671 2670 2181 
2157 2181 2670 2674 2616 
2158 2670 2199 2672 2674 
2159 2674 2672 2200 2673 
2160 2616 2674 2673 2182 
2161 2182 2673 2676 2619 
2162 2673 2200 2675 2676 
2163 2676 2675 216 223 
2164 2619 2676 223 217 
2165 298 280 2679 2621 
2166 280 299 2677 2679 
2167 2679 2677 2201 2678 
2168 2621 2679 2678 2183 
2169 2183 2678 2682 2624 
2170 2678 2201 2680 2682 
2171 2682 2680 2202 2681 
2172 2624 2682 2681 2184 
2173 2184 2681 2685 2627 
2174 2681 2202 2683 2685 
2175 2685 2683 2203 2684 
2176 2627 2685 2684 2185 
2177 2185 2684 2688 2630 
2178 2684 2203 2686 2688 
2179 2688 2686 2204 2687 
2180 2630 2688 2687 2186 
2181 2186 2687 2691 2633 
2182 2687 2204 2689 2691 
2183 2691 2689 2205 2690 
2184 2633 2691 2690 2187 
2185 2187 2690 2694 2636 
2186 2690 2205 2692 2694 
2187 2694 2692 2206 2693 
2188 2636 2694 2693 2188 
2189 2188 2693 2697 2639 
2190 2693 2206 2695 2697 
2191 2697 2695 2207 2696 
2192 2639 2697 2696 2189 
2193 2189 2696 2700 2642 
2194 2696 2207 2698 2700 
2195 2700 2698 2208 2699 
2196 2642 2700 2699 2190 
2197 2190 2699 2703 2645 
2198 2699 2208 2701 2703 
2199 2703 2701 2209 2702 
2200 2645 2703 2702 2191 
2201 2191 2702 2706 2648 
2202 2702 2209 2704 2706 
2203 2706 2704 2210 2705 
2204 2648 2706 2705 2192 
2205 2192 2705 2709 2651 
2206 2705 2210 2707 2709 
2207 2709 2707 2211 2708 
2208 2651 2709 2708 2193 
2209 2193 2708 2712 2654 
2210 2708 2211 2710 2712 
2211 2712 2710 2212 2711 
2212 2654 2712 2711 2194 
2213 2194 2711 2715 2657 
2214 2711 2212 2713 2715 
2215 2715 2713 2213 2714 
2216 2657 2715 2714 2195 
2217 2195 2714 2718 2660 
2218 2714 2213 2716 2718 
2219 2718 2716 2214 2717 
2220 2660 2718 2717 2196 
2221 2196 2717 2721 2663 
2222 2717 2214 2719 2721 
2223 2721 2719 2215 2720 
2224 2663 2721 2720 2197 
2225 2197 2720 2724 2666 
2226 2720 2215 2722 2724 
2227 2724 2722 2216 2723 
2228 2666 2724 2723 2198 
2229 2198 2723 2727 2669 
2230 2723 2216 2725 2727 
2231 2727 2725 2217 2726 
2232 2669 2727 2726 2199 
2233 2199 2726 2730 2672 
2234 2726 2217 2728 2730 
2235 2730 2728 2218 2729 
2236 2672 2730 2729 2200 
2237 2200 2729 2732 2675 
2238 2729 2218 2731 2732 
2239 2732 2731 215 224 
2240 2675 2732 224 216 
2241 299 281 2735 2677 
2242 281 300 2733 2735 
2243 2735 2733 2219 2734 
2244 2677 2735 2734 2201 
2245 2201 2734 2738 2680 
2246 2734 2219 2736 2738 
2247 2738 2736 2220 2737 
2248 2680 2738 2737 2202 
2249 2202 2737 2741 2683 
2250 2737 2220 2739 2741 
2251 2741 2739 2221 2740 
2252 2683 2741 2740 2203 
2253 2203 2740 2744 2686 
2254 2740 2221 2742 2744 
2255 2744 2742 2222 2743 
2256 2686 2744 2743 2204 
2257 2204 2743 2747 2689 
2258 2743 2222 2745 2747 
2259 2747 2745 2223 2746 
2260 2689 2747 2746 2205 
2261 2205 2746 2750 2692 
2262 2746 2223 2748 2750 
2263 2750 2748 2224 2749 
2264 2692 2750 2749 2206 
2265 2206 2749 2753 2695 
2266 2749 2224 2751 2753 
2267 2753 2751 2225 2752 
2268 2695 2753 2752 2207 
2269 2207 2752 2756 2698 
2270 2752 2225 2754 2756 
2271 2756 2754 2226 2755 
2272 2698 2756 2755 2208 
2273 2208 2755 2759 2701 
2274 2755 2226 2757 2759 
2275 2759 2757 2227 2758 
2276 2701 2759 2758 2209 
2277 2209 2758 2762 2704 
2278 2758 2227 2760 2762 
2279 2762 2760 2228 2761 
2280 2704 2762 2761 2210 
2281 2210 2761 2765 2707 
2282 2761 2228 2763 2765 
2283 2765 2763 2229 2764 
2284 2707 2765 2764 2211 
2285 2211 2764 2768 2710 
2286 2764 2229 2766 2768 
2287 2768 2766 2230 2767 
2288 2710 2768 2767 2212 
2289 2212 2767 2771 2713 
2290 2767 2230 2769 2771 
2291 2771 2769 2231 2770 
2292 2713 2771 2770 2213 
2293 2213 2770 2774 2716 
2294 2770 2231 2772 2774 
2295 2774 2772 2232 2773 
2296 2716 2774 2773 2214 
2297 2214 2773 2777 2719 
2298 2773 2232 2775 2777 
2299 2777 2775 2233 2776 
2300 2719 2777 2776 2215 
2301 2215 2776 2780 2722 
2302 2776 2233 2778 2780 
2303 2780 2778 2234 2779 
2304 2722 2780 2779 2216 
2305 2216 2779 2783 2725 
2306 2779 2234 2781 2783 
2307 2783 2781 2235 2782 
2308 2725 2783 2782 2217 
2309 2217 2782 2786 2728 
2310 2782 2235 2784 2786 
2311 2786 2784 2236 2785 
2312 2728 2786 2785 2218 
2313 2218 2785 2788 2731 
2314 2785 2236 2787 2788 
2315 2788 2787 214 225 
2316 2731 2788 225 215 
2317 300 282 2791 2733 
2318 282 301 2789 2791 
2319 2791 2789 2237 2790 
2320 2733 2791 2790 2219 
2321 2219 2790 2794 2736 
2322 2790 2237 2792 2794 
2323 2794 2792 2238 2793 
2324 2736 2794 2793 2220 
2325 2220 2793 2797 2739 
2326 2793 2238 2795 2797 
2327 2797 2795 2239 2796 
2328 2739 2797 2796 2221 
2329 2221 2796 2800 2742 
2330 2796 2239 2798 2800 
2331 2800 2798 2240 2799 
2332 2742 2800 2799 2222 
2333 2222 2799 2803 2745 
2334 2799 2240 2801 2803 
2335 2803 2801 2241 2802 
2336 2745 2803 2802 2223 
2337 2223 2802 2806 2748 
2338 2802 2241 2804 2806 
2339 2806 2804 2242 2805 
2340 2748 2806 2805 2224 
2341 2224 2805 2809 2751 
2342 2805 2242 2807 2809 
2343 2809 2807 2243 2808 
2344 2751 2809 2808 2225 
2345 2225 2808 2812 2754 
2346 2808 2243 2810 2812 
2347 2812 2810 2244 2811 
2348 2754 2812 2811 2226 
2349 2226 2811 2815 2757 
2350 2811 2244 2813 2815 
2351 2815 2813 2245 2814 
2352 2757 2815 2814 2227 
2353 2227 2814 2818 2760 
2354 2814 2245 2816 2818 
2355 2818 2816 2246 2817 
2356 2760 2818 2817 2228 
2357 2228 2817 2821 2763 
2358 2817 2246 2819 2821 
2359 2821 2819 2247 2820 
2360 2763 2821 2820 2229 
2361 2229 2820 2824 2766 
2362 2820 2247 2822 2824 
2363 2824 2822 2248 2823 
2364 2766 2824 2823 2230 
2365 2230 2823 2827 2769 
2366 2823 2248 2825 2827 
2367 2827 2825 2249 2826 
2368 2769 2827 2826 2231 
2369 2231 2826 2830 2772 
2370 2826 2249 2828 2830 
2371 2830 2828 2250 2829 
2372 2772 2830 2829 2232 
2373 2232 2829 2833 2775 
2374 2829 2250 2831 2833 
2375 2833 2831 2251 2832 
2376 2775 2833 2832 2233 
2377 2233 2832 2836 2778 
2378 2832 2251 2834 2836 
2379 2836 2834 2252 2835 
2380 2778 2836 2835 2234 
2381 2234 2835 2839 2781 
2382 2835 2252 2837 2839 
2383 2839 2837 2253 2838 
2384 2781 2839 2838 2235 
2385 2235 2838 2842 2784 
2386 2838 2253 2840 2842 
2387 2842 2840 2254 2841 
2388 2784 2842 2841 2236 
2389 2236 2841 2844 2787 
2390 2841 2254 2843 2844 
2391 2844 2843 213 226 
2392 2787 2844 226 214 
2393 301 283 2847 2789 
2394 283 302 2845 2847 
2395 2847 2845 2255 2846 
2396 2789 2847 2846 2237 
2397 2237 2846 2850 2792 
2398 2846 2255 2848 2850 
2399 2850 2848 2256 2849 
2400 2792 2850 2849 2238 
2401 2238 2849 2853 2795 
2402 2849 2256 2851 2853 
2403 2853 2851 2257 2852 
2404 2795 2853 2852 2239 
2405 2239 2852 2856 2798 
2406 2852 2257 2854 2856 
2407 2856 2854 2258 2855 
2408 2798 2856 2855 2240 
2409 2240 2855 2859 2801 
2410 2855 2258 2857 2859 
2411 2859 2857 2259 2858 
2412 2801 2859 2858 2241 
2413 2241 2858 2862 2804 
2414 2858 2259 2860 2862 
2415 2862 2860 2260 2861 
2416 2804 2862 2861 2242 
2417 2242 2861 2865 2807 
2418 2861 2260 2863 2865 
2419 2865 2863 2261 2864 
2420 2807 2865 2864 2243 
2421 2243 2864 2868 2810 
2422 2864 2261 2866 2868 
2423 2868 2866 2262 2867 
2424 2810 2868 2867 2244 
2425 2244 2867 2871 2813 
2426 2867 2262 2869 2871 
2427 2871 2869 2263 2870 
2428 2813 2871 2870 2245 
2429 2245 2870 2874 2816 
2430 2870 2263 2872 2874 
2431 2874 2872 2264 2873 
2432 2816 2874 2873 2246 
2433 2246 2873 2877 2819 
2434 2873 2264 2875 2877 
2435 2877 2875 2265 2876 
2436 2819 2877 2876 2247 
2437 2247 2876 2880 2822 
2438 2876 2265 2878 2880 
2439 2880 2878 2266 2879 
2440 2822 2880 2879 2248 
2441 2248 2879 2883 2825 
2442 2879 2266 2881 2883 
2443 2883 2881 2267 2882 
2444 2825 2883 2882 2249 
2445 2249 2882 2886 2828 
2446 2882 2267 2884 2886 
2447 2886 2884 2268 2885 
2448 2828 2886 2885 2250 
2449 2250 2885 2889 2831 
2450 2885 2268 2887 2889 
2451 2889 2887 2269 2888 
2452 2831 2889 2888 2251 
2453 2251 2888 2892 2834 
2454 2888 2269 2890 2892 
2455 2892 2890 2270 2891 
2456 2834 2892 2891 2252 
2457 2252 2891 2895 2837 
2458 2891 2270 2893 2895 
2459 2895 2893 2271 2894 
2460 2837 2895 2894 2253 
2461 2253 2894 2898 2840 
2462 2894 2271 2896 2898 
2463 2898 2896 2272 2897 
2464 2840 2898 2897 2254 
2465 2254 2897 2900 2843 
2466 2897 2272 2899 2900 
2467 2900 2899 212 227 
2468 2843 2900 227 213 
2469 302 284 2903 2845 
2470 284 303 2901 2903 
2471 2903 2901 2273 2902 
2472 2845 2903 2902 2255 
2473 2255 2902 2906 2848 
2474 2902 2273 2904 2906 
2475 2906 2904 2274 2905 
2476 2848 2906 2905 2256 
2477 2256 2905 2909 2851 
2478 2905 2274 2907 2909 
2479 2909 2907 2275 2908 
2480 2851 2909 2908 2257 
2481 2257 2908 2912 2854 
2482 2908 2275 2910 2912 
2483 2912 2910 2276 2911 
2484 2854 2912 2911 2258 
2485 2258 2911 2915 2857 
2486 2911 2276 2913 2915 
2487 2915 2913 2277 2914 
2488 2857 2915 2914 2259 
2489 2259 2914 2918 2860 
2490 2914 2277 2916 2918 
2491 2918 2916 2278 2917 
2492 2860 2918 2917 2260 
2493 2260 2917 2921 2863 
2494 2917 2278 2919 2921 
2495 2921 2919 2279 2920 
2496 2863 2921 2920 2261 
2497 2261 2920 2924 2866 
2498 2920 2279 2922 2924 
2499 2924 2922 2280 2923 
2500 2866 2924 2923 2262 
2501 2262 2923 2927 2869 
2502 2923 2280 2925 2927 
2503 2927 2925 2281 2926 
2504 2869 2927 2926 2263 
2505 2263 2926 2930 2872 
2506 2926 2281 2928 2930 
2507 2930 2928 2282 2929 
2508 2872 2930 2929 2264 
2509 2264 2929 2933 2875 
2510 2929 2282 2931 2933 
2511 2933 2931 2283 2932 
2512 2875 2933 2932 2265 
2513 2265 2932 2936 2878 
2514 2932 2283 2934 2936 
2515 2936 2934 2284 2935 
2516 2878 2936 2935 2266 
2517 2266 2935 2939 2881 
2518 2935 2284 2937 2939 
2519 2939 2937 2285 2938 
2520 2881 2939 2938 2267 
2521 2267 2938 2942 2884 
2522 2938 2285 2940 2942 
2523 2942 2940 2286 2941 
2524 2884 2942 2941 2268 
2525 2268 2941 2945 2887 
2526 2941 2286 2943 2945 
2527 2945 2943 2287 2944 
2528 2887 2945 2944 2269 
2529 2269 2944 2948 2890 
2530 2944 2287 2946 2948 
2531 2948 2946 2288 2947 
2532 2890 2948 2947 2270 
2533 2270 2947 2951 2893 
2534 2947 2288 2949 2951 
2535 2951 2949 2289 2950 
2536 2893 2951 2950 2271 
2537 2271 2950 2954 2896 
2538 2950 2289 2952 2954 
2539 2954 2952 2290 2953 
2540 2896 2954 2953 2272 
2541 2272 2953 2956 2899 
2542 2953 2290 2955 2956 
2543 2956 2955 211 228 
2544 2899 2956 228 212 
2545 303 285 2959 2901 
2546 285 304 2957 2959 
2547 2959 2957 2291 2958 
2548 2901 2959 2958 2273 
2549 2273 2958 2962 2904 
2550 2958 2291 2960 2962 
2551 2962 2960 2292 2961 
2552 2904 2962 2961 2274 
2553 2274 2961 2965 2907 
2554 2961 2292 2963 2965 
2555 2965 2963 2293 2964 
2556 2907 2965 2964 2275 
2557 2275 2964 2968 2910 
2558 2964 2293 2966 2968 
2559 2968 2966 2294 2967 
2560 2910 2968 2967 2276 
2561 2276 2967 2971 2913 
2562 2967 2294 2969 2971 
2563 2971 2969 2295 2970 
2564 2913 2971 2970 2277 
2565 2277 2970 2974 2916 
2566 2970 2295 2972 2974 
2567 2974 2972 2296 2973 
2568 2916 2974 2973 2278 
2569 2278 2973 2977 2919 
2570 2973 2296 2975 2977 
2571 2977 2975 2297 2976 
2572 2919 2977 2976 2279 
2573 2279 2976 2980 2922 
2574 2976 2297 2978 2980 
2575 2980 2978 2298 2979 
2576 2922 2980 2979 2280 
2577 2280 2979 2983 2925 
2578 2979 2298 2981 2983 
2579 2983 2981 2299 2982 
2580 2925 2983 2982 2281 
2581 2281 2982 2986 2928 
2582 2982 2299 2984 2986 
2583 2986 2984 2300 2985 
2584 2928 2986 2985 2282 
2585 2282 2985 2989 2931 
2586 2985 2300 2987 2989 
2587 2989 2987 2301 2988 
2588 2931 2989 2988 2283 
2589 2283 2988 2992 2934 
2590 2988 2301 2990 2992 
2591 2992 2990 2302 2991 
2592 2934 2992 2991 2284 
2593 2284 2991 2995 2937 
2594 2991 2302 2993 2995 
2595 2995 2993 2303 2994 
2596 2937 2995 2994 2285 
2597 2285 2994 2998 2940 
2598 2994 2303 2996 2998 
2599 2998 2996 2304 2997 
2600 2940 2998 2997 2286 
2601 2286 2997 3001 2943 
2602 2997 2304 2999 3001 
2603 3001 2999 2305 3000 
2604 2943 3001 3000 2287 
2605 2287 3000 3004 2946 
2606 3000 2305 3002 3004 
2607 3004 3002 2306 3003 
2608 2946 3004 3003 2288 
2609 2288 3003 3007 2949 
2610 3003 2306 3005 3007 
2611 3007 3005 2307 3006 
2612 2949 3007 3006 2289 
2613 2289 3006 3010 2952 
2614 3006 2307 3008 3010 
2615 3010 3008 2308 3009 
2616 2952 3010 3009 2290 
2617 2290 3009 3012 2955 
2618 3009 2308 3011 3012 
2619 3012 3011 210 229 
2620 2955 3012 229 211 
2621 304 276 3015 2957 
2622 276 305 3013 3015 
2623 3015 3013 2309 3014 
2624 2957 3015 3014 2291 
2625 2291 3014 3018 2960 
2626 3014 2309 3016 3018 
2627 3018 3016 2310 3017 
2628 2960 3018 3017 2292 
2629 2292 3017 3021 2963 
2630 3017 2310 3019 3021 
2631 3021 3019 2311 3020 
2632 2963 3021 3020 2293 
2633 2293 3020 3024 2966 
2634 3020 2311 3022 3024 
2635 3024 3022 2312 3023 
2636 2966 3024 3023 2294 
2637 2294 3023 3027 2969 
2638 3023 2312 3025 3027 
2639 3027 3025 2313 3026 
2640 2969 3027 3026 2295 
2641 2295 3026 3030 2972 
2642 3026 2313 3028 3030 
2643 3030 3028 2314 3029 
2644 2972 3030 3029 2296 
2645 2296 3029 3033 2975 
2646 3029 2314 3031 3033 
2647 3033 3031 2315 3032 
2648 2975 3033 3032 2297 
2649 2297 3032 3036 2978 
2650 3032 2315 3034 3036 
2651 3036 3034 2316 3035 
2652 2978 3036 3035 2298 
2653 2298 3035 3039 2981 
2654 3035 2316 3037 3039 
2655 3039 3037 2317 3038 
2656 2981 3039 3038 2299 
2657 2299 3038 3042 2984 
2658 3038 2317 3040 3042 
2659 3042 3040 2318 3041 
2660 2984 3042 3041 2300 
2661 2300 3041 3045 2987 
2662 3041 2318 3043 3045 
2663 3045 3043 2319 3044 
2664 2987 3045 3044 2301 
2665 2301 3044 3048 2990 
2666 3044 2319 3046 3048 
2667 3048 3046 2320 3047 
2668 2990 3048 3047 2302 
2669 2302 3047 3051 2993 
2670 3047 2320 3049 3051 
2671 3051 3049 2321 3050 
2672 2993 3051 3050 2303 
2673 2303 3050 3054 2996 
2674 3050 2321 3052 3054 
2675 3054 3052 2322 3053 
2676 2996 3054 3053 2304 
2677 2304 3053 3057 2999 
2678 3053 2322 3055 3057 
2679 3057 3055 2323 3056 
2680 2999 3057 3056 2305 
2681 2305 3056 3060 3002 
2682 3056 2323 3058 3060 
2683 3060 3058 2324 3059 
2684 3002 3060 3059 2306 
2685 2306 3059 3063 3005 
2686 3059 2324 3061 3063 
2687 3063 3061 2325 3062 
2688 3005 3063 3062 2307 
2689 2307 3062 3066 3008 
2690 3062 2325 3064 3066 
2691 3066 3064 2326 3065 
2692 3008 3066 3065 2308 
2693 2308 3065 3068 3011 
2694 3065 2326 3067 3068 
2695 3068 3067 209 230 
2696 3011 3068 230 210 
2697 305 287 3071 3013 
2698 287 306 3069 3071 
2699 3071 3069 2327 3070 
2700 3013 3071 3070 2309 
2701 2309 3070 3074 3016 
2702 3070 2327 3072 3074 
2703 3074 3072 2328 3073 
2704 3016 3074 3073 2310 
2705 2310 3073 3077 3019 
2706 3073 2328 3075 3077 
2707 3077 3075 2329 3076 
2708 3019 3077 3076 2311 
2709 2311 3076 3080 3022 
2710 3076 2329 3078 3080 
2711 3080 3078 2330 3079 
2712 3022 3080 3079 2312 
2713 2312 3079 3083 3025 
2714 3079 2330 3081 3083 
2715 3083 3081 2331 3082 
2716 3025 3083 3082 2313 
2717 2313 3082 3086 3028 
2718 3082 2331 3084 3086 
2719 3086 3084 2332 3085 
2720 3028 3086 3085 2314 
2721 2314 3085 3089 3031 
2722 3085 2332 3087 3089 
2723 3089 3087 2333 3088 
2724 3031 3089 3088 2315 
2725 2315 3088 3092 3034 
2726 3088 2333 3090 3092 
2727 3092 3090 2334 3091 
2728 3034 3092 3091 2316 
2729 2316 3091 3095 3037 
2730 3091 2334 3093 3095 
2731 3095 3093 2335 3094 
2732 3037 3095 3094 2317 
2733 2317 3094 3098 3040 
2734 3094 2335 3096 3098 
2735 3098 3096 2336 3097 
2736 3040 3098 3097 2318 
2737 2318 3097 3101 3043 
2738 3097 2336 3099 3101 
2739 3101 3099 2337 3100 
2740 3043 3101 3100 2319 
2741 2319 3100 3104 3046 
2742 3100 2337 3102 3104 
2743 3104 3102 2338 3103 
2744 3046 3104 3103 2320 
2745 2320 3103 3107 3049 
2746 3103 2338 3105 3107 
2747 3107 3105 2339 3106 
2748 3049 3107 3106 2321 
2749 2321 3106 3110 3052 
2750 3106 2339 3108 3110 
2751 3110 3108 2340 3109 
2752 3052 3110 3109 2322 
2753 2322 3109 3113 3055 
2754 3109 2340 3111 3113 
2755 3113 3111 2341 3112 
2756 3055 3113 3112 2323 
2757 2323 3112 3116 3058 
2758 3112 2341 3114 3116 
2759 3116 3114 2342 3115 
2760 3058 3116 3115 2324 
2761 2324 3115 3119 3061 
2762 3115 2342 3117 3119 
2763 3119 3117 2343 3118 
2764 3061 3119 3118 2325 
2765 2325 3118 3122 3064 
2766 3118 2343 3120 3122 
2767 3122 3120 2344 3121 
2768 3064 3122 3121 2326 
2769 2326 3121 3124 3067 
2770 3121 2344 3123 3124 
2771 3124 3123 208 231 
2772 3067 3124 231 209 
2773 306 288 3127 3069 
2774 288 307 3125 3127 
2775 3127 3125 2345 3126 
2776 3069 3127 3126 2327 
2777 2327 3126 3130 3072 
2778 3126 2345 3128 3130 
2779 3130 3128 2346 3129 
2780 3072 3130 3129 2328 
2781 2328 3129 3133 3075 
2782 3129 2346 3131 3133 
2783 3133 3131 2347 3132 
2784 3075 3133 3132 2329 
2785 2329 3132 3136 3078 
2786 3132 2347 3134 3136 
2787 3136 3134 2348 3135 
2788 3078 3136 3135 2330 
2789 2330 3135 3139 3081 
2790 3135 2348 3137 3139 
2791 3139 3137 2349 3138 
2792 3081 3139 3138 2331 
2793 2331 3138 3142 3084 
2794 3138 2349 3140 3142 
2795 3142 3140 2350 3141 
2796 3084 3142 3141 2332 
2797 2332 3141 3145 3087 
2798 3141 2350 3143 3145 
2799 3145 3143 2351 3144 
2800 3087 3145 3144 2333 
2801 2333 3144 3148 3090 
2802 3144 2351 3146 3148 
2803 3148 3146 2352 3147 
2804 3090 3148 3147 2334 
2805 2334 3147 3151 3093 
2806 3147 2352 3149 3151 
2807 3151 3149 2353 3150 
2808 3093 3151 3150 2335 
2809 2335 3150 3154 3096 
2810 3150 2353 3152 3154 
2811 3154 3152 2354 3153 
2812 3096 3154 3153 2336 
2813 2336 3153 3157 3099 
2814 3153 2354 3155 3157 
2815 3157 3155 2355 3156 
2816 3099 3157 3156 2337 
2817 2337 3156 3160 3102 
2818 3156 2355 3158 3160 
2819 3160 3158 2356 3159 
2820 3102 3160 3159 2338 
2821 2338 3159 3163 3105 
2822 3159 2356 3161 3163 
2823 3163 3161 2357 3162 
2824 3105 3163 3162 2339 
2825 2339 3162 3166 3108 
2826 3162 2357 3164 3166 
2827 3166 3164 2358 3165 
2828 3108 3166 3165 2340 
2829 2340 3165 3169 3111 
2830 3165 2358 3167 3169 
2831 3169 3167 2359 3168 
2832 3111 3169 3168 2341 
2833 2341 3168 3172 3114 
2834 3168 2359 3170 3172 
2835 3172 3170 2360 3171 
2836 3114 3172 3171 2342 
2837 2342 3171 3175 3117 
2838 3171 2360 3173 3175 
2839 3175 3173 2361 3174 
2840 3117 3175 3174 2343 
2841 2343 3174 3178 3120 
2842 3174 2361 3176 3178 
2843 3178 3176 2362 3177 
2844 3120 3178 3177 2344 
2845 2344 3177 3180 3123 
2846 3177 2362 3179 3180 
2847 3180 3179 207 232 
2848 3123 3180 232 208 
2849 307 289 3183 3125 
2850 289 308 3181 3183 
2851 3183 3181 2363 3182 
2852 3125 3183 3182 2345 
2853 2345 3182 3186 3128 
2854 3182 2363 3184 3186 
2855 3186 3184 2364 3185 
2856 3128 3186 3185 2346 
2857 2346 3185 3189 3131 
2858 3185 2364 3187 3189 
2859 3189 3187 2365 3188 
2860 3131 3189 3188 2347 
2861 2347 3188 3192 3134 
2862 3188 2365 3190 3192 
2863 3192 3190 2366 3191 
2864 3134 3192 3191 2348 
2865 2348 3191 3195 3137 
2866 3191 2366 3193 3195 
2867 3195 3193 2367 3194 
2868 3137 3195 3194 2349 
2869 2349 3194 3198 3140 
2870 3194 2367 3196 3198 
2871 3198 3196 2368 3197 
2872 3140 3198 3197 2350 
2873 2350 3197 3201 3143 
2874 3197 2368 3199 3201 
2875 3201 3199 2369 3200 
2876 3143 3201 3200 2351 
2877 2351 3200 3204 3146 
2878 3200 2369 3202 3204 
2879 3204 3202 2370 3203 
2880 3146 3204 3203 2352 
2881 2352 3203 3207 3149 
2882 3203 2370 3205 3207 
2883 3207 3205 2371 3206 
2884 3149 3207 3206 2353 
2885 2353 3206 3210 3152 
2886 3206 2371 3208 3210 
2887 3210 3208 2372 3209 
2888 3152 3210 3209 2354 
2889 2354 3209 3213 3155 
2890 3209 2372 3211 3213 
2891 3213 3211 2373 3212 
2892 3155 3213 3212 2355 
2893 2355 3212 3216 3158 
2894 3212 2373 3214 3216 
2895 3216 3214 2374 3215 
2896 3158 3216 3215 2356 
2897 2356 3215 3219 3161 
2898 3215 2374 3217 3219 
2899 3219 3217 2375 3218 
2900 3161 3219 3218 2357 
2901 2357 3218 3222 3164 
2902 3218 2375 3220 3222 
2903 3222 3220 2376 3221 
2904 3164 3222 3221 2358 
2905 2358 3221 3225 3167 
2906 3221 2376 3223 3225 
2907 3225 3223 2377 3224 
2908 3167 3225 3224 2359 
2909 2359 3224 3228 3170 
2910 3224 2377 3226 3228 
2911 3228 3226 2378 3227 
2912 3170 3228 3227 2360 
2913 2360 3227 3231 3173 
2914 3227 2378 3229 3231 
2915 3231 3229 2379 3230 
2916 3173 3231 3230 2361 
2917 2361 3230 3234 3176 
2918 3230 2379 3232 3234 
2919 3234 3232 2380 3233 
2920 3176 3234 3233 2362 
2921 2362 3233 3236 3179 
2922 3233 2380 3235 3236 
2923 3236 3235 206 233 
2924 3179 3236 233 207 
2925 308 290 3239 3181 
2926 290 309 3237 3239 
2927 3239 3237 2381 3238 
2928 3181 3239 3238 2363 
2929 2363 3238 3242 3184 
2930 3238 2381 3240 3242 
2931 3242 3240 2382 3241 
2932 3184 3242 3241 2364 
2933 2364 3241 3245 3187 
2934 3241 2382 3243 3245 
2935 3245 3243 2383 3244 
2936 3187 3245 3244 2365 
2937 2365 3244 3248 3190 
2938 3244 2383 3246 3248 
2939 3248 3246 2384 3247 
2940 3190 3248 3247 2366 
2941 2366 3247 3251 3193 
2942 3247 2384 3249 3251 
2943 3251 3249 2385 3250 
2944 3193 3251 3250 2367 
2945 2367 3250 3254 3196 
2946 3250 2385 3252 3254 
2947 3254 3252 2386 3253 
2948 3196 3254 3253 2368 
2949 2368 3253 3257 3199 
2950 3253 2386 3255 3257 
2951 3257 3255 2387 3256 
2952 3199 3257 3256 2369 
2953 2369 3256 3260 3202 
2954 3256 2387 3258 3260 
2955 3260 3258 2388 3259 
2956 3202 3260 3259 2370 
2957 2370 3259 3263 3205 
2958 3259 2388 3261 3263 
2959 3263 3261 2389 3262 
2960 3205 3263 3262 2371 
2961 2371 3262 3266 3208 
2962 3262 2389 3264 3266 
2963 3266 3264 2390 3265 
2964 3208 3266 3265 2372 
2965 2372 3265 3269 3211 
2966 3265 2390 3267 3269 
2967 3269 3267 2391 3268 
2968 3211 3269 3268 2373 
2969 2373 3268 3272 3214 
2970 3268 2391 3270 3272 
2971 3272 3270 2392 3271 
2972 3214 3272 3271 2374 
2973 2374 3271 3275 3217 
2974 3271 2392 3273 3275 
2975 3275 3273 2393 3274 
2976 3217 3275 3274 2375 
2977 2375 3274 3278 3220 
2978 3274 2393 3276 3278 
2979 3278 3276 2394 3277 
2980 3220 3278 3277 2376 
2981 2376 3277 3281 3223 
2982 3277 2394 3279 3281 
2983 3281 3279 2395 3280 
2984 3223 3281 3280 2377 
2985 2377 3280 3284 3226 
2986 3280 2395 3282 3284 
2987 3284 3282 2396 3283 
2988 3226 3284 3283 2378 
2989 2378 3283 3287 3229 
2990 3283 2396 3285 3287 
2991 3287 3285 2397 3286 
2992 3229 3287 3286 2379 
2993 2379 3286 3290 3232 
2994 3286 2397 3288 3290 
2995 3290 3288 2398 3289 
2996 3232 3290 3289 2380 
2997 2380 3289 3292 3235 
2998 3289 2398 3291 3292 
2999 3292 3291 205 234 
3000 3235 3292 234 206 
3001 309 291 3295 3237 
3002 291 310 3293 3295 
3003 3295 3293 2399 3294 
3004 3237 3295 3294 2381 
3005 2381 3294 3298 3240 
3006 3294 2399 3296 3298 
3007 3298 3296 2400 3297 
3008 3240 3298 3297 2382 
3009 2382 3297 3301 3243 
3010 3297 2400 3299 3301 
3011 3301 3299 2401 3300 
3012 3243 3301 3300 2383 
3013 2383 3300 3304 3246 
3014 3300 2401 3302 3304 
3015 3304 3302 2402 3303 
3016 3246 3304 3303 2384 
3017 2384 3303 3307 3249 
3018 3303 2402 3305 3307 
3019 3307 3305 2403 3306 
3020 3249 3307 3306 2385 
3021 2385 3306 3310 3252 
3022 3306 2403 3308 3310 
3023 3310 3308 2404 3309 
3024 3252 3310 3309 2386 
3025 2386 3309 3313 3255 
3026 3309 2404 3311 3313 
3027 3313 3311 2405 3312 
3028 3255 3313 3312 2387 
3029 2387 3312 3316 3258 
3030 3312 2405 3314 3316 
3031 3316 3314 2406 3315 
3032 3258 3316 3315 2388 
3033 2388 3315 3319 3261 
3034 3315 2406 3317 3319 
3035 3319 3317 2407 3318 
3036 3261 3319 3318 2389 
3037 2389 3318 3322 3264 
3038 3318 2407 3320 3322 
3039 3322 3320 2408 3321 
3040 3264 3322 3321 2390 
3041 2390 3321 3325 3267 
3042 3321 2408 3323 3325 
3043 3325 3323 2409 3324 
3044 3267 3325 3324 2391 
3045 2391 3324 3328 3270 
3046 3324 2409 3326 3328 
3047 3328 3326 2410 3327 
3048 3270 3328 3327 2392 
3049 2392 3327 3331 3273 
3050 3327 2410 3329 3331 
3051 3331 3329 2411 3330 
3052 3273 3331 3330 2393 
3053 2393 3330 3334 3276 
3054 3330 2411 3332 3334 
3055 3334 3332 2412 3333 
3056 3276 3334 3333 2394 
3057 2394 3333 3337 3279 
3058 3333 2412 3335 3337 
3059 3337 3335 2413 3336 
3060 3279 3337 3336 2395 
3061 2395 3336 3340 3282 
3062 3336 2413 3338 3340 
3063 3340 3338 2414 3339 
3064 3282 3340 3339 2396 
3065 2396 3339 3343 3285 
3066 3339 2414 3341 3343 
3067 3343 3341 2415 3342 
3068 3285 3343 3342 2397 
3069 2397 3342 3346 3288 
3070 3342 2415 3344 3346 
3071 3346 3344 2416 3345 
3072 3288 3346 3345 2398 
3073 2398 3345 3348 3291 
3074 3345 2416 3347 3348 
3075 3348 3347 204 235 
3076 3291 3348 235 205 
3077 310 292 3351 3293 
3078 292 311 3349 3351 
3079 3351 3349 2417 3350 
3080 3293 3351 3350 2399 
3081 2399 3350 3354 3296 
3082 3350 2417 3352 3354 
3083 3354 3352 2418 3353 
3084 3296 3354 3353 2400 
3085 2400 3353 3357 3299 
3086 3353 2418 3355 3357 
3087 3357 3355 2419 3356 
3088 3299 3357 3356 2401 
3089 2401 3356 3360 3302 
3090 3356 2419 3358 3360 
3091 3360 3358 2420 3359 
3092 3302 3360 3359 2402 
3093 2402 3359 3363 3305 
3094 3359 2420 3361 3363 
3095 3363 3361 2421 3362 
3096 3305 3363 3362 2403 
3097 2403 3362 3366 3308 
3098 3362 2421 3364 3366 
3099 3366 3364 2422 3365 
3100 3308 3366 3365 2404 
3101 2404 3365 3369 3311 
3102 3365 2422 3367 3369 
3103 3369 3367 2423 3368 
3104 3311 3369 3368 2405 
3105 2405 3368 3372 3314 
3106 3368 2423 3370 3372 
3107 3372 3370 2424 3371 
3108 3314 3372 3371 2406 
3109 2406 3371 3375 3317 
3110 3371 2424 3373 3375 
3111 3375 3373 2425 3374 
3112 3317 3375 3374 2407 
3113 2407 3374 3378 3320 
3114 3374 2425 3376 3378 
3115 3378 3376 2426 3377 
3116 3320 3378 3377 2408 
3117 2408 3377 3381 3323 
3118 3377 2426 3379 3381 
3119 3381 3379 2427 3380 
3120 3323 3381 3380 2409 
3121 2409 3380 3384 3326 
3122 3380 2427 3382 3384 
3123 3384 3382 2428 3383 
3124 3326 3384 3383 2410 
3125 2410 3383 3387 3329 
3126 3383 2428 3385 3387 
3127 3387 3385 2429 3386 
3128 3329 3387 3386 2411 
3129 2411 3386 3390 3332 
3130 3386 2429 3388 3390 
3131 3390 3388 2430 3389 
3132 3332 3390 3389 2412 
3133 2412 3389 3393 3335 
3134 3389 2430 3391 3393 
3135 3393 3391 2431 3392 
3136 3335 3393 3392 2413 
3137 2413 3392 3396 3338 
3138 3392 2431 3394 3396 
3139 3396 3394 2432 3395 
3140 3338 3396 3395 2414 
3141 2414 3395 3399 3341 
3142 3395 2432 3397 3399 
3143 3399 3397 2433 3398 
3144 3341 3399 3398 2415 
3145 2415 3398 3402 3344 
3146 3398 2433 3400 3402 
3147 3402 3400 2434 3401 
3148 3344 3402 3401 2416 
3149 2416 3401 3404 3347 
3150 3401 2434 3403 3404 
3151 3404 3403 203 236 
3152 3347 3404 236 204 
3153 311 293 3407 3349 
3154 293 312 3405 3407 
3155 3407 3405 2435 3406 
3156 3349 3407 3406 2417 
3157 2417 3406 3410 3352 
3158 3406 2435 3408 3410 
3159 3410 3408 2436 3409 
3160 3352 3410 3409 2418 
3161 2418 3409 3413 3355 
3162 3409 2436 3411 3413 
3163 3413 3411 2437 3412 
3164 3355 3413 3412 2419 
3165 2419 3412 3416 3358 
3166 3412 2437 3414 3416 
3167 3416 3414 2438 3415 
3168 3358 3416 3415 2420 
3169 2420 3415 3419 3361 
3170 3415 2438 3417 3419 
3171 3419 3417 2439 3418 
3172 3361 3419 3418 2421 
3173 2421 3418 3422 3364 
3174 3418 2439 3420 3422 
3175 3422 3420 2440 3421 
3176 3364 3422 3421 2422 
3177 2422 3421 3425 3367 
3178 3421 2440 3423 3425 
3179 3425 3423 2441 3424 
3180 3367 3425 3424 2423 
3181 2423 3424 3428 3370 
3182 3424 2441 3426 3428 
3183 3428 3426 2442 3427 
3184 3370 3428 3427 2424 
3185 2424 3427 3431 3373 
3186 3427 2442 3429 3431 
3187 3431 3429 2443 3430 
3188 3373 3431 3430 2425 
3189 2425 3430 3434 3376 
3190 3430 2443 3432 3434 
3191 3434 3432 2444 3433 
3192 3376 3434 3433 2426 
3193 2426 3433 3437 3379 
3194 3433 2444 3435 3437 
3195 3437 3435 2445 3436 
3196 3379 3437 3436 2427 
3197 2427 3436 3440 3382 
3198 3436 2445 3438 3440 
3199 3440 3438 2446 3439 
3200 3382 3440 3439 2428 
3201 2428 3439 3443 3385 
3202 3439 2446 3441 3443 
3203 3443 3441 2447 3442 
3204 3385 3443 3442 2429 
3205 2429 3442 3446 3388 
3206 3442 2447 3444 3446 
3207 3446 3444 2448 3445 
3208 3388 3446 3445 2430 
3209 2430 3445 3449 3391 
3210 3445 2448 3447 3449 
3211 3449 3447 2449 3448 
3212 3391 3449 3448 2431 
3213 2431 3448 3452 3394 
3214 3448 2449 3450 3452 
3215 3452 3450 2450 3451 
3216 3394 3452 3451 2432 
3217 2432 3451 3455 3397 
3218 3451 2450 3453 3455 
3219 3455 3453 2451 3454 
3220 3397 3455 3454 2433 
3221 2433 3454 3458 3400 
3222 3454 2451 3456 3458 
3223 3458 3456 2452 3457 
3224 3400 3458 3457 2434 
3225 2434 3457 3460 3403 
3226 3457 2452 3459 3460 
3227 3460 3459 202 237 
3228 3403 3460 237 203 
3229 312 294 3462 3405 
3230 294 6 183 3462 
3231 3462 183 182 3461 
3232 3405 3462 3461 2435 
3233 2435 3461 3464 3408 
3234 3461 182 184 3464 
3235 3464 184 181 3463 
3236 3408 3464 3463 2436 
3237 2436 3463 3466 3411 
3238 3463 181 185 3466 
3239 3466 185 180 3465 
3240 3411 3466 3465 2437 
3241 2437 3465 3468 3414 
3242 3465 180 186 3468 
3243 3468 186 179 3467 
3244 3414 3468 3467 2438 
3245 2438 3467 3470 3417 
3246 3467 179 187 3470 
3247 3470 187 178 3469 
3248 3417 3470 3469 2439 
3249 2439 3469 3472 3420 
3250 3469 178 188 3472 
3251 3472 188 177 3471 
3252 3420 3472 3471 2440 
3253 2440 3471 3474 3423 
3254 3471 177 189 3474 
3255 3474 189 176 3473 
3256 3423 3474 3473 2441 
3257 2441 3473 3476 3426 
3258 3473 176 190 3476 
3259 3476 190 175 3475 
3260 3426 3476 3475 2442 
3261 2442 3475 3478 3429 
3262 3475 175 191 3478 
3263 3478 191 174 3477 
3264 3429 3478 3477 2443 
3265 2443 3477 3480 3432 
3266 3477 174 192 3480 
3267 3480 192 173 3479 
3268 3432 3480 3479 2444 
3269 2444 3479 3482 3435 
3270 3479 173 193 3482 
3271 3482 193 172 3481 
3272 3435 3482 3481 2445 
3273 2445 3481 3484 3438 
3274 3481 172 194 3484 
3275 3484 194 171 3483 
3276 3438 3484 3483 2446 
3277 2446 3483 3486 3441 
3278 3483 171 195 3486 
3279 3486 195 170 3485 
3280 3441 3486 3485 2447 
3281 2447 3485 3488 3444 
3282 3485 170 196 3488 
3283 3488 196 169 3487 
3284 3444 3488 3487 2448 
3285 2448 3487 3490 3447 
3286 3487 169 197 3490 
3287 3490 197 168 3489 
3288 3447 3490 3489 2449 
3289 2449 3489 3492 3450 
3290 3489 168 198 3492 
3291 3492 198 167 3491 
3292 3450 3492 3491 2450 
3293 2450 3491 3494 3453 
3294 3491 167 199 3494 
3295 3494 199 166 3493 
3296 3453 3494 3493 2451 
3297 2451 3493 3496 3456 
3298 3493 166 200 3496 
3299 3496 200 165 3495 
3300 3456 3496 3495 2452 
3301 2452 3495 3497 3459 
3302 3495 165 201 3497 
3303 3497 201 5 238 
3304 3459 3497 238 202 
2 3 3 828
3305 3661 3644 3643 3660 
3306 3611 3595 3522 3610 
3307 3527 3604 3560 3561 
3308 3543 3583 3570 3548 
3309 3605 3599 3545 3593 
3310 3541 3503 356 359 
3311 3542 3517 3604 3527 
3312 3521 3584 3562 3539 
3313 3649 3632 3631 3648 
3314 3651 3634 294 312 
3315 3524 3558 3557 3596 
3316 3575 3547 3605 3526 
3317 3584 350 339 3562 
3318 3610 3522 3591 3609 
3319 3617 3549 354 6 
3320 3603 3550 3606 3513 
3321 3627 3610 3609 3626 
3322 3600 3575 3526 3499 
3323 3624 3579 3515 3623 
3324 3636 3619 3618 3635 
3325 3515 3603 3513 3556 
3326 3650 3633 3632 3649 
3327 3540 3601 3523 3585 
3328 3567 3507 355 358 
3329 3549 3567 358 354 
3330 3498 3531 3589 3532 
3331 3607 342 348 3528 
3332 3531 3500 3542 3589 
3333 3548 3570 3592 3565 
3334 3530 3544 3505 3517 
3335 3570 3607 3528 3592 
3336 3581 3568 3586 3590 
3337 3557 3571 3568 3581 
3338 3579 3555 3603 3515 
3339 3537 3529 3538 3550 
3340 3640 3623 3622 3639 
3341 3596 3557 3581 3582 
3342 332 336 3530 3500 
3343 3639 3622 3621 3638 
3344 3535 341 349 3572 
3345 3571 3561 3543 3568 
3346 3648 3631 3630 3647 
3347 3647 3630 3629 3646 
3348 331 335 3531 3498 
3349 3507 3541 359 355 
3350 3637 3620 3619 3636 
3351 3545 3504 3553 3569 
3352 3573 3527 3561 3571 
3353 3554 3565 3533 3536 
3354 3589 3542 3527 3573 
3355 1 330 3616 3633 
3356 3518 3563 3551 3599 
3357 3559 347 342 3607 
3358 3572 349 340 3511 
3359 3630 3613 3612 3629 
3360 3577 3554 3536 3502 
3361 3555 3537 3550 3603 
3362 3516 3512 3547 3575 
3363 3500 3530 3517 3542 
3364 3620 3576 3540 3619 
3365 3604 3587 3588 3560 
3366 3635 3618 3617 3634 
3367 3591 3502 3508 3506 
3368 3623 3515 3556 3622 
3369 3642 3625 3624 3641 
3370 3506 3508 3537 3555 
3371 3536 3533 3580 3501 
3372 3525 351 338 3563 
3373 3615 3514 3524 3614 
3374 3612 3582 3595 3611 
3375 3551 352 337 3504 
3376 3633 3616 3615 3632 
3377 3556 3513 3520 3597 
3378 3634 3617 6 294 
3379 3558 3573 3571 3557 
3380 3508 3501 3529 3537 
3381 3553 353 10 357 
3382 3656 3639 3638 3655 
3383 3517 3505 3587 3604 
3384 3653 3636 3635 3652 
3385 3632 3615 3614 3631 
3386 3646 3629 3628 3645 
3387 3628 3611 3610 3627 
3388 3526 3605 3593 3602 
3389 3601 3499 3566 3523 
3390 3625 3608 3579 3624 
3391 3544 345 344 3505 
3392 3523 3566 3507 3567 
3393 3644 3627 3626 3643 
3394 3616 3578 3514 3615 
3395 3652 3635 3634 3651 
3396 3593 3545 3569 3503 
3397 3509 3525 3563 3518 
3398 3638 3621 3620 3637 
3399 3658 3641 3640 3657 
3400 3583 3559 3607 3570 
3401 3626 3609 3608 3625 
3402 3580 3552 3546 3564 
3403 3587 346 343 3588 
3404 3655 3638 3637 3654 
3405 330 334 3578 3616 
3406 3550 3538 3574 3606 
3407 3594 3535 3572 3552 
3408 3659 3642 3641 3658 
3409 3563 338 352 3551 
3410 3657 3640 3639 3656 
3411 3511 340 350 3584 
3412 3586 3548 3565 3554 
3413 3582 3581 3590 3595 
3414 3641 3624 3623 3640 
3415 3622 3556 3597 3621 
3416 3562 339 351 3525 
3417 3643 3626 3625 3642 
3418 3602 3593 3503 3541 
3419 3529 3564 3598 3538 
3420 3532 3589 3573 3558 
3421 3538 3598 3519 3574 
3422 3629 3612 3611 3628 
3423 3503 3569 360 356 
3424 3608 3506 3555 3579 
3425 3539 3562 3525 3509 
3426 3595 3590 3577 3522 
3427 3588 343 347 3559 
3428 3501 3580 3564 3529 
3429 3566 3602 3541 3507 
3430 3505 344 346 3587 
3431 3578 3498 3532 3514 
3432 3599 3551 3504 3545 
3433 3569 3553 357 360 
3434 3574 3519 3512 3516 
3435 3512 3509 3518 3547 
3436 336 333 3544 3530 
3437 3520 3534 3600 3510 
3438 3619 3540 3585 3618 
3439 3519 3539 3509 3512 
3440 3597 3520 3510 3576 
3441 3504 337 353 3553 
3442 3564 3546 3521 3598 
3443 3568 3543 3548 3586 
3444 3522 3577 3502 3591 
3445 3528 348 341 3535 
3446 3561 3560 3583 3543 
3447 3513 3606 3534 3520 
3448 3618 3585 3549 3617 
3449 3598 3521 3539 3519 
3450 3654 3637 3636 3653 
3451 3576 3510 3601 3540 
3452 3502 3536 3501 3508 
3453 3552 3572 3511 3546 
3454 335 332 3500 3531 
3455 3546 3511 3584 3521 
3456 3560 3588 3559 3583 
3457 3606 3574 3516 3534 
3458 3592 3528 3535 3594 
3459 3621 3597 3576 3620 
3460 3533 3594 3552 3580 
3461 3499 3526 3602 3566 
3462 3614 3524 3596 3613 
3463 3660 3643 3642 3659 
3464 72 1 3633 3650 
3465 3609 3591 3506 3608 
3466 3534 3516 3575 3600 
3467 3585 3523 3567 3549 
3468 333 9 345 3544 
3469 3590 3586 3554 3577 
3470 3613 3596 3582 3612 
3471 3510 3600 3499 3601 
3472 3565 3592 3594 3533 
3473 3547 3518 3599 3605 
3474 3645 3628 3627 3644 
3475 3631 3614 3613 3630 
3476 3514 3532 3558 3524 
3477 334 331 3498 3578 
3478 3662 3645 3644 3661 
3479 3663 3646 3645 3662 
3480 3664 3647 3646 3663 
3481 3665 3648 3647 3664 
3482 3666 3649 3648 3665 
3483 3667 3650 3649 3666 
3484 90 72 3650 3667 
3485 3668 3651 312 293 
3486 3669 3652 3651 3668 
3487 3670 3653 3652 3669 
3488 3671 3654 3653 3670 
3489 3672 3655 3654 3671 
3490 3673 3656 3655 3672 
3491 3674 3657 3656 3673 
3492 3675 3658 3657 3674 
3493 3676 3659 3658 3675 
3494 3677 3660 3659 3676 
3495 3678 3661 3660 3677 
3496 3679 3662 3661 3678 
3497 3680 3663 3662 3679 
3498 3681 3664 3663 3680 
3499 3682 3665 3664 3681 
3500 3683 3666 3665 3682 
3501 3684 3667 3666 3683 
3502 71 90 3667 3684 
3503 3685 3668 293 311 
3504 3686 3669 3668 3685 
3505 3687 3670 3669 3686 
3506 3688 3671 3670 3687 
3507 3689 3672 3671 3688 
3508 3690 3673 3672 3689 
3509 3691 3674 3673 3690 
3510 3692 3675 3674 3691 
3511 3693 3676 3675 3692 
3512 3694 3677 3676 3693 
3513 3695 3678 3677 3694 
3514 3696 3679 3678 3695 
3515 3697 3680 3679 3696 
3516 3698 3681 3680 3697 
3517 3699 3682 3681 3698 
3518 3700 3683 3682 3699 
3519 3701 3684 3683 3700 
3520 89 71 3684 3701 
3521 3702 3685 311 292 
3522 3703 3686 3685 3702 
3523 3704 3687 3686 3703 
3524 3705 3688 3687 3704 
3525 3706 3689 3688 3705 
3526 3707 3690 3689 3706 
3527 3708 3691 3690 3707 
3528 3709 3692 3691 3708 
3529 3710 3693 3692 3709 
3530 3711 3694 3693 3710 
3531 3712 3695 3694 3711 
3532 3713 3696 3695 3712 
3533 3714 3697 3696 3713 
3534 3715 3698 3697 3714 
3535 3716 3699 3698 3715 
3536 3717 3700 3699 3716 
3537 3718 3701 3700 3717 
3538 70 89 3701 3718 
3539 3719 3702 292 310 
3540 3720 3703 3702 3719 
3541 3721 3704 3703 3720 
3542 3722 3705 3704 3721 
3543 3723 3706 3705 3722 
3544 3724 3707 3706 3723 
3545 3725 3708 3707 3724 
3546 3726 3709 3708 3725 
3547 3727 3710 3709 3726 
3548 3728 3711 3710 3727 
3549 3729 3712 3711 3728 
3550 3730 3713 3712 3729 
3551 3731 3714 3713 3730 
3552 3732 3715 3714 3731 
3553 3733 3716 3715 3732 
3554 3734 3717 3716 3733 
3555 3735 3718 3717 3734 
3556 88 70 3718 3735 
3557 3736 3719 310 291 
3558 3737 3720 3719 3736 
3559 3738 3721 3720 3737 
3560 3739 3722 3721 3738 
3561 3740 3723 3722 3739 
3562 3741 3724 3723 3740 
3563 3742 3725 3724 3741 
3564 3743 3726 3725 3742 
3565 3744 3727 3726 3743 
3566 3745 3728 3727 3744 
3567 3746 3729 3728 3745 
3568 3747 3730 3729 3746 
3569 3748 3731 3730 3747 
3570 3749 3732 3731 3748 
3571 3750 3733 3732 3749 
3572 3751 3734 3733 3750 
3573 3752 3735 3734 3751 
3574 69 88 3735 3752 
3575 3753 3736 291 309 
3576 3754 3737 3736 3753 
3577 3755 3738 3737 3754 
3578 3756 3739 3738 3755 
3579 3757 3740 3739 3756 
3580 3758 3741 3740 3757 
3581 3759 3742 3741 3758 
3582 3760 3743 3742 3759 
3583 3761 3744 3743 3760 
3584 3762 3745 3744 3761 
3585 3763 3746 3745 3762 
3586 3764 3747 3746 3763 
3587 3765 3748 3747 3764 
3588 3766 3749 3748 3765 
3589 3767 3750 3749 3766 
3590 3768 3751 3750 3767 
3591 3769 3752 3751 3768 
3592 87 69 3752 3769 
3593 3770 3753 309 290 
3594 3771 3754 3753 3770 
3595 3772 3755 3754 3771 
3596 3773 3756 3755 3772 
3597 3774 3757 3756 3773 
3598 3775 3758 3757 3774 
3599 3776 3759 3758 3775 
3600 3777 3760 3759 3776 
3601 3778 3761 3760 3777 
3602 3779 3762 3761 3778 
3603 3780 3763 3762 3779 
3604 3781 3764 3763 3780 
3605 3782 3765 3764 3781 
3606 3783 3766 3765 3782 
3607 3784 3767 3766 3783 
3608 3785 3768 3767 3784 
3609 3786 3769 3768 3785 
3610 68 87 3769 3786 
3611 3787 3770 290 308 
3612 3788 3771 3770 3787 
3613 3789 3772 3771 3788 
3614 3790 3773 3772 3789 
3615 3791 3774 3773 3790 
3616 3792 3775 3774 3791 
3617 3793 3776 3775 3792 
3618 3794 3777 3776 3793 
3619 3795 3778 3777 3794 
3620 3796 3779 3778 3795 
3621 3797 3780 3779 3796 
3622 3798 3781 3780 3797 
3623 3799 3782 3781 3798 
3624 3800 3783 3782 3799 
3625 3801 3784 3783 3800 
3626 3802 3785 3784 3801 
3627 3803 3786 3785 3802 
3628 86 68 3786 3803 
3629 3804 3787 308 289 
3630 3805 3788 3787 3804 
3631 3806 3789 3788 3805 
3632 3807 3790 3789 3806 
3633 3808 3791 3790 3807 
3634 3809 3792 3791 3808 
3635 3810 3793 3792 3809 
3636 3811 3794 3793 3810 
3637 3812 3795 3794 3811 
3638 3813 3796 3795 3812 
3639 3814 3797 3796 3813 
3640 3815 3798 3797 3814 
3641 3816 3799 3798 3815 
3642 3817 3800 3799 3816 
3643 3818 3801 3800 3817 
3644 3819 3802 3801 3818 
3645 3820 3803 3802 3819 
3646 67 86 3803 3820 
3647 3821 3804 289 307 
3648 3822 3805 3804 3821 
3649 3823 3806 3805 3822 
3650 3824 3807 3806 3823 
3651 3825 3808 3807 3824 
3652 3826 3809 3808 3825 
3653 3827 3810 3809 3826 
3654 3828 3811 3810 3827 
3655 3829 3812 3811 3828 
3656 3830 3813 3812 3829 
3657 3831 3814 3813 3830 
3658 3832 3815 3814 3831 
3659 3833 3816 3815 3832 
3660 3834 3817 3816 3833 
3661 3835 3818 3817 3834 
3662 3836 3819 3818 3835 
3663 3837 3820 3819 3836 
3664 85 67 3820 3837 
3665 3838 3821 307 288 
3666 3839 3822 3821 3838 
3667 3840 3823 3822 3839 
3668 3841 3824 3823 3840 
3669 3842 3825 3824 3841 
3670 3843 3826 3825 3842 
3671 3844 3827 3826 3843 
3672 3845 3828 3827 3844 
3673 3846 3829 3828 3845 
3674 3847 3830 3829 3846 
3675 3848 3831 3830 3847 
3676 3849 3832 3831 3848 
3677 3850 3833 3832 3849 
3678 3851 3834 3833 3850 
3679 3852 3835 3834 3851 
3680 3853 3836 3835 3852 
3681 3854 3837 3836 3853 
3682 66 85 3837 3854 
3683 3855 3838 288 306 
3684 3856 3839 3838 3855 
3685 3857 3840 3839 3856 
3686 3858 3841 3840 3857 
3687 3859 3842 3841 3858 
3688 3860 3843 3842 3859 
3689 3861 3844 3843 3860 
3690 3862 3845 3844 3861 
3691 3863 3846 3845 3862 
3692 3864 3847 3846 3863 
3693 3865 3848 3847 3864 
3694 3866 3849 3848 3865 
3695 3867 3850 3849 3866 
3696 3868 3851 3850 3867 
3697 3869 3852 3851 3868 
3698 3870 3853 3852 3869 
3699 3871 3854 3853 3870 
3700 84 66 3854 3871 
3701 3872 3855 306 287 
3702 3873 3856 3855 3872 
3703 3874 3857 3856 3873 
3704 3875 3858 3857 3874 
3705 3876 3859 3858 3875 
3706 3877 3860 3859 3876 
3707 3878 3861 3860 3877 
3708 3879 3862 3861 3878 
3709 3880 3863 3862 3879 
3710 3881 3864 3863 3880 
3711 3882 3865 3864 3881 
3712 3883 3866 3865 3882 
3713 3884 3867 3866 3883 
3714 3885 3868 3867 3884 
3715 3886 3869 3868 3885 
3716 3887 3870 3869 3886 
3717 3888 3871 3870 3887 
3718 65 84 3871 3888 
3719 3889 3872 287 305 
3720 3890 3873 3872 3889 
3721 3891 3874 3873 3890 
3722 3892 3875 3874 3891 
3723 3893 3876 3875 3892 
3724 3894 3877 3876 3893 
3725 3895 3878 3877 3894 
3726 3896 3879 3878 3895 
3727 3897 3880 3879 3896 
3728 3898 3881 3880 3897 
3729 3899 3882 3881 3898 
3730 3900 3883 3882 3899 
3731 3901 3884 3883 3900 
3732 3902 3885 3884 3901 
3733 3903 3886 3885 3902 
3734 3904 3887 3886 3903 
3735 3905 3888 3887 3904 
3736 83 65 3888 3905 
3737 3906 3889 305 276 
3738 3907 3890 3889 3906 
3739 3908 3891 3890 3907 
3740 3909 3892 3891 3908 
3741 3910 3893 3892 3909 
3742 3911 3894 3893 3910 
3743 3912 3895 3894 3911 
3744 3913 3896 3895 3912 
3745 3914 3897 3896 3913 
3746 3915 3898 3897 3914 
3747 3916 3899 3898 3915 
3748 3917 3900 3899 3916 
3749 3918 3901 3900 3917 
3750 3919 3902 3901 3918 
3751 3920 3903 3902 3919 
3752 3921 3904 3903 3920 
3753 3922 3905 3904 3921 
3754 54 83 3905 3922 
3755 3923 3906 276 304 
3756 3924 3907 3906 3923 
3757 3925 3908 3907 3924 
3758 3926 3909 3908 3925 
3759 3927 3910 3909 3926 
3760 3928 3911 3910 3927 
3761 3929 3912 3911 3928 
3762 3930 3913 3912 3929 
3763 3931 3914 3913 3930 
3764 3932 3915 3914 3931 
3765 3933 3916 3915 3932 
3766 3934 3917 3916 3933 
3767 3935 3918 3917 3934 
3768 3936 3919 3918 3935 
3769 3937 3920 3919 3936 
3770 3938 3921 3920 3937 
3771 3939 3922 3921 3938 
3772 82 54 3922 3939 
3773 3940 3923 304 285 
3774 3941 3924 3923 3940 
3775 3942 3925 3924 3941 
3776 3943 3926 3925 3942 
3777 3944 3927 3926 3943 
3778 3945 3928 3927 3944 
3779 3946 3929 3928 3945 
3780 3947 3930 3929 3946 
3781 3948 3931 3930 3947 
3782 3949 3932 3931 3948 
3783 3950 3933 3932 3949 
3784 3951 3934 3933 3950 
3785 3952 3935 3934 3951 
3786 3953 3936 3935 3952 
3787 3954 3937 3936 3953 
3788 3955 3938 3937 3954 
3789 3956 3939 3938 3955 
3790 63 82 3939 3956 
3791 3957 3940 285 303 
3792 3958 3941 3940 3957 
3793 3959 3942 3941 3958 
3794 3960 3943 3942 3959 
3795 3961 3944 3943 3960 
3796 3962 3945 3944 3961 
3797 3963 3946 3945 3962 
3798 3964 3947 3946 3963 
3799 3965 3948 3947 3964 
3800 3966 3949 3948 3965 
3801 3967 3950 3949 3966 
3802 3968 3951 3950 3967 
3803 3969 3952 3951 3968 
3804 3970 3953 3952 3969 
3805 3971 3954 3953 3970 
3806 3972 3955 3954 3971 
3807 3973 3956 3955 3972 
3808 81 63 3956 3973 
3809 3974 3957 303 284 
3810 3975 3958 3957 3974 
3811 3976 3959 3958 3975 
3812 3977 3960 3959 3976 
3813 3978 3961 3960 3977 
3814 3979 3962 3961 3978 
3815 3980 3963 3962 3979 
3816 3981 3964 3963 3980 
3817 3982 3965 3964 3981 
3818 3983 3966 3965 3982 
3819 3984 3967 3966 3983 
3820 3985 3968 3967 3984 
3821 3986 3969 3968 3985 
3822 3987 3970 3969 3986 
3823 3988 3971 3970 3987 
3824 3989 3972 3971 3988 
3825 3990 3973 3972 3989 
3826 62 81 3973 3990 
3827 3991 3974 284 302 
3828 3992 3975 3974 3991 
3829 3993 3976 3975 3992 
3830 3994 3977 3976 3993 
3831 3995 3978 3977 3994 
3832 3996 3979 3978 3995 
3833 3997 3980 3979 3996 
3834 3998 3981 3980 3997 
3835 3999 3982 3981 3998 
3836 4000 3983 3982 3999 
3837 4001 3984 3983 4000 
3838 4002 3985 3984 4001 
3839 4003 3986 3985 4002 
3840 4004 3987 3986 4003 
3841 4005 3988 3987 4004 
3842 4006 3989 3988 4005 
3843 4007 3990 3989 4006 
3844 80 62 3990 4007 
3845 4008 3991 302 283 
3846 4009 3992 3991 4008 
3847 4010 3993 3992 4009 
3848 4011 3994 3993 4010 
3849 4012 3995 3994 4011 
3850 4013 3996 3995 4012 
3851 4014 3997 3996 4013 
3852 4015 3998 3997 4014 
3853 4016 3999 3998 4015 
3854 4017 4000 3999 4016 
3855 4018 4001 4000 4017 
3856 4019 4002 4001 4018 
3857 4020 4003 4002 4019 
3858 4021 4004 4003 4020 
3859 4022 4005 4004 4021 
3860 4023 4006 4005 4022 
3861 4024 4007 4006 4023 
3862 61 80 4007 4024 
3863 4025 4008 283 301 
3864 4026 4009 4008 4025 
3865 4027 4010 4009 4026 
3866 4028 4011 4010 4027 
3867 4029 4012 4011 4028 
3868 4030 4013 4012 4029 
3869 4031 4014 4013 4030 
3870 4032 4015 4014 4031 
3871 4033 4016 4015 4032 
3872 4034 4017 4016 4033 
3873 4035 4018 4017 4034 
3874 4036 4019 4018 4035 
3875 4037 4020 4019 4036 
3876 4038 4021 4020 4037 
3877 4039 4022 4021 4038 
3878 4040 4023 4022 4039 
3879 4041 4024 4023 4040 
3880 79 61 4024 4041 
3881 4042 4025 301 282 
3882 4043 4026 4025 4042 
3883 4044 4027 4026 4043 
3884 4045 4028 4027 4044 
3885 4046 4029 4028 4045 
3886 4047 4030 4029 4046 
3887 4048 4031 4030 4047 
3888 4049 4032 4031 4048 
3889 4050 4033 4032 4049 
3890 4051 4034 4033 4050 
3891 4052 4035 4034 4051 
3892 4053 4036 4035 4052 
3893 4054 4037 4036 4053 
3894 4055 4038 4037 4054 
3895 4056 4039 4038 4055 
3896 4057 4040 4039 4056 
3897 4058 4041 4040 4057 
3898 60 79 4041 4058 
3899 4059 4042 282 300 
3900 4060 4043 4042 4059 
3901 4061 4044 4043 4060 
3902 4062 4045 4044 4061 
3903 4063 4046 4045 4062 
3904 4064 4047 4046 4063 
3905 4065 4048 4047 4064 
3906 4066 4049 4048 4065 
3907 4067 4050 4049 4066 
3908 4068 4051 4050 4067 
3909 4069 4052 4051 4068 
3910 4070 4053 4052 4069 
3911 4071 4054 4053 4070 
3912 4072 4055 4054 4071 
3913 4073 4056 4055 4072 
3914 4074 4057 4056 4073 
3915 4075 4058 4057 4074 
3916 78 60 4058 4075 
3917 4076 4059 300 281 
3918 4077 4060 4059 4076 
3919 4078 4061 4060 4077 
3920 4079 4062 4061 4078 
3921 4080 4063 4062 4079 
3922 4081 4064 4063 4080 
3923 4082 4065 4064 4081 
3924 4083 4066 4065 4082 
3925 4084 4067 4066 4083 
3926 4085 4068 4067 4084 
3927 4086 4069 4068 4085 
3928 4087 4070 4069 4086 
3929 4088 4071 4070 4087 
3930 4089 4072 4071 4088 
3931 4090 4073 4072 4089 
3932 4091 4074 4073 4090 
3933 4092 4075 4074 4091 
3934 59 78 4075 4092 
3935 4093 4076 281 299 
3936 4094 4077 4076 4093 
3937 4095 4078 4077 4094 
3938 4096 4079 4078 4095 
3939 4097 4080 4079 4096 
3940 4098 4081 4080 4097 
3941 4099 4082 4081 4098 
3942 4100 4083 4082 4099 
3943 4101 4084 4083 4100 
3944 4102 4085 4084 4101 
3945 4103 4086 4085 4102 
3946 4104 4087 4086 4103 
3947 4105 4088 4087 4104 
3948 4106 4089 4088 4105 
3949 4107 4090 4089 4106 
3950 4108 4091 4090 4107 
3951 4109 4092 4091 4108 
3952 77 59 4092 4109 
3953 4110 4093 299 280 
3954 4111 4094 4093 4110 
3955 4112 4095 4094 4111 
3956 4113 4096 4095 4112 
3957 4114 4097 4096 4113 
3958 4115 4098 4097 4114 
3959 4116 4099 4098 4115 
3960 4117 4100 4099 4116 
3961 4118 4101 4100 4117 
3962 4119 4102 4101 4118 
3963 4120 4103 4102 4119 
3964 4121 4104 4103 4120 
3965 4122 4105 4104 4121 
3966 4123 4106 4105 4122 
3967 4124 4107 4106 4123 
3968 4125 4108 4107 4124 
3969 4126 4109 4108 4125 
3970 58 77 4109 4126 
3971 4127 4110 280 298 
3972 4128 4111 4110 4127 
3973 4129 4112 4111 4128 
3974 4130 4113 4112 4129 
3975 4131 4114 4113 4130 
3976 4132 4115 4114 4131 
3977 4133 4116 4115 4132 
3978 4134 4117 4116 4133 
3979 4135 4118 4117 4134 
3980 4136 4119 4118 4135 
3981 4137 4120 4119 4136 
3982 4138 4121 4120 4137 
3983 4139 4122 4121 4138 
3984 4140 4123 4122 4139 
3985 4141 4124 4123 4140 
3986 4142 4125 4124 4141 
3987 4143 4126 4125 4142 
3988 76 58 4126 4143 
3989 4144 4127 298 279 
3990 4145 4128 4127 4144 
3991 4146 4129 4128 4145 
3992 4147 4130 4129 4146 
3993 4148 4131 4130 4147 
3994 4149 4132 4131 4148 
3995 4150 4133 4132 4149 
3996 4151 4134 4133 4150 
3997 4152 4135 4134 4151 
3998 4153 4136 4135 4152 
3999 4154 4137 4136 4153 
4000 4155 4138 4137 4154 
4001 4156 4139 4138 4155 
4002 4157 4140 4139 4156 
4003 4158 4141 4140 4157 
4004 4159 4142 4141 4158 
4005 4160 4143 4142 4159 
4006 57 76 4143 4160 
4007 4161 4144 279 297 
4008 4162 4145 4144 4161 
4009 4163 4146 4145 4162 
4010 4164 4147 4146 4163 
4011 4165 4148 4147 4164 
4012 4166 4149 4148 4165 
4013 4167 4150 4149 4166 
4014 4168 4151 4150 4167 
4015 4169 4152 4151 4168 
4016 4170 4153 4152 4169 
4017 4171 4154 4153 4170 
4018 4172 4155 4154 4171 
4019 4173 4156 4155 4172 
4020 4174 4157 4156 4173 
4021 4175 4158 4157 4174 
4022 4176 4159 4158 4175 
4023 4177 4160 4159 4176 
4024 75 57 4160 4177 
4025 4178 4161 297 278 
4026 4179 4162 4161 4178 
4027 4180 4163 4162 4179 
4028 4181 4164 4163 4180 
4029 4182 4165 4164 4181 
4030 4183 4166 4165 4182 
4031 4184 4167 4166 4183 
4032 4185 4168 4167 4184 
4033 4186 4169 4168 4185 
4034 4187 4170 4169 4186 
4035 4188 4171 4170 4187 
4036 4189 4172 4171 4188 
4037 4190 4173 4172 4189 
4038 4191 4174 4173 4190 
4039 4192 4175 4174 4191 
4040 4193 4176 4175 4192 
4041 4194 4177 4176 4193 
4042 56 75 4177 4194 
4043 4195 4178 278 296 
4044 4196 4179 4178 4195 
4045 4197 4180 4179 4196 
4046 4198 4181 4180 4197 
4047 4199 4182 4181 4198 
4048 4200 4183 4182 4199 
4049 4201 4184 4183 4200 
4050 4202 4185 4184 4201 
4051 4203 4186 4185 4202 
4052 4204 4187 4186 4203 
4053 4205 4188 4187 4204 
4054 4206 4189 4188 4205 
4055 4207 4190 4189 4206 
4056 4208 4191 4190 4207 
4057 4209 4192 4191 4208 
4058 4210 4193 4192 4209 
4059 4211 4194 4193 4210 
4060 74 56 4194 4211 
4061 4212 4195 296 277 
4062 4213 4196 4195 4212 
4063 4214 4197 4196 4213 
4064 4215 4198 4197 4214 
4065 4216 4199 4198 4215 
4066 4217 4200 4199 4216 
4067 4218 4201 4200 4217 
4068 4219 4202 4201 4218 
4069 4220 4203 4202 4219 
4070 4221 4204 4203 4220 
4071 4222 4205 4204 4221 
4072 4223 4206 4205 4222 
4073 4224 4207 4206 4223 
4074 4225 4208 4207 4224 
4075 4226 4209 4208 4225 
4076 4227 4210 4209 4226 
4077 4228 4211 4210 4227 
4078 55 74 4211 4228 
4079 4229 4212 277 295 
4080 4230 4213 4212 4229 
4081 4231 4214 4213 4230 
4082 4232 4215 4214 4231 
4083 4233 4216 4215 4232 
4084 4234 4217 4216 4233 
4085 4235 4218 4217 4234 
4086 4236 4219 4218 4235 
4087 4237 4220 4219 4236 
4088 4238 4221 4220 4237 
4089 4239 4222 4221 4238 
4090 4240 4223 4222 4239 
4091 4241 4224 4223 4240 
4092 4242 4225 4224 4241 
4093 4243 4226 4225 4242 
4094 4244 4227 4226 4243 
4095 4245 4228 4227 4244 
4096 73 55 4228 4245 
4097 4246 4229 295 286 
4098 4247 4230 4229 4246 
4099 4248 4231 4230 4247 
4100 4249 4232 4231 4248 
4101 4250 4233 4232 4249 
4102 4251 4234 4233 4250 
4103 4252 4235 4234 4251 
4104 4253 4236 4235 4252 
4105 4254 4237 4236 4253 
4106 4255 4238 4237 4254 
4107 4256 4239 4238 4255 
4108 4257 4240 4239 4256 
4109 4258 4241 4240 4257 
4110 4259 4242 4241 4258 
4111 4260 4243 4242 4259 
4112 4261 4244 4243 4260 
4113 4262 4245 4244 4261 
4114 64 73 4245 4262 
4115 329 4246 286 8 
4116 313 4247 4246 329 
4117 328 4248 4247 313 
4118 314 4249 4248 328 
4119 327 4250 4249 314 
4120 315 4251 4250 327 
4121 326 4252 4251 315 
4122 316 4253 4252 326 
4123 325 4254 4253 316 
4124 317 4255 4254 325 
4125 324 4256 4255 317 
4126 318 4257 4256 324 
4127 323 4258 4257 318 
4128 319 4259 4258 323 
4129 322 4260 4259 319 
4130 320 4261 4260 322 
4131 321 4262 4261 320 
4132 3 64 4262 321 
2 4 3 900
4133 12 459 4457 434 
4134 459 468 4455 4457 
4135 4457 4455 4263 4456 
4136 434 4457 4456 458 
4137 458 4456 4460 433 
4138 4456 4263 4458 4460 
4139 4460 4458 4264 4459 
4140 433 4460 4459 457 
4141 457 4459 4463 432 
4142 4459 4264 4461 4463 
4143 4463 4461 4265 4462 
4144 432 4463 4462 456 
4145 456 4462 4466 431 
4146 4462 4265 4464 4466 
4147 4466 4464 4266 4465 
4148 431 4466 4465 455 
4149 455 4465 4469 430 
4150 4465 4266 4467 4469 
4151 4469 4467 4267 4468 
4152 430 4469 4468 454 
4153 454 4468 4472 429 
4154 4468 4267 4470 4472 
4155 4472 4470 4268 4471 
4156 429 4472 4471 453 
4157 453 4471 4475 428 
4158 4471 4268 4473 4475 
4159 4475 4473 4269 4474 
4160 428 4475 4474 452 
4161 452 4474 4478 427 
4162 4474 4269 4476 4478 
4163 4478 4476 4270 4477 
4164 427 4478 4477 451 
4165 451 4477 4481 426 
4166 4477 4270 4479 4481 
4167 4481 4479 4271 4480 
4168 426 4481 4480 450 
4169 450 4480 4484 425 
4170 4480 4271 4482 4484 
4171 4484 4482 4272 4483 
4172 425 4484 4483 449 
4173 449 4483 4487 424 
4174 4483 4272 4485 4487 
4175 4487 4485 4273 4486 
4176 424 4487 4486 448 
4177 448 4486 4490 410 
4178 4486 4273 4488 4490 
4179 4490 4488 4274 4489 
4180 410 4490 4489 447 
4181 447 4489 4493 422 
4182 4489 4274 4491 4493 
4183 4493 4491 4275 4492 
4184 422 4493 4492 446 
4185 446 4492 4496 421 
4186 4492 4275 4494 4496 
4187 4496 4494 4276 4495 
4188 421 4496 4495 445 
4189 445 4495 4499 420 
4190 4495 4276 4497 4499 
4191 4499 4497 4277 4498 
4192 420 4499 4498 444 
4193 444 4498 4502 419 
4194 4498 4277 4500 4502 
4195 4502 4500 4278 4501 
4196 419 4502 4501 443 
4197 443 4501 4505 418 
4198 4501 4278 4503 4505 
4199 4505 4503 4279 4504 
4200 418 4505 4504 442 
4201 442 4504 4508 417 
4202 4504 4279 4506 4508 
4203 4508 4506 4280 4507 
4204 417 4508 4507 441 
4205 441 4507 4511 416 
4206 4507 4280 4509 4511 
4207 4511 4509 4281 4510 
4208 416 4511 4510 440 
4209 440 4510 4514 415 
4210 4510 4281 4512 4514 
4211 4514 4512 4282 4513 
4212 415 4514 4513 439 
4213 439 4513 4517 414 
4214 4513 4282 4515 4517 
4215 4517 4515 4283 4516 
4216 414 4517 4516 438 
4217 438 4516 4520 413 
4218 4516 4283 4518 4520 
4219 4520 4518 4284 4519 
4220 413 4520 4519 437 
4221 437 4519 4523 412 
4222 4519 4284 4521 4523 
4223 4523 4521 4285 4522 
4224 412 4523 4522 436 
4225 436 4522 4526 411 
4226 4522 4285 4524 4526 
4227 4526 4524 4286 4525 
4228 411 4526 4525 435 
4229 435 4525 4528 423 
4230 4525 4286 4527 4528 
4231 4528 4527 344 345 
4232 423 4528 345 9 
4233 468 467 4531 4455 
4234 467 469 4529 4531 
4235 4531 4529 4287 4530 
4236 4455 4531 4530 4263 
4237 4263 4530 4534 4458 
4238 4530 4287 4532 4534 
4239 4534 4532 4288 4533 
4240 4458 4534 4533 4264 
4241 4264 4533 4537 4461 
4242 4533 4288 4535 4537 
4243 4537 4535 4289 4536 
4244 4461 4537 4536 4265 
4245 4265 4536 4540 4464 
4246 4536 4289 4538 4540 
4247 4540 4538 4290 4539 
4248 4464 4540 4539 4266 
4249 4266 4539 4543 4467 
4250 4539 4290 4541 4543 
4251 4543 4541 4291 4542 
4252 4467 4543 4542 4267 
4253 4267 4542 4546 4470 
4254 4542 4291 4544 4546 
4255 4546 4544 4292 4545 
4256 4470 4546 4545 4268 
4257 4268 4545 4549 4473 
4258 4545 4292 4547 4549 
4259 4549 4547 4293 4548 
4260 4473 4549 4548 4269 
4261 4269 4548 4552 4476 
4262 4548 4293 4550 4552 
4263 4552 4550 4294 4551 
4264 4476 4552 4551 4270 
4265 4270 4551 4555 4479 
4266 4551 4294 4553 4555 
4267 4555 4553 4295 4554 
4268 4479 4555 4554 4271 
4269 4271 4554 4558 4482 
4270 4554 4295 4556 4558 
4271 4558 4556 4296 4557 
4272 4482 4558 4557 4272 
4273 4272 4557 4561 4485 
4274 4557 4296 4559 4561 
4275 4561 4559 4297 4560 
4276 4485 4561 4560 4273 
4277 4273 4560 4564 4488 
4278 4560 4297 4562 4564 
4279 4564 4562 4298 4563 
4280 4488 4564 4563 4274 
4281 4274 4563 4567 4491 
4282 4563 4298 4565 4567 
4283 4567 4565 4299 4566 
4284 4491 4567 4566 4275 
4285 4275 4566 4570 4494 
4286 4566 4299 4568 4570 
4287 4570 4568 4300 4569 
4288 4494 4570 4569 4276 
4289 4276 4569 4573 4497 
4290 4569 4300 4571 4573 
4291 4573 4571 4301 4572 
4292 4497 4573 4572 4277 
4293 4277 4572 4576 4500 
4294 4572 4301 4574 4576 
4295 4576 4574 4302 4575 
4296 4500 4576 4575 4278 
4297 4278 4575 4579 4503 
4298 4575 4302 4577 4579 
4299 4579 4577 4303 4578 
4300 4503 4579 4578 4279 
4301 4279 4578 4582 4506 
4302 4578 4303 4580 4582 
4303 4582 4580 4304 4581 
4304 4506 4582 4581 4280 
4305 4280 4581 4585 4509 
4306 4581 4304 4583 4585 
4307 4585 4583 4305 4584 
4308 4509 4585 4584 4281 
4309 4281 4584 4588 4512 
4310 4584 4305 4586 4588 
4311 4588 4586 4306 4587 
4312 4512 4588 4587 4282 
4313 4282 4587 4591 4515 
4314 4587 4306 4589 4591 
4315 4591 4589 4307 4590 
4316 4515 4591 4590 4283 
4317 4283 4590 4594 4518 
4318 4590 4307 4592 4594 
4319 4594 4592 4308 4593 
4320 4518 4594 4593 4284 
4321 4284 4593 4597 4521 
4322 4593 4308 4595 4597 
4323 4597 4595 4309 4596 
4324 4521 4597 4596 4285 
4325 4285 4596 4600 4524 
4326 4596 4309 4598 4600 
4327 4600 4598 4310 4599 
4328 4524 4600 4599 4286 
4329 4286 4599 4602 4527 
4330 4599 4310 4601 4602 
4331 4602 4601 343 346 
4332 4527 4602 346 344 
4333 469 466 4605 4529 
4334 466 470 4603 4605 
4335 4605 4603 4311 4604 
4336 4529 4605 4604 4287 
4337 4287 4604 4608 4532 
4338 4604 4311 4606 4608 
4339 4608 4606 4312 4607 
4340 4532 4608 4607 4288 
4341 4288 4607 4611 4535 
4342 4607 4312 4609 4611 
4343 4611 4609 4313 4610 
4344 4535 4611 4610 4289 
4345 4289 4610 4614 4538 
4346 4610 4313 4612 4614 
4347 4614 4612 4314 4613 
4348 4538 4614 4613 4290 
4349 4290 4613 4617 4541 
4350 4613 4314 4615 4617 
4351 4617 4615 4315 4616 
4352 4541 4617 4616 4291 
4353 4291 4616 4620 4544 
4354 4616 4315 4618 4620 
4355 4620 4618 4316 4619 
4356 4544 4620 4619 4292 
4357 4292 4619 4623 4547 
4358 4619 4316 4621 4623 
4359 4623 4621 4317 4622 
4360 4547 4623 4622 4293 
4361 4293 4622 4626 4550 
4362 4622 4317 4624 4626 
4363 4626 4624 4318 4625 
4364 4550 4626 4625 4294 
4365 4294 4625 4629 4553 
4366 4625 4318 4627 4629 
4367 4629 4627 4319 4628 
4368 4553 4629 4628 4295 
4369 4295 4628 4632 4556 
4370 4628 4319 4630 4632 
4371 4632 4630 4320 4631 
4372 4556 4632 4631 4296 
4373 4296 4631 4635 4559 
4374 4631 4320 4633 4635 
4375 4635 4633 4321 4634 
4376 4559 4635 4634 4297 
4377 4297 4634 4638 4562 
4378 4634 4321 4636 4638 
4379 4638 4636 4322 4637 
4380 4562 4638 4637 4298 
4381 4298 4637 4641 4565 
4382 4637 4322 4639 4641 
4383 4641 4639 4323 4640 
4384 4565 4641 4640 4299 
4385 4299 4640 4644 4568 
4386 4640 4323 4642 4644 
4387 4644 4642 4324 4643 
4388 4568 4644 4643 4300 
4389 4300 4643 4647 4571 
4390 4643 4324 4645 4647 
4391 4647 4645 4325 4646 
4392 4571 4647 4646 4301 
4393 4301 4646 4650 4574 
4394 4646 4325 4648 4650 
4395 4650 4648 4326 4649 
4396 4574 4650 4649 4302 
4397 4302 4649 4653 4577 
4398 4649 4326 4651 4653 
4399 4653 4651 4327 4652 
4400 4577 4653 4652 4303 
4401 4303 4652 4656 4580 
4402 4652 4327 4654 4656 
4403 4656 4654 4328 4655 
4404 4580 4656 4655 4304 
4405 4304 4655 4659 4583 
4406 4655 4328 4657 4659 
4407 4659 4657 4329 4658 
4408 4583 4659 4658 4305 
4409 4305 4658 4662 4586 
4410 4658 4329 4660 4662 
4411 4662 4660 4330 4661 
4412 4586 4662 4661 4306 
4413 4306 4661 4665 4589 
4414 4661 4330 4663 4665 
4415 4665 4663 4331 4664 
4416 4589 4665 4664 4307 
4417 4307 4664 4668 4592 
4418 4664 4331 4666 4668 
4419 4668 4666 4332 4667 
4420 4592 4668 4667 4308 
4421 4308 4667 4671 4595 
4422 4667 4332 4669 4671 
4423 4671 4669 4333 4670 
4424 4595 4671 4670 4309 
4425 4309 4670 4674 4598 
4426 4670 4333 4672 4674 
4427 4674 4672 4334 4673 
4428 4598 4674 4673 4310 
4429 4310 4673 4676 4601 
4430 4673 4334 4675 4676 
4431 4676 4675 342 347 
4432 4601 4676 347 343 
4433 470 465 4679 4603 
4434 465 471 4677 4679 
4435 4679 4677 4335 4678 
4436 4603 4679 4678 4311 
4437 4311 4678 4682 4606 
4438 4678 4335 4680 4682 
4439 4682 4680 4336 4681 
4440 4606 4682 4681 4312 
4441 4312 4681 4685 4609 
4442 4681 4336 4683 4685 
4443 4685 4683 4337 4684 
4444 4609 4685 4684 4313 
4445 4313 4684 4688 4612 
4446 4684 4337 4686 4688 
4447 4688 4686 4338 4687 
4448 4612 4688 4687 4314 
4449 4314 4687 4691 4615 
4450 4687 4338 4689 4691 
4451 4691 4689 4339 4690 
4452 4615 4691 4690 4315 
4453 4315 4690 4694 4618 
4454 4690 4339 4692 4694 
4455 4694 4692 4340 4693 
4456 4618 4694 4693 4316 
4457 4316 4693 4697 4621 
4458 4693 4340 4695 4697 
4459 4697 4695 4341 4696 
4460 4621 4697 4696 4317 
4461 4317 4696 4700 4624 
4462 4696 4341 4698 4700 
4463 4700 4698 4342 4699 
4464 4624 4700 4699 4318 
4465 4318 4699 4703 4627 
4466 4699 4342 4701 4703 
4467 4703 4701 4343 4702 
4468 4627 4703 4702 4319 
4469 4319 4702 4706 4630 
4470 4702 4343 4704 4706 
4471 4706 4704 4344 4705 
4472 4630 4706 4705 4320 
4473 4320 4705 4709 4633 
4474 4705 4344 4707 4709 
4475 4709 4707 4345 4708 
4476 4633 4709 4708 4321 
4477 4321 4708 4712 4636 
4478 4708 4345 4710 4712 
4479 4712 4710 4346 4711 
4480 4636 4712 4711 4322 
4481 4322 4711 4715 4639 
4482 4711 4346 4713 4715 
4483 4715 4713 4347 4714 
4484 4639 4715 4714 4323 
4485 4323 4714 4718 4642 
4486 4714 4347 4716 4718 
4487 4718 4716 4348 4717 
4488 4642 4718 4717 4324 
4489 4324 4717 4721 4645 
4490 4717 4348 4719 4721 
4491 4721 4719 4349 4720 
4492 4645 4721 4720 4325 
4493 4325 4720 4724 4648 
4494 4720 4349 4722 4724 
4495 4724 4722 4350 4723 
4496 4648 4724 4723 4326 
4497 4326 4723 4727 4651 
4498 4723 4350 4725 4727 
4499 4727 4725 4351 4726 
4500 4651 4727 4726 4327 
4501 4327 4726 4730 4654 
4502 4726 4351 4728 4730 
4503 4730 4728 4352 4729 
4504 4654 4730 4729 4328 
4505 4328 4729 4733 4657 
4506 4729 4352 4731 4733 
4507 4733 4731 4353 4732 
4508 4657 4733 4732 4329 
4509 4329 4732 4736 4660 
4510 4732 4353 4734 4736 
4511 4736 4734 4354 4735 
4512 4660 4736 4735 4330 
4513 4330 4735 4739 4663 
4514 4735 4354 4737 4739 
4515 4739 4737 4355 4738 
4516 4663 4739 4738 4331 
4517 4331 4738 4742 4666 
4518 4738 4355 4740 4742 
4519 4742 4740 4356 4741 
4520 4666 4742 4741 4332 
4521 4332 4741 4745 4669 
4522 4741 4356 4743 4745 
4523 4745 4743 4357 4744 
4524 4669 4745 4744 4333 
4525 4333 4744 4748 4672 
4526 4744 4357 4746 4748 
4527 4748 4746 4358 4747 
4528 4672 4748 4747 4334 
4529 4334 4747 4750 4675 
4530 4747 4358 4749 4750 
4531 4750 4749 341 348 
4532 4675 4750 348 342 
4533 471 464 4753 4677 
4534 464 472 4751 4753 
4535 4753 4751 4359 4752 
4536 4677 4753 4752 4335 
4537 4335 4752 4756 4680 
4538 4752 4359 4754 4756 
4539 4756 4754 4360 4755 
4540 4680 4756 4755 4336 
4541 4336 4755 4759 4683 
4542 4755 4360 4757 4759 
4543 4759 4757 4361 4758 
4544 4683 4759 4758 4337 
4545 4337 4758 4762 4686 
4546 4758 4361 4760 4762 
4547 4762 4760 4362 4761 
4548 4686 4762 4761 4338 
4549 4338 4761 4765 4689 
4550 4761 4362 4763 4765 
4551 4765 4763 4363 4764 
4552 4689 4765 4764 4339 
4553 4339 4764 4768 4692 
4554 4764 4363 4766 4768 
4555 4768 4766 4364 4767 
4556 4692 4768 4767 4340 
4557 4340 4767 4771 4695 
4558 4767 4364 4769 4771 
4559 4771 4769 4365 4770 
4560 4695 4771 4770 4341 
4561 4341 4770 4774 4698 
4562 4770 4365 4772 4774 
4563 4774 4772 4366 4773 
4564 4698 4774 4773 4342 
4565 4342 4773 4777 4701 
4566 4773 4366 4775 4777 
4567 4777 4775 4367 4776 
4568 4701 4777 4776 4343 
4569 4343 4776 4780 4704 
4570 4776 4367 4778 4780 
4571 4780 4778 4368 4779 
4572 4704 4780 4779 4344 
4573 4344 4779 4783 4707 
4574 4779 4368 4781 4783 
4575 4783 4781 4369 4782 
4576 4707 4783 4782 4345 
4577 4345 4782 4786 4710 
4578 4782 4369 4784 4786 
4579 4786 4784 4370 4785 
4580 4710 4786 4785 4346 
4581 4346 4785 4789 4713 
4582 4785 4370 4787 4789 
4583 4789 4787 4371 4788 
4584 4713 4789 4788 4347 
4585 4347 4788 4792 4716 
4586 4788 4371 4790 4792 
4587 4792 4790 4372 4791 
4588 4716 4792 4791 4348 
4589 4348 4791 4795 4719 
4590 4791 4372 4793 4795 
4591 4795 4793 4373 4794 
4592 4719 4795 4794 4349 
4593 4349 4794 4798 4722 
4594 4794 4373 4796 4798 
4595 4798 4796 4374 4797 
4596 4722 4798 4797 4350 
4597 4350 4797 4801 4725 
4598 4797 4374 4799 4801 
4599 4801 4799 4375 4800 
4600 4725 4801 4800 4351 
4601 4351 4800 4804 4728 
4602 4800 4375 4802 4804 
4603 4804 4802 4376 4803 
4604 4728 4804 4803 4352 
4605 4352 4803 4807 4731 
4606 4803 4376 4805 4807 
4607 4807 4805 4377 4806 
4608 4731 4807 4806 4353 
4609 4353 4806 4810 4734 
4610 4806 4377 4808 4810 
4611 4810 4808 4378 4809 
4612 4734 4810 4809 4354 
4613 4354 4809 4813 4737 
4614 4809 4378 4811 4813 
4615 4813 4811 4379 4812 
4616 4737 4813 4812 4355 
4617 4355 4812 4816 4740 
4618 4812 4379 4814 4816 
4619 4816 4814 4380 4815 
4620 4740 4816 4815 4356 
4621 4356 4815 4819 4743 
4622 4815 4380 4817 4819 
4623 4819 4817 4381 4818 
4624 4743 4819 4818 4357 
4625 4357 4818 4822 4746 
4626 4818 4381 4820 4822 
4627 4822 4820 4382 4821 
4628 4746 4822 4821 4358 
4629 4358 4821 4824 4749 
4630 4821 4382 4823 4824 
4631 4824 4823 340 349 
4632 4749 4824 349 341 
4633 472 463 4827 4751 
4634 463 473 4825 4827 
4635 4827 4825 4383 4826 
4636 4751 4827 4826 4359 
4637 4359 4826 4830 4754 
4638 4826 4383 4828 4830 
4639 4830 4828 4384 4829 
4640 4754 4830 4829 4360 
4641 4360 4829 4833 4757 
4642 4829 4384 4831 4833 
4643 4833 4831 4385 4832 
4644 4757 4833 4832 4361 
4645 4361 4832 4836 4760 
4646 4832 4385 4834 4836 
4647 4836 4834 4386 4835 
4648 4760 4836 4835 4362 
4649 4362 4835 4839 4763 
4650 4835 4386 4837 4839 
4651 4839 4837 4387 4838 
4652 4763 4839 4838 4363 
4653 4363 4838 4842 4766 
4654 4838 4387 4840 4842 
4655 4842 4840 4388 4841 
4656 4766 4842 4841 4364 
4657 4364 4841 4845 4769 
4658 4841 4388 4843 4845 
4659 4845 4843 4389 4844 
4660 4769 4845 4844 4365 
4661 4365 4844 4848 4772 
4662 4844 4389 4846 4848 
4663 4848 4846 4390 4847 
4664 4772 4848 4847 4366 
4665 4366 4847 4851 4775 
4666 4847 4390 4849 4851 
4667 4851 4849 4391 4850 
4668 4775 4851 4850 4367 
4669 4367 4850 4854 4778 
4670 4850 4391 4852 4854 
4671 4854 4852 4392 4853 
4672 4778 4854 4853 4368 
4673 4368 4853 4857 4781 
4674 4853 4392 4855 4857 
4675 4857 4855 4393 4856 
4676 4781 4857 4856 4369 
4677 4369 4856 4860 4784 
4678 4856 4393 4858 4860 
4679 4860 4858 4394 4859 
4680 4784 4860 4859 4370 
4681 4370 4859 4863 4787 
4682 4859 4394 4861 4863 
4683 4863 4861 4395 4862 
4684 4787 4863 4862 4371 
4685 4371 4862 4866 4790 
4686 4862 4395 4864 4866 
4687 4866 4864 4396 4865 
4688 4790 4866 4865 4372 
4689 4372 4865 4869 4793 
4690 4865 4396 4867 4869 
4691 4869 4867 4397 4868 
4692 4793 4869 4868 4373 
4693 4373 4868 4872 4796 
4694 4868 4397 4870 4872 
4695 4872 4870 4398 4871 
4696 4796 4872 4871 4374 
4697 4374 4871 4875 4799 
4698 4871 4398 4873 4875 
4699 4875 4873 4399 4874 
4700 4799 4875 4874 4375 
4701 4375 4874 4878 4802 
4702 4874 4399 4876 4878 
4703 4878 4876 4400 4877 
4704 4802 4878 4877 4376 
4705 4376 4877 4881 4805 
4706 4877 4400 4879 4881 
4707 4881 4879 4401 4880 
4708 4805 4881 4880 4377 
4709 4377 4880 4884 4808 
4710 4880 4401 4882 4884 
4711 4884 4882 4402 4883 
4712 4808 4884 4883 4378 
4713 4378 4883 4887 4811 
4714 4883 4402 4885 4887 
4715 4887 4885 4403 4886 
4716 4811 4887 4886 4379 
4717 4379 4886 4890 4814 
4718 4886 4403 4888 4890 
4719 4890 4888 4404 4889 
4720 4814 4890 4889 4380 
4721 4380 4889 4893 4817 
4722 4889 4404 4891 4893 
4723 4893 4891 4405 4892 
4724 4817 4893 4892 4381 
4725 4381 4892 4896 4820 
4726 4892 4405 4894 4896 
4727 4896 4894 4406 4895 
4728 4820 4896 4895 4382 
4729 4382 4895 4898 4823 
4730 4895 4406 4897 4898 
4731 4898 4897 339 350 
4732 4823 4898 350 340 
4733 473 462 4901 4825 
4734 462 474 4899 4901 
4735 4901 4899 4407 4900 
4736 4825 4901 4900 4383 
4737 4383 4900 4904 4828 
4738 4900 4407 4902 4904 
4739 4904 4902 4408 4903 
4740 4828 4904 4903 4384 
4741 4384 4903 4907 4831 
4742 4903 4408 4905 4907 
4743 4907 4905 4409 4906 
4744 4831 4907 4906 4385 
4745 4385 4906 4910 4834 
4746 4906 4409 4908 4910 
4747 4910 4908 4410 4909 
4748 4834 4910 4909 4386 
4749 4386 4909 4913 4837 
4750 4909 4410 4911 4913 
4751 4913 4911 4411 4912 
4752 4837 4913 4912 4387 
4753 4387 4912 4916 4840 
4754 4912 4411 4914 4916 
4755 4916 4914 4412 4915 
4756 4840 4916 4915 4388 
4757 4388 4915 4919 4843 
4758 4915 4412 4917 4919 
4759 4919 4917 4413 4918 
4760 4843 4919 4918 4389 
4761 4389 4918 4922 4846 
4762 4918 4413 4920 4922 
4763 4922 4920 4414 4921 
4764 4846 4922 4921 4390 
4765 4390 4921 4925 4849 
4766 4921 4414 4923 4925 
4767 4925 4923 4415 4924 
4768 4849 4925 4924 4391 
4769 4391 4924 4928 4852 
4770 4924 4415 4926 4928 
4771 4928 4926 4416 4927 
4772 4852 4928 4927 4392 
4773 4392 4927 4931 4855 
4774 4927 4416 4929 4931 
4775 4931 4929 4417 4930 
4776 4855 4931 4930 4393 
4777 4393 4930 4934 4858 
4778 4930 4417 4932 4934 
4779 4934 4932 4418 4933 
4780 4858 4934 4933 4394 
4781 4394 4933 4937 4861 
4782 4933 4418 4935 4937 
4783 4937 4935 4419 4936 
4784 4861 4937 4936 4395 
4785 4395 4936 4940 4864 
4786 4936 4419 4938 4940 
4787 4940 4938 4420 4939 
4788 4864 4940 4939 4396 
4789 4396 4939 4943 4867 
4790 4939 4420 4941 4943 
4791 4943 4941 4421 4942 
4792 4867 4943 4942 4397 
4793 4397 4942 4946 4870 
4794 4942 4421 4944 4946 
4795 4946 4944 4422 4945 
4796 4870 4946 4945 4398 
4797 4398 4945 4949 4873 
4798 4945 4422 4947 4949 
4799 4949 4947 4423 4948 
4800 4873 4949 4948 4399 
4801 4399 4948 4952 4876 
4802 4948 4423 4950 4952 
4803 4952 4950 4424 4951 
4804 4876 4952 4951 4400 
4805 4400 4951 4955 4879 
4806 4951 4424 4953 4955 
4807 4955 4953 4425 4954 
4808 4879 4955 4954 4401 
4809 4401 4954 4958 4882 
4810 4954 4425 4956 4958 
4811 4958 4956 4426 4957 
4812 4882 4958 4957 4402 
4813 4402 4957 4961 4885 
4814 4957 4426 4959 4961 
4815 4961 4959 4427 4960 
4816 4885 4961 4960 4403 
4817 4403 4960 4964 4888 
4818 4960 4427 4962 4964 
4819 4964 4962 4428 4963 
4820 4888 4964 4963 4404 
4821 4404 4963 4967 4891 
4822 4963 4428 4965 4967 
4823 4967 4965 4429 4966 
4824 4891 4967 4966 4405 
4825 4405 4966 4970 4894 
4826 4966 4429 4968 4970 
4827 4970 4968 4430 4969 
4828 4894 4970 4969 4406 
4829 4406 4969 4972 4897 
4830 4969 4430 4971 4972 
4831 4972 4971 338 351 
4832 4897 4972 351 339 
4833 474 461 4975 4899 
4834 461 475 4973 4975 
4835 4975 4973 4431 4974 
4836 4899 4975 4974 4407 
4837 4407 4974 4978 4902 
4838 4974 4431 4976 4978 
4839 4978 4976 4432 4977 
4840 4902 4978 4977 4408 
4841 4408 4977 4981 4905 
4842 4977 4432 4979 4981 
4843 4981 4979 4433 4980 
4844 4905 4981 4980 4409 
4845 4409 4980 4984 4908 
4846 4980 4433 4982 4984 
4847 4984 4982 4434 4983 
4848 4908 4984 4983 4410 
4849 4410 4983 4987 4911 
4850 4983 4434 4985 4987 
4851 4987 4985 4435 4986 
4852 4911 4987 4986 4411 
4853 4411 4986 4990 4914 
4854 4986 4435 4988 4990 
4855 4990 4988 4436 4989 
4856 4914 4990 4989 4412 
4857 4412 4989 4993 4917 
4858 4989 4436 4991 4993 
4859 4993 4991 4437 4992 
4860 4917 4993 4992 4413 
4861 4413 4992 4996 4920 
4862 4992 4437 4994 4996 
4863 4996 4994 4438 4995 
4864 4920 4996 4995 4414 
4865 4414 4995 4999 4923 
4866 4995 4438 4997 4999 
4867 4999 4997 4439 4998 
4868 4923 4999 4998 4415 
4869 4415 4998 5002 4926 
4870 4998 4439 5000 5002 
4871 5002 5000 4440 5001 
4872 4926 5002 5001 4416 
4873 4416 5001 5005 4929 
4874 5001 4440 5003 5005 
4875 5005 5003 4441 5004 
4876 4929 5005 5004 4417 
4877 4417 5004 5008 4932 
4878 5004 4441 5006 5008 
4879 5008 5006 4442 5007 
4880 4932 5008 5007 4418 
4881 4418 5007 5011 4935 
4882 5007 4442 5009 5011 
4883 5011 5009 4443 5010 
4884 4935 5011 5010 4419 
4885 4419 5010 5014 4938 
4886 5010 4443 5012 5014 
4887 5014 5012 4444 5013 
4888 4938 5014 5013 4420 
4889 4420 5013 5017 4941 
4890 5013 4444 5015 5017 
4891 5017 5015 4445 5016 
4892 4941 5017 5016 4421 
4893 4421 5016 5020 4944 
4894 5016 4445 5018 5020 
4895 5020 5018 4446 5019 
4896 4944 5020 5019 4422 
4897 4422 5019 5023 4947 
4898 5019 4446 5021 5023 
4899 5023 5021 4447 5022 
4900 4947 5023 5022 4423 
4901 4423 5022 5026 4950 
4902 5022 4447 5024 5026 
4903 5026 5024 4448 5025 
4904 4950 5026 5025 4424 
4905 4424 5025 5029 4953 
4906 5025 4448 5027 5029 
4907 5029 5027 4449 5028 
4908 4953 5029 5028 4425 
4909 4425 5028 5032 4956 
4910 5028 4449 5030 5032 
4911 5032 5030 4450 5031 
4912 4956 5032 5031 4426 
4913 4426 5031 5035 4959 
4914 5031 4450 5033 5035 
4915 5035 5033 4451 5034 
4916 4959 5035 5034 4427 
4917 4427 5034 5038 4962 
4918 5034 4451 5036 5038 
4919 5038 5036 4452 5037 
4920 4962 5038 5037 4428 
4921 4428 5037 5041 4965 
4922 5037 4452 5039 5041 
4923 5041 5039 4453 5040 
4924 4965 5041 5040 4429 
4925 4429 5040 5044 4968 
4926 5040 4453 5042 5044 
4927 5044 5042 4454 5043 
4928 4968 5044 5043 4430 
4929 4430 5043 5046 4971 
4930 5043 4454 5045 5046 
4931 5046 5045 337 352 
4932 4971 5046 352 338 
4933 475 460 5048 4973 
4934 460 11 385 5048 
4935 5048 385 409 5047 
4936 4973 5048 5047 4431 
4937 4431 5047 5050 4976 
4938 5047 409 384 5050 
4939 5050 384 408 5049 
4940 4976 5050 5049 4432 
4941 4432 5049 5052 4979 
4942 5049 408 383 5052 
4943 5052 383 407 5051 
4944 4979 5052 5051 4433 
4945 4433 5051 5054 4982 
4946 5051 407 382 5054 
4947 5054 382 406 5053 
4948 4982 5054 5053 4434 
4949 4434 5053 5056 4985 
4950 5053 406 381 5056 
4951 5056 381 405 5055 
4952 4985 5056 5055 4435 
4953 4435 5055 5058 4988 
4954 5055 405 380 5058 
4955 5058 380 404 5057 
4956 4988 5058 5057 4436 
4957 4436 5057 5060 4991 
4958 5057 404 379 5060 
4959 5060 379 403 5059 
4960 4991 5060 5059 4437 
4961 4437 5059 5062 4994 
4962 5059 403 378 5062 
4963 5062 378 402 5061 
4964 4994 5062 5061 4438 
4965 4438 5061 5064 4997 
4966 5061 402 377 5064 
4967 5064 377 401 5063 
4968 4997 5064 5063 4439 
4969 4439 5063 5066 5000 
4970 5063 401 376 5066 
4971 5066 376 400 5065 
4972 5000 5066 5065 4440 
4973 4440 5065 5068 5003 
4974 5065 400 375 5068 
4975 5068 375 399 5067 
4976 5003 5068 5067 4441 
4977 4441 5067 5070 5006 
4978 5067 399 361 5070 
4979 5070 361 398 5069 
4980 5006 5070 5069 4442 
4981 4442 5069 5072 5009 
4982 5069 398 373 5072 
4983 5072 373 397 5071 
4984 5009 5072 5071 4443 
4985 4443 5071 5074 5012 
4986 5071 397 372 5074 
4987 5074 372 396 5073 
4988 5012 5074 5073 4444 
4989 4444 5073 5076 5015 
4990 5073 396 371 5076 
4991 5076 371 395 5075 
4992 5015 5076 5075 4445 
4993 4445 5075 5078 5018 
4994 5075 395 370 5078 
4995 5078 370 394 5077 
4996 5018 5078 5077 4446 
4997 4446 5077 5080 5021 
4998 5077 394 369 5080 
4999 5080 369 393 5079 
5000 5021 5080 5079 4447 
5001 4447 5079 5082 5024 
5002 5079 393 368 5082 
5003 5082 368 392 5081 
5004 5024 5082 5081 4448 
5005 4448 5081 5084 5027 
5006 5081 392 367 5084 
5007 5084 367 391 5083 
5008 5027 5084 5083 4449 
5009 4449 5083 5086 5030 
5010 5083 391 366 5086 
5011 5086 366 390 5085 
5012 5030 5086 5085 4450 
5013 4450 5085 5088 5033 
5014 5085 390 365 5088 
5015 5088 365 389 5087 
5016 5033 5088 5087 4451 
5017 4451 5087 5090 5036 
5018 5087 389 364 5090 
5019 5090 364 388 5089 
5020 5036 5090 5089 4452 
5021 4452 5089 5092 5039 
5022 5089 388 363 5092 
5023 5092 363 387 5091 
5024 5039 5092 5091 4453 
5025 4453 5091 5094 5042 
5026 5091 387 362 5094 
5027 5094 362 386 5093 
5028 5042 5094 5093 4454 
5029 4454 5093 5095 5045 
5030 5093 386 374 5095 
5031 5095 374 10 353 
5032 5045 5095 353 337 
2 5 3 416
5033 5318 5117 5347 5223 
5034 5183 5161 5100 5342 
5035 5291 5187 5101 5288 
5036 5157 530 495 5446 
5037 5327 5358 5208 5245 
5038 5394 334 330 5188 
5039 5225 5191 5327 5277 
5040 5125 5386 5260 5116 
5041 5212 5308 5102 5234 
5042 5398 5109 5362 5235 
5043 5388 5366 5348 5109 
5044 5201 5352 5349 5399 
5045 5205 5430 36 34 
5046 5352 5408 5186 5361 
5047 5267 5268 5397 5105 
5048 5269 5185 5379 5201 
5049 5361 5387 5407 5364 
5050 5216 45 25 5427 
5051 5113 5112 32 37 
5052 5176 5380 488 483 
5053 5391 5219 5157 5258 
5054 5340 5120 5360 5099 
5055 5256 53 17 5355 
5056 5368 5315 5289 5390 
5057 5399 5349 5180 5405 
5058 5414 5272 5211 5411 
5059 5105 5397 5199 5409 
5060 5230 5405 490 481 
5061 5177 5266 5232 5309 
5062 5214 5101 5207 5216 
5063 5216 5207 24 45 
5064 5107 5317 5147 5112 
5065 5254 5363 19 50 
5066 5343 5281 5253 5321 
5067 5441 5440 5248 5312 
5068 5245 5208 5329 5141 
5069 5311 5418 5156 5246 
5070 5382 529 496 5219 
5071 5371 5293 5369 5118 
5072 5341 5449 5355 5097 
5073 5191 5217 5244 5251 
5074 5246 5156 5291 5127 
5075 5363 5118 51 19 
5076 5360 5162 5341 5293 
5077 5416 5304 502 524 
5078 5447 525 500 5132 
5079 5129 5365 20 49 
5080 5255 5261 5373 5167 
5081 5452 5444 5164 5137 
5082 5386 5419 5182 5260 
5083 5415 522 503 5166 
5084 5261 5265 5264 5373 
5085 5364 5407 5176 5203 
5086 5432 5426 5185 5269 
5087 5406 5412 5272 5414 
5088 5185 5273 5233 5379 
5089 5200 5399 5405 5230 
5090 5201 5379 5408 5352 
5091 5267 5105 5284 5114 
5092 5412 5381 5310 5272 
5093 5424 5423 5412 5406 
5094 5266 5103 5197 5232 
5095 5308 40 30 5102 
5096 5361 5186 5239 5387 
5097 5234 5102 5108 5317 
5098 5302 5333 5336 5378 
5099 5435 5139 5339 5334 
5100 5407 5114 5380 5176 
5101 5197 5106 476 486 
5102 5199 5316 5413 5110 
5103 5108 39 31 5429 
5104 5421 491 480 5238 
5105 5453 512 514 5459 
5106 5332 5220 5350 5356 
5107 5170 5160 5151 5404 
5108 5392 5282 5256 5098 
5109 5312 5248 5280 5275 
5110 5385 5392 5098 5162 
5111 5118 5369 18 51 
5112 5257 5122 5274 5193 
5113 5154 5367 5261 5255 
5114 5313 332 335 5124 
5115 5330 5342 5194 5209 
5116 5099 5360 5293 5371 
5117 5277 5327 5245 5350 
5118 5251 5244 5210 5311 
5119 5420 5305 5394 5226 
5120 5258 5157 5446 5445 
5121 5321 5253 5254 5365 
5122 5347 498 528 5184 
5123 5419 5368 5390 5182 
5124 5250 5389 5120 5340 
5125 5358 5246 5127 5208 
5126 5307 5332 5356 5357 
5127 5124 335 331 5305 
5128 5100 5321 5365 5129 
5129 5365 5254 50 20 
5130 5442 5441 5312 5122 
5131 5167 5415 5166 5292 
5132 5281 5159 5128 5253 
5133 5359 479 493 5437 
5134 5401 5436 5160 5170 
5135 5178 5234 5317 5107 
5136 5408 5179 5231 5186 
5137 5384 5202 5103 5266 
5138 5102 30 39 5108 
5139 5433 5376 5241 5140 
5140 5172 5236 520 505 
5141 5169 5243 518 507 
5142 5285 5173 5434 5171 
5143 5104 5146 5212 5206 
5144 5426 5425 5273 5185 
5145 5232 5197 486 485 
5146 5335 5107 5112 5113 
5147 5097 5355 17 52 
5148 5389 5326 5385 5120 
5149 5306 5116 5136 5396 
5150 5276 5250 5340 5121 
5151 5427 25 44 5431 
5152 5202 5215 5195 5430 
5153 5421 5230 481 491 
5154 5106 5205 34 35 
5155 5443 5442 5122 5257 
5156 5115 5346 5163 5297 
5157 5249 5396 5372 5393 
5158 5222 5416 524 501 
5159 5259 5292 5304 5416 
5160 5325 5259 5416 5222 
5161 5396 5136 5328 5372 
5162 5219 496 530 5157 
5163 5240 42 28 5181 
5164 5422 5200 5230 5421 
5165 5345 5404 5174 5175 
5166 5140 5241 5454 5453 
5167 5133 5247 5386 5125 
5168 5460 5338 5286 5287 
5169 5311 5210 5190 5418 
5170 5390 5289 5326 5389 
5171 5320 5192 5417 5319 
5172 5261 5367 5262 5265 
5173 5137 5164 5283 5225 
5174 5144 5459 5377 5263 
5175 5303 5299 5243 5169 
5176 5302 5403 5337 5333 
5177 5460 5145 5403 5302 
5178 5163 5224 5315 5368 
5179 5252 5450 5134 5135 
5180 5192 5290 5249 5417 
5181 5227 5395 5382 5119 
5182 5339 5149 5264 5265 
5183 5460 5302 5378 5338 
5184 5175 5174 517 508 
5185 5455 492 479 5359 
5186 5299 5345 5175 5243 
5187 477 13 513 5454 
5188 5143 5188 5282 5392 
5189 5301 521 504 5374 
5190 5436 515 510 5160 
5191 5334 5339 5265 5262 
5192 5338 5378 5370 5307 
5193 5459 514 511 5377 
5194 5444 5443 5257 5164 
5195 5304 5165 523 502 
5196 5166 503 523 5165 
5197 5209 5194 21 48 
5198 5452 5130 5367 5154 
5199 5121 5340 5099 5159 
5200 5446 5221 5294 5445 
5201 5253 5128 5363 5254 
5202 5332 5375 5189 5220 
5203 5338 5307 5357 5286 
5204 5458 5169 507 519 
5205 5173 5263 5401 5434 
5206 5215 5335 5113 5195 
5207 5430 5195 33 36 
5208 5400 5104 5206 5316 
5209 5411 5211 5366 5388 
5210 5225 5283 5217 5191 
5211 5314 5131 5117 5318 
5212 5305 331 334 5394 
5213 5315 5420 5226 5289 
5214 5188 330 1 5282 
5215 5350 5245 5141 5356 
5216 5346 5153 5224 5163 
5217 5374 504 522 5415 
5218 5146 5383 5308 5212 
5219 5366 5240 5181 5348 
5220 5431 44 26 5381 
5221 5351 5209 48 22 
5222 5130 5189 5262 5367 
5223 5210 5331 5298 5190 
5224 5452 5137 5096 5130 
5225 5369 5097 52 18 
5226 5326 5143 5392 5385 
5227 5182 5390 5389 5250 
5228 5101 5214 5324 5288 
5229 5180 5203 489 482 
5230 5268 5235 5400 5397 
5231 5288 5324 5323 5142 
5232 5161 5343 5321 5100 
5233 5120 5385 5162 5360 
5234 5119 5382 5219 5391 
5235 5259 5255 5167 5292 
5236 5418 5450 5252 5156 
5237 5294 336 332 5313 
5238 5221 333 336 5294 
5239 5275 5280 5306 5290 
5240 5282 1 53 5256 
5241 5223 5347 5184 5123 
5242 5096 5277 5350 5220 
5243 5417 5249 5393 5295 
5244 5149 5172 5301 5264 
5245 5296 5144 5263 5173 
5246 5270 5236 5172 5149 
5247 5344 5402 5168 5271 
5248 5413 5178 5107 5335 
5249 5352 5361 5364 5349 
5250 5379 5233 5179 5408 
5251 5423 5431 5381 5412 
5252 5344 5138 5303 5402 
5253 5151 516 509 5457 
5254 5455 5238 480 492 
5255 5242 5170 5404 5345 
5256 5153 5451 5126 5224 
5257 5158 5330 5209 5351 
5258 5274 5275 5290 5192 
5259 5307 5370 5375 5332 
5260 5298 5183 5342 5330 
5261 5162 5098 5449 5341 
5262 5128 5371 5118 5363 
5263 5328 5121 5159 5281 
5264 5404 5151 5457 5174 
5265 5241 494 477 5454 
5266 5174 5457 509 517 
5267 5370 5435 5334 5375 
5268 5130 5096 5220 5189 
5269 5440 5439 5133 5248 
5270 5373 5264 5301 5374 
5271 5224 5126 5420 5315 
5272 5105 5409 5177 5284 
5273 5272 5310 5279 5211 
5274 5316 5206 5178 5413 
5275 5422 5421 5238 5237 
5276 5450 5158 5351 5134 
5277 5280 5125 5116 5306 
5278 5131 499 527 5117 
5279 5184 528 497 5395 
5280 5141 5329 5354 5353 
5281 5329 5142 5323 5354 
5282 5213 5309 487 484 
5283 5195 5113 37 33 
5284 5155 5135 23 46 
5285 5126 5124 5305 5420 
5286 5135 5134 47 23 
5287 5451 5313 5124 5126 
5288 5141 5353 5357 5356 
5289 5233 5414 5411 5179 
5290 5301 5172 505 521 
5291 5434 5401 5170 5242 
5292 5228 5115 5297 5247 
5293 5156 5252 5187 5291 
5294 5248 5133 5125 5280 
5295 5145 5300 5285 5403 
5296 5168 5152 5236 5270 
5297 5236 5152 506 520 
5298 5138 5150 5299 5303 
5299 5122 5312 5275 5274 
5300 5283 5193 5320 5217 
5301 5217 5320 5319 5244 
5302 5187 5252 5135 5155 
5303 5112 5147 38 32 
5304 5380 5213 484 488 
5305 5284 5177 5309 5213 
5306 5235 5362 5104 5400 
5307 5194 5129 49 21 
5308 5123 5184 5395 5227 
5309 5290 5306 5396 5249 
5310 5445 5294 5313 5451 
5311 5409 5199 5110 5384 
5312 5317 5108 5429 5147 
5313 5179 5411 5388 5231 
5314 5384 5110 5215 5202 
5315 5207 5155 46 24 
5316 5116 5260 5276 5136 
5317 5418 5190 5158 5450 
5318 5193 5274 5192 5320 
5319 5425 5424 5406 5273 
5320 5387 5267 5114 5407 
5321 5239 5398 5235 5268 
5322 5186 5231 5398 5239 
5323 5101 5187 5155 5207 
5324 5191 5251 5358 5327 
5325 5319 5417 5295 5331 
5326 5439 5228 5247 5133 
5327 5159 5099 5371 5128 
5328 5452 5154 5325 5448 
5329 5295 5393 5161 5183 
5330 5208 5127 5142 5329 
5331 5271 5168 5270 5139 
5332 5402 5303 5169 5458 
5333 5372 5328 5281 5343 
5334 5447 5222 501 525 
5335 5342 5100 5129 5194 
5336 5164 5257 5193 5283 
5337 5289 5226 5143 5326 
5338 5292 5166 5165 5304 
5339 5226 5394 5188 5143 
5340 5331 5295 5183 5298 
5341 5136 5276 5121 5328 
5342 5247 5297 5419 5386 
5343 5325 5154 5255 5259 
5344 5243 5175 508 518 
5345 5150 5242 5345 5299 
5346 5337 5171 5150 5138 
5347 5375 5334 5262 5189 
5348 5152 5458 519 506 
5349 5460 5287 5237 5456 
5350 5376 478 494 5241 
5351 5454 513 512 5453 
5352 5333 5337 5138 5344 
5353 5333 5344 5271 5336 
5354 5377 511 515 5436 
5355 5263 5377 5436 5401 
5356 5410 5278 5383 5146 
5357 5432 5422 5237 5287 
5358 5362 5410 5146 5104 
5359 5310 43 27 5279 
5360 5405 5180 482 490 
5361 5432 5269 5200 5422 
5362 5409 5384 5266 5177 
5363 5114 5284 5213 5380 
5364 5132 500 526 5322 
5365 5134 5351 22 47 
5366 5297 5163 5368 5419 
5367 5269 5201 5399 5200 
5368 5273 5406 5414 5233 
5369 5103 5205 5106 5197 
5370 5109 5348 5410 5362 
5371 5231 5388 5109 5398 
5372 5397 5400 5316 5199 
5373 495 531 5221 5446 
5374 5127 5291 5288 5142 
5375 5348 5181 5278 5410 
5376 5202 5430 5205 5103 
5377 531 9 333 5221 
5378 5293 5341 5097 5369 
5379 5190 5298 5330 5158 
5380 5098 5256 5355 5449 
5381 5251 5311 5246 5358 
5382 5322 526 499 5131 
5383 5395 497 529 5382 
5384 5244 5319 5331 5210 
5385 5279 27 42 5240 
5386 5203 5176 483 489 
5387 5211 5279 5240 5366 
5388 476 5106 35 2 
5389 5456 5237 5238 5455 
5390 5139 5270 5149 5339 
5391 5378 5336 5435 5370 
5392 5300 5296 5173 5285 
5393 5181 28 41 5278 
5394 5278 41 29 5383 
5395 5206 5212 5234 5178 
5396 5381 26 43 5310 
5397 5383 29 40 5308 
5398 5387 5239 5268 5267 
5399 5147 5429 31 38 
5400 5349 5364 5203 5180 
5401 5110 5413 5335 5215 
5402 5309 5232 485 487 
5403 5167 5373 5374 5415 
5404 5260 5182 5250 5276 
5405 5448 5325 5222 5447 
5406 5393 5372 5343 5161 
5407 5137 5225 5277 5096 
5408 5117 527 498 5347 
5409 5428 5286 5357 5353 
5410 5432 5287 5286 5428 
5411 5196 5214 5216 5427 
5412 5111 5324 5214 5196 
5413 5198 5323 5324 5111 
5414 5204 5354 5323 5198 
5415 5428 5353 5354 5204 
5416 5423 5196 5427 5431 
5417 5424 5111 5196 5423 
5418 5425 5198 5111 5424 
5419 5426 5204 5198 5425 
5420 5432 5428 5204 5426 
5421 5171 5434 5242 5150 
5422 5437 493 478 5376 
5423 5402 5458 5152 5168 
5424 5160 510 516 5151 
5425 5403 5285 5171 5337 
5426 5336 5271 5139 5435 
5427 5218 5322 5131 5314 
5428 5229 5132 5322 5218 
5429 5448 5447 5132 5229 
5430 5153 5258 5445 5451 
5431 5346 5391 5258 5153 
5432 5115 5119 5391 5346 
5433 5228 5227 5119 5115 
5434 5439 5123 5227 5228 
5435 5440 5223 5123 5439 
5436 5441 5318 5223 5440 
5437 5442 5314 5318 5441 
5438 5443 5218 5314 5442 
5439 5444 5229 5218 5443 
5440 5452 5448 5229 5444 
5441 5148 5437 5376 5433 
5442 5438 5359 5437 5148 
5443 5456 5455 5359 5438 
5444 5144 5140 5453 5459 
5445 5296 5433 5140 5144 
5446 5300 5148 5433 5296 
5447 5145 5438 5148 5300 
5448 5460 5456 5438 5145 
2 6 3 426
5449 5816 5687 5797 5625 
5450 5649 5807 5724 5732 
5451 5725 5570 5685 5523 
5452 5753 5696 5579 5624 
5453 5589 5740 5568 5468 
5454 5692 5832 196 170 
5455 5752 5697 5554 5558 
5456 5467 5652 5540 5478 
5457 5561 5736 174 191 
5458 5465 5545 5742 5559 
5459 5501 5547 5550 5549 
5460 5547 5500 5548 5550 
5461 5550 5548 179 186 
5462 5549 5550 186 180 
5463 5500 5551 5553 5548 
5464 5551 5499 5552 5553 
5465 5553 5552 178 187 
5466 5548 5553 187 179 
5467 5736 5544 192 174 
5468 5810 5640 5569 5809 
5469 5813 5812 5650 5723 
5470 5683 5708 5464 5731 
5471 5529 200 166 5627 
5472 5707 5698 5686 5591 
5473 5812 5811 5481 5650 
5474 5742 5591 5761 5727 
5475 5760 5594 5733 5734 
5476 5498 5723 5655 5764 
5477 5668 5628 5740 5589 
5478 5463 5666 5696 5753 
5479 5501 5549 5565 5564 
5480 5549 180 185 5565 
5481 5565 185 181 5563 
5482 5564 5565 5563 5506 
5483 5625 5797 5576 5483 
5484 5468 5568 5561 5596 
5485 5554 5641 5725 5748 
5486 5809 5808 5666 5463 
5487 5684 5677 5763 5639 
5488 5750 5596 175 190 
5489 5595 5649 5732 5737 
5490 5538 5694 5760 5628 
5491 5514 5682 5677 5684 
5492 5761 5512 5572 5539 
5493 5765 5558 5803 5746 
5494 5655 5557 5495 5681 
5495 5818 5834 5529 5571 
5496 5828 5827 5697 5752 
5497 5665 5755 5544 5736 
5498 5653 5727 5469 5693 
5499 5563 181 184 5575 
5500 5575 184 182 5574 
5501 5629 5644 5635 5674 
5502 5568 5665 5736 5561 
5503 5793 5806 5605 5662 
5504 5794 5604 5661 5631 
5505 5499 5579 5580 5552 
5506 5826 5825 5595 5476 
5507 5808 5630 5750 5833 
5508 5552 5580 188 178 
5509 5660 5712 5547 5501 
5510 5715 5701 5606 5774 
5511 5645 5588 5615 5781 
5512 5768 5787 5584 5616 
5513 5784 571 566 5507 
5514 5774 5606 5691 5672 
5515 5606 5487 5597 5691 
5516 5799 5780 5537 5689 
5517 5628 5760 5734 5740 
5518 5567 5762 5679 5709 
5519 5744 197 169 5614 
5520 5817 5749 5470 5816 
5521 5830 201 165 5834 
5522 5758 5492 5668 5640 
5523 5489 5597 5600 5599 
5524 5622 5671 561 577 
5525 5782 5785 5676 5504 
5526 5599 5600 5598 5488 
5527 5798 5581 5713 5716 
5528 5536 5783 5586 5791 
5529 5601 5774 5672 5673 
5530 5671 5587 576 561 
5531 5515 5578 553 585 
5532 5700 5482 5719 5643 
5533 5558 5554 5748 5803 
5534 5787 5505 5695 5584 
5535 5507 566 572 5790 
5536 5659 5496 5608 5712 
5537 5521 5613 573 564 
5538 5810 5809 5463 5638 
5539 5556 5647 5707 5545 
5540 5469 5539 5494 5751 
5541 5497 5607 5610 5609 
5542 5607 5499 5551 5610 
5543 5610 5551 5500 5608 
5544 5609 5610 5608 5496 
5545 5613 5510 565 573 
5546 5766 5769 5782 5768 
5547 5502 5772 5585 5786 
5548 5602 5502 5786 5582 
5549 5745 5593 5623 5657 
5550 5571 5529 5627 5739 
5551 5462 5571 5739 5513 
5552 5791 5586 5598 5600 
5553 5611 5616 5701 5715 
5554 357 10 569 5588 
5555 5470 5764 5632 5626 
5556 5663 555 583 5804 
5557 5578 5705 584 553 
5558 5484 5662 5700 5525 
5559 5518 5603 563 575 
5560 577 560 5621 5622 
5561 5622 5621 5488 5598 
5562 5520 5716 5703 5486 
5563 5497 5623 5624 5607 
5564 5591 5686 5512 5761 
5565 5762 5653 5693 5679 
5566 5607 5624 5579 5499 
5567 5800 580 557 5806 
5568 5483 5720 5604 5794 
5569 5526 5674 5801 5800 
5570 5795 5637 586 551 
5571 5720 5527 5669 5604 
5572 5821 5820 5756 5546 
5573 5709 5679 5562 5802 
5574 5813 5746 5466 5812 
5575 5811 5758 5640 5810 
5576 5674 5635 5534 5801 
5577 5620 5475 5577 5473 
5578 5632 5681 5642 5566 
5579 5714 5518 575 562 
5580 5689 5658 5522 5618 
5581 5789 5778 5508 5603 
5582 5618 5522 5771 5776 
5583 5517 5520 5486 5633 
5584 5689 5537 5634 5658 
5585 5584 5695 5536 5773 
5586 5786 5585 5775 5777 
5587 5488 5621 5636 5635 
5588 5621 560 578 5636 
5589 5670 5631 5721 5718 
5590 5534 5711 559 579 
5591 5474 5793 5662 5484 
5592 5527 5473 5515 5805 
5593 5720 5620 5473 5527 
5594 5643 5719 5663 5485 
5595 5763 198 168 5573 
5596 5733 5802 5560 5755 
5597 5815 5814 5498 5749 
5598 5594 5709 5802 5733 
5599 5640 5668 5589 5569 
5600 5754 5478 193 173 
5601 5723 5650 5557 5655 
5602 5796 5485 5710 5705 
5603 5642 5489 5599 5644 
5604 5644 5599 5488 5635 
5605 5605 581 556 5482 
5606 5783 5646 5714 5587 
5607 5773 5536 5791 5487 
5608 5490 5715 5774 5601 
5609 5731 5464 171 194 
5610 5737 5732 5678 5570 
5611 5759 5757 5692 5479 
5612 5596 5561 191 175 
5613 5648 5654 5757 5759 
5614 5814 5765 5746 5813 
5615 5652 5683 5731 5540 
5616 5493 5743 189 177 
5617 5739 5627 5682 5514 
5618 5827 5826 5476 5697 
5619 5809 5569 5630 5808 
5620 5585 5790 5510 5775 
5621 5712 5608 5500 5547 
5622 5702 5519 5517 5767 
5623 5790 572 565 5510 
5624 5693 5469 5751 5542 
5625 5751 5494 5708 5683 
5626 5825 5824 5649 5595 
5627 5835 5817 5675 5670 
5628 5464 5479 195 171 
5629 5494 5648 5759 5708 
5630 5657 5623 5497 5656 
5631 5803 5748 5664 5555 
5632 5486 5703 5772 5502 
5633 5615 568 570 5581 
5634 5772 5507 5790 5585 
5635 5716 5713 5784 5703 
5636 5806 557 581 5605 
5637 5805 5515 585 552 
5638 5812 5466 5758 5811 
5639 5721 5471 549 533 
5640 5829 5828 5752 5541 
5641 5833 5750 190 176 
5642 5819 5818 5571 5462 
5643 5727 5761 5539 5469 
5644 5555 5664 5538 5492 
5645 5566 5642 5644 5629 
5646 5532 5477 550 532 
5647 5797 5706 5619 5576 
5648 5491 5656 5673 5672 
5649 5656 5497 5609 5673 
5650 5776 5771 5788 5690 
5651 5601 5673 5609 5496 
5652 5476 5595 5737 5641 
5653 5801 558 580 5800 
5654 5534 579 558 5801 
5655 5483 5576 5620 5720 
5656 5587 5714 562 576 
5657 5702 5776 5690 5519 
5658 5583 5611 5715 5490 
5659 5509 5702 5767 5769 
5660 5531 5728 5762 5567 
5661 5647 5513 5698 5707 
5662 5678 5590 5728 5531 
5663 5604 5669 5472 5661 
5664 5792 5643 5485 5796 
5665 5491 5511 5681 5495 
5666 5631 5661 5471 5721 
5667 5512 5639 5726 5572 
5668 5590 5465 5559 5728 
5669 5482 556 582 5719 
5670 5696 5493 5580 5579 
5671 5708 5759 5479 5464 
5672 5539 5572 5648 5494 
5673 5686 5684 5639 5512 
5674 5472 5795 5477 5532 
5675 5630 5468 5596 5750 
5676 5527 5805 5637 5669 
5677 5485 5663 5804 5710 
5678 5563 5575 5574 5506 
5679 5633 5486 5502 5602 
5680 5703 5784 5507 5772 
5681 5688 356 360 5645 
5682 5586 5783 5587 5671 
5683 5616 5584 5773 5701 
5684 5658 5634 6 354 
5685 5676 5602 5582 5699 
5686 5491 5672 5691 5511 
5687 5612 5789 5603 5518 
5688 5583 5490 5659 5617 
5689 5511 5691 5597 5489 
5690 5542 5751 5683 5652 
5691 5835 5815 5749 5817 
5692 5513 5739 5514 5698 
5693 5728 5559 5653 5762 
5694 5811 5810 5638 5481 
5695 5638 5463 5753 5593 
5696 5473 5577 5578 5515 
5697 5802 5562 5467 5560 
5698 5746 5803 5555 5466 
5699 5511 5489 5642 5681 
5700 5781 5615 5581 5798 
5701 5713 567 571 5784 
5702 5588 569 568 5615 
5703 5581 570 567 5713 
5704 5814 5813 5723 5498 
5705 5679 5693 5542 5562 
5706 5682 199 167 5677 
5707 5656 5491 5495 5657 
5708 5559 5742 5727 5653 
5709 5641 5737 5570 5725 
5710 5724 5730 5465 5590 
5711 5822 5821 5546 5747 
5712 5769 5767 5785 5782 
5713 550 5477 587 14 
5714 5577 5796 5705 5578 
5715 5787 5504 5717 5505 
5716 5505 5612 5646 5695 
5717 5695 5646 5783 5536 
5718 5677 167 198 5763 
5719 5544 5754 173 192 
5720 5799 5583 5617 5780 
5721 5490 5601 5496 5659 
5722 5582 5786 5777 5535 
5723 5535 5777 5613 5521 
5724 5516 5770 5781 5798 
5725 5504 5676 5699 5717 
5726 5637 5805 552 586 
5727 5625 5483 5794 5675 
5728 5705 5710 554 584 
5729 5576 5619 5475 5620 
5730 5675 5794 5631 5670 
5731 5719 582 555 5663 
5732 5706 5484 5525 5619 
5733 5718 5721 533 548 
5734 5661 5472 5532 5471 
5735 5560 5467 5478 5754 
5736 5815 5541 5765 5814 
5737 5755 5560 5754 5544 
5738 5735 5567 5709 5594 
5739 5627 166 199 5682 
5740 5492 5538 5628 5668 
5741 5471 5532 532 549 
5742 5704 5474 5484 5706 
5743 5525 5700 5643 5792 
5744 5534 5635 5636 5711 
5745 5824 5823 5807 5649 
5746 559 5711 5636 578 
5747 5768 5782 5504 5787 
5748 5699 5582 5535 5778 
5749 5519 5516 5520 5517 
5750 5788 359 356 5688 
5751 5508 5521 564 574 
5752 5487 5791 5600 5597 
5753 5603 5508 574 563 
5754 5778 5535 5521 5508 
5755 5598 5586 5671 5622 
5756 5799 5509 5769 5766 
5757 5619 5525 5792 5475 
5758 5475 5792 5796 5577 
5759 5466 5555 5492 5758 
5760 5710 5804 583 554 
5761 5545 5707 5591 5742 
5762 5730 5556 5545 5465 
5763 5523 5685 5735 5694 
5764 5580 5493 177 188 
5765 5666 5743 5493 5696 
5766 5808 5833 5743 5666 
5767 5743 5833 176 189 
5768 5807 5747 5730 5724 
5769 5694 5735 5594 5760 
5770 5479 5692 170 195 
5771 5572 5726 5654 5648 
5772 5757 5614 5832 5692 
5773 5817 5816 5625 5675 
5774 5756 5462 5513 5647 
5775 5540 5731 194 172 
5776 5481 5638 5593 5745 
5777 5816 5470 5626 5687 
5778 5569 5589 5468 5630 
5779 5541 5752 5558 5765 
5780 5650 5481 5745 5557 
5781 5698 5514 5684 5686 
5782 5546 5756 5647 5556 
5783 5749 5498 5764 5470 
5784 5823 5822 5747 5807 
5785 5664 5523 5694 5538 
5786 5820 5819 5462 5756 
5787 5562 5542 5652 5467 
5788 5732 5724 5590 5678 
5789 5573 168 197 5744 
5790 5740 5734 5665 5568 
5791 5654 5744 5614 5757 
5792 5748 5725 5523 5664 
5793 541 5 201 5830 
5794 5726 5573 5744 5654 
5795 5685 5531 5567 5735 
5796 5478 5540 172 193 
5797 5697 5476 5641 5554 
5798 5557 5745 5657 5495 
5799 5593 5753 5624 5623 
5800 5570 5678 5531 5685 
5801 5834 165 200 5529 
5802 5835 5829 5541 5815 
5803 5639 5763 5573 5726 
5804 5614 169 196 5832 
5805 5617 5659 5712 5660 
5806 5505 5717 5789 5612 
5807 5779 5660 5501 5564 
5808 5780 5617 5660 5779 
5809 360 357 5588 5645 
5810 5503 5574 182 183 
5811 5651 5506 5574 5503 
5812 5779 5564 5506 5651 
5813 5634 5503 183 6 
5814 5537 5651 5503 5634 
5815 5780 5779 5651 5537 
5816 5522 358 355 5771 
5817 5717 5699 5778 5789 
5818 5766 5768 5616 5611 
5819 5770 5688 5645 5781 
5820 5516 5798 5716 5520 
5821 5771 355 359 5788 
5822 5767 5517 5633 5785 
5823 5799 5766 5611 5583 
5824 5658 354 358 5522 
5825 5785 5633 5602 5676 
5826 5690 5788 5688 5770 
5827 5701 5773 5487 5606 
5828 5519 5690 5770 5516 
5829 5777 5775 5510 5613 
5830 5646 5612 5518 5714 
5831 5734 5733 5755 5665 
5832 5477 5795 551 587 
5833 5662 5605 5482 5700 
5834 5667 5629 5674 5526 
5835 5687 5704 5706 5797 
5836 5669 5637 5795 5472 
5837 5509 5618 5776 5702 
5838 5799 5689 5618 5509 
5839 5533 5566 5629 5667 
5840 5626 5632 5566 5533 
5841 5747 5546 5556 5730 
5842 5793 5526 5800 5806 
5843 5474 5667 5526 5793 
5844 5704 5533 5667 5474 
5845 5687 5626 5533 5704 
5846 5764 5655 5681 5632 
5847 5831 5718 548 534 
5848 5835 5670 5718 5831 
5849 5524 540 541 5830 
5850 5530 542 540 5524 
5851 5592 539 542 5530 
5852 5722 543 539 5592 
5853 5741 538 543 5722 
5854 5680 544 538 5741 
5855 5543 537 544 5680 
5856 5729 545 537 5543 
5857 5528 536 545 5729 
5858 5461 546 536 5528 
5859 5480 535 546 5461 
5860 5738 547 535 5480 
5861 5831 534 547 5738 
5862 5818 5524 5830 5834 
5863 5819 5530 5524 5818 
5864 5820 5592 5530 5819 
5865 5821 5722 5592 5820 
5866 5822 5741 5722 5821 
5867 5823 5680 5741 5822 
5868 5824 5543 5680 5823 
5869 5825 5729 5543 5824 
5870 5826 5528 5729 5825 
5871 5827 5461 5528 5826 
5872 5828 5480 5461 5827 
5873 5829 5738 5480 5828 
5874 5835 5831 5738 5829 
2 7 3 1900
5875 15 647 6270 612 
5876 647 656 6268 6270 
5877 6270 6268 5836 6269 
5878 612 6270 6269 636 
5879 636 6269 6273 611 
5880 6269 5836 6271 6273 
5881 6273 6271 5837 6272 
5882 611 6273 6272 635 
5883 635 6272 6276 610 
5884 6272 5837 6274 6276 
5885 6276 6274 5838 6275 
5886 610 6276 6275 634 
5887 634 6275 6279 609 
5888 6275 5838 6277 6279 
5889 6279 6277 5839 6278 
5890 609 6279 6278 633 
5891 633 6278 6282 608 
5892 6278 5839 6280 6282 
5893 6282 6280 5840 6281 
5894 608 6282 6281 632 
5895 632 6281 6285 607 
5896 6281 5840 6283 6285 
5897 6285 6283 5841 6284 
5898 607 6285 6284 631 
5899 631 6284 6288 606 
5900 6284 5841 6286 6288 
5901 6288 6286 5842 6287 
5902 606 6288 6287 630 
5903 630 6287 6291 605 
5904 6287 5842 6289 6291 
5905 6291 6289 5843 6290 
5906 605 6291 6290 629 
5907 629 6290 6294 604 
5908 6290 5843 6292 6294 
5909 6294 6292 5844 6293 
5910 604 6294 6293 628 
5911 628 6293 6297 603 
5912 6293 5844 6295 6297 
5913 6297 6295 5845 6296 
5914 603 6297 6296 627 
5915 627 6296 6300 602 
5916 6296 5845 6298 6300 
5917 6300 6298 5846 6299 
5918 602 6300 6299 626 
5919 626 6299 6303 588 
5920 6299 5846 6301 6303 
5921 6303 6301 5847 6302 
5922 588 6303 6302 625 
5923 625 6302 6306 600 
5924 6302 5847 6304 6306 
5925 6306 6304 5848 6305 
5926 600 6306 6305 624 
5927 624 6305 6309 599 
5928 6305 5848 6307 6309 
5929 6309 6307 5849 6308 
5930 599 6309 6308 623 
5931 623 6308 6312 598 
5932 6308 5849 6310 6312 
5933 6312 6310 5850 6311 
5934 598 6312 6311 622 
5935 622 6311 6315 597 
5936 6311 5850 6313 6315 
5937 6315 6313 5851 6314 
5938 597 6315 6314 621 
5939 621 6314 6318 596 
5940 6314 5851 6316 6318 
5941 6318 6316 5852 6317 
5942 596 6318 6317 620 
5943 620 6317 6321 595 
5944 6317 5852 6319 6321 
5945 6321 6319 5853 6320 
5946 595 6321 6320 619 
5947 619 6320 6324 594 
5948 6320 5853 6322 6324 
5949 6324 6322 5854 6323 
5950 594 6324 6323 618 
5951 618 6323 6327 593 
5952 6323 5854 6325 6327 
5953 6327 6325 5855 6326 
5954 593 6327 6326 617 
5955 617 6326 6330 592 
5956 6326 5855 6328 6330 
5957 6330 6328 5856 6329 
5958 592 6330 6329 616 
5959 616 6329 6333 591 
5960 6329 5856 6331 6333 
5961 6333 6331 5857 6332 
5962 591 6333 6332 615 
5963 615 6332 6336 590 
5964 6332 5857 6334 6336 
5965 6336 6334 5858 6335 
5966 590 6336 6335 614 
5967 614 6335 6339 589 
5968 6335 5858 6337 6339 
5969 6339 6337 5859 6338 
5970 589 6339 6338 613 
5971 613 6338 6341 601 
5972 6338 5859 6340 6341 
5973 6341 6340 512 513 
5974 601 6341 513 13 
5975 656 638 6344 6268 
5976 638 657 6342 6344 
5977 6344 6342 5860 6343 
5978 6268 6344 6343 5836 
5979 5836 6343 6347 6271 
5980 6343 5860 6345 6347 
5981 6347 6345 5861 6346 
5982 6271 6347 6346 5837 
5983 5837 6346 6350 6274 
5984 6346 5861 6348 6350 
5985 6350 6348 5862 6349 
5986 6274 6350 6349 5838 
5987 5838 6349 6353 6277 
5988 6349 5862 6351 6353 
5989 6353 6351 5863 6352 
5990 6277 6353 6352 5839 
5991 5839 6352 6356 6280 
5992 6352 5863 6354 6356 
5993 6356 6354 5864 6355 
5994 6280 6356 6355 5840 
5995 5840 6355 6359 6283 
5996 6355 5864 6357 6359 
5997 6359 6357 5865 6358 
5998 6283 6359 6358 5841 
5999 5841 6358 6362 6286 
6000 6358 5865 6360 6362 
6001 6362 6360 5866 6361 
6002 6286 6362 6361 5842 
6003 5842 6361 6365 6289 
6004 6361 5866 6363 6365 
6005 6365 6363 5867 6364 
6006 6289 6365 6364 5843 
6007 5843 6364 6368 6292 
6008 6364 5867 6366 6368 
6009 6368 6366 5868 6367 
6010 6292 6368 6367 5844 
6011 5844 6367 6371 6295 
6012 6367 5868 6369 6371 
6013 6371 6369 5869 6370 
6014 6295 6371 6370 5845 
6015 5845 6370 6374 6298 
6016 6370 5869 6372 6374 
6017 6374 6372 5870 6373 
6018 6298 6374 6373 5846 
6019 5846 6373 6377 6301 
6020 6373 5870 6375 6377 
6021 6377 6375 5871 6376 
6022 6301 6377 6376 5847 
6023 5847 6376 6380 6304 
6024 6376 5871 6378 6380 
6025 6380 6378 5872 6379 
6026 6304 6380 6379 5848 
6027 5848 6379 6383 6307 
6028 6379 5872 6381 6383 
6029 6383 6381 5873 6382 
6030 6307 6383 6382 5849 
6031 5849 6382 6386 6310 
6032 6382 5873 6384 6386 
6033 6386 6384 5874 6385 
6034 6310 6386 6385 5850 
6035 5850 6385 6389 6313 
6036 6385 5874 6387 6389 
6037 6389 6387 5875 6388 
6038 6313 6389 6388 5851 
6039 5851 6388 6392 6316 
6040 6388 5875 6390 6392 
6041 6392 6390 5876 6391 
6042 6316 6392 6391 5852 
6043 5852 6391 6395 6319 
6044 6391 5876 6393 6395 
6045 6395 6393 5877 6394 
6046 6319 6395 6394 5853 
6047 5853 6394 6398 6322 
6048 6394 5877 6396 6398 
6049 6398 6396 5878 6397 
6050 6322 6398 6397 5854 
6051 5854 6397 6401 6325 
6052 6397 5878 6399 6401 
6053 6401 6399 5879 6400 
6054 6325 6401 6400 5855 
6055 5855 6400 6404 6328 
6056 6400 5879 6402 6404 
6057 6404 6402 5880 6403 
6058 6328 6404 6403 5856 
6059 5856 6403 6407 6331 
6060 6403 5880 6405 6407 
6061 6407 6405 5881 6406 
6062 6331 6407 6406 5857 
6063 5857 6406 6410 6334 
6064 6406 5881 6408 6410 
6065 6410 6408 5882 6409 
6066 6334 6410 6409 5858 
6067 5858 6409 6413 6337 
6068 6409 5882 6411 6413 
6069 6413 6411 5883 6412 
6070 6337 6413 6412 5859 
6071 5859 6412 6415 6340 
6072 6412 5883 6414 6415 
6073 6415 6414 511 514 
6074 6340 6415 514 512 
6075 657 639 6418 6342 
6076 639 658 6416 6418 
6077 6418 6416 5884 6417 
6078 6342 6418 6417 5860 
6079 5860 6417 6421 6345 
6080 6417 5884 6419 6421 
6081 6421 6419 5885 6420 
6082 6345 6421 6420 5861 
6083 5861 6420 6424 6348 
6084 6420 5885 6422 6424 
6085 6424 6422 5886 6423 
6086 6348 6424 6423 5862 
6087 5862 6423 6427 6351 
6088 6423 5886 6425 6427 
6089 6427 6425 5887 6426 
6090 6351 6427 6426 5863 
6091 5863 6426 6430 6354 
6092 6426 5887 6428 6430 
6093 6430 6428 5888 6429 
6094 6354 6430 6429 5864 
6095 5864 6429 6433 6357 
6096 6429 5888 6431 6433 
6097 6433 6431 5889 6432 
6098 6357 6433 6432 5865 
6099 5865 6432 6436 6360 
6100 6432 5889 6434 6436 
6101 6436 6434 5890 6435 
6102 6360 6436 6435 5866 
6103 5866 6435 6439 6363 
6104 6435 5890 6437 6439 
6105 6439 6437 5891 6438 
6106 6363 6439 6438 5867 
6107 5867 6438 6442 6366 
6108 6438 5891 6440 6442 
6109 6442 6440 5892 6441 
6110 6366 6442 6441 5868 
6111 5868 6441 6445 6369 
6112 6441 5892 6443 6445 
6113 6445 6443 5893 6444 
6114 6369 6445 6444 5869 
6115 5869 6444 6448 6372 
6116 6444 5893 6446 6448 
6117 6448 6446 5894 6447 
6118 6372 6448 6447 5870 
6119 5870 6447 6451 6375 
6120 6447 5894 6449 6451 
6121 6451 6449 5895 6450 
6122 6375 6451 6450 5871 
6123 5871 6450 6454 6378 
6124 6450 5895 6452 6454 
6125 6454 6452 5896 6453 
6126 6378 6454 6453 5872 
6127 5872 6453 6457 6381 
6128 6453 5896 6455 6457 
6129 6457 6455 5897 6456 
6130 6381 6457 6456 5873 
6131 5873 6456 6460 6384 
6132 6456 5897 6458 6460 
6133 6460 6458 5898 6459 
6134 6384 6460 6459 5874 
6135 5874 6459 6463 6387 
6136 6459 5898 6461 6463 
6137 6463 6461 5899 6462 
6138 6387 6463 6462 5875 
6139 5875 6462 6466 6390 
6140 6462 5899 6464 6466 
6141 6466 6464 5900 6465 
6142 6390 6466 6465 5876 
6143 5876 6465 6469 6393 
6144 6465 5900 6467 6469 
6145 6469 6467 5901 6468 
6146 6393 6469 6468 5877 
6147 5877 6468 6472 6396 
6148 6468 5901 6470 6472 
6149 6472 6470 5902 6471 
6150 6396 6472 6471 5878 
6151 5878 6471 6475 6399 
6152 6471 5902 6473 6475 
6153 6475 6473 5903 6474 
6154 6399 6475 6474 5879 
6155 5879 6474 6478 6402 
6156 6474 5903 6476 6478 
6157 6478 6476 5904 6477 
6158 6402 6478 6477 5880 
6159 5880 6477 6481 6405 
6160 6477 5904 6479 6481 
6161 6481 6479 5905 6480 
6162 6405 6481 6480 5881 
6163 5881 6480 6484 6408 
6164 6480 5905 6482 6484 
6165 6484 6482 5906 6483 
6166 6408 6484 6483 5882 
6167 5882 6483 6487 6411 
6168 6483 5906 6485 6487 
6169 6487 6485 5907 6486 
6170 6411 6487 6486 5883 
6171 5883 6486 6489 6414 
6172 6486 5907 6488 6489 
6173 6489 6488 510 515 
6174 6414 6489 515 511 
6175 658 640 6492 6416 
6176 640 659 6490 6492 
6177 6492 6490 5908 6491 
6178 6416 6492 6491 5884 
6179 5884 6491 6495 6419 
6180 6491 5908 6493 6495 
6181 6495 6493 5909 6494 
6182 6419 6495 6494 5885 
6183 5885 6494 6498 6422 
6184 6494 5909 6496 6498 
6185 6498 6496 5910 6497 
6186 6422 6498 6497 5886 
6187 5886 6497 6501 6425 
6188 6497 5910 6499 6501 
6189 6501 6499 5911 6500 
6190 6425 6501 6500 5887 
6191 5887 6500 6504 6428 
6192 6500 5911 6502 6504 
6193 6504 6502 5912 6503 
6194 6428 6504 6503 5888 
6195 5888 6503 6507 6431 
6196 6503 5912 6505 6507 
6197 6507 6505 5913 6506 
6198 6431 6507 6506 5889 
6199 5889 6506 6510 6434 
6200 6506 5913 6508 6510 
6201 6510 6508 5914 6509 
6202 6434 6510 6509 5890 
6203 5890 6509 6513 6437 
6204 6509 5914 6511 6513 
6205 6513 6511 5915 6512 
6206 6437 6513 6512 5891 
6207 5891 6512 6516 6440 
6208 6512 5915 6514 6516 
6209 6516 6514 5916 6515 
6210 6440 6516 6515 5892 
6211 5892 6515 6519 6443 
6212 6515 5916 6517 6519 
6213 6519 6517 5917 6518 
6214 6443 6519 6518 5893 
6215 5893 6518 6522 6446 
6216 6518 5917 6520 6522 
6217 6522 6520 5918 6521 
6218 6446 6522 6521 5894 
6219 5894 6521 6525 6449 
6220 6521 5918 6523 6525 
6221 6525 6523 5919 6524 
6222 6449 6525 6524 5895 
6223 5895 6524 6528 6452 
6224 6524 5919 6526 6528 
6225 6528 6526 5920 6527 
6226 6452 6528 6527 5896 
6227 5896 6527 6531 6455 
6228 6527 5920 6529 6531 
6229 6531 6529 5921 6530 
6230 6455 6531 6530 5897 
6231 5897 6530 6534 6458 
6232 6530 5921 6532 6534 
6233 6534 6532 5922 6533 
6234 6458 6534 6533 5898 
6235 5898 6533 6537 6461 
6236 6533 5922 6535 6537 
6237 6537 6535 5923 6536 
6238 6461 6537 6536 5899 
6239 5899 6536 6540 6464 
6240 6536 5923 6538 6540 
6241 6540 6538 5924 6539 
6242 6464 6540 6539 5900 
6243 5900 6539 6543 6467 
6244 6539 5924 6541 6543 
6245 6543 6541 5925 6542 
6246 6467 6543 6542 5901 
6247 5901 6542 6546 6470 
6248 6542 5925 6544 6546 
6249 6546 6544 5926 6545 
6250 6470 6546 6545 5902 
6251 5902 6545 6549 6473 
6252 6545 5926 6547 6549 
6253 6549 6547 5927 6548 
6254 6473 6549 6548 5903 
6255 5903 6548 6552 6476 
6256 6548 5927 6550 6552 
6257 6552 6550 5928 6551 
6258 6476 6552 6551 5904 
6259 5904 6551 6555 6479 
6260 6551 5928 6553 6555 
6261 6555 6553 5929 6554 
6262 6479 6555 6554 5905 
6263 5905 6554 6558 6482 
6264 6554 5929 6556 6558 
6265 6558 6556 5930 6557 
6266 6482 6558 6557 5906 
6267 5906 6557 6561 6485 
6268 6557 5930 6559 6561 
6269 6561 6559 5931 6560 
6270 6485 6561 6560 5907 
6271 5907 6560 6563 6488 
6272 6560 5931 6562 6563 
6273 6563 6562 509 516 
6274 6488 6563 516 510 
6275 659 641 6566 6490 
6276 641 660 6564 6566 
6277 6566 6564 5932 6565 
6278 6490 6566 6565 5908 
6279 5908 6565 6569 6493 
6280 6565 5932 6567 6569 
6281 6569 6567 5933 6568 
6282 6493 6569 6568 5909 
6283 5909 6568 6572 6496 
6284 6568 5933 6570 6572 
6285 6572 6570 5934 6571 
6286 6496 6572 6571 5910 
6287 5910 6571 6575 6499 
6288 6571 5934 6573 6575 
6289 6575 6573 5935 6574 
6290 6499 6575 6574 5911 
6291 5911 6574 6578 6502 
6292 6574 5935 6576 6578 
6293 6578 6576 5936 6577 
6294 6502 6578 6577 5912 
6295 5912 6577 6581 6505 
6296 6577 5936 6579 6581 
6297 6581 6579 5937 6580 
6298 6505 6581 6580 5913 
6299 5913 6580 6584 6508 
6300 6580 5937 6582 6584 
6301 6584 6582 5938 6583 
6302 6508 6584 6583 5914 
6303 5914 6583 6587 6511 
6304 6583 5938 6585 6587 
6305 6587 6585 5939 6586 
6306 6511 6587 6586 5915 
6307 5915 6586 6590 6514 
6308 6586 5939 6588 6590 
6309 6590 6588 5940 6589 
6310 6514 6590 6589 5916 
6311 5916 6589 6593 6517 
6312 6589 5940 6591 6593 
6313 6593 6591 5941 6592 
6314 6517 6593 6592 5917 
6315 5917 6592 6596 6520 
6316 6592 5941 6594 6596 
6317 6596 6594 5942 6595 
6318 6520 6596 6595 5918 
6319 5918 6595 6599 6523 
6320 6595 5942 6597 6599 
6321 6599 6597 5943 6598 
6322 6523 6599 6598 5919 
6323 5919 6598 6602 6526 
6324 6598 5943 6600 6602 
6325 6602 6600 5944 6601 
6326 6526 6602 6601 5920 
6327 5920 6601 6605 6529 
6328 6601 5944 6603 6605 
6329 6605 6603 5945 6604 
6330 6529 6605 6604 5921 
6331 5921 6604 6608 6532 
6332 6604 5945 6606 6608 
6333 6608 6606 5946 6607 
6334 6532 6608 6607 5922 
6335 5922 6607 6611 6535 
6336 6607 5946 6609 6611 
6337 6611 6609 5947 6610 
6338 6535 6611 6610 5923 
6339 5923 6610 6614 6538 
6340 6610 5947 6612 6614 
6341 6614 6612 5948 6613 
6342 6538 6614 6613 5924 
6343 5924 6613 6617 6541 
6344 6613 5948 6615 6617 
6345 6617 6615 5949 6616 
6346 6541 6617 6616 5925 
6347 5925 6616 6620 6544 
6348 6616 5949 6618 6620 
6349 6620 6618 5950 6619 
6350 6544 6620 6619 5926 
6351 5926 6619 6623 6547 
6352 6619 5950 6621 6623 
6353 6623 6621 5951 6622 
6354 6547 6623 6622 5927 
6355 5927 6622 6626 6550 
6356 6622 5951 6624 6626 
6357 6626 6624 5952 6625 
6358 6550 6626 6625 5928 
6359 5928 6625 6629 6553 
6360 6625 5952 6627 6629 
6361 6629 6627 5953 6628 
6362 6553 6629 6628 5929 
6363 5929 6628 6632 6556 
6364 6628 5953 6630 6632 
6365 6632 6630 5954 6631 
6366 6556 6632 6631 5930 
6367 5930 6631 6635 6559 
6368 6631 5954 6633 6635 
6369 6635 6633 5955 6634 
6370 6559 6635 6634 5931 
6371 5931 6634 6637 6562 
6372 6634 5955 6636 6637 
6373 6637 6636 508 517 
6374 6562 6637 517 509 
6375 660 642 6640 6564 
6376 642 661 6638 6640 
6377 6640 6638 5956 6639 
6378 6564 6640 6639 5932 
6379 5932 6639 6643 6567 
6380 6639 5956 6641 6643 
6381 6643 6641 5957 6642 
6382 6567 6643 6642 5933 
6383 5933 6642 6646 6570 
6384 6642 5957 6644 6646 
6385 6646 6644 5958 6645 
6386 6570 6646 6645 5934 
6387 5934 6645 6649 6573 
6388 6645 5958 6647 6649 
6389 6649 6647 5959 6648 
6390 6573 6649 6648 5935 
6391 5935 6648 6652 6576 
6392 6648 5959 6650 6652 
6393 6652 6650 5960 6651 
6394 6576 6652 6651 5936 
6395 5936 6651 6655 6579 
6396 6651 5960 6653 6655 
6397 6655 6653 5961 6654 
6398 6579 6655 6654 5937 
6399 5937 6654 6658 6582 
6400 6654 5961 6656 6658 
6401 6658 6656 5962 6657 
6402 6582 6658 6657 5938 
6403 5938 6657 6661 6585 
6404 6657 5962 6659 6661 
6405 6661 6659 5963 6660 
6406 6585 6661 6660 5939 
6407 5939 6660 6664 6588 
6408 6660 5963 6662 6664 
6409 6664 6662 5964 6663 
6410 6588 6664 6663 5940 
6411 5940 6663 6667 6591 
6412 6663 5964 6665 6667 
6413 6667 6665 5965 6666 
6414 6591 6667 6666 5941 
6415 5941 6666 6670 6594 
6416 6666 5965 6668 6670 
6417 6670 6668 5966 6669 
6418 6594 6670 6669 5942 
6419 5942 6669 6673 6597 
6420 6669 5966 6671 6673 
6421 6673 6671 5967 6672 
6422 6597 6673 6672 5943 
6423 5943 6672 6676 6600 
6424 6672 5967 6674 6676 
6425 6676 6674 5968 6675 
6426 6600 6676 6675 5944 
6427 5944 6675 6679 6603 
6428 6675 5968 6677 6679 
6429 6679 6677 5969 6678 
6430 6603 6679 6678 5945 
6431 5945 6678 6682 6606 
6432 6678 5969 6680 6682 
6433 6682 6680 5970 6681 
6434 6606 6682 6681 5946 
6435 5946 6681 6685 6609 
6436 6681 5970 6683 6685 
6437 6685 6683 5971 6684 
6438 6609 6685 6684 5947 
6439 5947 6684 6688 6612 
6440 6684 5971 6686 6688 
6441 6688 6686 5972 6687 
6442 6612 6688 6687 5948 
6443 5948 6687 6691 6615 
6444 6687 5972 6689 6691 
6445 6691 6689 5973 6690 
6446 6615 6691 6690 5949 
6447 5949 6690 6694 6618 
6448 6690 5973 6692 6694 
6449 6694 6692 5974 6693 
6450 6618 6694 6693 5950 
6451 5950 6693 6697 6621 
6452 6693 5974 6695 6697 
6453 6697 6695 5975 6696 
6454 6621 6697 6696 5951 
6455 5951 6696 6700 6624 
6456 6696 5975 6698 6700 
6457 6700 6698 5976 6699 
6458 6624 6700 6699 5952 
6459 5952 6699 6703 6627 
6460 6699 5976 6701 6703 
6461 6703 6701 5977 6702 
6462 6627 6703 6702 5953 
6463 5953 6702 6706 6630 
6464 6702 5977 6704 6706 
6465 6706 6704 5978 6705 
6466 6630 6706 6705 5954 
6467 5954 6705 6709 6633 
6468 6705 5978 6707 6709 
6469 6709 6707 5979 6708 
6470 6633 6709 6708 5955 
6471 5955 6708 6711 6636 
6472 6708 5979 6710 6711 
6473 6711 6710 507 518 
6474 6636 6711 518 508 
6475 661 643 6714 6638 
6476 643 662 6712 6714 
6477 6714 6712 5980 6713 
6478 6638 6714 6713 5956 
6479 5956 6713 6717 6641 
6480 6713 5980 6715 6717 
6481 6717 6715 5981 6716 
6482 6641 6717 6716 5957 
6483 5957 6716 6720 6644 
6484 6716 5981 6718 6720 
6485 6720 6718 5982 6719 
6486 6644 6720 6719 5958 
6487 5958 6719 6723 6647 
6488 6719 5982 6721 6723 
6489 6723 6721 5983 6722 
6490 6647 6723 6722 5959 
6491 5959 6722 6726 6650 
6492 6722 5983 6724 6726 
6493 6726 6724 5984 6725 
6494 6650 6726 6725 5960 
6495 5960 6725 6729 6653 
6496 6725 5984 6727 6729 
6497 6729 6727 5985 6728 
6498 6653 6729 6728 5961 
6499 5961 6728 6732 6656 
6500 6728 5985 6730 6732 
6501 6732 6730 5986 6731 
6502 6656 6732 6731 5962 
6503 5962 6731 6735 6659 
6504 6731 5986 6733 6735 
6505 6735 6733 5987 6734 
6506 6659 6735 6734 5963 
6507 5963 6734 6738 6662 
6508 6734 5987 6736 6738 
6509 6738 6736 5988 6737 
6510 6662 6738 6737 5964 
6511 5964 6737 6741 6665 
6512 6737 5988 6739 6741 
6513 6741 6739 5989 6740 
6514 6665 6741 6740 5965 
6515 5965 6740 6744 6668 
6516 6740 5989 6742 6744 
6517 6744 6742 5990 6743 
6518 6668 6744 6743 5966 
6519 5966 6743 6747 6671 
6520 6743 5990 6745 6747 
6521 6747 6745 5991 6746 
6522 6671 6747 6746 5967 
6523 5967 6746 6750 6674 
6524 6746 5991 6748 6750 
6525 6750 6748 5992 6749 
6526 6674 6750 6749 5968 
6527 5968 6749 6753 6677 
6528 6749 5992 6751 6753 
6529 6753 6751 5993 6752 
6530 6677 6753 6752 5969 
6531 5969 6752 6756 6680 
6532 6752 5993 6754 6756 
6533 6756 6754 5994 6755 
6534 6680 6756 6755 5970 
6535 5970 6755 6759 6683 
6536 6755 5994 6757 6759 
6537 6759 6757 5995 6758 
6538 6683 6759 6758 5971 
6539 5971 6758 6762 6686 
6540 6758 5995 6760 6762 
6541 6762 6760 5996 6761 
6542 6686 6762 6761 5972 
6543 5972 6761 6765 6689 
6544 6761 5996 6763 6765 
6545 6765 6763 5997 6764 
6546 6689 6765 6764 5973 
6547 5973 6764 6768 6692 
6548 6764 5997 6766 6768 
6549 6768 6766 5998 6767 
6550 6692 6768 6767 5974 
6551 5974 6767 6771 6695 
6552 6767 5998 6769 6771 
6553 6771 6769 5999 6770 
6554 6695 6771 6770 5975 
6555 5975 6770 6774 6698 
6556 6770 5999 6772 6774 
6557 6774 6772 6000 6773 
6558 6698 6774 6773 5976 
6559 5976 6773 6777 6701 
6560 6773 6000 6775 6777 
6561 6777 6775 6001 6776 
6562 6701 6777 6776 5977 
6563 5977 6776 6780 6704 
6564 6776 6001 6778 6780 
6565 6780 6778 6002 6779 
6566 6704 6780 6779 5978 
6567 5978 6779 6783 6707 
6568 6779 6002 6781 6783 
6569 6783 6781 6003 6782 
6570 6707 6783 6782 5979 
6571 5979 6782 6785 6710 
6572 6782 6003 6784 6785 
6573 6785 6784 506 519 
6574 6710 6785 519 507 
6575 662 644 6788 6712 
6576 644 663 6786 6788 
6577 6788 6786 6004 6787 
6578 6712 6788 6787 5980 
6579 5980 6787 6791 6715 
6580 6787 6004 6789 6791 
6581 6791 6789 6005 6790 
6582 6715 6791 6790 5981 
6583 5981 6790 6794 6718 
6584 6790 6005 6792 6794 
6585 6794 6792 6006 6793 
6586 6718 6794 6793 5982 
6587 5982 6793 6797 6721 
6588 6793 6006 6795 6797 
6589 6797 6795 6007 6796 
6590 6721 6797 6796 5983 
6591 5983 6796 6800 6724 
6592 6796 6007 6798 6800 
6593 6800 6798 6008 6799 
6594 6724 6800 6799 5984 
6595 5984 6799 6803 6727 
6596 6799 6008 6801 6803 
6597 6803 6801 6009 6802 
6598 6727 6803 6802 5985 
6599 5985 6802 6806 6730 
6600 6802 6009 6804 6806 
6601 6806 6804 6010 6805 
6602 6730 6806 6805 5986 
6603 5986 6805 6809 6733 
6604 6805 6010 6807 6809 
6605 6809 6807 6011 6808 
6606 6733 6809 6808 5987 
6607 5987 6808 6812 6736 
6608 6808 6011 6810 6812 
6609 6812 6810 6012 6811 
6610 6736 6812 6811 5988 
6611 5988 6811 6815 6739 
6612 6811 6012 6813 6815 
6613 6815 6813 6013 6814 
6614 6739 6815 6814 5989 
6615 5989 6814 6818 6742 
6616 6814 6013 6816 6818 
6617 6818 6816 6014 6817 
6618 6742 6818 6817 5990 
6619 5990 6817 6821 6745 
6620 6817 6014 6819 6821 
6621 6821 6819 6015 6820 
6622 6745 6821 6820 5991 
6623 5991 6820 6824 6748 
6624 6820 6015 6822 6824 
6625 6824 6822 6016 6823 
6626 6748 6824 6823 5992 
6627 5992 6823 6827 6751 
6628 6823 6016 6825 6827 
6629 6827 6825 6017 6826 
6630 6751 6827 6826 5993 
6631 5993 6826 6830 6754 
6632 6826 6017 6828 6830 
6633 6830 6828 6018 6829 
6634 6754 6830 6829 5994 
6635 5994 6829 6833 6757 
6636 6829 6018 6831 6833 
6637 6833 6831 6019 6832 
6638 6757 6833 6832 5995 
6639 5995 6832 6836 6760 
6640 6832 6019 6834 6836 
6641 6836 6834 6020 6835 
6642 6760 6836 6835 5996 
6643 5996 6835 6839 6763 
6644 6835 6020 6837 6839 
6645 6839 6837 6021 6838 
6646 6763 6839 6838 5997 
6647 5997 6838 6842 6766 
6648 6838 6021 6840 6842 
6649 6842 6840 6022 6841 
6650 6766 6842 6841 5998 
6651 5998 6841 6845 6769 
6652 6841 6022 6843 6845 
6653 6845 6843 6023 6844 
6654 6769 6845 6844 5999 
6655 5999 6844 6848 6772 
6656 6844 6023 6846 6848 
6657 6848 6846 6024 6847 
6658 6772 6848 6847 6000 
6659 6000 6847 6851 6775 
6660 6847 6024 6849 6851 
6661 6851 6849 6025 6850 
6662 6775 6851 6850 6001 
6663 6001 6850 6854 6778 
6664 6850 6025 6852 6854 
6665 6854 6852 6026 6853 
6666 6778 6854 6853 6002 
6667 6002 6853 6857 6781 
6668 6853 6026 6855 6857 
6669 6857 6855 6027 6856 
6670 6781 6857 6856 6003 
6671 6003 6856 6859 6784 
6672 6856 6027 6858 6859 
6673 6859 6858 505 520 
6674 6784 6859 520 506 
6675 663 645 6862 6786 
6676 645 664 6860 6862 
6677 6862 6860 6028 6861 
6678 6786 6862 6861 6004 
6679 6004 6861 6865 6789 
6680 6861 6028 6863 6865 
6681 6865 6863 6029 6864 
6682 6789 6865 6864 6005 
6683 6005 6864 6868 6792 
6684 6864 6029 6866 6868 
6685 6868 6866 6030 6867 
6686 6792 6868 6867 6006 
6687 6006 6867 6871 6795 
6688 6867 6030 6869 6871 
6689 6871 6869 6031 6870 
6690 6795 6871 6870 6007 
6691 6007 6870 6874 6798 
6692 6870 6031 6872 6874 
6693 6874 6872 6032 6873 
6694 6798 6874 6873 6008 
6695 6008 6873 6877 6801 
6696 6873 6032 6875 6877 
6697 6877 6875 6033 6876 
6698 6801 6877 6876 6009 
6699 6009 6876 6880 6804 
6700 6876 6033 6878 6880 
6701 6880 6878 6034 6879 
6702 6804 6880 6879 6010 
6703 6010 6879 6883 6807 
6704 6879 6034 6881 6883 
6705 6883 6881 6035 6882 
6706 6807 6883 6882 6011 
6707 6011 6882 6886 6810 
6708 6882 6035 6884 6886 
6709 6886 6884 6036 6885 
6710 6810 6886 6885 6012 
6711 6012 6885 6889 6813 
6712 6885 6036 6887 6889 
6713 6889 6887 6037 6888 
6714 6813 6889 6888 6013 
6715 6013 6888 6892 6816 
6716 6888 6037 6890 6892 
6717 6892 6890 6038 6891 
6718 6816 6892 6891 6014 
6719 6014 6891 6895 6819 
6720 6891 6038 6893 6895 
6721 6895 6893 6039 6894 
6722 6819 6895 6894 6015 
6723 6015 6894 6898 6822 
6724 6894 6039 6896 6898 
6725 6898 6896 6040 6897 
6726 6822 6898 6897 6016 
6727 6016 6897 6901 6825 
6728 6897 6040 6899 6901 
6729 6901 6899 6041 6900 
6730 6825 6901 6900 6017 
6731 6017 6900 6904 6828 
6732 6900 6041 6902 6904 
6733 6904 6902 6042 6903 
6734 6828 6904 6903 6018 
6735 6018 6903 6907 6831 
6736 6903 6042 6905 6907 
6737 6907 6905 6043 6906 
6738 6831 6907 6906 6019 
6739 6019 6906 6910 6834 
6740 6906 6043 6908 6910 
6741 6910 6908 6044 6909 
6742 6834 6910 6909 6020 
6743 6020 6909 6913 6837 
6744 6909 6044 6911 6913 
6745 6913 6911 6045 6912 
6746 6837 6913 6912 6021 
6747 6021 6912 6916 6840 
6748 6912 6045 6914 6916 
6749 6916 6914 6046 6915 
6750 6840 6916 6915 6022 
6751 6022 6915 6919 6843 
6752 6915 6046 6917 6919 
6753 6919 6917 6047 6918 
6754 6843 6919 6918 6023 
6755 6023 6918 6922 6846 
6756 6918 6047 6920 6922 
6757 6922 6920 6048 6921 
6758 6846 6922 6921 6024 
6759 6024 6921 6925 6849 
6760 6921 6048 6923 6925 
6761 6925 6923 6049 6924 
6762 6849 6925 6924 6025 
6763 6025 6924 6928 6852 
6764 6924 6049 6926 6928 
6765 6928 6926 6050 6927 
6766 6852 6928 6927 6026 
6767 6026 6927 6931 6855 
6768 6927 6050 6929 6931 
6769 6931 6929 6051 6930 
6770 6855 6931 6930 6027 
6771 6027 6930 6933 6858 
6772 6930 6051 6932 6933 
6773 6933 6932 504 521 
6774 6858 6933 521 505 
6775 664 646 6936 6860 
6776 646 665 6934 6936 
6777 6936 6934 6052 6935 
6778 6860 6936 6935 6028 
6779 6028 6935 6939 6863 
6780 6935 6052 6937 6939 
6781 6939 6937 6053 6938 
6782 6863 6939 6938 6029 
6783 6029 6938 6942 6866 
6784 6938 6053 6940 6942 
6785 6942 6940 6054 6941 
6786 6866 6942 6941 6030 
6787 6030 6941 6945 6869 
6788 6941 6054 6943 6945 
6789 6945 6943 6055 6944 
6790 6869 6945 6944 6031 
6791 6031 6944 6948 6872 
6792 6944 6055 6946 6948 
6793 6948 6946 6056 6947 
6794 6872 6948 6947 6032 
6795 6032 6947 6951 6875 
6796 6947 6056 6949 6951 
6797 6951 6949 6057 6950 
6798 6875 6951 6950 6033 
6799 6033 6950 6954 6878 
6800 6950 6057 6952 6954 
6801 6954 6952 6058 6953 
6802 6878 6954 6953 6034 
6803 6034 6953 6957 6881 
6804 6953 6058 6955 6957 
6805 6957 6955 6059 6956 
6806 6881 6957 6956 6035 
6807 6035 6956 6960 6884 
6808 6956 6059 6958 6960 
6809 6960 6958 6060 6959 
6810 6884 6960 6959 6036 
6811 6036 6959 6963 6887 
6812 6959 6060 6961 6963 
6813 6963 6961 6061 6962 
6814 6887 6963 6962 6037 
6815 6037 6962 6966 6890 
6816 6962 6061 6964 6966 
6817 6966 6964 6062 6965 
6818 6890 6966 6965 6038 
6819 6038 6965 6969 6893 
6820 6965 6062 6967 6969 
6821 6969 6967 6063 6968 
6822 6893 6969 6968 6039 
6823 6039 6968 6972 6896 
6824 6968 6063 6970 6972 
6825 6972 6970 6064 6971 
6826 6896 6972 6971 6040 
6827 6040 6971 6975 6899 
6828 6971 6064 6973 6975 
6829 6975 6973 6065 6974 
6830 6899 6975 6974 6041 
6831 6041 6974 6978 6902 
6832 6974 6065 6976 6978 
6833 6978 6976 6066 6977 
6834 6902 6978 6977 6042 
6835 6042 6977 6981 6905 
6836 6977 6066 6979 6981 
6837 6981 6979 6067 6980 
6838 6905 6981 6980 6043 
6839 6043 6980 6984 6908 
6840 6980 6067 6982 6984 
6841 6984 6982 6068 6983 
6842 6908 6984 6983 6044 
6843 6044 6983 6987 6911 
6844 6983 6068 6985 6987 
6845 6987 6985 6069 6986 
6846 6911 6987 6986 6045 
6847 6045 6986 6990 6914 
6848 6986 6069 6988 6990 
6849 6990 6988 6070 6989 
6850 6914 6990 6989 6046 
6851 6046 6989 6993 6917 
6852 6989 6070 6991 6993 
6853 6993 6991 6071 6992 
6854 6917 6993 6992 6047 
6855 6047 6992 6996 6920 
6856 6992 6071 6994 6996 
6857 6996 6994 6072 6995 
6858 6920 6996 6995 6048 
6859 6048 6995 6999 6923 
6860 6995 6072 6997 6999 
6861 6999 6997 6073 6998 
6862 6923 6999 6998 6049 
6863 6049 6998 7002 6926 
6864 6998 6073 7000 7002 
6865 7002 7000 6074 7001 
6866 6926 7002 7001 6050 
6867 6050 7001 7005 6929 
6868 7001 6074 7003 7005 
6869 7005 7003 6075 7004 
6870 6929 7005 7004 6051 
6871 6051 7004 7007 6932 
6872 7004 6075 7006 7007 
6873 7007 7006 503 522 
6874 6932 7007 522 504 
6875 665 637 7010 6934 
6876 637 666 7008 7010 
6877 7010 7008 6076 7009 
6878 6934 7010 7009 6052 
6879 6052 7009 7013 6937 
6880 7009 6076 7011 7013 
6881 7013 7011 6077 7012 
6882 6937 7013 7012 6053 
6883 6053 7012 7016 6940 
6884 7012 6077 7014 7016 
6885 7016 7014 6078 7015 
6886 6940 7016 7015 6054 
6887 6054 7015 7019 6943 
6888 7015 6078 7017 7019 
6889 7019 7017 6079 7018 
6890 6943 7019 7018 6055 
6891 6055 7018 7022 6946 
6892 7018 6079 7020 7022 
6893 7022 7020 6080 7021 
6894 6946 7022 7021 6056 
6895 6056 7021 7025 6949 
6896 7021 6080 7023 7025 
6897 7025 7023 6081 7024 
6898 6949 7025 7024 6057 
6899 6057 7024 7028 6952 
6900 7024 6081 7026 7028 
6901 7028 7026 6082 7027 
6902 6952 7028 7027 6058 
6903 6058 7027 7031 6955 
6904 7027 6082 7029 7031 
6905 7031 7029 6083 7030 
6906 6955 7031 7030 6059 
6907 6059 7030 7034 6958 
6908 7030 6083 7032 7034 
6909 7034 7032 6084 7033 
6910 6958 7034 7033 6060 
6911 6060 7033 7037 6961 
6912 7033 6084 7035 7037 
6913 7037 7035 6085 7036 
6914 6961 7037 7036 6061 
6915 6061 7036 7040 6964 
6916 7036 6085 7038 7040 
6917 7040 7038 6086 7039 
6918 6964 7040 7039 6062 
6919 6062 7039 7043 6967 
6920 7039 6086 7041 7043 
6921 7043 7041 6087 7042 
6922 6967 7043 7042 6063 
6923 6063 7042 7046 6970 
6924 7042 6087 7044 7046 
6925 7046 7044 6088 7045 
6926 6970 7046 7045 6064 
6927 6064 7045 7049 6973 
6928 7045 6088 7047 7049 
6929 7049 7047 6089 7048 
6930 6973 7049 7048 6065 
6931 6065 7048 7052 6976 
6932 7048 6089 7050 7052 
6933 7052 7050 6090 7051 
6934 6976 7052 7051 6066 
6935 6066 7051 7055 6979 
6936 7051 6090 7053 7055 
6937 7055 7053 6091 7054 
6938 6979 7055 7054 6067 
6939 6067 7054 7058 6982 
6940 7054 6091 7056 7058 
6941 7058 7056 6092 7057 
6942 6982 7058 7057 6068 
6943 6068 7057 7061 6985 
6944 7057 6092 7059 7061 
6945 7061 7059 6093 7060 
6946 6985 7061 7060 6069 
6947 6069 7060 7064 6988 
6948 7060 6093 7062 7064 
6949 7064 7062 6094 7063 
6950 6988 7064 7063 6070 
6951 6070 7063 7067 6991 
6952 7063 6094 7065 7067 
6953 7067 7065 6095 7066 
6954 6991 7067 7066 6071 
6955 6071 7066 7070 6994 
6956 7066 6095 7068 7070 
6957 7070 7068 6096 7069 
6958 6994 7070 7069 6072 
6959 6072 7069 7073 6997 
6960 7069 6096 7071 7073 
6961 7073 7071 6097 7072 
6962 6997 7073 7072 6073 
6963 6073 7072 7076 7000 
6964 7072 6097 7074 7076 
6965 7076 7074 6098 7075 
6966 7000 7076 7075 6074 
6967 6074 7075 7079 7003 
6968 7075 6098 7077 7079 
6969 7079 7077 6099 7078 
6970 7003 7079 7078 6075 
6971 6075 7078 7081 7006 
6972 7078 6099 7080 7081 
6973 7081 7080 502 523 
6974 7006 7081 523 503 
6975 666 648 7084 7008 
6976 648 667 7082 7084 
6977 7084 7082 6100 7083 
6978 7008 7084 7083 6076 
6979 6076 7083 7087 7011 
6980 7083 6100 7085 7087 
6981 7087 7085 6101 7086 
6982 7011 7087 7086 6077 
6983 6077 7086 7090 7014 
6984 7086 6101 7088 7090 
6985 7090 7088 6102 7089 
6986 7014 7090 7089 6078 
6987 6078 7089 7093 7017 
6988 7089 6102 7091 7093 
6989 7093 7091 6103 7092 
6990 7017 7093 7092 6079 
6991 6079 7092 7096 7020 
6992 7092 6103 7094 7096 
6993 7096 7094 6104 7095 
6994 7020 7096 7095 6080 
6995 6080 7095 7099 7023 
6996 7095 6104 7097 7099 
6997 7099 7097 6105 7098 
6998 7023 7099 7098 6081 
6999 6081 7098 7102 7026 
7000 7098 6105 7100 7102 
7001 7102 7100 6106 7101 
7002 7026 7102 7101 6082 
7003 6082 7101 7105 7029 
7004 7101 6106 7103 7105 
7005 7105 7103 6107 7104 
7006 7029 7105 7104 6083 
7007 6083 7104 7108 7032 
7008 7104 6107 7106 7108 
7009 7108 7106 6108 7107 
7010 7032 7108 7107 6084 
7011 6084 7107 7111 7035 
7012 7107 6108 7109 7111 
7013 7111 7109 6109 7110 
7014 7035 7111 7110 6085 
7015 6085 7110 7114 7038 
7016 7110 6109 7112 7114 
7017 7114 7112 6110 7113 
7018 7038 7114 7113 6086 
7019 6086 7113 7117 7041 
7020 7113 6110 7115 7117 
7021 7117 7115 6111 7116 
7022 7041 7117 7116 6087 
7023 6087 7116 7120 7044 
7024 7116 6111 7118 7120 
7025 7120 7118 6112 7119 
7026 7044 7120 7119 6088 
7027 6088 7119 7123 7047 
7028 7119 6112 7121 7123 
7029 7123 7121 6113 7122 
7030 7047 7123 7122 6089 
7031 6089 7122 7126 7050 
7032 7122 6113 7124 7126 
7033 7126 7124 6114 7125 
7034 7050 7126 7125 6090 
7035 6090 7125 7129 7053 
7036 7125 6114 7127 7129 
7037 7129 7127 6115 7128 
7038 7053 7129 7128 6091 
7039 6091 7128 7132 7056 
7040 7128 6115 7130 7132 
7041 7132 7130 6116 7131 
7042 7056 7132 7131 6092 
7043 6092 7131 7135 7059 
7044 7131 6116 7133 7135 
7045 7135 7133 6117 7134 
7046 7059 7135 7134 6093 
7047 6093 7134 7138 7062 
7048 7134 6117 7136 7138 
7049 7138 7136 6118 7137 
7050 7062 7138 7137 6094 
7051 6094 7137 7141 7065 
7052 7137 6118 7139 7141 
7053 7141 7139 6119 7140 
7054 7065 7141 7140 6095 
7055 6095 7140 7144 7068 
7056 7140 6119 7142 7144 
7057 7144 7142 6120 7143 
7058 7068 7144 7143 6096 
7059 6096 7143 7147 7071 
7060 7143 6120 7145 7147 
7061 7147 7145 6121 7146 
7062 7071 7147 7146 6097 
7063 6097 7146 7150 7074 
7064 7146 6121 7148 7150 
7065 7150 7148 6122 7149 
7066 7074 7150 7149 6098 
7067 6098 7149 7153 7077 
7068 7149 6122 7151 7153 
7069 7153 7151 6123 7152 
7070 7077 7153 7152 6099 
7071 6099 7152 7155 7080 
7072 7152 6123 7154 7155 
7073 7155 7154 501 524 
7074 7080 7155 524 502 
7075 667 649 7158 7082 
7076 649 668 7156 7158 
7077 7158 7156 6124 7157 
7078 7082 7158 7157 6100 
7079 6100 7157 7161 7085 
7080 7157 6124 7159 7161 
7081 7161 7159 6125 7160 
7082 7085 7161 7160 6101 
7083 6101 7160 7164 7088 
7084 7160 6125 7162 7164 
7085 7164 7162 6126 7163 
7086 7088 7164 7163 6102 
7087 6102 7163 7167 7091 
7088 7163 6126 7165 7167 
7089 7167 7165 6127 7166 
7090 7091 7167 7166 6103 
7091 6103 7166 7170 7094 
7092 7166 6127 7168 7170 
7093 7170 7168 6128 7169 
7094 7094 7170 7169 6104 
7095 6104 7169 7173 7097 
7096 7169 6128 7171 7173 
7097 7173 7171 6129 7172 
7098 7097 7173 7172 6105 
7099 6105 7172 7176 7100 
7100 7172 6129 7174 7176 
7101 7176 7174 6130 7175 
7102 7100 7176 7175 6106 
7103 6106 7175 7179 7103 
7104 7175 6130 7177 7179 
7105 7179 7177 6131 7178 
7106 7103 7179 7178 6107 
7107 6107 7178 7182 7106 
7108 7178 6131 7180 7182 
7109 7182 7180 6132 7181 
7110 7106 7182 7181 6108 
7111 6108 7181 7185 7109 
7112 7181 6132 7183 7185 
7113 7185 7183 6133 7184 
7114 7109 7185 7184 6109 
7115 6109 7184 7188 7112 
7116 7184 6133 7186 7188 
7117 7188 7186 6134 7187 
7118 7112 7188 7187 6110 
7119 6110 7187 7191 7115 
7120 7187 6134 7189 7191 
7121 7191 7189 6135 7190 
7122 7115 7191 7190 6111 
7123 6111 7190 7194 7118 
7124 7190 6135 7192 7194 
7125 7194 7192 6136 7193 
7126 7118 7194 7193 6112 
7127 6112 7193 7197 7121 
7128 7193 6136 7195 7197 
7129 7197 7195 6137 7196 
7130 7121 7197 7196 6113 
7131 6113 7196 7200 7124 
7132 7196 6137 7198 7200 
7133 7200 7198 6138 7199 
7134 7124 7200 7199 6114 
7135 6114 7199 7203 7127 
7136 7199 6138 7201 7203 
7137 7203 7201 6139 7202 
7138 7127 7203 7202 6115 
7139 6115 7202 7206 7130 
7140 7202 6139 7204 7206 
7141 7206 7204 6140 7205 
7142 7130 7206 7205 6116 
7143 6116 7205 7209 7133 
7144 7205 6140 7207 7209 
7145 7209 7207 6141 7208 
7146 7133 7209 7208 6117 
7147 6117 7208 7212 7136 
7148 7208 6141 7210 7212 
7149 7212 7210 6142 7211 
7150 7136 7212 7211 6118 
7151 6118 7211 7215 7139 
7152 7211 6142 7213 7215 
7153 7215 7213 6143 7214 
7154 7139 7215 7214 6119 
7155 6119 7214 7218 7142 
7156 7214 6143 7216 7218 
7157 7218 7216 6144 7217 
7158 7142 7218 7217 6120 
7159 6120 7217 7221 7145 
7160 7217 6144 7219 7221 
7161 7221 7219 6145 7220 
7162 7145 7221 7220 6121 
7163 6121 7220 7224 7148 
7164 7220 6145 7222 7224 
7165 7224 7222 6146 7223 
7166 7148 7224 7223 6122 
7167 6122 7223 7227 7151 
7168 7223 6146 7225 7227 
7169 7227 7225 6147 7226 
7170 7151 7227 7226 6123 
7171 6123 7226 7229 7154 
7172 7226 6147 7228 7229 
7173 7229 7228 500 525 
7174 7154 7229 525 501 
7175 668 650 7232 7156 
7176 650 669 7230 7232 
7177 7232 7230 6148 7231 
7178 7156 7232 7231 6124 
7179 6124 7231 7235 7159 
7180 7231 6148 7233 7235 
7181 7235 7233 6149 7234 
7182 7159 7235 7234 6125 
7183 6125 7234 7238 7162 
7184 7234 6149 7236 7238 
7185 7238 7236 6150 7237 
7186 7162 7238 7237 6126 
7187 6126 7237 7241 7165 
7188 7237 6150 7239 7241 
7189 7241 7239 6151 7240 
7190 7165 7241 7240 6127 
7191 6127 7240 7244 7168 
7192 7240 6151 7242 7244 
7193 7244 7242 6152 7243 
7194 7168 7244 7243 6128 
7195 6128 7243 7247 7171 
7196 7243 6152 7245 7247 
7197 7247 7245 6153 7246 
7198 7171 7247 7246 6129 
7199 6129 7246 7250 7174 
7200 7246 6153 7248 7250 
7201 7250 7248 6154 7249 
7202 7174 7250 7249 6130 
7203 6130 7249 7253 7177 
7204 7249 6154 7251 7253 
7205 7253 7251 6155 7252 
7206 7177 7253 7252 6131 
7207 6131 7252 7256 7180 
7208 7252 6155 7254 7256 
7209 7256 7254 6156 7255 
7210 7180 7256 7255 6132 
7211 6132 7255 7259 7183 
7212 7255 6156 7257 7259 
7213 7259 7257 6157 7258 
7214 7183 7259 7258 6133 
7215 6133 7258 7262 7186 
7216 7258 6157 7260 7262 
7217 7262 7260 6158 7261 
7218 7186 7262 7261 6134 
7219 6134 7261 7265 7189 
7220 7261 6158 7263 7265 
7221 7265 7263 6159 7264 
7222 7189 7265 7264 6135 
7223 6135 7264 7268 7192 
7224 7264 6159 7266 7268 
7225 7268 7266 6160 7267 
7226 7192 7268 7267 6136 
7227 6136 7267 7271 7195 
7228 7267 6160 7269 7271 
7229 7271 7269 6161 7270 
7230 7195 7271 7270 6137 
7231 6137 7270 7274 7198 
7232 7270 6161 7272 7274 
7233 7274 7272 6162 7273 
7234 7198 7274 7273 6138 
7235 6138 7273 7277 7201 
7236 7273 6162 7275 7277 
7237 7277 7275 6163 7276 
7238 7201 7277 7276 6139 
7239 6139 7276 7280 7204 
7240 7276 6163 7278 7280 
7241 7280 7278 6164 7279 
7242 7204 7280 7279 6140 
7243 6140 7279 7283 7207 
7244 7279 6164 7281 7283 
7245 7283 7281 6165 7282 
7246 7207 7283 7282 6141 
7247 6141 7282 7286 7210 
7248 7282 6165 7284 7286 
7249 7286 7284 6166 7285 
7250 7210 7286 7285 6142 
7251 6142 7285 7289 7213 
7252 7285 6166 7287 7289 
7253 7289 7287 6167 7288 
7254 7213 7289 7288 6143 
7255 6143 7288 7292 7216 
7256 7288 6167 7290 7292 
7257 7292 7290 6168 7291 
7258 7216 7292 7291 6144 
7259 6144 7291 7295 7219 
7260 7291 6168 7293 7295 
7261 7295 7293 6169 7294 
7262 7219 7295 7294 6145 
7263 6145 7294 7298 7222 
7264 7294 6169 7296 7298 
7265 7298 7296 6170 7297 
7266 7222 7298 7297 6146 
7267 6146 7297 7301 7225 
7268 7297 6170 7299 7301 
7269 7301 7299 6171 7300 
7270 7225 7301 7300 6147 
7271 6147 7300 7303 7228 
7272 7300 6171 7302 7303 
7273 7303 7302 499 526 
7274 7228 7303 526 500 
7275 669 651 7306 7230 
7276 651 670 7304 7306 
7277 7306 7304 6172 7305 
7278 7230 7306 7305 6148 
7279 6148 7305 7309 7233 
7280 7305 6172 7307 7309 
7281 7309 7307 6173 7308 
7282 7233 7309 7308 6149 
7283 6149 7308 7312 7236 
7284 7308 6173 7310 7312 
7285 7312 7310 6174 7311 
7286 7236 7312 7311 6150 
7287 6150 7311 7315 7239 
7288 7311 6174 7313 7315 
7289 7315 7313 6175 7314 
7290 7239 7315 7314 6151 
7291 6151 7314 7318 7242 
7292 7314 6175 7316 7318 
7293 7318 7316 6176 7317 
7294 7242 7318 7317 6152 
7295 6152 7317 7321 7245 
7296 7317 6176 7319 7321 
7297 7321 7319 6177 7320 
7298 7245 7321 7320 6153 
7299 6153 7320 7324 7248 
7300 7320 6177 7322 7324 
7301 7324 7322 6178 7323 
7302 7248 7324 7323 6154 
7303 6154 7323 7327 7251 
7304 7323 6178 7325 7327 
7305 7327 7325 6179 7326 
7306 7251 7327 7326 6155 
7307 6155 7326 7330 7254 
7308 7326 6179 7328 7330 
7309 7330 7328 6180 7329 
7310 7254 7330 7329 6156 
7311 6156 7329 7333 7257 
7312 7329 6180 7331 7333 
7313 7333 7331 6181 7332 
7314 7257 7333 7332 6157 
7315 6157 7332 7336 7260 
7316 7332 6181 7334 7336 
7317 7336 7334 6182 7335 
7318 7260 7336 7335 6158 
7319 6158 7335 7339 7263 
7320 7335 6182 7337 7339 
7321 7339 7337 6183 7338 
7322 7263 7339 7338 6159 
7323 6159 7338 7342 7266 
7324 7338 6183 7340 7342 
7325 7342 7340 6184 7341 
7326 7266 7342 7341 6160 
7327 6160 7341 7345 7269 
7328 7341 6184 7343 7345 
7329 7345 7343 6185 7344 
7330 7269 7345 7344 6161 
7331 6161 7344 7348 7272 
7332 7344 6185 7346 7348 
7333 7348 7346 6186 7347 
7334 7272 7348 7347 6162 
7335 6162 7347 7351 7275 
7336 7347 6186 7349 7351 
7337 7351 7349 6187 7350 
7338 7275 7351 7350 6163 
7339 6163 7350 7354 7278 
7340 7350 6187 7352 7354 
7341 7354 7352 6188 7353 
7342 7278 7354 7353 6164 
7343 6164 7353 7357 7281 
7344 7353 6188 7355 7357 
7345 7357 7355 6189 7356 
7346 7281 7357 7356 6165 
7347 6165 7356 7360 7284 
7348 7356 6189 7358 7360 
7349 7360 7358 6190 7359 
7350 7284 7360 7359 6166 
7351 6166 7359 7363 7287 
7352 7359 6190 7361 7363 
7353 7363 7361 6191 7362 
7354 7287 7363 7362 6167 
7355 6167 7362 7366 7290 
7356 7362 6191 7364 7366 
7357 7366 7364 6192 7365 
7358 7290 7366 7365 6168 
7359 6168 7365 7369 7293 
7360 7365 6192 7367 7369 
7361 7369 7367 6193 7368 
7362 7293 7369 7368 6169 
7363 6169 7368 7372 7296 
7364 7368 6193 7370 7372 
7365 7372 7370 6194 7371 
7366 7296 7372 7371 6170 
7367 6170 7371 7375 7299 
7368 7371 6194 7373 7375 
7369 7375 7373 6195 7374 
7370 7299 7375 7374 6171 
7371 6171 7374 7377 7302 
7372 7374 6195 7376 7377 
7373 7377 7376 498 527 
7374 7302 7377 527 499 
7375 670 652 7380 7304 
7376 652 671 7378 7380 
7377 7380 7378 6196 7379 
7378 7304 7380 7379 6172 
7379 6172 7379 7383 7307 
7380 7379 6196 7381 7383 
7381 7383 7381 6197 7382 
7382 7307 7383 7382 6173 
7383 6173 7382 7386 7310 
7384 7382 6197 7384 7386 
7385 7386 7384 6198 7385 
7386 7310 7386 7385 6174 
7387 6174 7385 7389 7313 
7388 7385 6198 7387 7389 
7389 7389 7387 6199 7388 
7390 7313 7389 7388 6175 
7391 6175 7388 7392 7316 
7392 7388 6199 7390 7392 
7393 7392 7390 6200 7391 
7394 7316 7392 7391 6176 
7395 6176 7391 7395 7319 
7396 7391 6200 7393 7395 
7397 7395 7393 6201 7394 
7398 7319 7395 7394 6177 
7399 6177 7394 7398 7322 
7400 7394 6201 7396 7398 
7401 7398 7396 6202 7397 
7402 7322 7398 7397 6178 
7403 6178 7397 7401 7325 
7404 7397 6202 7399 7401 
7405 7401 7399 6203 7400 
7406 7325 7401 7400 6179 
7407 6179 7400 7404 7328 
7408 7400 6203 7402 7404 
7409 7404 7402 6204 7403 
7410 7328 7404 7403 6180 
7411 6180 7403 7407 7331 
7412 7403 6204 7405 7407 
7413 7407 7405 6205 7406 
7414 7331 7407 7406 6181 
7415 6181 7406 7410 7334 
7416 7406 6205 7408 7410 
7417 7410 7408 6206 7409 
7418 7334 7410 7409 6182 
7419 6182 7409 7413 7337 
7420 7409 6206 7411 7413 
7421 7413 7411 6207 7412 
7422 7337 7413 7412 6183 
7423 6183 7412 7416 7340 
7424 7412 6207 7414 7416 
7425 7416 7414 6208 7415 
7426 7340 7416 7415 6184 
7427 6184 7415 7419 7343 
7428 7415 6208 7417 7419 
7429 7419 7417 6209 7418 
7430 7343 7419 7418 6185 
7431 6185 7418 7422 7346 
7432 7418 6209 7420 7422 
7433 7422 7420 6210 7421 
7434 7346 7422 7421 6186 
7435 6186 7421 7425 7349 
7436 7421 6210 7423 7425 
7437 7425 7423 6211 7424 
7438 7349 7425 7424 6187 
7439 6187 7424 7428 7352 
7440 7424 6211 7426 7428 
7441 7428 7426 6212 7427 
7442 7352 7428 7427 6188 
7443 6188 7427 7431 7355 
7444 7427 6212 7429 7431 
7445 7431 7429 6213 7430 
7446 7355 7431 7430 6189 
7447 6189 7430 7434 7358 
7448 7430 6213 7432 7434 
7449 7434 7432 6214 7433 
7450 7358 7434 7433 6190 
7451 6190 7433 7437 7361 
7452 7433 6214 7435 7437 
7453 7437 7435 6215 7436 
7454 7361 7437 7436 6191 
7455 6191 7436 7440 7364 
7456 7436 6215 7438 7440 
7457 7440 7438 6216 7439 
7458 7364 7440 7439 6192 
7459 6192 7439 7443 7367 
7460 7439 6216 7441 7443 
7461 7443 7441 6217 7442 
7462 7367 7443 7442 6193 
7463 6193 7442 7446 7370 
7464 7442 6217 7444 7446 
7465 7446 7444 6218 7445 
7466 7370 7446 7445 6194 
7467 6194 7445 7449 7373 
7468 7445 6218 7447 7449 
7469 7449 7447 6219 7448 
7470 7373 7449 7448 6195 
7471 6195 7448 7451 7376 
7472 7448 6219 7450 7451 
7473 7451 7450 497 528 
7474 7376 7451 528 498 
7475 671 653 7454 7378 
7476 653 672 7452 7454 
7477 7454 7452 6220 7453 
7478 7378 7454 7453 6196 
7479 6196 7453 7457 7381 
7480 7453 6220 7455 7457 
7481 7457 7455 6221 7456 
7482 7381 7457 7456 6197 
7483 6197 7456 7460 7384 
7484 7456 6221 7458 7460 
7485 7460 7458 6222 7459 
7486 7384 7460 7459 6198 
7487 6198 7459 7463 7387 
7488 7459 6222 7461 7463 
7489 7463 7461 6223 7462 
7490 7387 7463 7462 6199 
7491 6199 7462 7466 7390 
7492 7462 6223 7464 7466 
7493 7466 7464 6224 7465 
7494 7390 7466 7465 6200 
7495 6200 7465 7469 7393 
7496 7465 6224 7467 7469 
7497 7469 7467 6225 7468 
7498 7393 7469 7468 6201 
7499 6201 7468 7472 7396 
7500 7468 6225 7470 7472 
7501 7472 7470 6226 7471 
7502 7396 7472 7471 6202 
7503 6202 7471 7475 7399 
7504 7471 6226 7473 7475 
7505 7475 7473 6227 7474 
7506 7399 7475 7474 6203 
7507 6203 7474 7478 7402 
7508 7474 6227 7476 7478 
7509 7478 7476 6228 7477 
7510 7402 7478 7477 6204 
7511 6204 7477 7481 7405 
7512 7477 6228 7479 7481 
7513 7481 7479 6229 7480 
7514 7405 7481 7480 6205 
7515 6205 7480 7484 7408 
7516 7480 6229 7482 7484 
7517 7484 7482 6230 7483 
7518 7408 7484 7483 6206 
7519 6206 7483 7487 7411 
7520 7483 6230 7485 7487 
7521 7487 7485 6231 7486 
7522 7411 7487 7486 6207 
7523 6207 7486 7490 7414 
7524 7486 6231 7488 7490 
7525 7490 7488 6232 7489 
7526 7414 7490 7489 6208 
7527 6208 7489 7493 7417 
7528 7489 6232 7491 7493 
7529 7493 7491 6233 7492 
7530 7417 7493 7492 6209 
7531 6209 7492 7496 7420 
7532 7492 6233 7494 7496 
7533 7496 7494 6234 7495 
7534 7420 7496 7495 6210 
7535 6210 7495 7499 7423 
7536 7495 6234 7497 7499 
7537 7499 7497 6235 7498 
7538 7423 7499 7498 6211 
7539 6211 7498 7502 7426 
7540 7498 6235 7500 7502 
7541 7502 7500 6236 7501 
7542 7426 7502 7501 6212 
7543 6212 7501 7505 7429 
7544 7501 6236 7503 7505 
7545 7505 7503 6237 7504 
7546 7429 7505 7504 6213 
7547 6213 7504 7508 7432 
7548 7504 6237 7506 7508 
7549 7508 7506 6238 7507 
7550 7432 7508 7507 6214 
7551 6214 7507 7511 7435 
7552 7507 6238 7509 7511 
7553 7511 7509 6239 7510 
7554 7435 7511 7510 6215 
7555 6215 7510 7514 7438 
7556 7510 6239 7512 7514 
7557 7514 7512 6240 7513 
7558 7438 7514 7513 6216 
7559 6216 7513 7517 7441 
7560 7513 6240 7515 7517 
7561 7517 7515 6241 7516 
7562 7441 7517 7516 6217 
7563 6217 7516 7520 7444 
7564 7516 6241 7518 7520 
7565 7520 7518 6242 7519 
7566 7444 7520 7519 6218 
7567 6218 7519 7523 7447 
7568 7519 6242 7521 7523 
7569 7523 7521 6243 7522 
7570 7447 7523 7522 6219 
7571 6219 7522 7525 7450 
7572 7522 6243 7524 7525 
7573 7525 7524 496 529 
7574 7450 7525 529 497 
7575 672 654 7528 7452 
7576 654 673 7526 7528 
7577 7528 7526 6244 7527 
7578 7452 7528 7527 6220 
7579 6220 7527 7531 7455 
7580 7527 6244 7529 7531 
7581 7531 7529 6245 7530 
7582 7455 7531 7530 6221 
7583 6221 7530 7534 7458 
7584 7530 6245 7532 7534 
7585 7534 7532 6246 7533 
7586 7458 7534 7533 6222 
7587 6222 7533 7537 7461 
7588 7533 6246 7535 7537 
7589 7537 7535 6247 7536 
7590 7461 7537 7536 6223 
7591 6223 7536 7540 7464 
7592 7536 6247 7538 7540 
7593 7540 7538 6248 7539 
7594 7464 7540 7539 6224 
7595 6224 7539 7543 7467 
7596 7539 6248 7541 7543 
7597 7543 7541 6249 7542 
7598 7467 7543 7542 6225 
7599 6225 7542 7546 7470 
7600 7542 6249 7544 7546 
7601 7546 7544 6250 7545 
7602 7470 7546 7545 6226 
7603 6226 7545 7549 7473 
7604 7545 6250 7547 7549 
7605 7549 7547 6251 7548 
7606 7473 7549 7548 6227 
7607 6227 7548 7552 7476 
7608 7548 6251 7550 7552 
7609 7552 7550 6252 7551 
7610 7476 7552 7551 6228 
7611 6228 7551 7555 7479 
7612 7551 6252 7553 7555 
7613 7555 7553 6253 7554 
7614 7479 7555 7554 6229 
7615 6229 7554 7558 7482 
7616 7554 6253 7556 7558 
7617 7558 7556 6254 7557 
7618 7482 7558 7557 6230 
7619 6230 7557 7561 7485 
7620 7557 6254 7559 7561 
7621 7561 7559 6255 7560 
7622 7485 7561 7560 6231 
7623 6231 7560 7564 7488 
7624 7560 6255 7562 7564 
7625 7564 7562 6256 7563 
7626 7488 7564 7563 6232 
7627 6232 7563 7567 7491 
7628 7563 6256 7565 7567 
7629 7567 7565 6257 7566 
7630 7491 7567 7566 6233 
7631 6233 7566 7570 7494 
7632 7566 6257 7568 7570 
7633 7570 7568 6258 7569 
7634 7494 7570 7569 6234 
7635 6234 7569 7573 7497 
7636 7569 6258 7571 7573 
7637 7573 7571 6259 7572 
7638 7497 7573 7572 6235 
7639 6235 7572 7576 7500 
7640 7572 6259 7574 7576 
7641 7576 7574 6260 7575 
7642 7500 7576 7575 6236 
7643 6236 7575 7579 7503 
7644 7575 6260 7577 7579 
7645 7579 7577 6261 7578 
7646 7503 7579 7578 6237 
7647 6237 7578 7582 7506 
7648 7578 6261 7580 7582 
7649 7582 7580 6262 7581 
7650 7506 7582 7581 6238 
7651 6238 7581 7585 7509 
7652 7581 6262 7583 7585 
7653 7585 7583 6263 7584 
7654 7509 7585 7584 6239 
7655 6239 7584 7588 7512 
7656 7584 6263 7586 7588 
7657 7588 7586 6264 7587 
7658 7512 7588 7587 6240 
7659 6240 7587 7591 7515 
7660 7587 6264 7589 7591 
7661 7591 7589 6265 7590 
7662 7515 7591 7590 6241 
7663 6241 7590 7594 7518 
7664 7590 6265 7592 7594 
7665 7594 7592 6266 7593 
7666 7518 7594 7593 6242 
7667 6242 7593 7597 7521 
7668 7593 6266 7595 7597 
7669 7597 7595 6267 7596 
7670 7521 7597 7596 6243 
7671 6243 7596 7599 7524 
7672 7596 6267 7598 7599 
7673 7599 7598 495 530 
7674 7524 7599 530 496 
7675 673 655 7601 7526 
7676 655 12 434 7601 
7677 7601 434 458 7600 
7678 7526 7601 7600 6244 
7679 6244 7600 7603 7529 
7680 7600 458 433 7603 
7681 7603 433 457 7602 
7682 7529 7603 7602 6245 
7683 6245 7602 7605 7532 
7684 7602 457 432 7605 
7685 7605 432 456 7604 
7686 7532 7605 7604 6246 
7687 6246 7604 7607 7535 
7688 7604 456 431 7607 
7689 7607 431 455 7606 
7690 7535 7607 7606 6247 
7691 6247 7606 7609 7538 
7692 7606 455 430 7609 
7693 7609 430 454 7608 
7694 7538 7609 7608 6248 
7695 6248 7608 7611 7541 
7696 7608 454 429 7611 
7697 7611 429 453 7610 
7698 7541 7611 7610 6249 
7699 6249 7610 7613 7544 
7700 7610 453 428 7613 
7701 7613 428 452 7612 
7702 7544 7613 7612 6250 
7703 6250 7612 7615 7547 
7704 7612 452 427 7615 
7705 7615 427 451 7614 
7706 7547 7615 7614 6251 
7707 6251 7614 7617 7550 
7708 7614 451 426 7617 
7709 7617 426 450 7616 
7710 7550 7617 7616 6252 
7711 6252 7616 7619 7553 
7712 7616 450 425 7619 
7713 7619 425 449 7618 
7714 7553 7619 7618 6253 
7715 6253 7618 7621 7556 
7716 7618 449 424 7621 
7717 7621 424 448 7620 
7718 7556 7621 7620 6254 
7719 6254 7620 7623 7559 
7720 7620 448 410 7623 
7721 7623 410 447 7622 
7722 7559 7623 7622 6255 
7723 6255 7622 7625 7562 
7724 7622 447 422 7625 
7725 7625 422 446 7624 
7726 7562 7625 7624 6256 
7727 6256 7624 7627 7565 
7728 7624 446 421 7627 
7729 7627 421 445 7626 
7730 7565 7627 7626 6257 
7731 6257 7626 7629 7568 
7732 7626 445 420 7629 
7733 7629 420 444 7628 
7734 7568 7629 7628 6258 
7735 6258 7628 7631 7571 
7736 7628 444 419 7631 
7737 7631 419 443 7630 
7738 7571 7631 7630 6259 
7739 6259 7630 7633 7574 
7740 7630 443 418 7633 
7741 7633 418 442 7632 
7742 7574 7633 7632 6260 
7743 6260 7632 7635 7577 
7744 7632 442 417 7635 
7745 7635 417 441 7634 
7746 7577 7635 7634 6261 
7747 6261 7634 7637 7580 
7748 7634 441 416 7637 
7749 7637 416 440 7636 
7750 7580 7637 7636 6262 
7751 6262 7636 7639 7583 
7752 7636 440 415 7639 
7753 7639 415 439 7638 
7754 7583 7639 7638 6263 
7755 6263 7638 7641 7586 
7756 7638 439 414 7641 
7757 7641 414 438 7640 
7758 7586 7641 7640 6264 
7759 6264 7640 7643 7589 
7760 7640 438 413 7643 
7761 7643 413 437 7642 
7762 7589 7643 7642 6265 
7763 6265 7642 7645 7592 
7764 7642 437 412 7645 
7765 7645 412 436 7644 
7766 7592 7645 7644 6266 
7767 6266 7644 7647 7595 
7768 7644 436 411 7647 
7769 7647 411 435 7646 
7770 7595 7647 7646 6267 
7771 6267 7646 7648 7598 
7772 7646 435 423 7648 
7773 7648 423 9 531 
7774 7598 7648 531 495 
2 8 3 1900
7775 16 759 8083 692 
7776 759 711 8081 8083 
7777 8083 8081 7649 8082 
7778 692 8083 8082 710 
7779 710 8082 8086 691 
7780 8082 7649 8084 8086 
7781 8086 8084 7650 8085 
7782 691 8086 8085 709 
7783 709 8085 8089 690 
7784 8085 7650 8087 8089 
7785 8089 8087 7651 8088 
7786 690 8089 8088 708 
7787 708 8088 8092 689 
7788 8088 7651 8090 8092 
7789 8092 8090 7652 8091 
7790 689 8092 8091 707 
7791 707 8091 8095 688 
7792 8091 7652 8093 8095 
7793 8095 8093 7653 8094 
7794 688 8095 8094 706 
7795 706 8094 8098 687 
7796 8094 7653 8096 8098 
7797 8098 8096 7654 8097 
7798 687 8098 8097 705 
7799 705 8097 8101 686 
7800 8097 7654 8099 8101 
7801 8101 8099 7655 8100 
7802 686 8101 8100 704 
7803 704 8100 8104 685 
7804 8100 7655 8102 8104 
7805 8104 8102 7656 8103 
7806 685 8104 8103 703 
7807 703 8103 8107 674 
7808 8103 7656 8105 8107 
7809 8107 8105 7657 8106 
7810 674 8107 8106 702 
7811 702 8106 8110 683 
7812 8106 7657 8108 8110 
7813 8110 8108 7658 8109 
7814 683 8110 8109 701 
7815 701 8109 8113 682 
7816 8109 7658 8111 8113 
7817 8113 8111 7659 8112 
7818 682 8113 8112 700 
7819 700 8112 8116 681 
7820 8112 7659 8114 8116 
7821 8116 8114 7660 8115 
7822 681 8116 8115 699 
7823 699 8115 8119 680 
7824 8115 7660 8117 8119 
7825 8119 8117 7661 8118 
7826 680 8119 8118 698 
7827 698 8118 8122 679 
7828 8118 7661 8120 8122 
7829 8122 8120 7662 8121 
7830 679 8122 8121 697 
7831 697 8121 8125 678 
7832 8121 7662 8123 8125 
7833 8125 8123 7663 8124 
7834 678 8125 8124 696 
7835 696 8124 8128 677 
7836 8124 7663 8126 8128 
7837 8128 8126 7664 8127 
7838 677 8128 8127 695 
7839 695 8127 8131 676 
7840 8127 7664 8129 8131 
7841 8131 8129 7665 8130 
7842 676 8131 8130 694 
7843 694 8130 8134 675 
7844 8130 7665 8132 8134 
7845 8134 8132 7666 8133 
7846 675 8134 8133 693 
7847 693 8133 8136 684 
7848 8133 7666 8135 8136 
7849 8136 8135 409 385 
7850 684 8136 385 11 
7851 711 758 8139 8081 
7852 758 712 8137 8139 
7853 8139 8137 7667 8138 
7854 8081 8139 8138 7649 
7855 7649 8138 8142 8084 
7856 8138 7667 8140 8142 
7857 8142 8140 7668 8141 
7858 8084 8142 8141 7650 
7859 7650 8141 8145 8087 
7860 8141 7668 8143 8145 
7861 8145 8143 7669 8144 
7862 8087 8145 8144 7651 
7863 7651 8144 8148 8090 
7864 8144 7669 8146 8148 
7865 8148 8146 7670 8147 
7866 8090 8148 8147 7652 
7867 7652 8147 8151 8093 
7868 8147 7670 8149 8151 
7869 8151 8149 7671 8150 
7870 8093 8151 8150 7653 
7871 7653 8150 8154 8096 
7872 8150 7671 8152 8154 
7873 8154 8152 7672 8153 
7874 8096 8154 8153 7654 
7875 7654 8153 8157 8099 
7876 8153 7672 8155 8157 
7877 8157 8155 7673 8156 
7878 8099 8157 8156 7655 
7879 7655 8156 8160 8102 
7880 8156 7673 8158 8160 
7881 8160 8158 7674 8159 
7882 8102 8160 8159 7656 
7883 7656 8159 8163 8105 
7884 8159 7674 8161 8163 
7885 8163 8161 7675 8162 
7886 8105 8163 8162 7657 
7887 7657 8162 8166 8108 
7888 8162 7675 8164 8166 
7889 8166 8164 7676 8165 
7890 8108 8166 8165 7658 
7891 7658 8165 8169 8111 
7892 8165 7676 8167 8169 
7893 8169 8167 7677 8168 
7894 8111 8169 8168 7659 
7895 7659 8168 8172 8114 
7896 8168 7677 8170 8172 
7897 8172 8170 7678 8171 
7898 8114 8172 8171 7660 
7899 7660 8171 8175 8117 
7900 8171 7678 8173 8175 
7901 8175 8173 7679 8174 
7902 8117 8175 8174 7661 
7903 7661 8174 8178 8120 
7904 8174 7679 8176 8178 
7905 8178 8176 7680 8177 
7906 8120 8178 8177 7662 
7907 7662 8177 8181 8123 
7908 8177 7680 8179 8181 
7909 8181 8179 7681 8180 
7910 8123 8181 8180 7663 
7911 7663 8180 8184 8126 
7912 8180 7681 8182 8184 
7913 8184 8182 7682 8183 
7914 8126 8184 8183 7664 
7915 7664 8183 8187 8129 
7916 8183 7682 8185 8187 
7917 8187 8185 7683 8186 
7918 8129 8187 8186 7665 
7919 7665 8186 8190 8132 
7920 8186 7683 8188 8190 
7921 8190 8188 7684 8189 
7922 8132 8190 8189 7666 
7923 7666 8189 8192 8135 
7924 8189 7684 8191 8192 
7925 8192 8191 408 384 
7926 8135 8192 384 409 
7927 712 757 8195 8137 
7928 757 713 8193 8195 
7929 8195 8193 7685 8194 
7930 8137 8195 8194 7667 
7931 7667 8194 8198 8140 
7932 8194 7685 8196 8198 
7933 8198 8196 7686 8197 
7934 8140 8198 8197 7668 
7935 7668 8197 8201 8143 
7936 8197 7686 8199 8201 
7937 8201 8199 7687 8200 
7938 8143 8201 8200 7669 
7939 7669 8200 8204 8146 
7940 8200 7687 8202 8204 
7941 8204 8202 7688 8203 
7942 8146 8204 8203 7670 
7943 7670 8203 8207 8149 
7944 8203 7688 8205 8207 
7945 8207 8205 7689 8206 
7946 8149 8207 8206 7671 
7947 7671 8206 8210 8152 
7948 8206 7689 8208 8210 
7949 8210 8208 7690 8209 
7950 8152 8210 8209 7672 
7951 7672 8209 8213 8155 
7952 8209 7690 8211 8213 
7953 8213 8211 7691 8212 
7954 8155 8213 8212 7673 
7955 7673 8212 8216 8158 
7956 8212 7691 8214 8216 
7957 8216 8214 7692 8215 
7958 8158 8216 8215 7674 
7959 7674 8215 8219 8161 
7960 8215 7692 8217 8219 
7961 8219 8217 7693 8218 
7962 8161 8219 8218 7675 
7963 7675 8218 8222 8164 
7964 8218 7693 8220 8222 
7965 8222 8220 7694 8221 
7966 8164 8222 8221 7676 
7967 7676 8221 8225 8167 
7968 8221 7694 8223 8225 
7969 8225 8223 7695 8224 
7970 8167 8225 8224 7677 
7971 7677 8224 8228 8170 
7972 8224 7695 8226 8228 
7973 8228 8226 7696 8227 
7974 8170 8228 8227 7678 
7975 7678 8227 8231 8173 
7976 8227 7696 8229 8231 
7977 8231 8229 7697 8230 
7978 8173 8231 8230 7679 
7979 7679 8230 8234 8176 
7980 8230 7697 8232 8234 
7981 8234 8232 7698 8233 
7982 8176 8234 8233 7680 
7983 7680 8233 8237 8179 
7984 8233 7698 8235 8237 
7985 8237 8235 7699 8236 
7986 8179 8237 8236 7681 
7987 7681 8236 8240 8182 
7988 8236 7699 8238 8240 
7989 8240 8238 7700 8239 
7990 8182 8240 8239 7682 
7991 7682 8239 8243 8185 
7992 8239 7700 8241 8243 
7993 8243 8241 7701 8242 
7994 8185 8243 8242 7683 
7995 7683 8242 8246 8188 
7996 8242 7701 8244 8246 
7997 8246 8244 7702 8245 
7998 8188 8246 8245 7684 
7999 7684 8245 8248 8191 
8000 8245 7702 8247 8248 
8001 8248 8247 407 383 
8002 8191 8248 383 408 
8003 713 756 8251 8193 
8004 756 714 8249 8251 
8005 8251 8249 7703 8250 
8006 8193 8251 8250 7685 
8007 7685 8250 8254 8196 
8008 8250 7703 8252 8254 
8009 8254 8252 7704 8253 
8010 8196 8254 8253 7686 
8011 7686 8253 8257 8199 
8012 8253 7704 8255 8257 
8013 8257 8255 7705 8256 
8014 8199 8257 8256 7687 
8015 7687 8256 8260 8202 
8016 8256 7705 8258 8260 
8017 8260 8258 7706 8259 
8018 8202 8260 8259 7688 
8019 7688 8259 8263 8205 
8020 8259 7706 8261 8263 
8021 8263 8261 7707 8262 
8022 8205 8263 8262 7689 
8023 7689 8262 8266 8208 
8024 8262 7707 8264 8266 
8025 8266 8264 7708 8265 
8026 8208 8266 8265 7690 
8027 7690 8265 8269 8211 
8028 8265 7708 8267 8269 
8029 8269 8267 7709 8268 
8030 8211 8269 8268 7691 
8031 7691 8268 8272 8214 
8032 8268 7709 8270 8272 
8033 8272 8270 7710 8271 
8034 8214 8272 8271 7692 
8035 7692 8271 8275 8217 
8036 8271 7710 8273 8275 
8037 8275 8273 7711 8274 
8038 8217 8275 8274 7693 
8039 7693 8274 8278 8220 
8040 8274 7711 8276 8278 
8041 8278 8276 7712 8277 
8042 8220 8278 8277 7694 
8043 7694 8277 8281 8223 
8044 8277 7712 8279 8281 
8045 8281 8279 7713 8280 
8046 8223 8281 8280 7695 
8047 7695 8280 8284 8226 
8048 8280 7713 8282 8284 
8049 8284 8282 7714 8283 
8050 8226 8284 8283 7696 
8051 7696 8283 8287 8229 
8052 8283 7714 8285 8287 
8053 8287 8285 7715 8286 
8054 8229 8287 8286 7697 
8055 7697 8286 8290 8232 
8056 8286 7715 8288 8290 
8057 8290 8288 7716 8289 
8058 8232 8290 8289 7698 
8059 7698 8289 8293 8235 
8060 8289 7716 8291 8293 
8061 8293 8291 7717 8292 
8062 8235 8293 8292 7699 
8063 7699 8292 8296 8238 
8064 8292 7717 8294 8296 
8065 8296 8294 7718 8295 
8066 8238 8296 8295 7700 
8067 7700 8295 8299 8241 
8068 8295 7718 8297 8299 
8069 8299 8297 7719 8298 
8070 8241 8299 8298 7701 
8071 7701 8298 8302 8244 
8072 8298 7719 8300 8302 
8073 8302 8300 7720 8301 
8074 8244 8302 8301 7702 
8075 7702 8301 8304 8247 
8076 8301 7720 8303 8304 
8077 8304 8303 406 382 
8078 8247 8304 382 407 
8079 714 755 8307 8249 
8080 755 715 8305 8307 
8081 8307 8305 7721 8306 
8082 8249 8307 8306 7703 
8083 7703 8306 8310 8252 
8084 8306 7721 8308 8310 
8085 8310 8308 7722 8309 
8086 8252 8310 8309 7704 
8087 7704 8309 8313 8255 
8088 8309 7722 8311 8313 
8089 8313 8311 7723 8312 
8090 8255 8313 8312 7705 
8091 7705 8312 8316 8258 
8092 8312 7723 8314 8316 
8093 8316 8314 7724 8315 
8094 8258 8316 8315 7706 
8095 7706 8315 8319 8261 
8096 8315 7724 8317 8319 
8097 8319 8317 7725 8318 
8098 8261 8319 8318 7707 
8099 7707 8318 8322 8264 
8100 8318 7725 8320 8322 
8101 8322 8320 7726 8321 
8102 8264 8322 8321 7708 
8103 7708 8321 8325 8267 
8104 8321 7726 8323 8325 
8105 8325 8323 7727 8324 
8106 8267 8325 8324 7709 
8107 7709 8324 8328 8270 
8108 8324 7727 8326 8328 
8109 8328 8326 7728 8327 
8110 8270 8328 8327 7710 
8111 7710 8327 8331 8273 
8112 8327 7728 8329 8331 
8113 8331 8329 7729 8330 
8114 8273 8331 8330 7711 
8115 7711 8330 8334 8276 
8116 8330 7729 8332 8334 
8117 8334 8332 7730 8333 
8118 8276 8334 8333 7712 
8119 7712 8333 8337 8279 
8120 8333 7730 8335 8337 
8121 8337 8335 7731 8336 
8122 8279 8337 8336 7713 
8123 7713 8336 8340 8282 
8124 8336 7731 8338 8340 
8125 8340 8338 7732 8339 
8126 8282 8340 8339 7714 
8127 7714 8339 8343 8285 
8128 8339 7732 8341 8343 
8129 8343 8341 7733 8342 
8130 8285 8343 8342 7715 
8131 7715 8342 8346 8288 
8132 8342 7733 8344 8346 
8133 8346 8344 7734 8345 
8134 8288 8346 8345 7716 
8135 7716 8345 8349 8291 
8136 8345 7734 8347 8349 
8137 8349 8347 7735 8348 
8138 8291 8349 8348 7717 
8139 7717 8348 8352 8294 
8140 8348 7735 8350 8352 
8141 8352 8350 7736 8351 
8142 8294 8352 8351 7718 
8143 7718 8351 8355 8297 
8144 8351 7736 8353 8355 
8145 8355 8353 7737 8354 
8146 8297 8355 8354 7719 
8147 7719 8354 8358 8300 
8148 8354 7737 8356 8358 
8149 8358 8356 7738 8357 
8150 8300 8358 8357 7720 
8151 7720 8357 8360 8303 
8152 8357 7738 8359 8360 
8153 8360 8359 405 381 
8154 8303 8360 381 406 
8155 715 754 8363 8305 
8156 754 716 8361 8363 
8157 8363 8361 7739 8362 
8158 8305 8363 8362 7721 
8159 7721 8362 8366 8308 
8160 8362 7739 8364 8366 
8161 8366 8364 7740 8365 
8162 8308 8366 8365 7722 
8163 7722 8365 8369 8311 
8164 8365 7740 8367 8369 
8165 8369 8367 7741 8368 
8166 8311 8369 8368 7723 
8167 7723 8368 8372 8314 
8168 8368 7741 8370 8372 
8169 8372 8370 7742 8371 
8170 8314 8372 8371 7724 
8171 7724 8371 8375 8317 
8172 8371 7742 8373 8375 
8173 8375 8373 7743 8374 
8174 8317 8375 8374 7725 
8175 7725 8374 8378 8320 
8176 8374 7743 8376 8378 
8177 8378 8376 7744 8377 
8178 8320 8378 8377 7726 
8179 7726 8377 8381 8323 
8180 8377 7744 8379 8381 
8181 8381 8379 7745 8380 
8182 8323 8381 8380 7727 
8183 7727 8380 8384 8326 
8184 8380 7745 8382 8384 
8185 8384 8382 7746 8383 
8186 8326 8384 8383 7728 
8187 7728 8383 8387 8329 
8188 8383 7746 8385 8387 
8189 8387 8385 7747 8386 
8190 8329 8387 8386 7729 
8191 7729 8386 8390 8332 
8192 8386 7747 8388 8390 
8193 8390 8388 7748 8389 
8194 8332 8390 8389 7730 
8195 7730 8389 8393 8335 
8196 8389 7748 8391 8393 
8197 8393 8391 7749 8392 
8198 8335 8393 8392 7731 
8199 7731 8392 8396 8338 
8200 8392 7749 8394 8396 
8201 8396 8394 7750 8395 
8202 8338 8396 8395 7732 
8203 7732 8395 8399 8341 
8204 8395 7750 8397 8399 
8205 8399 8397 7751 8398 
8206 8341 8399 8398 7733 
8207 7733 8398 8402 8344 
8208 8398 7751 8400 8402 
8209 8402 8400 7752 8401 
8210 8344 8402 8401 7734 
8211 7734 8401 8405 8347 
8212 8401 7752 8403 8405 
8213 8405 8403 7753 8404 
8214 8347 8405 8404 7735 
8215 7735 8404 8408 8350 
8216 8404 7753 8406 8408 
8217 8408 8406 7754 8407 
8218 8350 8408 8407 7736 
8219 7736 8407 8411 8353 
8220 8407 7754 8409 8411 
8221 8411 8409 7755 8410 
8222 8353 8411 8410 7737 
8223 7737 8410 8414 8356 
8224 8410 7755 8412 8414 
8225 8414 8412 7756 8413 
8226 8356 8414 8413 7738 
8227 7738 8413 8416 8359 
8228 8413 7756 8415 8416 
8229 8416 8415 404 380 
8230 8359 8416 380 405 
8231 716 753 8419 8361 
8232 753 717 8417 8419 
8233 8419 8417 7757 8418 
8234 8361 8419 8418 7739 
8235 7739 8418 8422 8364 
8236 8418 7757 8420 8422 
8237 8422 8420 7758 8421 
8238 8364 8422 8421 7740 
8239 7740 8421 8425 8367 
8240 8421 7758 8423 8425 
8241 8425 8423 7759 8424 
8242 8367 8425 8424 7741 
8243 7741 8424 8428 8370 
8244 8424 7759 8426 8428 
8245 8428 8426 7760 8427 
8246 8370 8428 8427 7742 
8247 7742 8427 8431 8373 
8248 8427 7760 8429 8431 
8249 8431 8429 7761 8430 
8250 8373 8431 8430 7743 
8251 7743 8430 8434 8376 
8252 8430 7761 8432 8434 
8253 8434 8432 7762 8433 
8254 8376 8434 8433 7744 
8255 7744 8433 8437 8379 
8256 8433 7762 8435 8437 
8257 8437 8435 7763 8436 
8258 8379 8437 8436 7745 
8259 7745 8436 8440 8382 
8260 8436 7763 8438 8440 
8261 8440 8438 7764 8439 
8262 8382 8440 8439 7746 
8263 7746 8439 8443 8385 
8264 8439 7764 8441 8443 
8265 8443 8441 7765 8442 
8266 8385 8443 8442 7747 
8267 7747 8442 8446 8388 
8268 8442 7765 8444 8446 
8269 8446 8444 7766 8445 
8270 8388 8446 8445 7748 
8271 7748 8445 8449 8391 
8272 8445 7766 8447 8449 
8273 8449 8447 7767 8448 
8274 8391 8449 8448 7749 
8275 7749 8448 8452 8394 
8276 8448 7767 8450 8452 
8277 8452 8450 7768 8451 
8278 8394 8452 8451 7750 
8279 7750 8451 8455 8397 
8280 8451 7768 8453 8455 
8281 8455 8453 7769 8454 
8282 8397 8455 8454 7751 
8283 7751 8454 8458 8400 
8284 8454 7769 8456 8458 
8285 8458 8456 7770 8457 
8286 8400 8458 8457 7752 
8287 7752 8457 8461 8403 
8288 8457 7770 8459 8461 
8289 8461 8459 7771 8460 
8290 8403 8461 8460 7753 
8291 7753 8460 8464 8406 
8292 8460 7771 8462 8464 
8293 8464 8462 7772 8463 
8294 8406 8464 8463 7754 
8295 7754 8463 8467 8409 
8296 8463 7772 8465 8467 
8297 8467 8465 7773 8466 
8298 8409 8467 8466 7755 
8299 7755 8466 8470 8412 
8300 8466 7773 8468 8470 
8301 8470 8468 7774 8469 
8302 8412 8470 8469 7756 
8303 7756 8469 8472 8415 
8304 8469 7774 8471 8472 
8305 8472 8471 403 379 
8306 8415 8472 379 404 
8307 717 752 8475 8417 
8308 752 718 8473 8475 
8309 8475 8473 7775 8474 
8310 8417 8475 8474 7757 
8311 7757 8474 8478 8420 
8312 8474 7775 8476 8478 
8313 8478 8476 7776 8477 
8314 8420 8478 8477 7758 
8315 7758 8477 8481 8423 
8316 8477 7776 8479 8481 
8317 8481 8479 7777 8480 
8318 8423 8481 8480 7759 
8319 7759 8480 8484 8426 
8320 8480 7777 8482 8484 
8321 8484 8482 7778 8483 
8322 8426 8484 8483 7760 
8323 7760 8483 8487 8429 
8324 8483 7778 8485 8487 
8325 8487 8485 7779 8486 
8326 8429 8487 8486 7761 
8327 7761 8486 8490 8432 
8328 8486 7779 8488 8490 
8329 8490 8488 7780 8489 
8330 8432 8490 8489 7762 
8331 7762 8489 8493 8435 
8332 8489 7780 8491 8493 
8333 8493 8491 7781 8492 
8334 8435 8493 8492 7763 
8335 7763 8492 8496 8438 
8336 8492 7781 8494 8496 
8337 8496 8494 7782 8495 
8338 8438 8496 8495 7764 
8339 7764 8495 8499 8441 
8340 8495 7782 8497 8499 
8341 8499 8497 7783 8498 
8342 8441 8499 8498 7765 
8343 7765 8498 8502 8444 
8344 8498 7783 8500 8502 
8345 8502 8500 7784 8501 
8346 8444 8502 8501 7766 
8347 7766 8501 8505 8447 
8348 8501 7784 8503 8505 
8349 8505 8503 7785 8504 
8350 8447 8505 8504 7767 
8351 7767 8504 8508 8450 
8352 8504 7785 8506 8508 
8353 8508 8506 7786 8507 
8354 8450 8508 8507 7768 
8355 7768 8507 8511 8453 
8356 8507 7786 8509 8511 
8357 8511 8509 7787 8510 
8358 8453 8511 8510 7769 
8359 7769 8510 8514 8456 
8360 8510 7787 8512 8514 
8361 8514 8512 7788 8513 
8362 8456 8514 8513 7770 
8363 7770 8513 8517 8459 
8364 8513 7788 8515 8517 
8365 8517 8515 7789 8516 
8366 8459 8517 8516 7771 
8367 7771 8516 8520 8462 
8368 8516 7789 8518 8520 
8369 8520 8518 7790 8519 
8370 8462 8520 8519 7772 
8371 7772 8519 8523 8465 
8372 8519 7790 8521 8523 
8373 8523 8521 7791 8522 
8374 8465 8523 8522 7773 
8375 7773 8522 8526 8468 
8376 8522 7791 8524 8526 
8377 8526 8524 7792 8525 
8378 8468 8526 8525 7774 
8379 7774 8525 8528 8471 
8380 8525 7792 8527 8528 
8381 8528 8527 402 378 
8382 8471 8528 378 403 
8383 718 751 8531 8473 
8384 751 719 8529 8531 
8385 8531 8529 7793 8530 
8386 8473 8531 8530 7775 
8387 7775 8530 8534 8476 
8388 8530 7793 8532 8534 
8389 8534 8532 7794 8533 
8390 8476 8534 8533 7776 
8391 7776 8533 8537 8479 
8392 8533 7794 8535 8537 
8393 8537 8535 7795 8536 
8394 8479 8537 8536 7777 
8395 7777 8536 8540 8482 
8396 8536 7795 8538 8540 
8397 8540 8538 7796 8539 
8398 8482 8540 8539 7778 
8399 7778 8539 8543 8485 
8400 8539 7796 8541 8543 
8401 8543 8541 7797 8542 
8402 8485 8543 8542 7779 
8403 7779 8542 8546 8488 
8404 8542 7797 8544 8546 
8405 8546 8544 7798 8545 
8406 8488 8546 8545 7780 
8407 7780 8545 8549 8491 
8408 8545 7798 8547 8549 
8409 8549 8547 7799 8548 
8410 8491 8549 8548 7781 
8411 7781 8548 8552 8494 
8412 8548 7799 8550 8552 
8413 8552 8550 7800 8551 
8414 8494 8552 8551 7782 
8415 7782 8551 8555 8497 
8416 8551 7800 8553 8555 
8417 8555 8553 7801 8554 
8418 8497 8555 8554 7783 
8419 7783 8554 8558 8500 
8420 8554 7801 8556 8558 
8421 8558 8556 7802 8557 
8422 8500 8558 8557 7784 
8423 7784 8557 8561 8503 
8424 8557 7802 8559 8561 
8425 8561 8559 7803 8560 
8426 8503 8561 8560 7785 
8427 7785 8560 8564 8506 
8428 8560 7803 8562 8564 
8429 8564 8562 7804 8563 
8430 8506 8564 8563 7786 
8431 7786 8563 8567 8509 
8432 8563 7804 8565 8567 
8433 8567 8565 7805 8566 
8434 8509 8567 8566 7787 
8435 7787 8566 8570 8512 
8436 8566 7805 8568 8570 
8437 8570 8568 7806 8569 
8438 8512 8570 8569 7788 
8439 7788 8569 8573 8515 
8440 8569 7806 8571 8573 
8441 8573 8571 7807 8572 
8442 8515 8573 8572 7789 
8443 7789 8572 8576 8518 
8444 8572 7807 8574 8576 
8445 8576 8574 7808 8575 
8446 8518 8576 8575 7790 
8447 7790 8575 8579 8521 
8448 8575 7808 8577 8579 
8449 8579 8577 7809 8578 
8450 8521 8579 8578 7791 
8451 7791 8578 8582 8524 
8452 8578 7809 8580 8582 
8453 8582 8580 7810 8581 
8454 8524 8582 8581 7792 
8455 7792 8581 8584 8527 
8456 8581 7810 8583 8584 
8457 8584 8583 401 377 
8458 8527 8584 377 402 
8459 719 750 8587 8529 
8460 750 720 8585 8587 
8461 8587 8585 7811 8586 
8462 8529 8587 8586 7793 
8463 7793 8586 8590 8532 
8464 8586 7811 8588 8590 
8465 8590 8588 7812 8589 
8466 8532 8590 8589 7794 
8467 7794 8589 8593 8535 
8468 8589 7812 8591 8593 
8469 8593 8591 7813 8592 
8470 8535 8593 8592 7795 
8471 7795 8592 8596 8538 
8472 8592 7813 8594 8596 
8473 8596 8594 7814 8595 
8474 8538 8596 8595 7796 
8475 7796 8595 8599 8541 
8476 8595 7814 8597 8599 
8477 8599 8597 7815 8598 
8478 8541 8599 8598 7797 
8479 7797 8598 8602 8544 
8480 8598 7815 8600 8602 
8481 8602 8600 7816 8601 
8482 8544 8602 8601 7798 
8483 7798 8601 8605 8547 
8484 8601 7816 8603 8605 
8485 8605 8603 7817 8604 
8486 8547 8605 8604 7799 
8487 7799 8604 8608 8550 
8488 8604 7817 8606 8608 
8489 8608 8606 7818 8607 
8490 8550 8608 8607 7800 
8491 7800 8607 8611 8553 
8492 8607 7818 8609 8611 
8493 8611 8609 7819 8610 
8494 8553 8611 8610 7801 
8495 7801 8610 8614 8556 
8496 8610 7819 8612 8614 
8497 8614 8612 7820 8613 
8498 8556 8614 8613 7802 
8499 7802 8613 8617 8559 
8500 8613 7820 8615 8617 
8501 8617 8615 7821 8616 
8502 8559 8617 8616 7803 
8503 7803 8616 8620 8562 
8504 8616 7821 8618 8620 
8505 8620 8618 7822 8619 
8506 8562 8620 8619 7804 
8507 7804 8619 8623 8565 
8508 8619 7822 8621 8623 
8509 8623 8621 7823 8622 
8510 8565 8623 8622 7805 
8511 7805 8622 8626 8568 
8512 8622 7823 8624 8626 
8513 8626 8624 7824 8625 
8514 8568 8626 8625 7806 
8515 7806 8625 8629 8571 
8516 8625 7824 8627 8629 
8517 8629 8627 7825 8628 
8518 8571 8629 8628 7807 
8519 7807 8628 8632 8574 
8520 8628 7825 8630 8632 
8521 8632 8630 7826 8631 
8522 8574 8632 8631 7808 
8523 7808 8631 8635 8577 
8524 8631 7826 8633 8635 
8525 8635 8633 7827 8634 
8526 8577 8635 8634 7809 
8527 7809 8634 8638 8580 
8528 8634 7827 8636 8638 
8529 8638 8636 7828 8637 
8530 8580 8638 8637 7810 
8531 7810 8637 8640 8583 
8532 8637 7828 8639 8640 
8533 8640 8639 400 376 
8534 8583 8640 376 401 
8535 720 749 8643 8585 
8536 749 721 8641 8643 
8537 8643 8641 7829 8642 
8538 8585 8643 8642 7811 
8539 7811 8642 8646 8588 
8540 8642 7829 8644 8646 
8541 8646 8644 7830 8645 
8542 8588 8646 8645 7812 
8543 7812 8645 8649 8591 
8544 8645 7830 8647 8649 
8545 8649 8647 7831 8648 
8546 8591 8649 8648 7813 
8547 7813 8648 8652 8594 
8548 8648 7831 8650 8652 
8549 8652 8650 7832 8651 
8550 8594 8652 8651 7814 
8551 7814 8651 8655 8597 
8552 8651 7832 8653 8655 
8553 8655 8653 7833 8654 
8554 8597 8655 8654 7815 
8555 7815 8654 8658 8600 
8556 8654 7833 8656 8658 
8557 8658 8656 7834 8657 
8558 8600 8658 8657 7816 
8559 7816 8657 8661 8603 
8560 8657 7834 8659 8661 
8561 8661 8659 7835 8660 
8562 8603 8661 8660 7817 
8563 7817 8660 8664 8606 
8564 8660 7835 8662 8664 
8565 8664 8662 7836 8663 
8566 8606 8664 8663 7818 
8567 7818 8663 8667 8609 
8568 8663 7836 8665 8667 
8569 8667 8665 7837 8666 
8570 8609 8667 8666 7819 
8571 7819 8666 8670 8612 
8572 8666 7837 8668 8670 
8573 8670 8668 7838 8669 
8574 8612 8670 8669 7820 
8575 7820 8669 8673 8615 
8576 8669 7838 8671 8673 
8577 8673 8671 7839 8672 
8578 8615 8673 8672 7821 
8579 7821 8672 8676 8618 
8580 8672 7839 8674 8676 
8581 8676 8674 7840 8675 
8582 8618 8676 8675 7822 
8583 7822 8675 8679 8621 
8584 8675 7840 8677 8679 
8585 8679 8677 7841 8678 
8586 8621 8679 8678 7823 
8587 7823 8678 8682 8624 
8588 8678 7841 8680 8682 
8589 8682 8680 7842 8681 
8590 8624 8682 8681 7824 
8591 7824 8681 8685 8627 
8592 8681 7842 8683 8685 
8593 8685 8683 7843 8684 
8594 8627 8685 8684 7825 
8595 7825 8684 8688 8630 
8596 8684 7843 8686 8688 
8597 8688 8686 7844 8687 
8598 8630 8688 8687 7826 
8599 7826 8687 8691 8633 
8600 8687 7844 8689 8691 
8601 8691 8689 7845 8690 
8602 8633 8691 8690 7827 
8603 7827 8690 8694 8636 
8604 8690 7845 8692 8694 
8605 8694 8692 7846 8693 
8606 8636 8694 8693 7828 
8607 7828 8693 8696 8639 
8608 8693 7846 8695 8696 
8609 8696 8695 399 375 
8610 8639 8696 375 400 
8611 721 748 8699 8641 
8612 748 722 8697 8699 
8613 8699 8697 7847 8698 
8614 8641 8699 8698 7829 
8615 7829 8698 8702 8644 
8616 8698 7847 8700 8702 
8617 8702 8700 7848 8701 
8618 8644 8702 8701 7830 
8619 7830 8701 8705 8647 
8620 8701 7848 8703 8705 
8621 8705 8703 7849 8704 
8622 8647 8705 8704 7831 
8623 7831 8704 8708 8650 
8624 8704 7849 8706 8708 
8625 8708 8706 7850 8707 
8626 8650 8708 8707 7832 
8627 7832 8707 8711 8653 
8628 8707 7850 8709 8711 
8629 8711 8709 7851 8710 
8630 8653 8711 8710 7833 
8631 7833 8710 8714 8656 
8632 8710 7851 8712 8714 
8633 8714 8712 7852 8713 
8634 8656 8714 8713 7834 
8635 7834 8713 8717 8659 
8636 8713 7852 8715 8717 
8637 8717 8715 7853 8716 
8638 8659 8717 8716 7835 
8639 7835 8716 8720 8662 
8640 8716 7853 8718 8720 
8641 8720 8718 7854 8719 
8642 8662 8720 8719 7836 
8643 7836 8719 8723 8665 
8644 8719 7854 8721 8723 
8645 8723 8721 7855 8722 
8646 8665 8723 8722 7837 
8647 7837 8722 8726 8668 
8648 8722 7855 8724 8726 
8649 8726 8724 7856 8725 
8650 8668 8726 8725 7838 
8651 7838 8725 8729 8671 
8652 8725 7856 8727 8729 
8653 8729 8727 7857 8728 
8654 8671 8729 8728 7839 
8655 7839 8728 8732 8674 
8656 8728 7857 8730 8732 
8657 8732 8730 7858 8731 
8658 8674 8732 8731 7840 
8659 7840 8731 8735 8677 
8660 8731 7858 8733 8735 
8661 8735 8733 7859 8734 
8662 8677 8735 8734 7841 
8663 7841 8734 8738 8680 
8664 8734 7859 8736 8738 
8665 8738 8736 7860 8737 
8666 8680 8738 8737 7842 
8667 7842 8737 8741 8683 
8668 8737 7860 8739 8741 
8669 8741 8739 7861 8740 
8670 8683 8741 8740 7843 
8671 7843 8740 8744 8686 
8672 8740 7861 8742 8744 
8673 8744 8742 7862 8743 
8674 8686 8744 8743 7844 
8675 7844 8743 8747 8689 
8676 8743 7862 8745 8747 
8677 8747 8745 7863 8746 
8678 8689 8747 8746 7845 
8679 7845 8746 8750 8692 
8680 8746 7863 8748 8750 
8681 8750 8748 7864 8749 
8682 8692 8750 8749 7846 
8683 7846 8749 8752 8695 
8684 8749 7864 8751 8752 
8685 8752 8751 398 361 
8686 8695 8752 361 399 
8687 722 747 8755 8697 
8688 747 723 8753 8755 
8689 8755 8753 7865 8754 
8690 8697 8755 8754 7847 
8691 7847 8754 8758 8700 
8692 8754 7865 8756 8758 
8693 8758 8756 7866 8757 
8694 8700 8758 8757 7848 
8695 7848 8757 8761 8703 
8696 8757 7866 8759 8761 
8697 8761 8759 7867 8760 
8698 8703 8761 8760 7849 
8699 7849 8760 8764 8706 
8700 8760 7867 8762 8764 
8701 8764 8762 7868 8763 
8702 8706 8764 8763 7850 
8703 7850 8763 8767 8709 
8704 8763 7868 8765 8767 
8705 8767 8765 7869 8766 
8706 8709 8767 8766 7851 
8707 7851 8766 8770 8712 
8708 8766 7869 8768 8770 
8709 8770 8768 7870 8769 
8710 8712 8770 8769 7852 
8711 7852 8769 8773 8715 
8712 8769 7870 8771 8773 
8713 8773 8771 7871 8772 
8714 8715 8773 8772 7853 
8715 7853 8772 8776 8718 
8716 8772 7871 8774 8776 
8717 8776 8774 7872 8775 
8718 8718 8776 8775 7854 
8719 7854 8775 8779 8721 
8720 8775 7872 8777 8779 
8721 8779 8777 7873 8778 
8722 8721 8779 8778 7855 
8723 7855 8778 8782 8724 
8724 8778 7873 8780 8782 
8725 8782 8780 7874 8781 
8726 8724 8782 8781 7856 
8727 7856 8781 8785 8727 
8728 8781 7874 8783 8785 
8729 8785 8783 7875 8784 
8730 8727 8785 8784 7857 
8731 7857 8784 8788 8730 
8732 8784 7875 8786 8788 
8733 8788 8786 7876 8787 
8734 8730 8788 8787 7858 
8735 7858 8787 8791 8733 
8736 8787 7876 8789 8791 
8737 8791 8789 7877 8790 
8738 8733 8791 8790 7859 
8739 7859 8790 8794 8736 
8740 8790 7877 8792 8794 
8741 8794 8792 7878 8793 
8742 8736 8794 8793 7860 
8743 7860 8793 8797 8739 
8744 8793 7878 8795 8797 
8745 8797 8795 7879 8796 
8746 8739 8797 8796 7861 
8747 7861 8796 8800 8742 
8748 8796 7879 8798 8800 
8749 8800 8798 7880 8799 
8750 8742 8800 8799 7862 
8751 7862 8799 8803 8745 
8752 8799 7880 8801 8803 
8753 8803 8801 7881 8802 
8754 8745 8803 8802 7863 
8755 7863 8802 8806 8748 
8756 8802 7881 8804 8806 
8757 8806 8804 7882 8805 
8758 8748 8806 8805 7864 
8759 7864 8805 8808 8751 
8760 8805 7882 8807 8808 
8761 8808 8807 397 373 
8762 8751 8808 373 398 
8763 723 735 8811 8753 
8764 735 724 8809 8811 
8765 8811 8809 7883 8810 
8766 8753 8811 8810 7865 
8767 7865 8810 8814 8756 
8768 8810 7883 8812 8814 
8769 8814 8812 7884 8813 
8770 8756 8814 8813 7866 
8771 7866 8813 8817 8759 
8772 8813 7884 8815 8817 
8773 8817 8815 7885 8816 
8774 8759 8817 8816 7867 
8775 7867 8816 8820 8762 
8776 8816 7885 8818 8820 
8777 8820 8818 7886 8819 
8778 8762 8820 8819 7868 
8779 7868 8819 8823 8765 
8780 8819 7886 8821 8823 
8781 8823 8821 7887 8822 
8782 8765 8823 8822 7869 
8783 7869 8822 8826 8768 
8784 8822 7887 8824 8826 
8785 8826 8824 7888 8825 
8786 8768 8826 8825 7870 
8787 7870 8825 8829 8771 
8788 8825 7888 8827 8829 
8789 8829 8827 7889 8828 
8790 8771 8829 8828 7871 
8791 7871 8828 8832 8774 
8792 8828 7889 8830 8832 
8793 8832 8830 7890 8831 
8794 8774 8832 8831 7872 
8795 7872 8831 8835 8777 
8796 8831 7890 8833 8835 
8797 8835 8833 7891 8834 
8798 8777 8835 8834 7873 
8799 7873 8834 8838 8780 
8800 8834 7891 8836 8838 
8801 8838 8836 7892 8837 
8802 8780 8838 8837 7874 
8803 7874 8837 8841 8783 
8804 8837 7892 8839 8841 
8805 8841 8839 7893 8840 
8806 8783 8841 8840 7875 
8807 7875 8840 8844 8786 
8808 8840 7893 8842 8844 
8809 8844 8842 7894 8843 
8810 8786 8844 8843 7876 
8811 7876 8843 8847 8789 
8812 8843 7894 8845 8847 
8813 8847 8845 7895 8846 
8814 8789 8847 8846 7877 
8815 7877 8846 8850 8792 
8816 8846 7895 8848 8850 
8817 8850 8848 7896 8849 
8818 8792 8850 8849 7878 
8819 7878 8849 8853 8795 
8820 8849 7896 8851 8853 
8821 8853 8851 7897 8852 
8822 8795 8853 8852 7879 
8823 7879 8852 8856 8798 
8824 8852 7897 8854 8856 
8825 8856 8854 7898 8855 
8826 8798 8856 8855 7880 
8827 7880 8855 8859 8801 
8828 8855 7898 8857 8859 
8829 8859 8857 7899 8858 
8830 8801 8859 8858 7881 
8831 7881 8858 8862 8804 
8832 8858 7899 8860 8862 
8833 8862 8860 7900 8861 
8834 8804 8862 8861 7882 
8835 7882 8861 8864 8807 
8836 8861 7900 8863 8864 
8837 8864 8863 396 372 
8838 8807 8864 372 397 
8839 724 736 8867 8809 
8840 736 725 8865 8867 
8841 8867 8865 7901 8866 
8842 8809 8867 8866 7883 
8843 7883 8866 8870 8812 
8844 8866 7901 8868 8870 
8845 8870 8868 7902 8869 
8846 8812 8870 8869 7884 
8847 7884 8869 8873 8815 
8848 8869 7902 8871 8873 
8849 8873 8871 7903 8872 
8850 8815 8873 8872 7885 
8851 7885 8872 8876 8818 
8852 8872 7903 8874 8876 
8853 8876 8874 7904 8875 
8854 8818 8876 8875 7886 
8855 7886 8875 8879 8821 
8856 8875 7904 8877 8879 
8857 8879 8877 7905 8878 
8858 8821 8879 8878 7887 
8859 7887 8878 8882 8824 
8860 8878 7905 8880 8882 
8861 8882 8880 7906 8881 
8862 8824 8882 8881 7888 
8863 7888 8881 8885 8827 
8864 8881 7906 8883 8885 
8865 8885 8883 7907 8884 
8866 8827 8885 8884 7889 
8867 7889 8884 8888 8830 
8868 8884 7907 8886 8888 
8869 8888 8886 7908 8887 
8870 8830 8888 8887 7890 
8871 7890 8887 8891 8833 
8872 8887 7908 8889 8891 
8873 8891 8889 7909 8890 
8874 8833 8891 8890 7891 
8875 7891 8890 8894 8836 
8876 8890 7909 8892 8894 
8877 8894 8892 7910 8893 
8878 8836 8894 8893 7892 
8879 7892 8893 8897 8839 
8880 8893 7910 8895 8897 
8881 8897 8895 7911 8896 
8882 8839 8897 8896 7893 
8883 7893 8896 8900 8842 
8884 8896 7911 8898 8900 
8885 8900 8898 7912 8899 
8886 8842 8900 8899 7894 
8887 7894 8899 8903 8845 
8888 8899 7912 8901 8903 
8889 8903 8901 7913 8902 
8890 8845 8903 8902 7895 
8891 7895 8902 8906 8848 
8892 8902 7913 8904 8906 
8893 8906 8904 7914 8905 
8894 8848 8906 8905 7896 
8895 7896 8905 8909 8851 
8896 8905 7914 8907 8909 
8897 8909 8907 7915 8908 
8898 8851 8909 8908 7897 
8899 7897 8908 8912 8854 
8900 8908 7915 8910 8912 
8901 8912 8910 7916 8911 
8902 8854 8912 8911 7898 
8903 7898 8911 8915 8857 
8904 8911 7916 8913 8915 
8905 8915 8913 7917 8914 
8906 8857 8915 8914 7899 
8907 7899 8914 8918 8860 
8908 8914 7917 8916 8918 
8909 8918 8916 7918 8917 
8910 8860 8918 8917 7900 
8911 7900 8917 8920 8863 
8912 8917 7918 8919 8920 
8913 8920 8919 395 371 
8914 8863 8920 371 396 
8915 725 737 8923 8865 
8916 737 726 8921 8923 
8917 8923 8921 7919 8922 
8918 8865 8923 8922 7901 
8919 7901 8922 8926 8868 
8920 8922 7919 8924 8926 
8921 8926 8924 7920 8925 
8922 8868 8926 8925 7902 
8923 7902 8925 8929 8871 
8924 8925 7920 8927 8929 
8925 8929 8927 7921 8928 
8926 8871 8929 8928 7903 
8927 7903 8928 8932 8874 
8928 8928 7921 8930 8932 
8929 8932 8930 7922 8931 
8930 8874 8932 8931 7904 
8931 7904 8931 8935 8877 
8932 8931 7922 8933 8935 
8933 8935 8933 7923 8934 
8934 8877 8935 8934 7905 
8935 7905 8934 8938 8880 
8936 8934 7923 8936 8938 
8937 8938 8936 7924 8937 
8938 8880 8938 8937 7906 
8939 7906 8937 8941 8883 
8940 8937 7924 8939 8941 
8941 8941 8939 7925 8940 
8942 8883 8941 8940 7907 
8943 7907 8940 8944 8886 
8944 8940 7925 8942 8944 
8945 8944 8942 7926 8943 
8946 8886 8944 8943 7908 
8947 7908 8943 8947 8889 
8948 8943 7926 8945 8947 
8949 8947 8945 7927 8946 
8950 8889 8947 8946 7909 
8951 7909 8946 8950 8892 
8952 8946 7927 8948 8950 
8953 8950 8948 7928 8949 
8954 8892 8950 8949 7910 
8955 7910 8949 8953 8895 
8956 8949 7928 8951 8953 
8957 8953 8951 7929 8952 
8958 8895 8953 8952 7911 
8959 7911 8952 8956 8898 
8960 8952 7929 8954 8956 
8961 8956 8954 7930 8955 
8962 8898 8956 8955 7912 
8963 7912 8955 8959 8901 
8964 8955 7930 8957 8959 
8965 8959 8957 7931 8958 
8966 8901 8959 8958 7913 
8967 7913 8958 8962 8904 
8968 8958 7931 8960 8962 
8969 8962 8960 7932 8961 
8970 8904 8962 8961 7914 
8971 7914 8961 8965 8907 
8972 8961 7932 8963 8965 
8973 8965 8963 7933 8964 
8974 8907 8965 8964 7915 
8975 7915 8964 8968 8910 
8976 8964 7933 8966 8968 
8977 8968 8966 7934 8967 
8978 8910 8968 8967 7916 
8979 7916 8967 8971 8913 
8980 8967 7934 8969 8971 
8981 8971 8969 7935 8970 
8982 8913 8971 8970 7917 
8983 7917 8970 8974 8916 
8984 8970 7935 8972 8974 
8985 8974 8972 7936 8973 
8986 8916 8974 8973 7918 
8987 7918 8973 8976 8919 
8988 8973 7936 8975 8976 
8989 8976 8975 394 370 
8990 8919 8976 370 395 
8991 726 738 8979 8921 
8992 738 727 8977 8979 
8993 8979 8977 7937 8978 
8994 8921 8979 8978 7919 
8995 7919 8978 8982 8924 
8996 8978 7937 8980 8982 
8997 8982 8980 7938 8981 
8998 8924 8982 8981 7920 
8999 7920 8981 8985 8927 
9000 8981 7938 8983 8985 
9001 8985 8983 7939 8984 
9002 8927 8985 8984 7921 
9003 7921 8984 8988 8930 
9004 8984 7939 8986 8988 
9005 8988 8986 7940 8987 
9006 8930 8988 8987 7922 
9007 7922 8987 8991 8933 
9008 8987 7940 8989 8991 
9009 8991 8989 7941 8990 
9010 8933 8991 8990 7923 
9011 7923 8990 8994 8936 
9012 8990 7941 8992 8994 
9013 8994 8992 7942 8993 
9014 8936 8994 8993 7924 
9015 7924 8993 8997 8939 
9016 8993 7942 8995 8997 
9017 8997 8995 7943 8996 
9018 8939 8997 8996 7925 
9019 7925 8996 9000 8942 
9020 8996 7943 8998 9000 
9021 9000 8998 7944 8999 
9022 8942 9000 8999 7926 
9023 7926 8999 9003 8945 
9024 8999 7944 9001 9003 
9025 9003 9001 7945 9002 
9026 8945 9003 9002 7927 
9027 7927 9002 9006 8948 
9028 9002 7945 9004 9006 
9029 9006 9004 7946 9005 
9030 8948 9006 9005 7928 
9031 7928 9005 9009 8951 
9032 9005 7946 9007 9009 
9033 9009 9007 7947 9008 
9034 8951 9009 9008 7929 
9035 7929 9008 9012 8954 
9036 9008 7947 9010 9012 
9037 9012 9010 7948 9011 
9038 8954 9012 9011 7930 
9039 7930 9011 9015 8957 
9040 9011 7948 9013 9015 
9041 9015 9013 7949 9014 
9042 8957 9015 9014 7931 
9043 7931 9014 9018 8960 
9044 9014 7949 9016 9018 
9045 9018 9016 7950 9017 
9046 8960 9018 9017 7932 
9047 7932 9017 9021 8963 
9048 9017 7950 9019 9021 
9049 9021 9019 7951 9020 
9050 8963 9021 9020 7933 
9051 7933 9020 9024 8966 
9052 9020 7951 9022 9024 
9053 9024 9022 7952 9023 
9054 8966 9024 9023 7934 
9055 7934 9023 9027 8969 
9056 9023 7952 9025 9027 
9057 9027 9025 7953 9026 
9058 8969 9027 9026 7935 
9059 7935 9026 9030 8972 
9060 9026 7953 9028 9030 
9061 9030 9028 7954 9029 
9062 8972 9030 9029 7936 
9063 7936 9029 9032 8975 
9064 9029 7954 9031 9032 
9065 9032 9031 393 369 
9066 8975 9032 369 394 
9067 727 739 9035 8977 
9068 739 728 9033 9035 
9069 9035 9033 7955 9034 
9070 8977 9035 9034 7937 
9071 7937 9034 9038 8980 
9072 9034 7955 9036 9038 
9073 9038 9036 7956 9037 
9074 8980 9038 9037 7938 
9075 7938 9037 9041 8983 
9076 9037 7956 9039 9041 
9077 9041 9039 7957 9040 
9078 8983 9041 9040 7939 
9079 7939 9040 9044 8986 
9080 9040 7957 9042 9044 
9081 9044 9042 7958 9043 
9082 8986 9044 9043 7940 
9083 7940 9043 9047 8989 
9084 9043 7958 9045 9047 
9085 9047 9045 7959 9046 
9086 8989 9047 9046 7941 
9087 7941 9046 9050 8992 
9088 9046 7959 9048 9050 
9089 9050 9048 7960 9049 
9090 8992 9050 9049 7942 
9091 7942 9049 9053 8995 
9092 9049 7960 9051 9053 
9093 9053 9051 7961 9052 
9094 8995 9053 9052 7943 
9095 7943 9052 9056 8998 
9096 9052 7961 9054 9056 
9097 9056 9054 7962 9055 
9098 8998 9056 9055 7944 
9099 7944 9055 9059 9001 
9100 9055 7962 9057 9059 
9101 9059 9057 7963 9058 
9102 9001 9059 9058 7945 
9103 7945 9058 9062 9004 
9104 9058 7963 9060 9062 
9105 9062 9060 7964 9061 
9106 9004 9062 9061 7946 
9107 7946 9061 9065 9007 
9108 9061 7964 9063 9065 
9109 9065 9063 7965 9064 
9110 9007 9065 9064 7947 
9111 7947 9064 9068 9010 
9112 9064 7965 9066 9068 
9113 9068 9066 7966 9067 
9114 9010 9068 9067 7948 
9115 7948 9067 9071 9013 
9116 9067 7966 9069 9071 
9117 9071 9069 7967 9070 
9118 9013 9071 9070 7949 
9119 7949 9070 9074 9016 
9120 9070 7967 9072 9074 
9121 9074 9072 7968 9073 
9122 9016 9074 9073 7950 
9123 7950 9073 9077 9019 
9124 9073 7968 9075 9077 
9125 9077 9075 7969 9076 
9126 9019 9077 9076 7951 
9127 7951 9076 9080 9022 
9128 9076 7969 9078 9080 
9129 9080 9078 7970 9079 
9130 9022 9080 9079 7952 
9131 7952 9079 9083 9025 
9132 9079 7970 9081 9083 
9133 9083 9081 7971 9082 
9134 9025 9083 9082 7953 
9135 7953 9082 9086 9028 
9136 9082 7971 9084 9086 
9137 9086 9084 7972 9085 
9138 9028 9086 9085 7954 
9139 7954 9085 9088 9031 
9140 9085 7972 9087 9088 
9141 9088 9087 392 368 
9142 9031 9088 368 393 
9143 728 740 9091 9033 
9144 740 729 9089 9091 
9145 9091 9089 7973 9090 
9146 9033 9091 9090 7955 
9147 7955 9090 9094 9036 
9148 9090 7973 9092 9094 
9149 9094 9092 7974 9093 
9150 9036 9094 9093 7956 
9151 7956 9093 9097 9039 
9152 9093 7974 9095 9097 
9153 9097 9095 7975 9096 
9154 9039 9097 9096 7957 
9155 7957 9096 9100 9042 
9156 9096 7975 9098 9100 
9157 9100 9098 7976 9099 
9158 9042 9100 9099 7958 
9159 7958 9099 9103 9045 
9160 9099 7976 9101 9103 
9161 9103 9101 7977 9102 
9162 9045 9103 9102 7959 
9163 7959 9102 9106 9048 
9164 9102 7977 9104 9106 
9165 9106 9104 7978 9105 
9166 9048 9106 9105 7960 
9167 7960 9105 9109 9051 
9168 9105 7978 9107 9109 
9169 9109 9107 7979 9108 
9170 9051 9109 9108 7961 
9171 7961 9108 9112 9054 
9172 9108 7979 9110 9112 
9173 9112 9110 7980 9111 
9174 9054 9112 9111 7962 
9175 7962 9111 9115 9057 
9176 9111 7980 9113 9115 
9177 9115 9113 7981 9114 
9178 9057 9115 9114 7963 
9179 7963 9114 9118 9060 
9180 9114 7981 9116 9118 
9181 9118 9116 7982 9117 
9182 9060 9118 9117 7964 
9183 7964 9117 9121 9063 
9184 9117 7982 9119 9121 
9185 9121 9119 7983 9120 
9186 9063 9121 9120 7965 
9187 7965 9120 9124 9066 
9188 9120 7983 9122 9124 
9189 9124 9122 7984 9123 
9190 9066 9124 9123 7966 
9191 7966 9123 9127 9069 
9192 9123 7984 9125 9127 
9193 9127 9125 7985 9126 
9194 9069 9127 9126 7967 
9195 7967 9126 9130 9072 
9196 9126 7985 9128 9130 
9197 9130 9128 7986 9129 
9198 9072 9130 9129 7968 
9199 7968 9129 9133 9075 
9200 9129 7986 9131 9133 
9201 9133 9131 7987 9132 
9202 9075 9133 9132 7969 
9203 7969 9132 9136 9078 
9204 9132 7987 9134 9136 
9205 9136 9134 7988 9135 
9206 9078 9136 9135 7970 
9207 7970 9135 9139 9081 
9208 9135 7988 9137 9139 
9209 9139 9137 7989 9138 
9210 9081 9139 9138 7971 
9211 7971 9138 9142 9084 
9212 9138 7989 9140 9142 
9213 9142 9140 7990 9141 
9214 9084 9142 9141 7972 
9215 7972 9141 9144 9087 
9216 9141 7990 9143 9144 
9217 9144 9143 391 367 
9218 9087 9144 367 392 
9219 729 741 9147 9089 
9220 741 730 9145 9147 
9221 9147 9145 7991 9146 
9222 9089 9147 9146 7973 
9223 7973 9146 9150 9092 
9224 9146 7991 9148 9150 
9225 9150 9148 7992 9149 
9226 9092 9150 9149 7974 
9227 7974 9149 9153 9095 
9228 9149 7992 9151 9153 
9229 9153 9151 7993 9152 
9230 9095 9153 9152 7975 
9231 7975 9152 9156 9098 
9232 9152 7993 9154 9156 
9233 9156 9154 7994 9155 
9234 9098 9156 9155 7976 
9235 7976 9155 9159 9101 
9236 9155 7994 9157 9159 
9237 9159 9157 7995 9158 
9238 9101 9159 9158 7977 
9239 7977 9158 9162 9104 
9240 9158 7995 9160 9162 
9241 9162 9160 7996 9161 
9242 9104 9162 9161 7978 
9243 7978 9161 9165 9107 
9244 9161 7996 9163 9165 
9245 9165 9163 7997 9164 
9246 9107 9165 9164 7979 
9247 7979 9164 9168 9110 
9248 9164 7997 9166 9168 
9249 9168 9166 7998 9167 
9250 9110 9168 9167 7980 
9251 7980 9167 9171 9113 
9252 9167 7998 9169 9171 
9253 9171 9169 7999 9170 
9254 9113 9171 9170 7981 
9255 7981 9170 9174 9116 
9256 9170 7999 9172 9174 
9257 9174 9172 8000 9173 
9258 9116 9174 9173 7982 
9259 7982 9173 9177 9119 
9260 9173 8000 9175 9177 
9261 9177 9175 8001 9176 
9262 9119 9177 9176 7983 
9263 7983 9176 9180 9122 
9264 9176 8001 9178 9180 
9265 9180 9178 8002 9179 
9266 9122 9180 9179 7984 
9267 7984 9179 9183 9125 
9268 9179 8002 9181 9183 
9269 9183 9181 8003 9182 
9270 9125 9183 9182 7985 
9271 7985 9182 9186 9128 
9272 9182 8003 9184 9186 
9273 9186 9184 8004 9185 
9274 9128 9186 9185 7986 
9275 7986 9185 9189 9131 
9276 9185 8004 9187 9189 
9277 9189 9187 8005 9188 
9278 9131 9189 9188 7987 
9279 7987 9188 9192 9134 
9280 9188 8005 9190 9192 
9281 9192 9190 8006 9191 
9282 9134 9192 9191 7988 
9283 7988 9191 9195 9137 
9284 9191 8006 9193 9195 
9285 9195 9193 8007 9194 
9286 9137 9195 9194 7989 
9287 7989 9194 9198 9140 
9288 9194 8007 9196 9198 
9289 9198 9196 8008 9197 
9290 9140 9198 9197 7990 
9291 7990 9197 9200 9143 
9292 9197 8008 9199 9200 
9293 9200 9199 390 366 
9294 9143 9200 366 391 
9295 730 742 9203 9145 
9296 742 731 9201 9203 
9297 9203 9201 8009 9202 
9298 9145 9203 9202 7991 
9299 7991 9202 9206 9148 
9300 9202 8009 9204 9206 
9301 9206 9204 8010 9205 
9302 9148 9206 9205 7992 
9303 7992 9205 9209 9151 
9304 9205 8010 9207 9209 
9305 9209 9207 8011 9208 
9306 9151 9209 9208 7993 
9307 7993 9208 9212 9154 
9308 9208 8011 9210 9212 
9309 9212 9210 8012 9211 
9310 9154 9212 9211 7994 
9311 7994 9211 9215 9157 
9312 9211 8012 9213 9215 
9313 9215 9213 8013 9214 
9314 9157 9215 9214 7995 
9315 7995 9214 9218 9160 
9316 9214 8013 9216 9218 
9317 9218 9216 8014 9217 
9318 9160 9218 9217 7996 
9319 7996 9217 9221 9163 
9320 9217 8014 9219 9221 
9321 9221 9219 8015 9220 
9322 9163 9221 9220 7997 
9323 7997 9220 9224 9166 
9324 9220 8015 9222 9224 
9325 9224 9222 8016 9223 
9326 9166 9224 9223 7998 
9327 7998 9223 9227 9169 
9328 9223 8016 9225 9227 
9329 9227 9225 8017 9226 
9330 9169 9227 9226 7999 
9331 7999 9226 9230 9172 
9332 9226 8017 9228 9230 
9333 9230 9228 8018 9229 
9334 9172 9230 9229 8000 
9335 8000 9229 9233 9175 
9336 9229 8018 9231 9233 
9337 9233 9231 8019 9232 
9338 9175 9233 9232 8001 
9339 8001 9232 9236 9178 
9340 9232 8019 9234 9236 
9341 9236 9234 8020 9235 
9342 9178 9236 9235 8002 
9343 8002 9235 9239 9181 
9344 9235 8020 9237 9239 
9345 9239 9237 8021 9238 
9346 9181 9239 9238 8003 
9347 8003 9238 9242 9184 
9348 9238 8021 9240 9242 
9349 9242 9240 8022 9241 
9350 9184 9242 9241 8004 
9351 8004 9241 9245 9187 
9352 9241 8022 9243 9245 
9353 9245 9243 8023 9244 
9354 9187 9245 9244 8005 
9355 8005 9244 9248 9190 
9356 9244 8023 9246 9248 
9357 9248 9246 8024 9247 
9358 9190 9248 9247 8006 
9359 8006 9247 9251 9193 
9360 9247 8024 9249 9251 
9361 9251 9249 8025 9250 
9362 9193 9251 9250 8007 
9363 8007 9250 9254 9196 
9364 9250 8025 9252 9254 
9365 9254 9252 8026 9253 
9366 9196 9254 9253 8008 
9367 8008 9253 9256 9199 
9368 9253 8026 9255 9256 
9369 9256 9255 389 365 
9370 9199 9256 365 390 
9371 731 743 9259 9201 
9372 743 732 9257 9259 
9373 9259 9257 8027 9258 
9374 9201 9259 9258 8009 
9375 8009 9258 9262 9204 
9376 9258 8027 9260 9262 
9377 9262 9260 8028 9261 
9378 9204 9262 9261 8010 
9379 8010 9261 9265 9207 
9380 9261 8028 9263 9265 
9381 9265 9263 8029 9264 
9382 9207 9265 9264 8011 
9383 8011 9264 9268 9210 
9384 9264 8029 9266 9268 
9385 9268 9266 8030 9267 
9386 9210 9268 9267 8012 
9387 8012 9267 9271 9213 
9388 9267 8030 9269 9271 
9389 9271 9269 8031 9270 
9390 9213 9271 9270 8013 
9391 8013 9270 9274 9216 
9392 9270 8031 9272 9274 
9393 9274 9272 8032 9273 
9394 9216 9274 9273 8014 
9395 8014 9273 9277 9219 
9396 9273 8032 9275 9277 
9397 9277 9275 8033 9276 
9398 9219 9277 9276 8015 
9399 8015 9276 9280 9222 
9400 9276 8033 9278 9280 
9401 9280 9278 8034 9279 
9402 9222 9280 9279 8016 
9403 8016 9279 9283 9225 
9404 9279 8034 9281 9283 
9405 9283 9281 8035 9282 
9406 9225 9283 9282 8017 
9407 8017 9282 9286 9228 
9408 9282 8035 9284 9286 
9409 9286 9284 8036 9285 
9410 9228 9286 9285 8018 
9411 8018 9285 9289 9231 
9412 9285 8036 9287 9289 
9413 9289 9287 8037 9288 
9414 9231 9289 9288 8019 
9415 8019 9288 9292 9234 
9416 9288 8037 9290 9292 
9417 9292 9290 8038 9291 
9418 9234 9292 9291 8020 
9419 8020 9291 9295 9237 
9420 9291 8038 9293 9295 
9421 9295 9293 8039 9294 
9422 9237 9295 9294 8021 
9423 8021 9294 9298 9240 
9424 9294 8039 9296 9298 
9425 9298 9296 8040 9297 
9426 9240 9298 9297 8022 
9427 8022 9297 9301 9243 
9428 9297 8040 9299 9301 
9429 9301 9299 8041 9300 
9430 9243 9301 9300 8023 
9431 8023 9300 9304 9246 
9432 9300 8041 9302 9304 
9433 9304 9302 8042 9303 
9434 9246 9304 9303 8024 
9435 8024 9303 9307 9249 
9436 9303 8042 9305 9307 
9437 9307 9305 8043 9306 
9438 9249 9307 9306 8025 
9439 8025 9306 9310 9252 
9440 9306 8043 9308 9310 
9441 9310 9308 8044 9309 
9442 9252 9310 9309 8026 
9443 8026 9309 9312 9255 
9444 9309 8044 9311 9312 
9445 9312 9311 388 364 
9446 9255 9312 364 389 
9447 732 744 9315 9257 
9448 744 733 9313 9315 
9449 9315 9313 8045 9314 
9450 9257 9315 9314 8027 
9451 8027 9314 9318 9260 
9452 9314 8045 9316 9318 
9453 9318 9316 8046 9317 
9454 9260 9318 9317 8028 
9455 8028 9317 9321 9263 
9456 9317 8046 9319 9321 
9457 9321 9319 8047 9320 
9458 9263 9321 9320 8029 
9459 8029 9320 9324 9266 
9460 9320 8047 9322 9324 
9461 9324 9322 8048 9323 
9462 9266 9324 9323 8030 
9463 8030 9323 9327 9269 
9464 9323 8048 9325 9327 
9465 9327 9325 8049 9326 
9466 9269 9327 9326 8031 
9467 8031 9326 9330 9272 
9468 9326 8049 9328 9330 
9469 9330 9328 8050 9329 
9470 9272 9330 9329 8032 
9471 8032 9329 9333 9275 
9472 9329 8050 9331 9333 
9473 9333 9331 8051 9332 
9474 9275 9333 9332 8033 
9475 8033 9332 9336 9278 
9476 9332 8051 9334 9336 
9477 9336 9334 8052 9335 
9478 9278 9336 9335 8034 
9479 8034 9335 9339 9281 
9480 9335 8052 9337 9339 
9481 9339 9337 8053 9338 
9482 9281 9339 9338 8035 
9483 8035 9338 9342 9284 
9484 9338 8053 9340 9342 
9485 9342 9340 8054 9341 
9486 9284 9342 9341 8036 
9487 8036 9341 9345 9287 
9488 9341 8054 9343 9345 
9489 9345 9343 8055 9344 
9490 9287 9345 9344 8037 
9491 8037 9344 9348 9290 
9492 9344 8055 9346 9348 
9493 9348 9346 8056 9347 
9494 9290 9348 9347 8038 
9495 8038 9347 9351 9293 
9496 9347 8056 9349 9351 
9497 9351 9349 8057 9350 
9498 9293 9351 9350 8039 
9499 8039 9350 9354 9296 
9500 9350 8057 9352 9354 
9501 9354 9352 8058 9353 
9502 9296 9354 9353 8040 
9503 8040 9353 9357 9299 
9504 9353 8058 9355 9357 
9505 9357 9355 8059 9356 
9506 9299 9357 9356 8041 
9507 8041 9356 9360 9302 
9508 9356 8059 9358 9360 
9509 9360 9358 8060 9359 
9510 9302 9360 9359 8042 
9511 8042 9359 9363 9305 
9512 9359 8060 9361 9363 
9513 9363 9361 8061 9362 
9514 9305 9363 9362 8043 
9515 8043 9362 9366 9308 
9516 9362 8061 9364 9366 
9517 9366 9364 8062 9365 
9518 9308 9366 9365 8044 
9519 8044 9365 9368 9311 
9520 9365 8062 9367 9368 
9521 9368 9367 387 363 
9522 9311 9368 363 388 
9523 733 745 9371 9313 
9524 745 734 9369 9371 
9525 9371 9369 8063 9370 
9526 9313 9371 9370 8045 
9527 8045 9370 9374 9316 
9528 9370 8063 9372 9374 
9529 9374 9372 8064 9373 
9530 9316 9374 9373 8046 
9531 8046 9373 9377 9319 
9532 9373 8064 9375 9377 
9533 9377 9375 8065 9376 
9534 9319 9377 9376 8047 
9535 8047 9376 9380 9322 
9536 9376 8065 9378 9380 
9537 9380 9378 8066 9379 
9538 9322 9380 9379 8048 
9539 8048 9379 9383 9325 
9540 9379 8066 9381 9383 
9541 9383 9381 8067 9382 
9542 9325 9383 9382 8049 
9543 8049 9382 9386 9328 
9544 9382 8067 9384 9386 
9545 9386 9384 8068 9385 
9546 9328 9386 9385 8050 
9547 8050 9385 9389 9331 
9548 9385 8068 9387 9389 
9549 9389 9387 8069 9388 
9550 9331 9389 9388 8051 
9551 8051 9388 9392 9334 
9552 9388 8069 9390 9392 
9553 9392 9390 8070 9391 
9554 9334 9392 9391 8052 
9555 8052 9391 9395 9337 
9556 9391 8070 9393 9395 
9557 9395 9393 8071 9394 
9558 9337 9395 9394 8053 
9559 8053 9394 9398 9340 
9560 9394 8071 9396 9398 
9561 9398 9396 8072 9397 
9562 9340 9398 9397 8054 
9563 8054 9397 9401 9343 
9564 9397 8072 9399 9401 
9565 9401 9399 8073 9400 
9566 9343 9401 9400 8055 
9567 8055 9400 9404 9346 
9568 9400 8073 9402 9404 
9569 9404 9402 8074 9403 
9570 9346 9404 9403 8056 
9571 8056 9403 9407 9349 
9572 9403 8074 9405 9407 
9573 9407 9405 8075 9406 
9574 9349 9407 9406 8057 
9575 8057 9406 9410 9352 
9576 9406 8075 9408 9410 
9577 9410 9408 8076 9409 
9578 9352 9410 9409 8058 
9579 8058 9409 9413 9355 
9580 9409 8076 9411 9413 
9581 9413 9411 8077 9412 
9582 9355 9413 9412 8059 
9583 8059 9412 9416 9358 
9584 9412 8077 9414 9416 
9585 9416 9414 8078 9415 
9586 9358 9416 9415 8060 
9587 8060 9415 9419 9361 
9588 9415 8078 9417 9419 
9589 9419 9417 8079 9418 
9590 9361 9419 9418 8061 
9591 8061 9418 9422 9364 
9592 9418 8079 9420 9422 
9593 9422 9420 8080 9421 
9594 9364 9422 9421 8062 
9595 8062 9421 9424 9367 
9596 9421 8080 9423 9424 
9597 9424 9423 386 362 
9598 9367 9424 362 387 
9599 734 746 9426 9369 
9600 746 14 587 9426 
9601 9426 587 551 9425 
9602 9369 9426 9425 8063 
9603 8063 9425 9428 9372 
9604 9425 551 586 9428 
9605 9428 586 552 9427 
9606 9372 9428 9427 8064 
9607 8064 9427 9430 9375 
9608 9427 552 585 9430 
9609 9430 585 553 9429 
9610 9375 9430 9429 8065 
9611 8065 9429 9432 9378 
9612 9429 553 584 9432 
9613 9432 584 554 9431 
9614 9378 9432 9431 8066 
9615 8066 9431 9434 9381 
9616 9431 554 583 9434 
9617 9434 583 555 9433 
9618 9381 9434 9433 8067 
9619 8067 9433 9436 9384 
9620 9433 555 582 9436 
9621 9436 582 556 9435 
9622 9384 9436 9435 8068 
9623 8068 9435 9438 9387 
9624 9435 556 581 9438 
9625 9438 581 557 9437 
9626 9387 9438 9437 8069 
9627 8069 9437 9440 9390 
9628 9437 557 580 9440 
9629 9440 580 558 9439 
9630 9390 9440 9439 8070 
9631 8070 9439 9442 9393 
9632 9439 558 579 9442 
9633 9442 579 559 9441 
9634 9393 9442 9441 8071 
9635 8071 9441 9444 9396 
9636 9441 559 578 9444 
9637 9444 578 560 9443 
9638 9396 9444 9443 8072 
9639 8072 9443 9446 9399 
9640 9443 560 577 9446 
9641 9446 577 561 9445 
9642 9399 9446 9445 8073 
9643 8073 9445 9448 9402 
9644 9445 561 576 9448 
9645 9448 576 562 9447 
9646 9402 9448 9447 8074 
9647 8074 9447 9450 9405 
9648 9447 562 575 9450 
9649 9450 575 563 9449 
9650 9405 9450 9449 8075 
9651 8075 9449 9452 9408 
9652 9449 563 574 9452 
9653 9452 574 564 9451 
9654 9408 9452 9451 8076 
9655 8076 9451 9454 9411 
9656 9451 564 573 9454 
9657 9454 573 565 9453 
9658 9411 9454 9453 8077 
9659 8077 9453 9456 9414 
9660 9453 565 572 9456 
9661 9456 572 566 9455 
9662 9414 9456 9455 8078 
9663 8078 9455 9458 9417 
9664 9455 566 571 9458 
9665 9458 571 567 9457 
9666 9417 9458 9457 8079 
9667 8079 9457 9460 9420 
9668 9457 567 570 9460 
9669 9460 570 568 9459 
9670 9420 9460 9459 8080 
9671 8080 9459 9461 9423 
9672 9459 568 569 9461 
9673 9461 569 10 374 
9674 9423 9461 374 386 
$EndElements
