$MeshFormat
4.1 0 8
$EndMeshFormat
$PhysicalNames
6
0 10 "PBoundary"
1 11 "CInlet"
1 12 "COutlet"
1 13 "CWallB"
1 14 "CWallT"
2 15 "SDomain"
$EndPhysicalNames
$Entities
8 9 2 0
1 0.9000000000000001 0 0 1 10 
2 0.9000000000000001 0.5 0 0 
3 1.2 0 0 1 10 
4 1.2 0.5 0 0 
5 0 0 0 1 10 
6 4 0 0 1 10 
7 4 1 0 1 10 
8 0 1 0 1 10 
1 0.8997498999000001 -0.0002501000999999836 -0.0002501000999999999 0.9002501001000002 0.5002501001 0.0002501000999999999 0 2 1 -2 
2 0.8997498999000001 -0.0002501000999999999 -0.0002501000999999999 1.2002501001 0.0002501000999999999 0.0002501000999999999 1 13 2 1 -3 
3 1.1997498999 -0.0002501000999999836 -0.0002501000999999999 1.2002501001 0.5002501001 0.0002501000999999999 0 2 4 -3 
4 0.8997498999000001 0.4997498999 -0.0002501000999999999 1.2002501001 0.5002501001 0.0002501000999999999 0 2 2 -4 
5 -0.001800100400000004 -0.0018001004 -0.0018001004 0.9018001004000001 0.0018001004 0.0018001004 1 13 2 5 -1 
6 1.1979998999 -0.0020001001 -0.0020001001 4.0020001001 0.0020001001 0.0020001001 1 13 2 3 -6 
7 3.9979998999 -0.002000100099999957 -0.0020001001 4.0020001001 1.0020001001 0.0020001001 1 12 2 6 -7 
8 -0.002000100100000068 0.9979998999 -0.0020001001 4.0020001001 1.0020001001 0.0020001001 1 14 2 7 -8 
9 -0.0020001001 -0.002000100099999957 -0.0020001001 0.0020001001 1.0020001001 0.0020001001 1 11 2 8 -5 
1 0.8999999000000002 -9.999999997511999e-08 -1e-07 1.2000001 0.5000000999999999 1e-07 1 15 4 4 3 -2 1 
2 -1.000000002804313e-07 -1.000000000583867e-07 -1.000000001110223e-07 4.0000001 1.0000001 1.000000001110223e-07 1 15 8 -9 -8 -7 -6 -3 -4 -1 -5 
$EndEntities
$Nodes
19 1898 1 1898
0 1 0 1
1
0.9000000000000001 0 0
0 2 0 1
2
0.9000000000000001 0.5 0
0 3 0 1
3
1.2 0 0
0 4 0 1
4
1.2 0.5 0
0 5 0 1
5
0 0 0
0 6 0 1
6
4 0 0
0 7 0 1
7
4 1 0
0 8 0 1
8
0 1 0
1 1 0 21
9
10
11
12
13
14
15
16
17
18
19
20
21
22
23
24
25
26
27
28
29
0.9000000000000001 0.02261982625137761 0
0.9000000000000001 0.4774501894020138 0
0.9000000000000001 0.4318813699574761 0
0.9000000000000001 0.3853926602579629 0
0.9000000000000001 0.3386142210961003 0
0.9000000000000001 0.2927185494157982 0
0.9000000000000001 0.2479383700546056 0
0.9000000000000001 0.2034449875731785 0
0.9000000000000001 0.1585307233146458 0
0.9000000000000001 0.1131703312651937 0
0.9000000000000001 0.06783185974269679 0
0.9000000000000001 0.04523965250275522 0
0.9000000000000001 0.09042406698263837 0
0.9000000000000001 0.135916595547749 0
0.9000000000000001 0.1811448510815427 0
0.9000000000000001 0.2257451240648144 0
0.9000000000000001 0.2701316160443969 0
0.9000000000000001 0.3153054827871995 0
0.9000000000000001 0.3619229594050011 0
0.9000000000000001 0.4088623611109247 0
0.9000000000000001 0.4549003788040276 0
1 2 0 13
30
31
32
33
34
35
36
37
38
39
40
41
42
0.9214915694439099 0 0
0.9646246922038803 0 0
1.007906356718302 0 0
1.051103469287097 0 0
1.09410749930574 0 0
1.13675109138103 0 0
1.178973827404055 0 0
0.9429831388878197 0 0
0.9862662455199408 0 0
1.029546467916663 0 0
1.07266047065753 0 0
1.115554527953949 0 0
1.15794765480811 0 0
1 3 0 21
43
44
45
46
47
48
49
50
51
52
53
54
55
56
57
58
59
60
61
62
63
1.2 0.4546744996568735 0
1.2 0.4090672523313847 0
1.2 0.3633785947260024 0
1.2 0.3175860258380246 0
1.2 0.27156665892301 0
1.2 0.225382929967524 0
1.2 0.1796398527670087 0
1.2 0.1339536635014794 0
1.2 0.08886141243575751 0
1.2 0.04437137399652835 0
1.2 0.02218568699826418 0
1.2 0.06661639321614293 0
1.2 0.1114075379686185 0
1.2 0.156796758134244 0
1.2 0.2025113913672664 0
1.2 0.248474794445267 0
1.2 0.2945763423805173 0
1.2 0.3404823102820135 0
1.2 0.3862229235286936 0
1.2 0.4318708759941291 0
1.2 0.4773372498284367 0
1 4 0 13
64
65
66
67
68
69
70
71
72
73
74
75
76
0.9208692193488777 0.5 0
0.9630188060325651 0.5 0
1.006117026765557 0.5 0
1.049907882250285 0.5 0
1.093620048794805 0.5 0
1.136657065644475 0.5 0
1.178977459018084 0.5 0
0.9417384386977551 0.5 0
0.9842991733673749 0.5 0
1.027934880163739 0.5 0
1.07188088433683 0.5 0
1.11535921325278 0.5 0
1.157954918036169 0.5 0
1 5 0 19
77
78
79
80
81
82
83
84
85
86
87
88
89
90
91
92
93
94
95
0.04818847057060514 0 0
0.8712523077043459 0 0
0.8059769382975339 0 0
0.7265212090128742 0 0
0.6360643484200081 0 0
0.5389974344103784 0 0
0.4394871027910885 0 0
0.3395717884602399 0 0
0.2408555638958911 0 0
0.1442296843872886 0 0
0.09637694114121029 0 0
0.1920824276333668 0 0
0.2896287001584155 0 0
0.3895148767620643 0 0
0.4894593288201127 0 0
0.5885355400006441 0 0
0.6835931568393721 0 0
0.7694492611863764 0 0
0.8425046154086916 0 0
1 6 0 51
96
97
98
99
100
101
102
103
104
105
106
107
108
109
110
111
112
113
114
115
116
117
118
119
120
121
122
123
124
125
126
127
128
129
130
131
132
133
134
135
136
137
138
139
140
141
142
143
144
145
146
2.598181469137874 0 0
1.299398869133357 0 0
1.385845142478194 0 0
1.486651295559552 0 0
1.594799619855284 0 0
1.704524750968242 0 0
1.81390284937584 0 0
1.923010432909867 0 0
2.033067534261244 0 0
2.144373993683536 0 0
2.256950133257456 0 0
2.371138728447283 0 0
2.48548943516997 0 0
1.230231492763556 0 0
2.710611553337287 0 0
2.824870237538379 0 0
2.939872157993855 0 0
3.054028483236447 0 0
3.167248484284956 0 0
3.280977451121643 0 0
3.395845054453276 0 0
3.510453929317793 0 0
3.623052455429886 0 0
3.73309422798344 0 0
3.841281255736014 0 0
3.947493299359406 0 0
1.260462985527112 0 0
1.338334752739602 0 0
1.433355532216787 0 0
1.539947058902316 0 0
1.649652180808252 0 0
1.759397321128231 0 0
1.868408377623449 0 0
1.977612488196284 0 0
2.088522580326204 0 0
2.200225407040868 0 0
2.313674859474044 0 0
2.428602597420523 0 0
2.542376272919417 0 0
2.653986665356332 0 0
2.767236441318243 0 0
2.882504033758516 0 0
2.997240282229194 0 0
3.1108166842437 0 0
3.223680284326212 0 0
3.338274617917074 0 0
3.453415490989479 0 0
3.567492367646108 0 0
3.678612543213664 0 0
3.787575912753216 0 0
3.894986598718813 0 0
1 7 0 19
147
148
149
150
151
152
153
154
155
156
157
158
159
160
161
162
163
164
165
4 0.04950570952338061 0
4 0.9503792140275652 0
4 0.8510584490443382 0
4 0.7512120807517226 0
4 0.6507993382610289 0
4 0.5503031450604015 0
4 0.4497160207612697 0
4 0.348959615152906 0
4 0.248417421993771 0
4 0.1486428845911929 0
4 0.09901141904676122 0
4 0.1982743501356246 0
4 0.2985604938519174 0
4 0.3993587364538946 0
4 0.5000733050686447 0
4 0.6005329850521584 0
4 0.7010656914698993 0
4 0.8013584700335461 0
4 0.9007584280551304 0
1 8 0 69
166
167
168
169
170
171
172
173
174
175
176
177
178
179
180
181
182
183
184
185
186
187
188
189
190
191
192
193
194
195
196
197
198
199
200
201
202
203
204
205
206
207
208
209
210
211
212
213
214
215
216
217
218
219
220
221
222
223
224
225
226
227
228
229
230
231
232
233
234
3.890900477825385 1 0
3.778313907034664 1 0
3.663851979717686 1 0
3.548065540829618 1 0
3.430805519355204 1 0
3.313742766482372 1 0
3.198359282984022 1 0
3.084128272506148 1 0
2.968564890463972 1 0
2.85079638784435 1 0
2.734700162710442 1 0
2.619965745578265 1 0
2.502896747414726 1 0
2.385283405630127 1 0
2.271379816226508 1 0
2.158353197338667 1 0
2.043406103102273 1 0
1.927597619765004 1 0
1.811946752439057 1 0
1.697496920916903 1 0
1.584647935909144 1 0
1.472057730084264 1 0
1.359949782452331 1 0
1.248447727224801 1 0
1.138626830178809 1 0
1.028443085579487 1 0
0.9155375570096991 1 0
0.8017648271784501 1 0
0.687807421529276 1 0
0.5724354419536153 1 0
0.4555574655290699 1 0
0.338346374472204 1 0
0.2223108140880007 1 0
0.1097167768261295 1 0
1.86977218610203 1 0
1.75472183667798 1 0
1.641072428413024 1 0
1.528352832996704 1 0
1.416003756268298 1 0
1.304198754838566 1 0
1.193537278701805 1 0
1.083534957879148 1 0
0.9719903212945928 1 0
0.8586511920940746 1 0
0.744786124353863 1 0
0.6301214317414456 1 0
0.5139964537413426 1 0
0.3969519200006369 1 0
0.2803285942801024 1 0
0.1660137954570651 1 0
0.05485838841306477 1 0
3.02634658148506 1 0
3.945450238912692 1 0
3.834607192430024 1 0
3.721082943376175 1 0
3.605958760273652 1 0
3.489435530092411 1 0
3.372274142918788 1 0
3.256051024733197 1 0
3.141243777745085 1 0
1.985501861433638 1 0
2.909680639154161 1 0
2.792748275277396 1 0
2.677332954144354 1 0
2.561431246496495 1 0
2.444090076522427 1 0
2.328331610928317 1 0
2.214866506782587 1 0
2.10087965022047 1 0
1 9 0 19
235
236
237
238
239
240
241
242
243
244
245
246
247
248
249
250
251
252
253
0 0.9014339294929451 0
0 0.8030641862810288 0
0 0.7027392662541582 0
0 0.6014535644412325 0
0 0.5035908598564474 0
0 0.4075479358634004 0
0 0.3066422571694037 0
0 0.2026499582464854 0
0 0.09982567746283504 0
0 0.04991283873141752 0
0 0.1512378178546602 0
0 0.2546461077079445 0
0 0.357095096516402 0
0 0.4555693978599239 0
0 0.55252221214884 0
0 0.6520964153476954 0
0 0.7529017262675934 0
0 0.852249057886987 0
0 0.9507169647464726 0
2 1 0 273
254
255
256
257
258
259
260
261
262
263
264
265
266
267
268
269
270
271
272
273
274
275
276
277
278
279
280
281
282
283
284
285
286
287
288
289
290
291
292
293
294
295
296
297
298
299
300
301
302
303
304
305
306
307
308
309
310
311
312
313
314
315
316
317
318
319
320
321
322
323
324
325
326
327
328
329
330
331
332
333
334
335
336
337
338
339
340
341
342
343
344
345
346
347
348
349
350
351
352
353
354
355
356
357
358
359
360
361
362
363
364
365
366
367
368
369
370
371
372
373
374
375
376
377
378
379
380
381
382
383
384
385
386
387
388
389
390
391
392
393
394
395
396
397
398
399
400
401
402
403
404
405
406
407
408
409
410
411
412
413
414
415
416
417
418
419
420
421
422
423
424
425
426
427
428
429
430
431
432
433
434
435
436
437
438
439
440
441
442
443
444
445
446
447
448
449
450
451
452
453
454
455
456
457
458
459
460
461
462
463
464
465
466
467
468
469
470
471
472
473
474
475
476
477
478
479
480
481
482
483
484
485
486
487
488
489
490
491
492
493
494
495
496
497
498
499
500
501
502
503
504
505
506
507
508
509
510
511
512
513
514
515
516
517
518
519
520
521
522
523
524
525
526
0.9210601229040958 0.4773186045458889 0
0.9211927474931867 0.4545803752487756 0
0.9212791255873786 0.431653878240665 0
0.92133450123866 0.4086224206236116 0
0.9213702868288716 0.3854184596356758 0
0.9213936678330307 0.3621880125719469 0
0.9214093724134048 0.3390330648249033 0
0.9214204018730621 0.315988436095103 0
0.9214286597368982 0.2932364635609473 0
0.9214355314713671 0.2706283729437133 0
0.9214418870341313 0.2481980416112774 0
0.9214483056748806 0.2258179707660907 0
0.9214552210927891 0.2034128427648925 0
0.9214628122603327 0.1809670443986704 0
0.9214713159247884 0.1584048764557351 0
0.9214808292711905 0.1357927982680166 0
0.9214911478405036 0.113126646751427 0
0.9215015359015425 0.09045824067858391 0
0.9215106479077213 0.06783643019590768 0
0.9215154007543399 0.04522717702859834 0
0.9215115512881464 0.02261389289301104 0
0.9421754909706824 0.4772337146142333 0
0.94242989056245 0.4544220399771148 0
0.9425875655070616 0.431517089248694 0
0.9426875112457948 0.4085308028222133 0
0.9427518799150028 0.3854654841889675 0
0.9427941253662179 0.3623844590961635 0
0.9428227291930349 0.3393509746834513 0
0.9428430723329528 0.3164118072534062 0
0.9428585794998499 0.2936269033868775 0
0.9428716424402477 0.2709656129821882 0
0.9428838293366654 0.2484127204458318 0
0.9428962736787221 0.2259120811152693 0
0.9429098305322334 0.2034166134588979 0
0.9429248315745697 0.1808948778846576 0
0.942941746951848 0.1583244546652599 0
0.9429609247911728 0.1357183908132097 0
0.9429821602717803 0.1130857995298753 0
0.9430043242996331 0.09045003883653008 0
0.9430255389586953 0.06782932496491728 0
0.943040711667161 0.04521775461957761 0
0.9430378411329429 0.02260845971182312 0
0.9634536400643557 0.4771863982620629 0
0.9637535533734901 0.4543439774114015 0
0.963947509830226 0.4314508092180482 0
0.9640720794660582 0.4085074825641259 0
0.9641529194089535 0.3855250770977013 0
0.9642064905021205 0.3625375376373414 0
0.9642432415401634 0.3395840070633228 0
0.9642698420100451 0.316698206657762 0
0.964290610883997 0.2939071175752022 0
0.9643084924116128 0.271205906615807 0
0.964325535528972 0.2485800831870991 0
0.9643432553662954 0.225999998056397 0
0.9643628317847902 0.2034365524921852 0
0.9643851055975078 0.1808667789227054 0
0.9644101989153032 0.1582761869194103 0
0.9644390681982924 0.1356683025072601 0
0.9644720801794022 0.1130486058889578 0
0.9645082770666887 0.09042801715419631 0
0.9645461156656392 0.06781387784498062 0
0.9645825854250133 0.04520612771500972 0
0.9646111889251948 0.02260225773243693 0
0.9848520179805532 0.4771634113922925 0
0.9851707440412774 0.4543099743151711 0
0.985368455183102 0.4314283671869925 0
0.9854949546965753 0.4085181890686998 0
0.9855778430590969 0.3855884839256533 0
0.9856336187931392 0.3626594672038878 0
0.9856726629752175 0.3397559520291132 0
0.9857016916218825 0.3169000429147583 0
0.9857251142835909 0.2941070267359808 0
0.9857459950779754 0.2713782817767335 0
0.9857665191778826 0.2487050675260714 0
0.9857884159809349 0.2260712211429707 0
0.9858131751209054 0.2034591425377497 0
0.9858424583152314 0.1808555243614848 0
0.9858751280735647 0.1582437619173345 0
0.985913348385999 0.1356288230784602 0
0.9859581550211973 0.1130124723012221 0
0.9860095086356108 0.0903989374020468 0
0.9860677767922249 0.06779179932929964 0
0.9861317207272952 0.04519099891700701 0
0.9861985967712323 0.02259446193249759 0
1.006456733927191 0.4771549642316652 0
1.006694618900648 0.4543007061201619 0
1.006852192766888 0.4314309048935803 0
1.006956388535563 0.4085454521354182 0
1.007026631302332 0.3856505668994669 0
1.007075467930547 0.3627581036532166 0
1.007110900113236 0.3398848176730817 0
1.007138439993454 0.3170453580273425 0
1.00716180574467 0.2942496191052386 0
1.007183670947882 0.2715003890104678 0
1.007206035407181 0.2487935731943451 0
1.007230565314273 0.2261204892899776 0
1.007258825836422 0.2034711439501953 0
1.007292210811762 0.1808363492225743 0
1.007331534179238 0.1582081593151096 0
1.007378505092461 0.1355858061394226 0
1.007434795694905 0.1129698182188387 0
1.007501923902895 0.09036160138117183 0
1.007581570160188 0.06776201539633078 0
1.007675219966009 0.04517024924713476 0
1.00778367310588 0.02258383491068091 0
1.028150802053881 0.4771550229300319 0
1.02828985957949 0.4543053191449631 0
1.028383659679427 0.4314469664025083 0
1.028448471838147 0.4085799890231341 0
1.028494721031709 0.3857086226000309 0
1.028529162260487 0.3628390234300399 0
1.028556101023101 0.3399833204940556 0
1.028578836514687 0.3171514015282589 0
1.028599773816823 0.2943506779457942 0
1.028620769963218 0.2715842182896448 0
1.028643433360962 0.2488512806913443 0
1.028669164652522 0.2261477355661662 0
1.028699566279474 0.2034688611009209 0
1.028736018020948 0.1808090837278551 0
1.028780231388435 0.158164773778348 0
1.028834255052681 0.1355344361773311 0
1.028900464908536 0.1129175650232449 0
1.028981695701755 0.09031405761939371 0
1.029081416758095 0.06772325332918194 0
1.029203677881432 0.04514291551284047 0
1.029354410812482 0.02256985157231506 0
1.049913478761373 0.477159829677069 0
1.049925965698079 0.4543178970033366 0
1.049941636233306 0.431470465861435 0
1.04995783017655 0.408617436001781 0
1.049973791331615 0.3857627591207436 0
1.049989552159758 0.3629065362941281 0
1.050005006709499 0.3400597857793587 0
1.050020788499661 0.3172293822930856 0
1.050037599084976 0.2944208541360003 0
1.050056299843492 0.2716379482752043 0
1.050077877787608 0.2488820089213713 0
1.050103476964817 0.2261525379778124 0
1.050134530073899 0.2034482193749309 0
1.050172678545038 0.1807672141272869 0
1.050219809648387 0.1581077574995196 0
1.050278607002212 0.1354695947963735 0
1.050352107399821 0.1128518876596015 0
1.050444275227723 0.09025373489513153 0
1.050560075675288 0.06767327764481509 0
1.050705463196555 0.04510736355229403 0
1.050886409925546 0.02255143061691548 0
1.071669416987312 0.4771698831006387 0
1.071558371909274 0.4543373505093556 0
1.071498375158372 0.4314999264176935 0
1.071467436819044 0.4086572504248231 0
1.071453915076976 0.3858113291089307 0
1.071450272336237 0.3629639983366967 0
1.071453604455152 0.3401207190958256 0
1.071461742721663 0.3172871098555806 0
1.071473673189638 0.2944679499824995 0
1.071489176675489 0.2716673904366586 0
1.071508644112545 0.2488888665205997 0
1.071532882558052 0.226134726702521 0
1.071563107279516 0.2034064833084357 0
1.071601035283971 0.1807051341057878 0
1.071648827493201 0.1580311821872486 0
1.071709465156571 0.1353854287686007 0
1.071786610874324 0.1127675962879493 0
1.07188520051705 0.09017648264742388 0
1.072011743006577 0.06760936498746339 0
1.072174736250588 0.0450618476110988 0
1.072385146691506 0.02252778465165088 0
1.093334687729555 0.4771824824792618 0
1.093144754330589 0.4543614197958632 0
1.093028824700367 0.431534195195829 0
1.092961152788273 0.4087000268183085 0
1.092923644128481 0.3858600267161656 0
1.092904714996944 0.3630161647632356 0
1.092897890666904 0.340171699379569 0
1.092899204851161 0.3173306906534232 0
1.092906378201251 0.2944973921734405 0
1.092918364811149 0.2716765900920226 0
1.092934974197413 0.2488733630220345 0
1.092956778130585 0.2260932407425243 0
1.092984764515443 0.2033404955854724 0
1.093020513327607 0.1806182468763426 0
1.093066359899999 0.1579292619062016 0
1.093125324615559 0.135275619627682 0
1.093201521396224 0.1126584629797672 0
1.093300596536834 0.0900768146579017 0
1.093430214274758 0.06752712216451222 0
1.093600741817939 0.0450033317862335 0
1.093824510462979 0.02249734356325228 0
1.114915226107254 0.4771983249451898 0
1.11466497080901 0.4543911375575265 0
1.114516155625505 0.4315747036064661 0
1.114427627356007 0.4087480082827342 0
1.114376232564021 0.3859117998112001 0
1.114348103446328 0.36306777287836 0
1.114334847818597 0.3402183040210897 0
1.114331320066311 0.3173660680485524 0
1.114334595197491 0.294514428298269 0
1.114343158184851 0.2716689224556004 0
1.114356481751954 0.2488365695052628 0
1.114374951565988 0.2260266375843753 0
1.114399323271349 0.203246712614535 0
1.114430968694478 0.1805015347779557 0
1.114472067033529 0.1577954386344823 0
1.114525585857744 0.1351327854068956 0
1.114595765007046 0.1125173751078783 0
1.114688314715751 0.08994832744466101 0
1.114811613494034 0.06742160283410591 0
1.114978347573478 0.04492852958565262 0
1.115210064265268 0.02245859977017753 0
1.136323888846002 0.4772187107153013 0
1.13609507467985 0.4544289547515027 0
1.135950068603684 0.4316242157291159 0
1.135861132107114 0.4088043444088474 0
1.135808264327106 0.3859703685595282 0
1.135778340270341 0.3631240283751365 0
1.135763001692599 0.3402664147523408 0
1.135757138693957 0.3173992264173734 0
1.135757811230461 0.2945241933467894 0
1.13576327456396 0.2716475056060985 0
1.135773137354724 0.2487787782881373 0
1.135787524964191 0.2259321554563175 0
1.135807039801884 0.2031208687785535 0
1.135832747474307 0.1803492667978812 0
1.135866473501562 0.1576223528944059 0
1.135910812831977 0.1349476816466292 0
1.135969580439261 0.112334462615561 0
1.136047899997964 0.08978167693455351 0
1.136153310702109 0.06728586492985413 0
1.136296803540811 0.04483334079518744 0
1.13649302204899 0.0224098347729076 0
1.157638782905555 0.4772462893543912 0
1.157450599240307 0.4544797521603949 0
1.157334299300917 0.4316869408852586 0
1.157262812599282 0.4088730525592667 0
1.157219793889182 0.3860398268174988 0
1.15719514705046 0.3631900507549073 0
1.157181963290017 0.3403221651778976 0
1.157176478924372 0.3174373382570568 0
1.157176228821235 0.2945328391506583 0
1.157179019358697 0.2716168298050514 0
1.157185363945781 0.2486997266046463 0
1.157195195642856 0.2258050990283633 0
1.157208843396583 0.202958542260947 0
1.157227023089106 0.1801562671288904 0
1.157250986597088 0.1574017784887435 0
1.157282746212111 0.1347072748675411 0
1.15732515466682 0.112096860245288 0
1.157382171748493 0.08956348315699438 0
1.157459559791045 0.06711110974067704 0
1.157566450610217 0.04471228767358175 0
1.157718277860243 0.02234847302689013 0
1.178838804806666 0.477284833945284 0
1.178741328817666 0.454553528842654 0
1.178678168831611 0.4317682278383572 0
1.178638699885366 0.4089588369674756 0
1.178614833646298 0.386123854604585 0
1.178600877366526 0.3632720873914823 0
1.178593398447658 0.3403927182822736 0
1.178589925663896 0.3174920912367202 0
1.178589463836141 0.2945469497091061 0
1.178591071510589 0.2715845557599858 0
1.178593969118038 0.2485984794143121 0
1.178598902368979 0.2256334744285148 0
1.178605895783867 0.2027548311421924 0
1.178615339715984 0.1799186915636819 0
1.17862784395838 0.1571261987868991 0
1.178644428845077 0.1343909157566928 0
1.178666722572725 0.1117899025830785 0
1.178696836383122 0.08927245119058402 0
1.178737691619761 0.06688848531178204 0
1.178793886618997 0.04456023140923544 0
1.178871409260395 0.02227323584490854 0
2 2 0 1372
527
528
529
530
531
532
533
534
535
536
537
538
539
540
541
542
543
544
545
546
547
548
549
550
551
552
553
554
555
556
557
558
559
560
561
562
563
564
565
566
567
568
569
570
571
572
573
574
575
576
577
578
579
580
581
582
583
584
585
586
587
588
589
590
591
592
593
594
595
596
597
598
599
600
601
602
603
604
605
606
607
608
609
610
611
612
613
614
615
616
617
618
619
620
621
622
623
624
625
626
627
628
629
630
631
632
633
634
635
636
637
638
639
640
641
642
643
644
645
646
647
648
649
650
651
652
653
654
655
656
657
658
659
660
661
662
663
664
665
666
667
668
669
670
671
672
673
674
675
676
677
678
679
680
681
682
683
684
685
686
687
688
689
690
691
692
693
694
695
696
697
698
699
700
701
702
703
704
705
706
707
708
709
710
711
712
713
714
715
716
717
718
719
720
721
722
723
724
725
726
727
728
729
730
731
732
733
734
735
736
737
738
739
740
741
742
743
744
745
746
747
748
749
750
751
752
753
754
755
756
757
758
759
760
761
762
763
764
765
766
767
768
769
770
771
772
773
774
775
776
777
778
779
780
781
782
783
784
785
786
787
788
789
790
791
792
793
794
795
796
797
798
799
800
801
802
803
804
805
806
807
808
809
810
811
812
813
814
815
816
817
818
819
820
821
822
823
824
825
826
827
828
829
830
831
832
833
834
835
836
837
838
839
840
841
842
843
844
845
846
847
848
849
850
851
852
853
854
855
856
857
858
859
860
861
862
863
864
865
866
867
868
869
870
871
872
873
874
875
876
877
878
879
880
881
882
883
884
885
886
887
888
889
890
891
892
893
894
895
896
897
898
899
900
901
902
903
904
905
906
907
908
909
910
911
912
913
914
915
916
917
918
919
920
921
922
923
924
925
926
927
928
929
930
931
932
933
934
935
936
937
938
939
940
941
942
943
944
945
946
947
948
949
950
951
952
953
954
955
956
957
958
959
960
961
962
963
964
965
966
967
968
969
970
971
972
973
974
975
976
977
978
979
980
981
982
983
984
985
986
987
988
989
990
991
992
993
994
995
996
997
998
999
1000
1001
1002
1003
1004
1005
1006
1007
1008
1009
1010
1011
1012
1013
1014
1015
1016
1017
1018
1019
1020
1021
1022
1023
1024
1025
1026
1027
1028
1029
1030
1031
1032
1033
1034
1035
1036
1037
1038
1039
1040
1041
1042
1043
1044
1045
1046
1047
1048
1049
1050
1051
1052
1053
1054
1055
1056
1057
1058
1059
1060
1061
1062
1063
1064
1065
1066
1067
1068
1069
1070
1071
1072
1073
1074
1075
1076
1077
1078
1079
1080
1081
1082
1083
1084
1085
1086
1087
1088
1089
1090
1091
1092
1093
1094
1095
1096
1097
1098
1099
1100
1101
1102
1103
1104
1105
1106
1107
1108
1109
1110
1111
1112
1113
1114
1115
1116
1117
1118
1119
1120
1121
1122
1123
1124
1125
1126
1127
1128
1129
1130
1131
1132
1133
1134
1135
1136
1137
1138
1139
1140
1141
1142
1143
1144
1145
1146
1147
1148
1149
1150
1151
1152
1153
1154
1155
1156
1157
1158
1159
1160
1161
1162
1163
1164
1165
1166
1167
1168
1169
1170
1171
1172
1173
1174
1175
1176
1177
1178
1179
1180
1181
1182
1183
1184
1185
1186
1187
1188
1189
1190
1191
1192
1193
1194
1195
1196
1197
1198
1199
1200
1201
1202
1203
1204
1205
1206
1207
1208
1209
1210
1211
1212
1213
1214
1215
1216
1217
1218
1219
1220
1221
1222
1223
1224
1225
1226
1227
1228
1229
1230
1231
1232
1233
1234
1235
1236
1237
1238
1239
1240
1241
1242
1243
1244
1245
1246
1247
1248
1249
1250
1251
1252
1253
1254
1255
1256
1257
1258
1259
1260
1261
1262
1263
1264
1265
1266
1267
1268
1269
1270
1271
1272
1273
1274
1275
1276
1277
1278
1279
1280
1281
1282
1283
1284
1285
1286
1287
1288
1289
1290
1291
1292
1293
1294
1295
1296
1297
1298
1299
1300
1301
1302
1303
1304
1305
1306
1307
1308
1309
1310
1311
1312
1313
1314
1315
1316
1317
1318
1319
1320
1321
1322
1323
1324
1325
1326
1327
1328
1329
1330
1331
1332
1333
1334
1335
1336
1337
1338
1339
1340
1341
1342
1343
1344
1345
1346
1347
1348
1349
1350
1351
1352
1353
1354
1355
1356
1357
1358
1359
1360
1361
1362
1363
1364
1365
1366
1367
1368
1369
1370
1371
1372
1373
1374
1375
1376
1377
1378
1379
1380
1381
1382
1383
1384
1385
1386
1387
1388
1389
1390
1391
1392
1393
1394
1395
1396
1397
1398
1399
1400
1401
1402
1403
1404
1405
1406
1407
1408
1409
1410
1411
1412
1413
1414
1415
1416
1417
1418
1419
1420
1421
1422
1423
1424
1425
1426
1427
1428
1429
1430
1431
1432
1433
1434
1435
1436
1437
1438
1439
1440
1441
1442
1443
1444
1445
1446
1447
1448
1449
1450
1451
1452
1453
1454
1455
1456
1457
1458
1459
1460
1461
1462
1463
1464
1465
1466
1467
1468
1469
1470
1471
1472
1473
1474
1475
1476
1477
1478
1479
1480
1481
1482
1483
1484
1485
1486
1487
1488
1489
1490
1491
1492
1493
1494
1495
1496
1497
1498
1499
1500
1501
1502
1503
1504
1505
1506
1507
1508
1509
1510
1511
1512
1513
1514
1515
1516
1517
1518
1519
1520
1521
1522
1523
1524
1525
1526
1527
1528
1529
1530
1531
1532
1533
1534
1535
1536
1537
1538
1539
1540
1541
1542
1543
1544
1545
1546
1547
1548
1549
1550
1551
1552
1553
1554
1555
1556
1557
1558
1559
1560
1561
1562
1563
1564
1565
1566
1567
1568
1569
1570
1571
1572
1573
1574
1575
1576
1577
1578
1579
1580
1581
1582
1583
1584
1585
1586
1587
1588
1589
1590
1591
1592
1593
1594
1595
1596
1597
1598
1599
1600
1601
1602
1603
1604
1605
1606
1607
1608
1609
1610
1611
1612
1613
1614
1615
1616
1617
1618
1619
1620
1621
1622
1623
1624
1625
1626
1627
1628
1629
1630
1631
1632
1633
1634
1635
1636
1637
1638
1639
1640
1641
1642
1643
1644
1645
1646
1647
1648
1649
1650
1651
1652
1653
1654
1655
1656
1657
1658
1659
1660
1661
1662
1663
1664
1665
1666
1667
1668
1669
1670
1671
1672
1673
1674
1675
1676
1677
1678
1679
1680
1681
1682
1683
1684
1685
1686
1687
1688
1689
1690
1691
1692
1693
1694
1695
1696
1697
1698
1699
1700
1701
1702
1703
1704
1705
1706
1707
1708
1709
1710
1711
1712
1713
1714
1715
1716
1717
1718
1719
1720
1721
1722
1723
1724
1725
1726
1727
1728
1729
1730
1731
1732
1733
1734
1735
1736
1737
1738
1739
1740
1741
1742
1743
1744
1745
1746
1747
1748
1749
1750
1751
1752
1753
1754
1755
1756
1757
1758
1759
1760
1761
1762
1763
1764
1765
1766
1767
1768
1769
1770
1771
1772
1773
1774
1775
1776
1777
1778
1779
1780
1781
1782
1783
1784
1785
1786
1787
1788
1789
1790
1791
1792
1793
1794
1795
1796
1797
1798
1799
1800
1801
1802
1803
1804
1805
1806
1807
1808
1809
1810
1811
1812
1813
1814
1815
1816
1817
1818
1819
1820
1821
1822
1823
1824
1825
1826
1827
1828
1829
1830
1831
1832
1833
1834
1835
1836
1837
1838
1839
1840
1841
1842
1843
1844
1845
1846
1847
1848
1849
1850
1851
1852
1853
1854
1855
1856
1857
1858
1859
1860
1861
1862
1863
1864
1865
1866
1867
1868
1869
1870
1871
1872
1873
1874
1875
1876
1877
1878
1879
1880
1881
1882
1883
1884
1885
1886
1887
1888
1889
1890
1891
1892
1893
1894
1895
1896
1897
1898
1.241911146337829 0.729685756268885 0
0.8445255927755928 0.2079579592170455 0
0.8844266327969634 0.5667893857541206 0
0.8035844652986839 0.08209571442695079 0
1.135106501894845 0.5307934599479015 0
0.9853325129017925 0.575883896419402 0
0.9179226672562608 0.5306727905995442 0
1.067473553363048 0.5758742132108379 0
1.026492665206168 0.5828369975675675 0
0.5134987203826948 0.09558710086117245 0
0.4099734000799717 0.09949289758539176 0
0.2025772934016685 0.1014157383685391 0
0.101001910624408 0.101204092481567 0
0.3055958250612021 0.1010262916195888 0
0.8726428333020955 0.1084128063079456 0
0.7813724250981908 0.03887591253873396 0
0.7049384710551678 0.08287490065370451 0
0.6123132180824225 0.08918158291685152 0
0.7848148397712356 0.218839842027737 0
0.4786439293891431 0.4182157494584975 0
0.6417209589017261 0.1750276673526829 0
0.5779909318881198 0.1382087348617308 0
1.394131289988108 0.2536020910579369 0
1.317998502266413 0.2860621928023042 0
1.435566148419519 0.4261573651486428 0
1.228018143096463 0.2466786442237192 0
1.289718052081251 0.143978751012276 0
1.384982894917968 0.1938041990140166 0
1.244741094989462 0.2062657049950827 0
1.489283443416303 0.1916874373339945 0
1.422523220027568 0.387291676240709 0
1.274828718528744 0.5716765847240592 0
1.280863629898864 0.6088403505946618 0
0.5755041666108949 0.8145911951522069 0
0.6879294994422547 0.8171917059197772 0
0.7981188591730441 0.8172416170168657 0
1.050125338248838 0.6017366059529661 0
1.023785824354488 0.8095635559233786 0
0.9653263166523824 0.8112400552576904 0
0.2305105493618531 0.7073200763235277 0
0.1148709740603371 0.7046726929697621 0
0.2288025174484147 0.8053191824329013 0
0.3445989938260732 0.8078000749675499 0
0.4606485499962591 0.8110469292901438 0
0.1140014466153267 0.8036260409521894 0
0.2262953466139077 0.9027775033149956 0
0.1124782548073038 0.901944692834592 0
0.4578746470997472 0.9055371917810422 0
0.3417492041641184 0.9039956707816632 0
0.687321180571135 0.908214612569077 0
0.5733734404249227 0.9071314693374448 0
0.9123519581986685 0.9068821476711498 0
0.7998935751993108 0.9081574879542974 0
1.025409447668624 0.905867039633761 0
1.136834603728003 0.9069852117843309 0
1.245842174916175 0.9082538087038636 0
1.354535103549081 0.9080590283338719 0
1.464220572138443 0.906108650941726 0
1.923182462864549 0.891587609243548 0
1.805355609432725 0.8943929230073764 0
1.689160862445803 0.8984488709249548 0
1.575577138180447 0.9026969983828548 0
1.797061320955006 0.7879335216266392 0
1.9187871470455 0.7821241414632818 0
1.564860768594015 0.8065159341227766 0
1.678376484979692 0.79724171991962 0
1.137096607593234 0.8138941694559125 0
1.192745727067805 0.7270011803427596 0
1.455343085473647 0.8135722204512819 0
1.274376383304713 0.1976964262053975 0
1.345316976336821 0.773115448416449 0
1.194791357300091 0.6846153963585737 0
1.081676188601171 0.8112761214295787 0
1.34244235414504 0.2590134430003139 0
0.9008350498482873 0.7223057355048812 0
1.025514886392767 0.6285179892568624 0
1.431740438103655 0.6373941647438451 0
1.334643857872868 0.3126702333825288 0
1.387587210991222 0.6844430831716495 0
1.44469168557558 0.72358183758462 0
1.91559517617011 0.6700394417118309 0
1.785814130922123 0.6782399454315013 0
1.663229573251168 0.696758838058202 0
1.551303238034481 0.7124569272940752 0
1.9180106066092 0.5542007773763761 0
1.766003072931673 0.5532769982847787 0
1.640181913050191 0.6000390490912836 0
1.53435173083927 0.6220498869436031 0
1.515565482719761 0.5359262105358472 0
1.690192565774806 0.4930144461789963 0
1.613723820387982 0.5139367000737636 0
1.424355187216432 0.5960230497046792 0
1.190709898138406 0.8161503978849736 0
1.327295313167157 0.6068063925328766 0
0.8581023828075494 0.2763705450622056 0
0.5793718389206655 0.7226418876059151 0
0.7789001285511381 0.323674886575143 0
0.4690653953178765 0.6206835171648059 0
0.848682967581285 0.2323698277652232 0
1.039892392894081 0.5355457329911735 0
1.125732196796738 0.5954558727069001 0
0.8184152147920833 0.2923803010102513 0
0.4776746854814335 0.4715095289410823 0
0.6384502418337552 0.2710858509597177 0
0.4642475332896199 0.7163072977939599 0
0.3472207697616572 0.7110572197750566 0
0.3494709550062649 0.613199661502778 0
0.2313485994789977 0.6085288741136324 0
0.1151258470470125 0.6052859837867023 0
0.8432095682921545 0.605475877042629 0
0.6084412715968632 0.4951780295129304 0
0.6684364841158446 0.3109379836900905 0
0.1145461436450752 0.50598300452953 0
0.3503094645645051 0.5133488154527681 0
0.2306988174403988 0.5086978551774028 0
0.6947627082989096 0.4313065394589701 0
0.791101843820883 0.4320522075191794 0
0.8644697550968923 0.312746948099501 0
0.8482661370204152 0.369312866506346 0
0.5283784591625711 0.6257355973019988 0
0.1056956672051197 0.2031707884597375 0
0.2124756452764824 0.2032693679149084 0
0.3214757439901685 0.2028072744389706 0
0.8412004779503395 0.1822539001815071 0
0.8487258228842427 0.5352251432357324 0
0.3470583397041782 0.4106668094120966 0
0.227544157871574 0.4076142404870136 0
0.1128292185628499 0.4063228029388651 0
0.1098083860404071 0.3052843056850939 0
0.2212303876208057 0.3055375624673639 0
0.3365743627025053 0.3062033578831599 0
0.5986651174972171 0.5404975130075601 0
0.6223600914461254 0.4503175231295119 0
0.5381972008649418 0.5303614603824358 0
0.7027543531697613 0.3437043926520302 0
0.4211238781815103 0.1495421984099368 0
0.7470930966337217 0.6443896405348462 0
0.7854926709331949 0.3646260424418524 0
0.7069003367046334 0.5590647569699972 0
0.7009621459400979 0.204875441585707 0
0.6858039621399845 0.1670674449595858 0
0.7574255161021231 0.3000272856973691 0
0.7004109092345208 0.59958943309847 0
0.769685626818001 0.3894596968082071 0
1.629973024553298 0.1035634594233351 0
1.967214577650645 0.1091817955469279 0
1.855004658689787 0.108084024776562 0
1.742738708435422 0.1065890681457346 0
1.324656579322742 0.3931707435181283 0
1.33441943941165 0.09607624680961419 0
1.452609415793075 0.3203328090397409 0
1.607219222971059 0.211422600385028 0
1.955660920028481 0.2184670192638418 0
1.84100022541927 0.2161749015410379 0
1.726041396347071 0.21382399852998 0
1.712085654803457 0.3204374735550239 0
1.826526791300197 0.3240469232927529 0
1.943393529478695 0.328221474865622 0
1.423993550763531 0.2836633040600558 0
1.593955841114586 0.3268432893679963 0
1.294994727301122 0.1157269771519565 0
1.31328495321848 0.5331090094903012 0
1.375258222277097 0.6024287200085529 0
1.33829945634024 0.06416955805968888 0
1.421230141016727 0.2160272729272697 0
1.221606434833089 0.2793404986533625 0
1.298645790374338 0.08698122991204216 0
1.574127156060993 0.1001537988866374 0
1.600410333822136 0.4266920312627764 0
1.701716024429566 0.4187268188606018 0
1.808573881456141 0.4317169831979937 0
1.930266159431538 0.4394377169606694 0
3.310646171960878 0.7694858302600025 0
3.429941724125134 0.7688543344909871 0
3.193920513015966 0.7729536703562196 0
2.966147587831653 0.7775152907294449 0
3.079685759532587 0.7759227551598848 0
3.75850824275376 0.2234910021703288 0
3.860853471507481 0.4312546218853627 0
3.953765133295235 0.2500185946944938 0
3.665728036622174 0.7785235015544809 0
3.549014945192137 0.7722537671605358 0
3.890390853611972 0.7937437376710902 0
3.779366957644532 0.7860717727623787 0
3.889721799816527 0.8969826656459271 0
3.777797894546333 0.8932133559884221 0
3.663789669316576 0.8896512218485769 0
3.547784446445495 0.8867960111707459 0
3.43038506025652 0.8852501454442891 0
3.312973478965547 0.8853081344082605 0
3.196829114465252 0.8864675332509725 0
3.081867052759421 0.8877213602874829 0
2.966993919774505 0.8885543076259028 0
2.851674433255452 0.8889617771479361 0
2.736399117156064 0.8891014171237883 0
2.621091582024823 0.8891159791955682 0
2.505150698789264 0.8890904883087964 0
2.15767947284449 0.8894213111588412 0
2.040945265768732 0.8900972810981211 0
2.273371742312484 0.8891556018794609 0
2.38898735729364 0.8890809043119849 0
2.039498000229403 0.7795270252679122 0
2.158222984121028 0.7784988758128499 0
2.275407501147395 0.7781498136786171 0
2.391753894320085 0.7780940103759504 0
2.852288399449406 0.7781551682166858 0
2.737943445807592 0.7783101580520382 0
2.623094085114433 0.7782635915054461 0
2.507667514504329 0.778162586338805 0
2.853339602929853 0.6677732136262308 0
2.739922685141471 0.6676910394549459 0
2.625650466621416 0.6674575611619743 0
2.510620734414137 0.6672089064535027 0
2.039917999624333 0.6677104836668533 0
2.160216180180181 0.6670317865955041 0
2.278207663397805 0.6669077827449468 0
2.394852481891379 0.6670066934408347 0
2.043753578540161 0.5547912398291844 0
2.164212206996252 0.5551680557972167 0
2.282194611954602 0.5555003189933397 0
2.398716958199784 0.5558404785803311 0
2.855367682847279 0.557813861372204 0
2.742675491669806 0.5572004041483315 0
2.628891967626646 0.556665750520113 0
2.514229894559746 0.5562195700654046 0
2.965711488512159 0.667356910274699 0
3.076971372036462 0.6655601097012708 0
3.512014901884999 0.1253637360645764 0
3.305146313713312 0.6503437849239122 0
3.188366356681567 0.660383498298535 0
2.96644339210418 0.5583810798898743 0
3.074685835985895 0.5582978622771061 0
3.285077303580527 0.5118737242455752 0
3.177583709767177 0.5542355331665142 0
3.902960819532524 0.4869097221716039 0
3.955235467253902 0.347051947315643 0
3.642937169854531 0.4139437547698527 0
3.723646090746328 0.3804489240337635 0
3.493845464533224 0.5889025901454294 0
3.851694085379228 0.1573503787335968 0
3.451911019583891 0.1889101506460422 0
3.791711908206705 0.5716231411287533 0
3.567421549878956 0.4682001055155545 0
3.629988883879535 0.1217940526235581 0
3.57902358032291 0.2560664815470322 0
3.844087885862042 0.05299154306318704 0
3.755849100176909 0.3398209097019469 0
3.854653867814586 0.4789016735989647 0
3.513309163445924 0.3242746762590215 0
3.724291883448865 0.2959936606614533 0
3.315379918332549 0.37220490592825 0
3.198056730685519 0.3549724205452834 0
2.9756644994151 0.3400639423661111 0
3.086614217895032 0.3451242902011663 0
3.18047724155169 0.4623042920679404 0
3.077840247601436 0.4534680132893888 0
2.969750672357614 0.4498700901047525 0
2.051385990117903 0.4421503339039852 0
2.170239746969461 0.4433844495922831 0
2.287433703700001 0.4441050829121826 0
2.403464502045123 0.4446492839663629 0
2.858870258032232 0.4478852152688311 0
2.746421298499074 0.4466423999945137 0
2.632926439908659 0.4457999107079267 0
2.518595960617718 0.4451765148983968 0
2.751138449505863 0.3357380320775732 0
2.86384321580459 0.3373262943839344 0
2.523678071587054 0.3340502412928459 0
2.637723200034354 0.3347435405199338 0
2.06081132191033 0.3306741423172488 0
2.177611366563863 0.3320372302855122 0
2.293650423384592 0.3328669617853248 0
2.408994026429717 0.3334754762533466 0
2.185524657414621 0.2211352943759947 0
2.070562793710307 0.2200967413179191 0
2.300418416956692 0.2218133911793421 0
2.415093644684918 0.22232398276073 0
2.079972685016088 0.1099781070360099 0
2.193322560091009 0.1105161893894446 0
2.421582213194283 0.1111737796978889 0
2.307293735221029 0.1108852643328609 0
2.75654216641547 0.2242960284898062 0
2.869739816520422 0.2257291498125584 0
2.643100355307904 0.2234122018341429 0
2.529338396965399 0.2228121327495748 0
2.762178962716789 0.1123215390615281 0
2.876009576995571 0.11316449908028 0
2.648745588536387 0.1118019738799661 0
2.535461631125945 0.1114546399323227 0
3.55593209940903 0.5943025659277974 0
3.953057504486558 0.4442518636585705 0
3.803426115587091 0.3414628810258954 0
3.560778329796258 0.5322749159079725 0
3.645254782229217 0.2517140161638179 0
3.209930849769949 0.2385706715853556 0
3.32774792962751 0.2467738041983819 0
3.095639956082788 0.2322008654878895 0
2.982662904639273 0.2281450983119692 0
3.334262230647744 0.1229389394380766 0
3.217985519168155 0.1196400631684447 0
3.103547817414955 0.1166764851264069 0
2.989807689675517 0.1145397952225568 0
3.951352196852138 0.4937149133389996 0
3.742027092070276 0.1131363228112878 0
3.511053459885963 0.0623794029465522 0
3.755983157539981 0.4549049566937752 0
3.847471191438609 0.1055759486283742 0
0.6901973537337716 0.7278686212295079 0
1.351622844556287 0.1747163495826432 0
1.429202439213768 0.03968493158707936 0
1.143054007499981 0.7220920905844201 0
0.9085233706934406 0.8137956966575706 0
0.9229370642088128 0.5958933265078611 0
0.8850981072963193 0.6020138023570386 0
0.9481222502443301 0.5571074257039865 0
0.9699202063640875 0.6190995885997524 0
0.9557705702306452 0.7145146775223039 0
0.9894411118445952 0.5217715299195043 0
0.7393348047171522 0.4487956752363805 0
0.8473639578580785 0.02616068037119945 0
0.8548348832892736 0.04891338128170719 0
1.110853843398335 0.5284613156785098 0
1.160498507204818 0.5325301649731109 0
1.139011155622208 0.767564747547382 0
1.196378086177993 0.6442538819954696 0
1.381770154640462 0.6427664856365956 0
1.401684254998092 0.815958326351418 0
0.8700640085870384 0.4011777225518735 0
0.7179593491850635 0.2401048705826498 0
0.8170659383330807 0.03209760581772791 0
0.8306505527231793 0.3099406021044502 0
3.228176899073166 0.5452244506774299 0
3.172407040237473 0.5081482156443619 0
3.23051605588134 0.4743972742302957 0
0.8548400172018571 0.503936919295944 0
0.69569318328882 0.6413735413678705 0
1.271306482823584 0.355363018095696 0
1.351736680035918 0.4906602788797273 0
1.368027445020565 0.5635594833278978 0
3.844580253939548 0.5800256413838112 0
3.849112579115811 0.5287530507854147 0
3.901439059344153 0.153719601894646 0
0.8457721341484443 0.6843077689717239 0
0.7393495509212882 0.1956079426632621 0
0.8533415591101128 0.2552703084586456 0
0.8412533301750966 0.3920413638187097 0
0.8131260312540425 0.3802005723226363 0
0.8016217415055982 0.5687669301524371 0
3.78354564457248 0.6785763936269708 0
3.625965617119449 0.06060267972753702 0
3.954506506008451 0.3954299605741692 0
0.7960100410910795 0.6863408395556614 0
0.744955384914554 0.686145279702999 0
3.911377201507712 0.345261190999267 0
3.826917860439438 0.3047638981139326 0
3.954905147476567 0.2987103944888567 0
3.867504953425593 0.300808264645974 0
3.70510795764857 0.2369107206096021 0
3.788202962916848 0.3676400323105431 0
3.909771085711254 0.3913054150206278 0
0.4566745054019103 0.9527658625180382 0
0.3401551095261719 0.9520039154461322 0
0.3998118960093691 0.9047360360166794 0
0.3983977210564809 0.9523709241080538 0
2.424983677425237 0.05559136649433999 0
2.364443000310495 0.1110347184951908 0
2.310610134138059 0.05544160431161987 0
2.36778923771411 0.05551884884459957 0
3.197749003981373 0.9432379239540227 0
3.082907433284413 0.9438340105698444 0
3.139263836477367 0.8871313917986728 0
3.140292134779732 0.9435492690506561 0
1.300695570717815 0.2620866161306847 0
1.328344310238538 0.1275425501613254 0
2.04206305323631 0.9450869383974649 0
1.925415333730219 0.9458440115035317 0
1.98215304316645 0.8907078471786702 0
1.983792131845186 0.9454004141973178 0
1.580239407140194 0.9512495285671483 0
1.632054527055369 0.9006235857296757 0
1.693582282783007 0.9491750663043125 0
1.636724205021256 0.9502309544935723 0
3.948374716229647 0.05048865281445397 0
3.452503240148866 0.1252268601227118 0
3.949459301222784 0.1008483994691621 0
3.63067063680391 0.4794925554732467 0
1.357298355209552 0.9539423176916133 0
1.409207610706098 0.9072929634868541 0
1.468222565654307 0.9529508395296125 0
1.412652585849218 0.9535495168299657 0
0.9139100541454901 0.953444967758128 0
0.8008037219033597 0.9540278437640243 0
0.8560502785895787 0.9076285116656035 0
0.8573504738453255 0.9537802714776173 0
3.432234678914247 0.5198143456684216 0
3.393182013332905 0.1243216534426965 0
3.336455348133 0.06141230629104316 0
3.394602874635737 0.0620303434253292 0
2.879209404631199 0.05662881033610262 0
2.819069966363871 0.112690888519816 0
2.764873834284273 0.05618669812802285 0
2.821997313107224 0.05638071662115657 0
0.6874246689192161 0.9540625609862234 0
0.7437107572107655 0.9083566537645604 0
0.7441931936592274 0.9541261194133644 0
0.8533043592771621 0.07918452646840757 0
0.879542035450888 0.06613824427285914 0
0.8094861345722326 0.1842963668389899 0
0.8433387531635435 0.10070794509965 0
1.808841676580084 0.947219907343122 0
1.864181460840035 0.8928037204576954 0
1.867057673826986 0.9464459140328553 0
0.5010219976076609 0.04792891778187497 0
0.4620731789327635 0.09791338049032267 0
0.3995063197535167 0.04974153332421083 0
0.4504328218507558 0.04900173288202792 0
1.51965804067794 0.9045542440742087 0
1.524092172941862 0.9521715486233558 0
3.221102145288466 0.05986635562770243 0
3.160604082363641 0.118066871107509 0
3.107191394335583 0.05842163239153203 0
3.164050682074024 0.05910645193665187 0
3.552610311858807 0.6547712091622846 0
3.832479560509347 0.3423006526580141 0
1.079511392928438 0.5506579505530491 0
1.220895115579142 0.5356830640122063 0
1.187821706139822 0.5338312019569658 0
1.22853306930435 0.1450260906372416 0
1.305345892267404 0.4994128754222652 0
1.388527064240026 0.4426088699896258 0
1.386564623671669 0.3157353492069678 0
1.291105025030001 0.4379243662331099 0
1.303604403173141 0.335726945933887 0
1.496419848770188 0.4512376547490653 0
1.751107099917913 0.05328338433365565 0
1.686372565296851 0.1054477792761501 0
1.640067185626381 0.05167687503547891 0
1.695572878921091 0.05266929110234903 0
1.86181215489268 0.0540553671605763 0
1.798927654852503 0.1074080387263646 0
1.806490560267689 0.05371265747984016 0
0.5727556657544219 0.9535443529201911 0
0.5157713929719059 0.9063568631939195 0
0.5148181344035909 0.9531676076675913 0
0.9311519332721994 0.6315501274152145 0
1.104443390902206 0.5571639005619936 0
3.547736091465889 0.9434796472028217 0
3.430609948041192 0.9427194925785658 0
3.489182682142721 0.8858278228112991 0
3.489242640177988 0.9430059778856197 0
2.592138288433691 0.111614109914442 0
2.538745118780672 0.05573775199921416 0
2.651500875084158 0.05591589490092047 0
2.595152800109754 0.05581893513883662 0
0.05481439294070478 0.30561664942422 0
0.05278012621404615 0.2030078558937133 0
0.1078596055416701 0.2542867128408596 0
0.05385014605129101 0.2543888519962274 0
3.891270507218925 0.7420263443400363 0
3.945275295916196 0.7975226282908225 0
3.945704604829945 0.7466625786080903 0
1.39856935649455 0.4791701436834409 0
1.407803831023065 0.5169192221016604 0
1.53085578743018 0.04726705334049874 0
0.8392076304109324 0.1278833367220448 0
0.7154668853435848 0.5201143431719227 0
0.5274153648799871 0.1432144136702067 0
2.196962863488863 0.05525498292801434 0
2.136576150272144 0.110274652846991 0
2.084390680239725 0.05498755816497874 0
2.140588337298842 0.05513537844837274 0
1.237225506902099 0.2281511055636188 0
1.320733203333627 0.5689928839133028 0
0.5452251059357398 0.4808370084784645 0
1.544575532552398 0.2072463716652891 0
1.266433187316182 0.2635315906144203 0
1.282823718584678 0.2407921633436698 0
1.584921204803065 0.04997842725025636 0
1.413462761951669 0.1180807000756796 0
1.265159578124208 0.05270734355983492 0
1.284640917797798 0.4093377850615011 0
0.874409641450129 0.2285451382612584 0
0.8796762413158372 0.3344728471438466 0
0.1974271778168097 0.05067688168143936 0
0.1516620005083058 0.1013836500567054 0
0.09862014282907827 0.05053558259146007 0
0.1479314314961202 0.05064711329375027 0
3.737458939937503 0.5620850218082721 0
3.675034581844791 0.6090260220263234 0
3.801079206198627 0.1623579030876855 0
1.297235038802981 0.2153603249851819 0
1.379020727851805 0.07124005569899577 0
1.442420392774785 0.1737305476543372 0
2.932927473563298 0.1137702836811039 0
2.993429015982767 0.05734177724369971 0
2.936353692988986 0.0569437372921352 0
3.31355817043043 0.9427177256998819 0
3.371585718738142 0.8850871314926325 0
3.372006169268894 0.9426290442055973 0
2.735638020888416 0.9445435516294243 0
2.620339942346553 0.9445562637650295 0
2.678790974381544 0.8891177669230651 0
2.678025928259232 0.9445545462502853 0
3.777788835091629 0.9466364303589134 0
3.663597837644954 0.944877811102772 0
3.721051598907491 0.8913813499194571 0
3.720887074177314 0.9457302638334053 0
0.8324521580105255 0.06104935600598466 0
0.7952579733967271 0.2463731295397197 0
2.967602943791106 0.944252688296334 0
2.851349174449016 0.9444669428084931 0
2.909364815892305 0.8888025570222111 0
2.909500072697441 0.9443829395002563 0
2.272431917344917 0.944588898563002 0
2.157828081280004 0.9447326481320688 0
2.215603243680331 0.889254529808825 0
2.215181761967487 0.9446433551711703 0
3.889877620569876 0.8453970076032191 0
3.944974162836455 0.8988715679439864 0
3.945033713225151 0.848234156700071 0
1.972629866429095 0.05459466137343882 0
1.91107221992011 0.1086720996127169 0
1.917169439998744 0.05434654914598513 0
1.247212727612778 0.9540691563101868 0
1.300125988853362 0.9083778459380987 0
1.302186083700224 0.954113394990719 0
1.341716258232037 0.7296701324759877 0
1.264627064213895 0.07916406429582684 0
3.046651822445803 0.1155011204928749 0
3.050327077150038 0.0578311004269414 0
1.137599741590338 0.9535055537537656 0
1.19152304546042 0.907742730176749 0
1.192474711186056 0.9538410035043465 0
0.05749187691517266 0.6036736670078351 0
0.1150842783759345 0.6549969595327471 0
0.05738156454578269 0.7036074324915839 0
0.05748060447451553 0.6536059763618078 0
1.045791210663005 0.5183333767848917 0
0.8880845122596821 0.5331978158575292 0
1.001849573455895 0.6018741562213148 0
3.906608440567704 0.4383767816268094 0
3.815803912877969 0.4215057036674935 0
3.447885578970557 0.319827129850256 0
3.952269206737707 0.2007233041002794 0
3.304691899208129 0.4371082765877252 0
3.378524496696018 0.3799974776244621 0
3.737037192410942 0.05669725269356363 0
3.363860194454696 0.5155355646540352 0
3.371134986852519 0.4464658585118331 0
2.023519684692105 0.1096169375974515 0
2.028419765664765 0.05481010790553315 0
2.099459205813511 0.8896876678751878 0
2.100064992280467 0.9448735790466396 0
0.2976896039301082 0.05048852909994478 0
0.3577033623657149 0.1004676907145883 0
0.3485225848337061 0.05021028456172866 0
3.606010497111076 0.888096209133062 0
3.605830593848549 0.9441156797409073 0
0.4719546038002176 0.572100708613031 0
0.7505707442361091 0.6040257258967446 0
0.7754583907290178 0.1886511703199366 0
0.8773240919073877 0.04579123564805504 0
3.275858399056153 0.1213127290941902 0
3.278614416676036 0.06065965425010977 0
3.575431308146143 0.4009717713601867 0
3.686988047312574 0.117705947964201 0
3.748857033043669 0.1690412739494203 0
0.6305494421507905 0.9077800069184143 0
0.6302377629262099 0.9538567376355825 0
3.254717689718981 0.8858159392743656 0
3.255518368429426 0.94294113800159 0
2.418294156281203 0.1667503585042451 0
2.357797080262923 0.2220797250131936 0
2.303871318641978 0.166338924408247 0
2.361104647023233 0.1665528522508546 0
1.026698492525243 0.9530275039549234 0
0.9688526988526904 0.9061710287215066 0
0.9703738941376354 0.9531438787873405 0
1.081489021722134 0.9062367413480112 0
1.082363996113213 0.9531836910473142 0
1.746963134453142 0.8963173400013701 0
1.751021801657859 0.9481463705974023 0
3.024470838061324 0.8881979421603958 0
3.025333392729467 0.94407106167817 0
2.478599296234273 0.1113101742676327 0
2.481956862540153 0.05566107228188849 0
3.582532037431389 0.3287476529812323 0
3.896636894521251 0.5874455931866863 0
3.612346823619463 0.6599740249252912 0
0.5998054958001042 0.04493450320977882 0
0.5637006629486969 0.09258427215071219 0
0.5509028863170127 0.04654404195517126 0
2.447041097236377 0.8890804509688999 0
2.503986601984299 0.944547364974037 0
2.387419377871911 0.9445444348870075 0
2.445636024056927 0.9445442065170638 0
1.220148483667289 0.2147262854901041 0
1.291944968678078 0.3095909325082798 0
0.2245876920170844 0.9513977518515802 0
0.2838728143377147 0.9033399452601775 0
0.2822147279270173 0.9516787619153171 0
3.191613596680212 0.7163974672042142 0
3.13660716727313 0.7746120658379028 0
3.078393875486703 0.7204685328929158 0
3.132443675329005 0.6635713208256298 0
3.134761991792434 0.7187691984044893 0
2.250244540135414 0.11071665201206 0
2.253693768365332 0.05535717989183303 0
3.889983800610065 0.9485109864142407 0
3.945112174399112 0.9494507299480359 0
0.05694354567870397 0.8031221384981214 0
0.1145079981431731 0.7542272245168942 0
0.05720194477036133 0.7534513488024319 0
2.563191468545826 0.8891043932134031 0
2.562242788328401 0.9445523161410204 0
1.009520139173455 0.5181901632126694 0
0.9184508672401048 0.5625554056162874 0
0.9565558601560489 0.5871159680652137 0
3.82587017722329 0.3795438291321308 0
3.894325156604258 0.6387311321321731 0
3.694098523218198 0.177060054883701 0
3.63590429911363 0.1846407132650233 0
3.080826459161607 0.8317205358477386 0
3.195591450247349 0.8296911095266082 0
3.138070314423373 0.8307896684779142 0
1.087616830364361 0.5254977287267246 0
1.027161548341771 0.5498139919470721 0
2.331132776434419 0.8891030143623579 0
2.329820093535567 0.9445593722014608 0
3.183774928592147 0.6057468355735061 0
3.075584993597111 0.6114437180096702 0
3.126979238551324 0.5572889884460441 0
3.129687413558064 0.609526790283291 0
0.813338676959926 0.500869832601665 0
0.7309223626094221 0.3198545345917154 0
0.8806849300425998 0.2936968057171411 0
0.05717366822226055 0.5048876970622436 0
0.05630827942550143 0.4064095827257019 0
0.1138463904881293 0.4562668017913641 0
0.05681505171873047 0.4557586304573734 0
2.705416037457644 0.1120328266411107 0
2.708101048307731 0.05603715758922434 0
3.817612793500154 0.2621200700734717 0
3.68993285938561 0.4939162484340255 0
3.727739215716615 0.6722946955469358 0
3.450615335824624 0.2537733347720975 0
3.89655068971375 0.05161053136380589 0
3.898727305576192 0.1029395959038765 0
3.808486078340207 0.2139541748258791 0
3.322608530839089 0.3091993707950831 0
3.388544048121431 0.2506265017909328 0
3.795384127190756 0.1089698908342664 0
3.38441492166673 0.314896149897591 0
3.772217404778615 0.2739209414809268 0
3.838391350814593 0.6846032971136287 0
0.2538816132338895 0.1013092047278585 0
0.2473792632567269 0.05062473471635293 0
2.794023178795003 0.8890548679812846 0
2.793438894783227 0.9445174243511743 0
0.1113374923784125 0.9509828555098034 0
0.1691895764625837 0.902313348029107 0
0.1677515060663328 0.9511683121275087 0
1.621023158944781 0.8020688340370701 0
1.684155426839378 0.8478020877877299 0
1.570502995423049 0.8544174363742788 0
1.626883439139297 0.8512125138987383 0
0.6646476418600014 0.5088300884061661 0
0.460446090346103 0.3059368798001314 0
0.7369050080117752 0.2720611738443766 0
0.8437346549077209 0.6438452731912342 0
0.9967541457929072 0.543000552937098 0
3.49739983798871 0.52524203041691 0
3.33147456385425 0.1847023794151826 0
3.391298587585362 0.1871268508077599 0
0.7162330090747799 0.1227032675888932 0
0.8020329884069073 0.4048913574271062 0
2.872850858433293 0.169548932704123 0
2.813174827394107 0.2249217546848541 0
2.759366229957374 0.1683673396088165 0
2.816112469575644 0.1688841966639846 0
3.214315571463493 0.1792550696530893 0
3.152495363011377 0.2350750154925539 0
3.099727919091866 0.1746538311980748 0
3.156792848300124 0.1767782672473989 0
0.7981926286915131 0.606103626767869 0
0.9674081981430465 0.5252444717822149 0
1.080397298903657 0.6186159823210314 0
1.801463853854177 0.8413658655222649 0
1.857867584952364 0.7845119864410517 0
1.920944775183877 0.8370747785074325 0
1.861116410074356 0.8388999314838776 0
3.78905628872684 0.3142948474564772 0
3.947201314428283 0.6449020589749106 0
3.949723598017334 0.5437344565943993 0
0.1149591458639629 0.5556324878953574 0
0.05739272174500298 0.5541892809998415 0
3.702805458591959 0.4362415777304418 0
3.892559869768665 0.6903185053676267 0
1.916885217915067 0.7265222275456029 0
1.791960162936039 0.7337690717241948 0
1.851244789558794 0.6728622017984587 0
1.854498190057899 0.7293235736862862 0
0.05046725384853779 0.1007818462723062 0
0.04930168963272896 0.05030410648341066 0
1.282843334019939 0.1714353735199972 0
1.264046430891399 0.3299843355338492 0
1.256240112486349 0.3058798720528696 0
0.1114794964977519 0.3559793680876382 0
0.0556402731758936 0.3562479281171875 0
2.411986595579166 0.2778979402512256 0
2.351405859976053 0.3331854431222057 0
2.2969932020716 0.2773195442019828 0
2.35455178656934 0.2776220181805026 0
0.4591848274683852 0.8583036832440047 0
0.343213666932275 0.8559407145406239 0
0.4026731248720168 0.8093402675396066 0
0.4012244359357802 0.8570700570408014 0
0.6933657387319934 0.04181903261397429 0
0.6592410282921224 0.0857969893333419 0
0.6472146837264532 0.04331410798821883 0
3.869696255372912 0.3436336623437725 0
2.586271678481076 0.223088908917069 0
2.532342339246563 0.1671475162763447 0
2.645915547656577 0.1676385555469504 0
2.589170542878812 0.167373486527047 0
0.7990080756099942 0.862507795006056 0
0.6874746874893549 0.8625543622695437 0
0.7432119711926046 0.8176259526554612 0
0.7433717885187405 0.8628091913114417 0
1.252423879954539 0.2443235006993663 0
1.320094298107196 0.1582276962184278 0
1.267082661740302 0.5366357895991373 0
2.219426709058073 0.6669292109936141 0
2.161941940127125 0.6111236324832963 0
2.223430621453481 0.5553355681092565 0
2.280039414578892 0.611214706349447 0
2.22122135680592 0.6111476450596087 0
0.8763471220678918 0.08623898403320485 0
2.64035553626882 0.2791146742660456 0
2.580778929575411 0.3343721291344354 0
2.526445846070547 0.2784463537799192 0
2.583465837564776 0.2787554778128964 0
1.35164472408455 0.862508489663623 0
1.243427647194693 0.8175732699260128 0
1.459959544913475 0.8596014236166151 0
1.405577193100137 0.8613763208578704 0
2.276678443731704 0.7225575379988513 0
2.216962450028542 0.7782711471735678 0
2.159000112365667 0.7228342406551937 0
2.218023842372426 0.722644362764271 0
3.514037800727736 0.2558635465188434 0
3.78700905705951 0.6249090823010023 0
3.091249124684932 0.2891112718518631 0
3.204601984423199 0.2973139791670547 0
3.142059320196824 0.3492299562006322 0
3.147601244588635 0.2926937319828876 0
2.157804544441174 0.8340216242310173 0
2.27433159107635 0.8336805372555987 0
2.216177724923105 0.8338044273883558 0
1.734309826837738 0.1600868203865849 0
1.667499251960232 0.2128370287706399 0
1.619040046752573 0.1564670825702125 0
1.676914907656985 0.1587328526779571 0
2.290445344108925 0.3884618846189343 0
2.406143607789356 0.3890590043515734 0
2.345573332750348 0.4443872368149256 0
2.348399537564034 0.3887737675073679 0
0.05615082454648013 0.9016657714280438 0
0.05557257922236869 0.9508393880022143 0
2.965846318196792 0.6127296585859887 0
2.909669444083057 0.6676640833212936 0
2.854195119303196 0.6127546732771563 0
2.911159978444196 0.5581211364047279 0
2.910222634963293 0.6128179640150432 0
0.1133381397267175 0.8528450969586986 0
0.0565992780311364 0.8524591727549025 0
1.979387666175422 0.7805430827599279 0
2.040063840465594 0.8349391605821856 0
1.980650247778694 0.8357983478667388 0
3.781064648602974 0.7323445411142668 0
3.835143604519687 0.7899290802727563 0
3.836464140071643 0.737256703259522 0
3.834001371374149 0.8950926305094864 0
3.834105333371378 0.9475711544132237 0
3.54818630182405 0.8297825428736272 0
3.430156184987686 0.8273820902545683 0
3.489674504524707 0.7701013793115059 0
3.489305544474878 0.8282696535543512 0
2.099094134478269 0.7788888578601125 0
2.099114509449778 0.834377749393586 0
3.841048718454415 0.6321102808811958 0
3.907858489247015 0.2521608626070445 0
0.3135268164305967 0.1517556929788191 0
0.8666610150944865 0.4251941713473729 0
0.3770414324274995 0.2019801996744874 0
0.3671986734739916 0.1509790528004133 0
2.914558689223785 0.4487513647409976 0
2.861200427114641 0.3927216374009415 0
2.919874280649956 0.3384989966030907 0
2.972474137662078 0.3952199835923622 0
2.917024741689937 0.3937930921988398 0
1.849816689921689 0.5536836529931151 0
1.915599513047801 0.612524253526181 0
1.77787423308428 0.619801081566374 0
1.848877536700657 0.6144720384298831 0
2.965853726367926 0.7222960490703593 0
2.909279558048571 0.777920957115565 0
2.852727647871238 0.7229041235657929 0
2.909386198105436 0.7226993285302674 0
0.8240837392385485 0.3580811763976969 0
0.750748536343218 0.08104537908735221 0
0.7376844754752589 0.04062365922710409 0
2.966529727917059 0.8329557913968986 0
2.85195834911926 0.8335151756339518 0
2.909285112153455 0.833301474569129 0
2.682885289356761 0.6675818540374718 0
2.738855636194638 0.7229784278042584 0
2.680587727346134 0.7783006006106155 0
2.624296632964831 0.7228554552056071 0
2.68166020438888 0.7229292284941188 0
2.737141993227224 0.8336866403451725 0
2.622025808231689 0.8336840566758378 0
2.679639434363106 0.8336977341129601 0
1.509690768107526 0.8103919429006652 0
1.51490056443006 0.8572524131371131 0
0.8202686830030994 0.4706839091215941 0
0.7274382016599659 0.1603949319674843 0
0.6421096298045639 0.6368208821686332 0
1.606375906117739 0.7051739867361208 0
1.671536816872326 0.7468308500884063 0
1.558501298843254 0.759134475599923 0
1.614261588140995 0.7533184885748438 0
1.961534256077917 0.1637934836386019 0
1.898297263861826 0.2173884514918927 0
1.848048605003261 0.1621238722380389 0
1.904767819441851 0.1630115877448591 0
2.189477204692043 0.1658021979335923 0
2.128046246321641 0.2206755116047722 0
2.075342133951787 0.1650025829689445 0
2.132373338646303 0.1654449893881577 0
1.259929046061779 0.1316486475475414 0
1.365038069237076 0.2282275748535906 0
1.783679737833967 0.2149376329718695 0
1.791284720173226 0.1611541441380356 0
3.312037296042582 0.8276266870760488 0
3.370130750145006 0.7686457896544785 0
3.370978582670966 0.8271785462927653 0
1.262833803084229 0.1055203269676008 0
1.215760199839595 0.2343277423028031 0
1.339813254609355 0.03207310770844912 0
2.449761457016117 0.7781193275160416 0
2.393225488512323 0.7225627425534531 0
2.452831874366217 0.6670990118743942 0
2.50907388977551 0.7226895054640137 0
2.451226554273875 0.7226168484556423 0
2.039385273205264 0.7237932941720473 0
2.100440499400471 0.6672636304874181 0
2.09949538969879 0.7231852545533246 0
1.422640526600449 0.07903280425919612 0
1.350356659878414 0.3418736015061931 0
1.334100358544343 0.4242013423597341 0
2.926230460461246 0.2267783843648633 0
2.986234451493447 0.1715062797445862 0
2.929556723993794 0.1704056854315175 0
1.718423902336856 0.2675502791687812 0
1.654318292678383 0.3216617300913946 0
1.595674033585511 0.2696859645600059 0
1.659175466206729 0.2676831031732353 0
1.136552407267828 0.8604340695088665 0
1.244538814142353 0.8626953775480058 0
1.190863341025812 0.8617968227159705 0
2.979111682157945 0.2843587972477514 0
2.866716150909786 0.2816629823082053 0
2.922979001137922 0.2828244399448115 0
2.512333595359129 0.6117195269153191 0
2.396675553954131 0.6114303560837866 0
2.456584534777448 0.5560233654799626 0
2.454611120497775 0.6115671571776043 0
1.264071461014752 0.02627165286598843 0
1.471884430739682 0.364261420342221 0
3.19001586198651 0.4105722902525296 0
3.13004638326746 0.4566860958211536 0
3.08196755398514 0.399962103068344 0
3.135997566434743 0.4041081877403457 0
2.807589616473322 0.3364321062364565 0
2.753779576543266 0.2800887666782027 0
2.810313563304536 0.2807754667576884 0
0.5742731187053403 0.8608014337821535 0
0.5183230687129381 0.8128418832810372 0
0.516919467329281 0.8595798855089682 0
2.802799317397343 0.4471981863991638 0
2.748671215950993 0.3912495015246495 0
2.805065695713619 0.391897369665958 0
0.9106565780558613 0.8603108405252639 0
0.8530302481055609 0.8159425580063013 0
0.8546577937393751 0.8616317267051825 0
2.63523772325498 0.3903023196503854 0
2.575860292120219 0.4454692100873721 0
2.521054823000137 0.3896258361314619 0
2.578236370194104 0.3899414617409197 0
0.1730378142722884 0.6068194489707622 0
0.2310642769569906 0.6580379223556053 0
0.1725589977084454 0.7058944048381258 0
0.1729164096838784 0.6564257361925047 0
0.4623178221574034 0.7637338136291724 0
0.5222266068047245 0.7194323334383275 0
0.5771589213161608 0.7685316014421708 0
0.5200592626928762 0.7661355171010433 0
0.1033858785179063 0.1521118174579988 0
0.05163837945110017 0.1517910780495271 0
2.390374169726527 0.8335992884974872 0
2.506370430460092 0.8336292288541807 0
2.448388144343395 0.8336065658028573 0
3.039093499191276 0.2299196694007457 0
3.042924997599755 0.1729055751215848 0
0.7972284731879391 0.7725863607473492 0
0.6887836650404389 0.7722506641761469 0
0.7433069998439827 0.7729813678804017 0
2.181543784266096 0.2765391860068246 0
2.119308411898138 0.3314500517663332 0
2.065696836371279 0.2753032814494291 0
2.123665638764724 0.2759987058175488 0
3.429778834569785 0.7093185267303623 0
3.443100572456526 0.3864665690711899 0
3.550413896172513 0.7139975251721219 0
3.490399725517873 0.7110429528314952 0
3.031220836945094 0.3421891380971241 0
3.035162432893902 0.2863980353429154 0
1.364849788285698 0.2855583104572265 0
3.024270147699345 0.4513646998772992 0
3.027474873421205 0.3971769088895825 0
0.6320525593480508 0.8161111700626484 0
0.6311299748009667 0.8618404100838388 0
1.116489838049984 0.6309235317616984 0
1.057653008782823 0.5432152421475438 0
1.104209600336136 0.6699955956944152 0
0.905471715945763 0.7675744268662191 0
3.899536168543404 0.5367234383224453 0
3.946336828701451 0.6957703122399409 0
3.731803171948898 0.6171308550316238 0
3.856819811266492 0.2076830787172762 0
0.3292799230605297 0.2542817166201279 0
0.7709585192512907 0.4938568635102654 0
0.3969624653594286 0.3063627612111446 0
0.3871119465838657 0.2537154110991812 0
0.4743840566392472 0.3620764051533167 0
0.8447824679781104 0.5692310344467431 0
0.5435822106829524 0.1910753554660612 0
0.6474888575156688 0.5933039966520748 0
2.242987250484851 0.2215060174417969 0
2.246651444479993 0.1660943402697905 0
0.2076079409186458 0.1522747151471293 0
0.2666352846367253 0.2031609008048518 0
0.2603199624593551 0.1521336177897486 0
3.021460260126065 0.6667227714166405 0
3.021042523222496 0.5585053394145925 0
3.020987923522662 0.6123548839680056 0
3.022920078105834 0.7768726975882849 0
3.022158413239174 0.7215955810073266 0
2.055994905010057 0.3862702356869346 0
2.173811297889224 0.3876490379947207 0
2.111061153617613 0.4428672961399002 0
2.115066868730598 0.3870644671216378 0
3.308538343221053 0.7105916742893607 0
3.367296888694995 0.6479009314207147 0
3.36894393777071 0.7091026637952276 0
1.024441690982763 0.8582347975769402 0
1.027669861997072 0.5157268777289759 0
1.081131153315727 0.8590046765010986 0
3.023686875324982 0.8324396351663949 0
0.6354021261725216 0.7255885103162349 0
0.633424453474287 0.7706683846150699 0
2.041317366022863 0.6113255507363696 0
2.104395066822977 0.5549908064284274 0
2.102049841049572 0.611167214594066 0
1.465643471629996 0.5464572848008979 0
1.233681714947896 0.3477474460554602 0
1.383265879379301 0.03569322680970799 0
1.159636420842881 0.6016368888408221 0
0.9672830056340471 0.8589317001443117 0
0.4664872645702374 0.6686738832603061 0
0.5862718258069306 0.6313578070002355 0
0.5823268576700575 0.676924190797719 0
0.5249486923988149 0.6726707930227385 0
0.6924015692874064 0.6841915761589178 0
0.6804446656631029 0.2545683832289964 0
0.5893749545969962 0.2884833448666689 0
1.949619509313614 0.2732498033964854 0
1.884746007048736 0.3263556679928454 0
1.833872248444039 0.2701804228714575 0
1.891655668555088 0.2718208189585609 0
1.497493791150697 0.7186017807117289 0
1.450280149010013 0.7681776536861844 0
1.503916595395584 0.764120489169771 0
1.586799429297267 0.6121409235864376 0
1.652926133490334 0.6474923746630457 0
1.54321953664953 0.6666976638675735 0
1.597198610988379 0.6579685162094437 0
2.235722067748981 0.3324950201600241 0
2.239321525074543 0.2769678861880872 0
1.090396476524261 0.7140672749652539 0
1.094704785327955 0.5868783257921991 0
2.472279271296773 0.2225626970447764 0
2.475382515329905 0.166944138221033 0
0.345933558670273 0.7595258328850822 0
0.4058006778551528 0.7134862612100468 0
0.4041917197450193 0.7615009318864643 0
0.2276666343424261 0.8540978643386476 0
0.2866011251046678 0.806458657531293 0
0.2853203052078119 0.854946691176699 0
0.7044925153151154 0.2897195259775777 0
0.673048480269282 0.3724207592981477 0
3.664465630436873 0.8342287965077129 0
3.607742836337364 0.7751295105312161 0
3.606610098850329 0.8318127839920038 0
1.360134049446098 0.5262757499084509 0
1.474356924024232 0.5879553019026739 0
1.446618614299033 0.465698161398208 0
1.226073421022803 0.3009992217661239 0
3.251882355410166 0.7711111195978704 0
3.253555113237967 0.8285576963632821 0
3.245650946602392 0.6557476452426486 0
3.249419158173183 0.713461724428313 0
2.229007092618765 0.4437811067788702 0
2.232259175174603 0.388098354092954 0
1.285388626475759 0.647827328865453 0
1.298031869830917 0.8629514578312225 0
1.737076345574891 0.7923598811282002 0
1.74238208283871 0.8444206026974816 0
1.237043755422337 0.3720739182733402 0
2.689786297154023 0.4461845367872666 0
2.694511601565427 0.335188658539495 0
2.692053825840895 0.3907295000523521 0
3.430297089283551 0.5852440679140184 0
3.622279487789917 0.5412122237007819 0
3.574810365561259 0.1885944897249002 0
0.8010644318403972 0.3429822285134853 0
0.8378737583779154 0.2822946295864471 0
0.8067878132009225 0.5335893628576877 0
2.685901717632496 0.5569213848632344 0
2.741184602068376 0.6124383974202842 0
2.627176324141348 0.6120641763866876 0
2.684291197964062 0.6122506802345786 0
1.936940247805806 0.3835319151627089 0
1.869039099153469 0.4366651001189588 0
1.818471966445381 0.377764640536488 0
1.877329497494401 0.38115692620754 0
2.466417408966957 0.333757545649024 0
2.469286585630458 0.2781666507987469 0
0.8710761513519327 0.1813965800755804 0
0.8341996131095155 0.4165118520266244 0
2.699851778085237 0.2238050771503544 0
2.697125393632498 0.2795487311475177 0
2.702637620677485 0.1679621658497192 0
1.314514732061219 0.3636371739852214 0
1.279563522312362 0.2854262993017819 0
1.297884583669822 0.4678107153202646 0
1.230054163791139 0.3239857436463769 0
1.507134952071619 0.1423080038904737 0
0.1723149908499173 0.5071946628347981 0
0.1698100280297645 0.4067704136723528 0
0.2294991737343048 0.4583140624160983 0
0.1713187933696687 0.4571071891309319 0
2.013092141531474 0.2193687542129942 0
2.018392833671903 0.1644566741934122 0
2.333648408382692 0.7780987637688499 0
2.332370466159841 0.8336192375170883 0
0.6261598740546299 0.1326349500154714 0
0.8813667353148731 0.3140018393180309 0
3.268259173474438 0.2425806256977527 0
3.272497020880356 0.181972196212701 0
2.565451411918096 0.7782138710008917 0
2.564263467854554 0.833657953462158 0
1.332894129388617 0.6463204255603415 0
1.231996716205658 0.07243039207214197 0
2.461133301659392 0.4449077061244429 0
2.463692262983661 0.3893373079428599 0
1.722744979952268 0.6874116537512454 0
1.730721422283645 0.740038507843358 0
1.769077611141032 0.3217056768599852 0
1.77626582380039 0.2685864096443664 0
1.978404718833615 0.6685317687795952 0
1.978543616074576 0.7248176063200713 0
0.8452437088216909 0.299399133484554 0
0.7366907785387844 0.3693961752059011 0
0.7825139217486496 0.2838046599197901 0
2.336659375943148 0.6669393452737311 0
2.335056380936456 0.7225379579568902 0
1.238470752946992 0.2633102468042883 0
1.288783913035519 0.6884479596887713 0
2.340601382553098 0.555667299313672 0
2.33850038098268 0.6113114626175181 0
0.659602566923112 0.2159206759591666 0
0.7262995580321463 0.4831750925210781 0
3.429782295465742 0.6483035268576218 0
3.74526013524903 0.5076455872630443 0
0.862641494570503 0.06480700463808842 0
3.45288986199477 0.06239817879227105 0
3.568926296288214 0.06181982272492453 0
3.862495908068947 0.255724168668193 0
1.478869267313467 0.04369436393027576 0
1.48548432870881 0.4081781828677897 0
1.482640702448103 0.6304385373768763 0
1.438520542894508 0.6799429884248618 0
1.490388784520469 0.6739991200345461 0
3.616415654245936 0.6011664526118996 0
3.49167754207747 0.6507600446454886 0
3.502697405685186 0.4598916215940646 0
0.2312684144135131 0.5587609956397775 0
0.1728620807606522 0.5570848240336639 0
2.795175570040652 0.7782714399153081 0
2.794576978211889 0.8336335486583413 0
2.002145001161245 0.3296305382224265 0
2.007663202065164 0.2744031845530526 0
1.696142677543406 0.5835215931654898 0
1.71203967432472 0.6347338196026077 0
3.255524346974894 0.3627629682424413 0
3.262774129069169 0.3029699678283699 0
1.981896511069878 0.5545446357390391 0
1.979378233878751 0.6116980209966217 0
0.5915493687825344 0.5858987625582313 0
3.24566664843727 0.4209737307529942 0
1.232040835838984 0.04820899722545868 0
1.364716354921131 0.3735464883941375 0
0.2899425342989825 0.510667680355231 0
0.2864264098509506 0.4088650147506786 0
0.3494350591659747 0.4623756906349233 0
0.2887226683174244 0.4599943121887734 0
1.991129148862019 0.441094228621971 0
1.996592051529863 0.385151604989718 0
3.94832632733553 0.5941781026232233 0
3.682101701469314 0.05878138092366481 0
3.513181729070329 0.1896312993157238 0
1.193908993070224 0.5692554678023134 0
2.568227154365357 0.6673305021967142 0
2.566766112016413 0.7227719747807212 0
2.571665244148496 0.5564326215185945 0
2.569854860487191 0.6118858808820379 0
0.1651982998585431 0.3053085424902325 0
0.2247722069139342 0.3566537124290607 0
0.1677611819283711 0.3561559089101932 0
1.706754478109239 0.371267532212658 0
1.651590886724766 0.4201453607259899 0
1.596374372626477 0.3789020127206075 0
1.652142996694047 0.3727407337624283 0
1.75281449560128 0.4241357245860421 0
1.761647201151924 0.3737484018461703 0
0.8706382762530638 0.132487783825588 0
0.7581078795954901 0.3446819171572466 0
0.6258431834563616 0.336431219204869 0
0.6777499497287671 0.4687239530063926 0
0.8632519673648944 0.4500654093057768 0
0.8788230385777807 0.2728097034869248 0
2.796748103873275 0.6677653461713534 0
2.795880689892914 0.7229809863862244 0
0.3501877377674858 0.5635880886921454 0
0.2901498847141744 0.6105978174647798 0
0.290336820060261 0.5608557578133124 0
1.278122507195491 0.3818352169666555 0
1.401117401379577 0.1565914221688291 0
1.240240195284201 0.3968999116885265 0
1.561337306755231 0.1517525125246601 0
1.458037412857142 0.1303917908865125 0
1.336965869666294 0.2064597452936363 0
1.23136834349735 0.09666271681474381 0
1.216379302825752 0.2606309650923095 0
1.462610149693182 0.2424714717140007 0
2.799180914732637 0.5575005827080315 0
2.797831698064885 0.6126142391980057 0
0.8765866906609843 0.2510941951578348 0
0.839151450553618 0.155441638379283 0
0.8768134870811983 0.3556788023456358 0
0.8595875836872642 0.4760088630186229 0
0.8725154650858735 0.205267781431021 0
0.5633859464306057 0.2394631600375912 0
0.5544335315770068 0.4282820389413872 0
0.7524716774230535 0.2281319464412033 0
0.6548035824548786 0.5505456348679355 0
1.293763365289864 0.7737870237167095 0
1.236745884874409 0.6084236280631788 0
1.348592469191886 0.8174636176588765 0
3.778309152363601 0.8396979587150093 0
3.834340265491668 0.8425476194000152 0
1.506167513042962 0.4936625438221557 0
1.300808346468451 0.02888265558402997 0
1.377376979265795 0.4073076974746281 0
0.4331849528704512 0.2002668615811118 0
0.8703218318317516 0.1570297758725267 0
1.084003828701035 0.7628506630965617 0
0.974253685068994 0.5504684430300739 0
1.1912906250914 0.7710655709124268 0
1.196421202050043 0.6058954600587034 0
1.231202856291958 0.5713961317244083 0
0.7669228936689301 0.2576591552760429 0
0.8065603196445397 0.2710152680250191 0
0.4104799544965743 0.4134194691644155 0
0.6141782388972461 0.2279174792137246 0
0.4120169251699011 0.5171215925213757 0
0.4122249630466186 0.4659144568838339 0
0.7964330765000829 0.7288409538741384 0
1.406369373804706 0.3498514446136186 0
0.4749915623582626 0.5225593022416944 0
0.7556689596608146 0.5652896977753029 0
3.681171006870315 0.5516419743371482 0
3.299060839313567 0.5869951404167869 0
3.365227664693911 0.5839044991355031 0
0.3484281414002472 0.6623153195692033 0
0.288746271398914 0.7090182963984991 0
0.2895751522628993 0.6599616702356397 0
0.1712705819553286 0.8043743026338861 0
0.1703443071172057 0.8533962754912952 0
1.605852485672125 0.4712930757961809 0
1.565457415969509 0.524895428871883 0
1.556398578894042 0.4817247006685453 0
3.866564630658967 0.3863943163752229 0
3.770637657142615 0.4064174956711945 0
1.01488802351611 0.5354051289133704 0
0.8484909130662632 0.7267538142967108 0
0.8510030395621417 0.7708329898992419 0
1.696387625615761 0.4606340734467422 0
1.657111963800666 0.5034265457079716 0
1.652629173712423 0.463526044903569 0
1.520318253918407 0.09443423281686913 0
1.24777535853338 0.2834188129252965 0
3.722925228701901 0.7822295714601777 0
3.721697080067672 0.836896478610556 0
1.242570720408427 0.7731299488481522 0
1.295919421143358 0.8180161512858504 0
1.008918508417398 0.5632078975298762 0
1.397448806411377 0.771210656273738 0
1.337638909889863 0.6873380845416674 0
0.2297479302338241 0.7564040215320538 0
0.1720053016406722 0.7552110285316738 0
0.3427505842949241 0.3584472532556753 0
0.4055109615902699 0.3598462943305729 0
3.670724416095153 0.6659687799460107 0
3.571387296309387 0.1243525602647497 0
3.075131579830093 0.5059273685472928 0
3.126022215943095 0.5069963005818632 0
0.1588782382127372 0.2032547462979473 0
0.1553348751205141 0.1522605293644659 0
0.7151657429131555 0.398142708355307 0
0.7540786383788702 0.4175030248304643 0
0.762506852581317 0.5284635404696899 0
3.806007002522797 0.4686880908109028 0
0.4092160417852722 0.6165114416326165 0
0.4074937946664294 0.6652013203223567 0
0.5327087238736747 0.578422269916233 0
0.7672018591264378 0.1558207628114817 0
3.667736082348383 0.7224571955916159 0
3.724873405601045 0.7273568124657175 0
0.2877430592800134 0.7578320424871087 0
0.8161344225168348 0.3246453713127485 0
0.7964351830365466 0.6453597453882365 0
0.9901158178253429 0.6547667264465258 0
0.8887912764950712 0.6394243825881544 0
0.2782135944181701 0.3058708341505484 0
0.2828990116105194 0.3574160683567777 0
1.363475841776974 0.1411382487538825 0
1.525003536649112 0.578553268928433 0
1.456479063702751 0.5057655402646701 0
2.967706701651894 0.5041736047641071 0
3.022036827361669 0.5049857719296057 0
2.7444186893875 0.5019471605267842 0
2.630808199123145 0.5012493295288268 0
2.687732239023299 0.5015738894940033 0
2.856917694939673 0.5028862474024866 0
2.912588453125585 0.5034788725474663 0
1.291459254530842 0.7305113675171384 0
1.372529574417161 0.1064795898636532 0
1.239699667018106 0.6471449309574346 0
2.516317756464452 0.5007064089076169 0
2.573667023172587 0.5009633011660681 0
0.7989458039992332 0.306228561609825 0
1.023532211350316 0.7584077239380744 0
1.027497841239527 0.5287719713974327 0
0.2170701489968094 0.25437776428979 0
0.1622016455611943 0.2543047185897113 0
0.6382022002168055 0.6809470015469559 0
3.508664645104985 0.3929042056048192 0
0.2726824568554864 0.2544168360433366 0
2.284668649087904 0.4997896770870915 0
2.167004482174471 0.4992353280073544 0
2.226041523701757 0.4995346050590594 0
2.047204551696285 0.4983418640509276 0
2.107445711257495 0.4988579574999961 0
0.743805454733165 0.7290806281068565 0
0.8945204176177473 0.6794431867862198 0
3.609573610730026 0.7179018541222861 0
3.791017471818502 0.05469999872504749 0
2.800832350271818 0.5023804047015207 0
2.400982643213678 0.5002445701522404 0
2.458759798078915 0.5004697511509182 0
2.342964270268561 0.5000215250802662 0
0.8607564338350508 0.3298252664334853 0
3.23958984080869 0.5987003749477366 0
3.910476804065634 0.299227986586975 0
3.95077472095919 0.1509807522729888 0
0.6433373216882106 0.4075366996984178 0
0.8549607141914422 0.3485189466408045 0
1.300608175360609 0.05796626161496571 0
3.797955015660422 0.5192394464857648 0
1.223581001937012 0.1923826114346237 0
0.8734919221322348 0.3779461334346468 0
0.4108240147961211 0.567231234303606 0
1.241156005928157 0.6876030948781359 0
1.923636984115339 0.4962728433710648 0
1.986046663390959 0.4975677280339548 0
1.794182921521219 0.4875698408655353 0
1.859608961669061 0.4937805429861435 0
1.044803916328434 0.5632803314553517 0
0.9426388188250698 0.6706508691226672 0
0.5944762514174697 0.1833905485186936 0
1.625946800798719 0.5559279384607411 0
1.575823004698413 0.567980602573432 0
1.255964533369777 0.157364590239583 0
1.717581225755663 0.5158599800759344 0
1.740207734291781 0.4720732098473451 0
1.024097673008267 0.6997600890059843 0
0.8154238578440824 0.2122295850613324 0
0.8622687301109084 0.2954105776783795 0
0.8741185093631001 0.02358998976773369 0
1.416379010929246 0.5558650508493308 0
1.469749184032745 0.08704052511180571 0
1.250926553248522 0.182394246576364 0
1.231431078496199 0.02403843950631329 0
1.392782023441225 0.7273127976461582 0
1.673939377127146 0.5407478143556983 0
3.663604824569681 0.3345846082199734 0
1.309691160152043 0.1876710483350237 0
1.343057779098402 0.4566734312364519 0
0.8345227615123803 0.3388377295268226 0
1.264281529660659 0.222224783162378 0
1.319870152147613 0.2357143035333126 0
1.149342355545988 0.6790913392270933 0
1.059395125937746 0.6542265688861391 0
0.9621928427350939 0.7629588328688046 0
1.16139609017974 0.5663045614354724 0
1.226339030040298 0.1689564193643667 0
0.8438540579755125 0.323098997621772 0
0.8300319995744505 0.2615707843388033 0
3.210000226837252 0.5092636257556511 0
0.8272101206562332 0.4426820027681105 0
3.904594400212345 0.2035881529999861 0
0.4463315438688047 0.2521831170350265 0
3.437282728897035 0.4531620784508301 0
0.7595639814023702 0.1200660922773803 0
0.6720530099358804 0.1272148858010188 0
1.131799267656354 0.5623699406555104 0
1.1553705723715 0.6390449508712419 0
1.065770761262177 0.5219935672413675 0
0.943635051746613 0.5282215332878302 0
1.246858596029447 0.4482606283959114 0
1.251155761173785 0.475307770153988 0
1.257810960971253 0.5044105487769596 0
1.548057139539622 0.4374172902643719 0
1.539516489603521 0.3906894185174037 0
1.529651681479896 0.3392796856293552 0
1.210442762110447 0.2479004128563627 0
1.230203739845472 0.1208957032170149 0
1.243419721217394 0.4222469586803493 0
1.516378681449442 0.2763523592762148 0
0.8049985785325988 0.1541701241578134 0
0.8025952970432939 0.1211195055461665 0
0.4748293298146093 0.1470615043618157 0
0.4893080914466457 0.1969101602596763 0
0.5066000112591866 0.2482822165267623 0
0.5293328228165954 0.3030970555913295 0
0.8512303266131249 0.3117720527787262 0
0.7806268960192899 0.4616959963603558 0
0.8223961993170303 0.2380586462408645 0
0.5670964284682725 0.368680661125213 0
$EndNodes
$Elements
14 2001 1 2001
0 1 15 1
1 1 
0 3 15 1
2 3 
0 5 15 1
3 5 
0 6 15 1
4 6 
0 7 15 1
5 7 
0 8 15 1
6 8 
1 2 1 14
7 1 30 
8 30 37 
9 37 31 
10 31 38 
11 38 32 
12 32 39 
13 39 33 
14 33 40 
15 40 34 
16 34 41 
17 41 35 
18 35 42 
19 42 36 
20 36 3 
1 5 1 20
21 5 77 
22 77 87 
23 87 86 
24 86 88 
25 88 85 
26 85 89 
27 89 84 
28 84 90 
29 90 83 
30 83 91 
31 91 82 
32 82 92 
33 92 81 
34 81 93 
35 93 80 
36 80 94 
37 94 79 
38 79 95 
39 95 78 
40 78 1 
1 6 1 52
41 3 109 
42 109 122 
43 122 97 
44 97 123 
45 123 98 
46 98 124 
47 124 99 
48 99 125 
49 125 100 
50 100 126 
51 126 101 
52 101 127 
53 127 102 
54 102 128 
55 128 103 
56 103 129 
57 129 104 
58 104 130 
59 130 105 
60 105 131 
61 131 106 
62 106 132 
63 132 107 
64 107 133 
65 133 108 
66 108 134 
67 134 96 
68 96 135 
69 135 110 
70 110 136 
71 136 111 
72 111 137 
73 137 112 
74 112 138 
75 138 113 
76 113 139 
77 139 114 
78 114 140 
79 140 115 
80 115 141 
81 141 116 
82 116 142 
83 142 117 
84 117 143 
85 143 118 
86 118 144 
87 144 119 
88 119 145 
89 145 120 
90 120 146 
91 146 121 
92 121 6 
1 7 1 20
93 6 147 
94 147 157 
95 157 156 
96 156 158 
97 158 155 
98 155 159 
99 159 154 
100 154 160 
101 160 153 
102 153 161 
103 161 152 
104 152 162 
105 162 151 
106 151 163 
107 163 150 
108 150 164 
109 164 149 
110 149 165 
111 165 148 
112 148 7 
1 8 1 70
113 7 218 
114 218 166 
115 166 219 
116 219 167 
117 167 220 
118 220 168 
119 168 221 
120 221 169 
121 169 222 
122 222 170 
123 170 223 
124 223 171 
125 171 224 
126 224 172 
127 172 225 
128 225 173 
129 173 217 
130 217 174 
131 174 227 
132 227 175 
133 175 228 
134 228 176 
135 176 229 
136 229 177 
137 177 230 
138 230 178 
139 178 231 
140 231 179 
141 179 232 
142 232 180 
143 180 233 
144 233 181 
145 181 234 
146 234 182 
147 182 226 
148 226 183 
149 183 200 
150 200 184 
151 184 201 
152 201 185 
153 185 202 
154 202 186 
155 186 203 
156 203 187 
157 187 204 
158 204 188 
159 188 205 
160 205 189 
161 189 206 
162 206 190 
163 190 207 
164 207 191 
165 191 208 
166 208 192 
167 192 209 
168 209 193 
169 193 210 
170 210 194 
171 194 211 
172 211 195 
173 195 212 
174 212 196 
175 196 213 
176 213 197 
177 197 214 
178 214 198 
179 198 215 
180 215 199 
181 199 216 
182 216 8 
1 9 1 20
183 8 253 
184 253 235 
185 235 252 
186 252 236 
187 236 251 
188 251 237 
189 237 250 
190 250 238 
191 238 249 
192 249 239 
193 239 248 
194 248 240 
195 240 247 
196 247 241 
197 241 246 
198 246 242 
199 242 245 
200 245 243 
201 243 244 
202 244 5 
2 1 3 308
203 2 10 254 64 
204 10 29 255 254 
205 29 11 256 255 
206 11 28 257 256 
207 28 12 258 257 
208 12 27 259 258 
209 27 13 260 259 
210 13 26 261 260 
211 26 14 262 261 
212 14 25 263 262 
213 25 15 264 263 
214 15 24 265 264 
215 24 16 266 265 
216 16 23 267 266 
217 23 17 268 267 
218 17 22 269 268 
219 22 18 270 269 
220 18 21 271 270 
221 21 19 272 271 
222 19 20 273 272 
223 20 9 274 273 
224 9 1 30 274 
225 64 254 275 71 
226 254 255 276 275 
227 255 256 277 276 
228 256 257 278 277 
229 257 258 279 278 
230 258 259 280 279 
231 259 260 281 280 
232 260 261 282 281 
233 261 262 283 282 
234 262 263 284 283 
235 263 264 285 284 
236 264 265 286 285 
237 265 266 287 286 
238 266 267 288 287 
239 267 268 289 288 
240 268 269 290 289 
241 269 270 291 290 
242 270 271 292 291 
243 271 272 293 292 
244 272 273 294 293 
245 273 274 295 294 
246 274 30 37 295 
247 71 275 296 65 
248 275 276 297 296 
249 276 277 298 297 
250 277 278 299 298 
251 278 279 300 299 
252 279 280 301 300 
253 280 281 302 301 
254 281 282 303 302 
255 282 283 304 303 
256 283 284 305 304 
257 284 285 306 305 
258 285 286 307 306 
259 286 287 308 307 
260 287 288 309 308 
261 288 289 310 309 
262 289 290 311 310 
263 290 291 312 311 
264 291 292 313 312 
265 292 293 314 313 
266 293 294 315 314 
267 294 295 316 315 
268 295 37 31 316 
269 65 296 317 72 
270 296 297 318 317 
271 297 298 319 318 
272 298 299 320 319 
273 299 300 321 320 
274 300 301 322 321 
275 301 302 323 322 
276 302 303 324 323 
277 303 304 325 324 
278 304 305 326 325 
279 305 306 327 326 
280 306 307 328 327 
281 307 308 329 328 
282 308 309 330 329 
283 309 310 331 330 
284 310 311 332 331 
285 311 312 333 332 
286 312 313 334 333 
287 313 314 335 334 
288 314 315 336 335 
289 315 316 337 336 
290 316 31 38 337 
291 72 317 338 66 
292 317 318 339 338 
293 318 319 340 339 
294 319 320 341 340 
295 320 321 342 341 
296 321 322 343 342 
297 322 323 344 343 
298 323 324 345 344 
299 324 325 346 345 
300 325 326 347 346 
301 326 327 348 347 
302 327 328 349 348 
303 328 329 350 349 
304 329 330 351 350 
305 330 331 352 351 
306 331 332 353 352 
307 332 333 354 353 
308 333 334 355 354 
309 334 335 356 355 
310 335 336 357 356 
311 336 337 358 357 
312 337 38 32 358 
313 66 338 359 73 
314 338 339 360 359 
315 339 340 361 360 
316 340 341 362 361 
317 341 342 363 362 
318 342 343 364 363 
319 343 344 365 364 
320 344 345 366 365 
321 345 346 367 366 
322 346 347 368 367 
323 347 348 369 368 
324 348 349 370 369 
325 349 350 371 370 
326 350 351 372 371 
327 351 352 373 372 
328 352 353 374 373 
329 353 354 375 374 
330 354 355 376 375 
331 355 356 377 376 
332 356 357 378 377 
333 357 358 379 378 
334 358 32 39 379 
335 73 359 380 67 
336 359 360 381 380 
337 360 361 382 381 
338 361 362 383 382 
339 362 363 384 383 
340 363 364 385 384 
341 364 365 386 385 
342 365 366 387 386 
343 366 367 388 387 
344 367 368 389 388 
345 368 369 390 389 
346 369 370 391 390 
347 370 371 392 391 
348 371 372 393 392 
349 372 373 394 393 
350 373 374 395 394 
351 374 375 396 395 
352 375 376 397 396 
353 376 377 398 397 
354 377 378 399 398 
355 378 379 400 399 
356 379 39 33 400 
357 67 380 401 74 
358 380 381 402 401 
359 381 382 403 402 
360 382 383 404 403 
361 383 384 405 404 
362 384 385 406 405 
363 385 386 407 406 
364 386 387 408 407 
365 387 388 409 408 
366 388 389 410 409 
367 389 390 411 410 
368 390 391 412 411 
369 391 392 413 412 
370 392 393 414 413 
371 393 394 415 414 
372 394 395 416 415 
373 395 396 417 416 
374 396 397 418 417 
375 397 398 419 418 
376 398 399 420 419 
377 399 400 421 420 
378 400 33 40 421 
379 74 401 422 68 
380 401 402 423 422 
381 402 403 424 423 
382 403 404 425 424 
383 404 405 426 425 
384 405 406 427 426 
385 406 407 428 427 
386 407 408 429 428 
387 408 409 430 429 
388 409 410 431 430 
389 410 411 432 431 
390 411 412 433 432 
391 412 413 434 433 
392 413 414 435 434 
393 414 415 436 435 
394 415 416 437 436 
395 416 417 438 437 
396 417 418 439 438 
397 418 419 440 439 
398 419 420 441 440 
399 420 421 442 441 
400 421 40 34 442 
401 68 422 443 75 
402 422 423 444 443 
403 423 424 445 444 
404 424 425 446 445 
405 425 426 447 446 
406 426 427 448 447 
407 427 428 449 448 
408 428 429 450 449 
409 429 430 451 450 
410 430 431 452 451 
411 431 432 453 452 
412 432 433 454 453 
413 433 434 455 454 
414 434 435 456 455 
415 435 436 457 456 
416 436 437 458 457 
417 437 438 459 458 
418 438 439 460 459 
419 439 440 461 460 
420 440 441 462 461 
421 441 442 463 462 
422 442 34 41 463 
423 75 443 464 69 
424 443 444 465 464 
425 444 445 466 465 
426 445 446 467 466 
427 446 447 468 467 
428 447 448 469 468 
429 448 449 470 469 
430 449 450 471 470 
431 450 451 472 471 
432 451 452 473 472 
433 452 453 474 473 
434 453 454 475 474 
435 454 455 476 475 
436 455 456 477 476 
437 456 457 478 477 
438 457 458 479 478 
439 458 459 480 479 
440 459 460 481 480 
441 460 461 482 481 
442 461 462 483 482 
443 462 463 484 483 
444 463 41 35 484 
445 69 464 485 76 
446 464 465 486 485 
447 465 466 487 486 
448 466 467 488 487 
449 467 468 489 488 
450 468 469 490 489 
451 469 470 491 490 
452 470 471 492 491 
453 471 472 493 492 
454 472 473 494 493 
455 473 474 495 494 
456 474 475 496 495 
457 475 476 497 496 
458 476 477 498 497 
459 477 478 499 498 
460 478 479 500 499 
461 479 480 501 500 
462 480 481 502 501 
463 481 482 503 502 
464 482 483 504 503 
465 483 484 505 504 
466 484 35 42 505 
467 76 485 506 70 
468 485 486 507 506 
469 486 487 508 507 
470 487 488 509 508 
471 488 489 510 509 
472 489 490 511 510 
473 490 491 512 511 
474 491 492 513 512 
475 492 493 514 513 
476 493 494 515 514 
477 494 495 516 515 
478 495 496 517 516 
479 496 497 518 517 
480 497 498 519 518 
481 498 499 520 519 
482 499 500 521 520 
483 500 501 522 521 
484 501 502 523 522 
485 502 503 524 523 
486 503 504 525 524 
487 504 505 526 525 
488 505 42 36 526 
489 70 506 63 4 
490 506 507 43 63 
491 507 508 62 43 
492 508 509 44 62 
493 509 510 61 44 
494 510 511 45 61 
495 511 512 60 45 
496 512 513 46 60 
497 513 514 59 46 
498 514 515 47 59 
499 515 516 58 47 
500 516 517 48 58 
501 517 518 57 48 
502 518 519 49 57 
503 519 520 56 49 
504 520 521 50 56 
505 521 522 55 50 
506 522 523 51 55 
507 523 524 54 51 
508 524 525 52 54 
509 525 526 53 52 
510 526 36 3 53 
2 2 3 1491
511 765 1633 1621 1560 
512 1466 1014 768 1278 
513 1317 866 1114 1146 
514 867 774 761 1464 
515 1465 1219 151 163 
516 1278 768 866 1317 
517 145 120 772 1816 
518 574 887 890 889 
519 887 196 213 890 
520 890 213 197 888 
521 889 890 888 575 
522 132 107 894 893 
523 107 133 891 894 
524 894 891 806 892 
525 893 894 892 807 
526 717 895 898 897 
527 895 172 225 898 
528 898 225 173 896 
529 897 898 896 718 
530 1796 676 690 1018 
531 725 901 904 903 
532 901 182 226 904 
533 904 226 183 902 
534 903 904 902 585 
535 185 202 908 907 
536 202 186 905 908 
537 908 905 588 906 
538 907 908 906 587 
539 773 1218 818 885 
540 949 1451 1452 1633 
541 1218 881 950 818 
542 771 1277 1659 1562 
543 187 204 916 915 
544 204 188 913 916 
545 916 913 583 914 
546 915 916 914 584 
547 578 917 920 919 
548 917 192 209 920 
549 920 209 193 918 
550 919 920 918 579 
551 141 116 924 923 
552 775 1069 1172 1277 
553 772 1173 1174 833 
554 923 924 922 825 
555 137 925 928 111 
556 925 813 926 928 
557 928 926 812 927 
558 111 928 927 136 
559 579 918 931 930 
560 918 193 210 931 
561 931 210 194 929 
562 930 931 929 576 
563 542 1338 80 94 
564 663 1086 1211 1780 
565 183 200 938 902 
566 200 184 936 938 
567 938 936 586 937 
568 902 938 937 585 
569 90 83 942 941 
570 83 91 939 942 
571 942 939 536 940 
572 941 942 940 537 
573 186 203 944 905 
574 203 187 915 944 
575 944 915 584 943 
576 905 944 943 588 
577 140 945 948 114 
578 945 826 946 948 
579 948 946 827 947 
580 114 948 947 139 
581 1070 158 155 706 
582 776 884 704 1180 
583 761 1067 817 829 
584 876 118 144 1658 
585 1827 1006 1405 1711 
586 900 687 693 676 
587 1861 1876 851 598 
588 952 953 70 4 
589 1750 1545 692 1615 
590 1124 1232 1233 1582 
591 1017 1003 1859 596 
592 1689 1005 1385 1850 
593 109 1852 53 3 
594 126 101 964 963 
595 101 127 961 964 
596 964 961 674 962 
597 963 964 962 671 
598 127 102 967 961 
599 102 128 965 967 
600 967 965 673 966 
601 961 967 966 674 
602 577 968 970 969 
603 968 195 212 970 
604 970 212 196 887 
605 969 970 887 574 
606 1066 532 1755 535 
607 1845 1527 1715 1801 
608 1213 1528 627 1460 
609 714 973 976 975 
610 973 169 222 976 
611 976 222 170 974 
612 975 976 974 715 
613 814 977 980 979 
614 977 815 978 980 
615 980 978 134 96 
616 979 980 96 135 
617 655 981 984 983 
618 981 241 246 984 
619 984 246 242 982 
620 983 984 982 647 
621 709 985 987 986 
622 1173 909 911 1174 
623 912 1170 1730 1561 
624 986 987 150 164 
625 1503 45 60 1584 
626 1856 1017 596 1231 
627 1691 1886 55 51 
628 934 650 528 1846 
629 646 1508 1509 1510 
630 1619 547 667 666 
631 131 994 997 105 
632 994 805 995 997 
633 997 995 804 996 
634 105 997 996 130 
635 552 1692 1885 1375 
636 1582 1233 1750 1002 
637 1368 600 1860 1690 
638 957 1386 604 1455 
639 1721 1867 1564 628 
640 1320 854 28 11 
641 1647 1475 1354 1508 
642 1696 15 25 1679 
643 1850 1385 836 1627 
644 1386 1581 959 604 
645 1544 1787 989 988 
646 958 1583 1880 1879 
647 1054 1601 1649 1006 
648 1882 695 1738 1740 
649 691 554 1686 1019 
650 1385 1018 1504 836 
651 1801 564 565 1863 
652 1085 624 1772 1831 
653 1505 1864 1660 1718 
654 1769 670 1202 643 
655 88 1010 1013 86 
656 1010 538 1011 1013 
657 1013 1011 539 1012 
658 86 1013 1012 87 
659 1742 885 1145 1068 
660 1632 1115 949 816 
661 1855 776 773 764 
662 1219 1657 162 151 
663 555 998 1123 1829 
664 1829 1123 57 49 
665 1727 1650 1386 957 
666 690 1827 1711 1376 
667 828 1020 1022 1021 
668 1020 813 925 1022 
669 1022 925 137 112 
670 1021 1022 112 138 
671 170 223 1025 974 
672 223 171 1023 1025 
673 1025 1023 716 1024 
674 974 1025 1024 715 
675 721 1026 1029 1028 
676 1026 176 229 1029 
677 1029 229 177 1027 
678 1028 1029 1027 722 
679 712 1030 1033 1032 
680 1030 167 220 1033 
681 1033 220 168 1031 
682 1032 1033 1031 713 
683 1892 1713 662 1891 
684 1858 1866 1821 1826 
685 719 1036 1039 1038 
686 1036 174 227 1039 
687 1039 227 175 1037 
688 1038 1039 1037 720 
689 726 1040 1043 1042 
690 1040 180 233 1043 
691 1043 233 181 1041 
692 1042 1043 1041 724 
693 711 1044 1046 1045 
694 1044 709 986 1046 
695 1046 986 164 149 
696 1045 1046 149 165 
697 129 1047 1049 103 
698 1047 672 1048 1049 
699 1049 1048 673 965 
700 103 1049 965 128 
701 188 205 1052 913 
702 205 189 1050 1052 
703 1052 1050 582 1051 
704 913 1052 1051 583 
705 1502 1543 618 1849 
706 692 59 47 1692 
707 827 1055 1056 947 
708 1055 828 1021 1056 
709 1056 1021 138 113 
710 947 1056 113 139 
711 189 206 1059 1050 
712 206 190 1057 1059 
713 1059 1057 581 1058 
714 1050 1059 1058 582 
715 237 250 1063 1062 
716 250 238 1060 1063 
717 1063 1060 635 1061 
718 1062 1063 1061 567 
719 843 1863 1463 601 
720 1877 1064 67 74 
721 1845 1781 602 1862 
722 839 840 529 1143 
723 868 1824 1070 1870 
724 1172 1177 1200 767 
725 1146 1114 1657 1219 
726 1175 1467 1626 1169 
727 759 1071 1075 1074 
728 1071 777 1072 1075 
729 921 1560 1732 1074 
730 1870 1070 706 1318 
731 130 996 1077 104 
732 996 804 1076 1077 
733 1077 1076 672 1047 
734 104 1077 1047 129 
735 724 1041 1079 1078 
736 1041 181 234 1079 
737 1079 234 182 901 
738 1078 1079 901 725 
739 540 1080 1082 1081 
740 1080 89 84 1082 
741 1082 84 90 941 
742 1081 1082 941 537 
743 713 1031 1084 1083 
744 1031 168 221 1084 
745 1084 221 169 973 
746 1083 1084 973 714 
747 993 536 1117 548 
748 1353 1201 1873 1775 
749 1162 14 26 1595 
750 643 1202 1577 1869 
751 1830 1698 27 12 
752 1034 856 846 847 
753 78 1 9 1848 
754 541 18 22 1674 
755 141 923 1090 115 
756 923 825 1089 1090 
757 1090 1089 826 945 
758 115 1090 945 140 
759 1855 764 1223 763 
760 1855 1113 771 820 
761 1816 772 833 1178 
762 768 1828 867 866 
763 576 929 1095 1094 
764 929 194 211 1095 
765 1095 211 195 968 
766 1094 1095 968 577 
767 717 1096 1097 895 
768 1096 716 1023 1097 
769 1097 1023 171 224 
770 895 1097 224 172 
771 807 892 1101 1100 
772 892 806 1098 1101 
773 1101 1098 803 1099 
774 1100 1101 1099 802 
775 580 1102 1104 1103 
776 1102 191 208 1104 
777 1104 208 192 917 
778 1103 1104 917 578 
779 581 1057 1106 1105 
780 1057 190 207 1106 
781 1106 207 191 1102 
782 1105 1106 1102 580 
783 184 201 1108 936 
784 201 185 907 1108 
785 1108 907 587 1107 
786 936 1108 1107 586 
787 174 1036 1110 217 
788 1036 719 1109 1110 
789 1110 1109 718 896 
790 217 1110 896 173 
791 815 1111 1112 978 
792 1111 806 891 1112 
793 1112 891 133 108 
794 978 1112 108 134 
795 1069 1450 1072 1179 
796 146 121 909 1173 
797 882 159 154 762 
798 886 880 762 877 
799 91 82 1118 939 
800 82 92 1116 1118 
801 1118 1116 544 1117 
802 939 1118 1117 536 
803 727 1119 1122 1121 
804 1119 723 1120 1122 
805 1122 1120 178 231 
806 1121 1122 231 179 
807 1860 899 1003 1017 
808 1256 1615 552 998 
809 687 1374 1054 693 
810 1693 691 1019 556 
811 197 214 1127 888 
812 214 198 1125 1127 
813 1127 1125 572 1126 
814 888 1127 1126 575 
815 756 1128 1132 1131 
816 1128 701 1129 1132 
817 1132 1129 703 1130 
818 1131 1132 1130 753 
819 132 893 1134 106 
820 893 807 1133 1134 
821 1134 1133 805 994 
822 106 1134 994 131 
823 7 218 1136 148 
824 218 166 1135 1136 
825 1136 1135 711 1045 
826 148 1136 1045 165 
827 571 1137 1139 1138 
828 1137 236 251 1139 
829 1139 251 237 1062 
830 1138 1139 1062 567 
831 722 1027 1141 1140 
832 1027 177 230 1141 
833 1141 230 178 1120 
834 1140 1141 1120 723 
835 602 1066 535 563 
836 1845 843 1838 1781 
837 1528 534 951 972 
838 1824 156 158 1070 
839 763 912 769 1091 
840 1464 761 829 1220 
841 1169 1626 883 881 
842 718 1149 1151 897 
843 1149 703 1129 1151 
844 1151 1129 701 1150 
845 897 1151 1150 717 
846 849 531 69 76 
847 563 535 1837 534 
848 1845 1862 1462 1527 
849 1460 627 1505 1876 
850 726 1154 1155 1040 
851 1154 727 1121 1155 
852 1155 1121 179 232 
853 1040 1155 232 180 
854 760 1156 1159 1158 
855 1156 756 1131 1159 
856 1159 1131 753 1157 
857 1158 1159 1157 758 
858 1701 1474 1839 1723 
859 1538 661 1611 1768 
860 845 1896 1469 1620 
861 639 1163 1166 1165 
862 1163 239 248 1166 
863 1166 248 240 1164 
864 1165 1166 1164 654 
865 136 927 1168 110 
866 927 812 1167 1168 
867 1168 1167 814 979 
868 110 1168 979 135 
869 830 1178 1016 1093 
870 1145 950 1247 1741 
871 1318 706 882 1823 
872 775 1806 1450 1069 
873 1093 1016 1175 704 
874 1069 1179 1177 1172 
875 875 1278 1317 1181 
876 1308 1181 1224 985 
877 884 1147 1093 704 
878 1072 777 1176 1179 
879 1179 1176 822 1177 
880 1828 1771 774 867 
881 1763 754 831 1625 
882 1777 1171 875 1306 
883 829 817 153 161 
884 120 146 1173 772 
885 538 1010 1183 1182 
886 1010 88 85 1183 
887 1183 85 89 1080 
888 1182 1183 1080 540 
889 721 1184 1185 1026 
890 1184 720 1037 1185 
891 1185 1037 175 228 
892 1026 1185 228 176 
893 198 215 1188 1125 
894 215 199 1186 1188 
895 1188 1186 573 1187 
896 1125 1188 1187 572 
897 591 1189 1192 1191 
898 1189 592 1190 1192 
899 1192 1190 587 906 
900 1191 1192 906 588 
901 1352 1869 1678 1699 
902 1537 1195 668 1161 
903 1821 644 1595 1009 
904 845 1769 643 1896 
905 1876 1505 1718 851 
906 1875 972 848 531 
907 837 594 1717 850 
908 841 1878 1212 1716 
909 825 922 1200 1199 
910 1148 770 1092 1147 
911 1198 765 1560 921 
912 1199 1200 1177 822 
913 870 1353 1775 1087 
914 1871 1471 1321 1713 
915 1703 870 1087 545 
916 1577 872 854 1320 
917 812 926 1206 1205 
918 926 813 1203 1206 
919 1206 1203 809 1204 
920 1205 1206 1204 808 
921 826 1207 1210 946 
922 1207 821 1208 1210 
923 1210 1208 823 1209 
924 946 1210 1209 827 
925 1620 1469 1770 992 
926 1898 1702 546 1472 
927 1862 602 563 1213 
928 1461 626 1064 1877 
929 1781 842 1066 602 
930 1862 1213 1460 1462 
931 585 937 1217 1216 
932 937 586 1214 1217 
933 1217 1214 589 1215 
934 1216 1217 1215 590 
935 909 147 157 911 
936 1633 1452 1449 1621 
937 1113 1091 1806 775 
938 1730 1014 1466 1015 
939 238 249 1222 1060 
940 249 239 1163 1222 
941 1222 1163 639 1221 
942 1060 1222 1221 635 
943 1823 882 762 880 
944 1067 886 877 817 
945 1634 1198 921 1872 
946 876 1625 143 118 
947 607 1225 1228 1227 
948 1225 590 1215 1228 
949 1228 1215 589 1226 
950 1227 1228 1226 608 
951 87 1012 1230 77 
952 1012 539 1229 1230 
953 1230 1229 243 244 
954 77 1230 244 5 
955 676 693 1827 690 
956 836 1504 98 124 
957 954 1865 56 50 
958 1584 60 46 1545 
959 654 1164 1235 1234 
960 1164 240 247 1235 
961 1235 247 241 981 
962 1234 1235 981 655 
963 803 1236 1239 1099 
964 1236 799 1237 1239 
965 1239 1237 798 1238 
966 1099 1239 1238 802 
967 570 1240 1243 1242 
968 1240 574 889 1243 
969 1243 889 575 1241 
970 1242 1243 1241 569 
971 92 81 1246 1116 
972 81 93 1244 1246 
973 1246 1244 543 1245 
974 1116 1246 1245 544 
975 1771 1068 705 774 
976 1626 1318 1823 883 
977 831 1624 142 117 
978 1560 1621 1491 1732 
979 810 1248 1251 1250 
980 1248 811 1249 1251 
981 1251 1249 815 977 
982 1250 1251 977 814 
983 562 1252 1255 1254 
984 1252 579 930 1255 
985 1255 930 576 1253 
986 1254 1255 1253 561 
987 1888 677 685 1693 
988 553 1367 1374 687 
989 688 999 558 1258 
990 1552 1797 1706 559 
991 742 1259 1263 1262 
992 1259 741 1260 1263 
993 1263 1260 745 1261 
994 1262 1263 1261 746 
995 1264 933 19 21 
996 1034 847 1623 932 
997 530 1337 1338 542 
998 811 1248 1268 1267 
999 1248 810 1265 1268 
1000 1268 1265 795 1266 
1001 1267 1268 1266 794 
1002 584 914 1272 1271 
1003 914 583 1269 1272 
1004 606 1853 605 1630 
1005 742 1273 1276 1259 
1006 1273 730 1274 1276 
1007 1276 1274 729 1275 
1008 1259 1276 1275 741 
1009 820 1148 1147 884 
1010 1562 1659 754 1763 
1011 883 1823 880 1247 
1012 754 910 1624 831 
1013 780 1279 1282 1281 
1014 1279 823 1208 1282 
1015 1282 1208 821 1280 
1016 1281 1282 1280 778 
1017 724 1283 1285 1042 
1018 1283 729 1274 1285 
1019 1285 1274 730 1284 
1020 1042 1285 1284 726 
1021 671 962 1289 1288 
1022 962 674 1286 1289 
1023 1289 1286 681 1287 
1024 1288 1289 1287 678 
1025 786 1290 1293 1292 
1026 1290 798 1237 1293 
1027 1293 1237 799 1291 
1028 1292 1293 1291 787 
1029 235 1294 1295 253 
1030 1294 573 1186 1295 
1031 1295 1186 199 216 
1032 253 1295 216 8 
1033 757 1296 1300 1299 
1034 1296 752 1297 1300 
1035 1300 1297 736 1298 
1036 1299 1300 1298 748 
1037 236 1137 1302 252 
1038 1137 571 1301 1302 
1039 1302 1301 573 1294 
1040 252 1302 1294 235 
1041 590 1303 1305 1216 
1042 1303 728 1304 1305 
1043 1305 1304 725 903 
1044 1216 1305 903 585 
1045 710 1306 1308 1307 
1046 866 867 1464 1114 
1047 763 1223 1170 912 
1048 1307 1308 985 709 
1049 711 1135 1310 1309 
1050 1135 166 219 1310 
1051 1310 219 167 1030 
1052 1309 1310 1030 712 
1053 708 1311 1314 1313 
1054 1311 714 975 1314 
1055 1314 975 715 1312 
1056 1313 1314 1312 700 
1057 729 1283 1316 1315 
1058 1283 724 1078 1316 
1059 1316 1078 725 1304 
1060 1315 1316 1304 728 
1061 770 876 1658 1092 
1062 767 1200 922 910 
1063 1622 832 1771 1828 
1064 1806 1634 1872 1450 
1065 649 1319 1322 1321 
1066 1319 540 1081 1322 
1067 855 666 870 1703 
1068 1893 1871 1713 1892 
1069 783 1323 1327 1326 
1070 1323 788 1324 1327 
1071 1327 1324 793 1325 
1072 1326 1327 1325 779 
1073 612 1328 1331 1330 
1074 1328 611 1329 1331 
1075 1331 1329 607 1227 
1076 1330 1331 1227 608 
1077 752 1332 1335 1297 
1078 1332 702 1333 1335 
1079 1335 1333 732 1334 
1080 1297 1335 1334 736 
1081 93 80 1338 1244 
1082 1474 993 548 1839 
1083 541 1264 21 18 
1084 1244 1338 1337 543 
1085 702 1339 1341 1333 
1086 1339 719 1038 1341 
1087 1341 1038 720 1340 
1088 1333 1341 1340 732 
1089 738 1342 1346 1345 
1090 1342 737 1343 1346 
1091 1346 1343 733 1344 
1092 1345 1346 1344 734 
1093 733 1347 1349 1344 
1094 1347 721 1028 1349 
1095 1349 1028 722 1348 
1096 1344 1349 1348 734 
1097 588 943 1351 1191 
1098 943 584 1271 1351 
1099 1351 1271 595 1350 
1100 1191 1351 1350 591 
1101 665 1729 1086 669 
1102 1892 1891 993 1474 
1103 642 1768 1769 845 
1104 621 1679 1162 1847 
1105 610 1355 1358 1357 
1106 1355 609 1356 1358 
1107 1358 1356 592 1189 
1108 1357 1358 1189 591 
1109 672 1359 1362 1048 
1110 1359 679 1360 1362 
1111 1362 1360 680 1361 
1112 1048 1362 1361 673 
1113 805 1363 1366 995 
1114 1363 800 1364 1366 
1115 1366 1364 801 1365 
1116 995 1366 1365 804 
1117 1232 1503 1584 1233 
1118 556 1019 1689 1585 
1119 1711 1405 122 97 
1120 1857 864 955 1583 
1121 673 1361 1370 966 
1122 1361 680 1369 1370 
1123 1370 1369 681 1286 
1124 966 1370 1286 674 
1125 715 1024 1373 1312 
1126 1024 716 1371 1373 
1127 1373 1371 699 1372 
1128 1312 1373 1372 700 
1129 1231 596 1851 1842 
1130 554 1368 1690 835 
1131 1749 1850 1627 990 
1132 1650 675 1581 1386 
1133 735 1377 1381 1380 
1134 1377 731 1378 1381 
1135 1381 1378 743 1379 
1136 1380 1381 1379 739 
1137 729 1315 1384 1275 
1138 1315 728 1382 1384 
1139 1384 1382 740 1383 
1140 1275 1384 1383 741 
1141 1004 100 126 963 
1142 694 1749 990 1004 
1143 1888 1001 678 1393 
1144 1006 1649 1852 1405 
1145 824 1388 1390 1389 
1146 1388 809 1203 1390 
1147 1390 1203 813 1020 
1148 1389 1390 1020 828 
1149 681 1391 1394 1287 
1150 1391 682 1392 1394 
1151 1394 1392 686 1393 
1152 1287 1394 1393 678 
1153 582 1058 1397 1396 
1154 1058 581 1395 1397 
1155 1144 839 1143 841 
1156 809 1388 1400 1399 
1157 1388 824 1398 1400 
1158 1400 1398 779 1325 
1159 1399 1400 1325 793 
1160 751 1401 1404 1403 
1161 1401 739 1379 1404 
1162 1404 1379 743 1402 
1163 1403 1404 1402 747 
1164 899 1582 1002 1003 
1165 1686 1785 1796 1005 
1166 1600 1757 1616 1552 
1167 778 1407 1410 1281 
1168 1407 781 1408 1410 
1169 1410 1408 782 1409 
1170 1281 1410 1409 780 
1171 808 1204 1413 1412 
1172 1204 809 1399 1413 
1173 1413 1399 793 1411 
1174 1412 1413 1411 792 
1175 560 1414 1416 1415 
1176 1414 577 969 1416 
1177 1416 969 574 1240 
1178 1415 1416 1240 570 
1179 788 1417 1419 1324 
1180 1417 789 1418 1419 
1181 1419 1418 792 1411 
1182 1324 1419 1411 793 
1183 565 1506 1420 838 
1184 1420 578 919 1422 
1185 1422 919 579 1252 
1186 1421 1422 1252 562 
1187 794 1266 1426 1425 
1188 1266 795 1423 1426 
1189 1426 1423 790 1424 
1190 1425 1426 1424 791 
1191 567 1061 1430 1429 
1192 1061 635 1427 1430 
1193 1430 1427 634 1428 
1194 1429 1430 1428 566 
1195 570 1431 1434 1415 
1196 1431 631 1432 1434 
1197 1434 1432 622 1433 
1198 1415 1434 1433 560 
1199 242 245 1436 982 
1200 245 243 1229 1436 
1201 1436 1229 539 1435 
1202 982 1436 1435 647 
1203 723 1119 1439 1438 
1204 1119 727 1437 1439 
1205 1439 1437 731 1377 
1206 1438 1439 1377 735 
1207 823 1440 1441 1209 
1208 1440 824 1389 1441 
1209 1441 1389 828 1055 
1210 1209 1441 1055 827 
1211 625 1008 1696 871 
1212 1442 562 1254 1444 
1213 1444 1254 561 1443 
1214 1475 669 862 1354 
1215 800 1445 1448 1364 
1216 1445 797 1446 1448 
1217 1448 1446 796 1447 
1218 1364 1448 1447 801 
1219 700 1449 1452 1313 
1220 1115 1815 1451 949 
1221 817 877 160 153 
1222 1313 1452 1451 708 
1223 780 1453 1454 1279 
1224 1453 779 1398 1454 
1225 1454 1398 824 1440 
1226 1279 1454 1440 823 
1227 1842 1851 1865 954 
1228 596 1859 555 1851 
1229 1233 1584 1545 1750 
1230 782 1456 1457 1409 
1231 1456 783 1326 1457 
1232 1457 1326 779 1453 
1233 1409 1457 1453 780 
1234 561 1253 1459 1458 
1235 1253 576 1094 1459 
1236 1459 1094 577 1414 
1237 1458 1459 1414 560 
1238 529 1065 533 1143 
1239 1801 1715 599 564 
1240 1781 1838 971 842 
1241 1152 1877 74 68 
1242 704 1175 1169 1180 
1243 1467 1870 1318 1626 
1244 1016 766 1467 1175 
1245 985 1224 1465 987 
1246 657 1468 1471 1470 
1247 1468 649 1321 1471 
1248 1576 23 16 1700 
1249 1775 1873 1890 1889 
1250 1713 1321 1322 662 
1251 1612 1721 628 1800 
1252 1897 625 871 1867 
1253 1889 1697 650 934 
1254 807 1100 1477 1133 
1255 1100 802 1476 1477 
1256 1477 1476 800 1363 
1257 1133 1477 1363 805 
1258 648 1478 1480 1479 
1259 1478 538 1182 1480 
1260 1480 1182 540 1319 
1261 1479 1480 1319 649 
1262 758 1157 1483 1482 
1263 1157 753 1481 1483 
1264 1483 1481 752 1296 
1265 1482 1483 1296 757 
1266 753 1130 1485 1481 
1267 1130 703 1484 1485 
1268 1485 1484 702 1332 
1269 1481 1485 1332 752 
1270 784 1486 1489 1488 
1271 1486 796 1446 1489 
1272 1489 1446 797 1487 
1273 1488 1489 1487 785 
1274 700 1372 1492 1449 
1275 1372 699 1490 1492 
1276 1492 1490 755 1491 
1277 1624 924 116 142 
1278 532 1716 1197 1755 
1279 1395 581 1105 1495 
1280 1495 1105 580 1493 
1281 1144 841 1716 532 
1282 719 1339 1496 1109 
1283 1339 702 1484 1496 
1284 1496 1484 703 1149 
1285 1109 1496 1149 718 
1286 1726 1744 1745 1442 
1287 1443 561 1458 1498 
1288 1498 1458 560 1433 
1289 1497 1498 1433 622 
1290 741 1383 1501 1260 
1291 1383 740 1499 1501 
1292 1501 1499 744 1500 
1293 1260 1501 1500 745 
1294 1884 686 1670 1883 
1295 1865 1829 49 56 
1296 863 1556 1503 1232 
1297 1881 4 63 1880 
1298 842 971 839 1144 
1299 1493 580 1103 1506 
1300 1506 1103 578 1420 
1301 1065 2 64 533 
1302 631 1507 1510 1432 
1303 1196 636 840 1782 
1304 1432 1510 1509 622 
1305 1894 1194 1871 1893 
1306 679 1514 1517 1360 
1307 1514 684 1515 1517 
1308 1517 1515 683 1516 
1309 1360 1517 1516 680 
1310 606 1518 1520 1519 
1311 1518 610 1357 1520 
1312 1520 1357 591 1350 
1313 1519 1520 1350 595 
1314 614 1521 1524 1523 
1315 1521 613 1522 1524 
1316 1524 1522 609 1355 
1317 1523 1524 1355 610 
1318 802 1238 1526 1476 
1319 1238 798 1525 1526 
1320 1526 1525 797 1445 
1321 1476 1526 1445 800 
1322 850 1717 619 593 
1323 601 1744 869 1814 
1324 806 1111 1530 1098 
1325 1111 815 1249 1530 
1326 1530 1249 811 1529 
1327 1098 1530 1529 803 
1328 631 1431 1533 1532 
1329 1431 570 1242 1533 
1330 1533 1242 569 1531 
1331 1532 1533 1531 632 
1332 575 1126 1536 1241 
1333 1126 572 1534 1536 
1334 1536 1534 568 1535 
1335 1241 1536 1535 569 
1336 1699 1678 29 10 
1337 1511 834 1497 1805 
1338 1202 873 872 1577 
1339 1770 1469 1160 1565 
1340 1898 1825 659 1702 
1341 666 667 1353 870 
1342 1086 1729 874 1211 
1343 707 1539 1541 1540 
1344 1539 713 1083 1541 
1345 1541 1083 714 1311 
1346 1540 1541 1311 708 
1347 1543 1629 603 618 
1348 1649 1601 54 52 
1349 550 1124 1582 899 
1350 1787 1710 615 1502 
1351 701 1546 1547 1150 
1352 1546 699 1371 1547 
1353 1547 1371 716 1096 
1354 1150 1547 1096 717 
1355 699 1546 1549 1490 
1356 1546 701 1128 1549 
1357 1549 1128 756 1548 
1358 1490 1549 1548 755 
1359 785 1487 1551 1550 
1360 1487 797 1525 1551 
1361 1551 1525 798 1290 
1362 1550 1551 1290 786 
1363 583 1051 1553 1269 
1364 1051 582 1396 1553 
1365 1878 71 65 1212 
1366 1705 1754 1270 1753 
1367 592 1554 1555 1190 
1368 1554 589 1214 1555 
1369 1555 1214 586 1107 
1370 1190 1555 1107 587 
1371 1367 1886 1691 1374 
1372 1787 1502 1849 989 
1373 1387 1857 1583 958 
1374 792 1418 1559 1558 
1375 1418 789 1557 1559 
1376 1559 1557 790 1423 
1377 1558 1559 1423 795 
1378 1561 1730 1015 1632 
1379 766 868 1870 1467 
1380 1741 1247 880 886 
1381 1147 1092 830 1093 
1382 1893 1892 1474 1701 
1383 547 1594 1874 667 
1384 1700 16 24 1008 
1385 642 845 1620 1677 
1386 750 1566 1569 1568 
1387 1566 749 1567 1569 
1388 1569 1567 737 1342 
1389 1568 1569 1342 738 
1390 684 1570 1573 1515 
1391 1570 698 1571 1573 
1392 1573 1571 697 1572 
1393 1515 1573 1572 683 
1394 803 1529 1575 1236 
1395 1529 811 1267 1575 
1396 1575 1267 794 1574 
1397 1236 1575 1574 799 
1398 861 1699 10 2 
1399 1813 879 878 1726 
1400 795 1265 1579 1558 
1401 1265 810 1578 1579 
1402 1579 1578 808 1412 
1403 1558 1579 1412 792 
1404 812 1205 1580 1167 
1405 1205 808 1578 1580 
1406 1580 1578 810 1250 
1407 1167 1580 1250 814 
1408 1019 1686 1005 1689 
1409 1257 553 687 900 
1410 1693 685 549 691 
1411 959 863 1232 1124 
1412 1375 1885 58 48 
1413 1018 690 1376 1504 
1414 1886 954 50 55 
1415 641 1586 1589 1588 
1416 1586 639 1165 1589 
1417 1589 1165 654 1587 
1418 1588 1589 1587 653 
1419 804 1365 1591 1076 
1420 1365 801 1590 1591 
1421 1591 1590 679 1359 
1422 1076 1591 1359 672 
1423 727 1154 1593 1437 
1424 1154 726 1284 1593 
1425 1593 1284 730 1592 
1426 1437 1593 1592 731 
1427 667 1874 1201 1353 
1428 1715 850 593 599 
1429 1565 1160 861 651 
1430 821 1207 1597 1596 
1431 1207 826 1089 1597 
1432 1597 1089 825 1199 
1433 1596 1597 1199 822 
1434 723 1438 1599 1140 
1435 1438 735 1598 1599 
1436 1599 1598 734 1348 
1437 1140 1599 1348 722 
1438 1376 1711 97 123 
1439 1705 1753 527 1795 
1440 791 1602 1603 1425 
1441 1602 787 1291 1603 
1442 1603 1291 799 1574 
1443 1425 1603 1574 794 
1444 589 1554 1605 1226 
1445 1554 592 1356 1605 
1446 1605 1356 609 1604 
1447 1226 1605 1604 608 
1448 680 1516 1607 1369 
1449 1516 683 1606 1607 
1450 1607 1606 682 1391 
1451 1369 1607 1391 681 
1452 607 1608 1609 1225 
1453 1608 740 1382 1609 
1454 1609 1382 728 1303 
1455 1225 1609 1303 590 
1456 854 1830 12 28 
1457 878 1780 1196 869 
1458 869 1196 1782 1814 
1459 1508 1354 1805 1509 
1460 731 1592 1614 1378 
1461 1592 730 1273 1614 
1462 1614 1273 742 1613 
1463 1378 1614 1613 743 
1464 743 1613 1618 1402 
1465 1613 742 1262 1618 
1466 1618 1262 746 1617 
1467 1402 1618 1617 747 
1468 1896 643 1869 1352 
1469 1813 1444 1443 834 
1470 1113 775 1277 771 
1471 1855 763 1091 1113 
1472 881 883 1247 950 
1473 1014 1622 1828 768 
1474 530 542 856 1034 
1475 846 1848 1088 847 
1476 1848 9 20 1088 
1477 1512 1619 666 855 
1478 1621 1449 1492 1491 
1479 1658 144 119 1073 
1480 1855 820 884 776 
1481 1561 1632 816 819 
1482 1556 61 45 1503 
1483 956 988 864 1857 
1484 604 959 1124 550 
1485 1581 1685 863 959 
1486 603 1629 1631 1630 
1487 1629 614 1523 1631 
1488 1631 1523 610 1518 
1489 1630 1631 1518 606 
1490 816 949 1633 765 
1491 820 771 1562 1148 
1492 1657 1220 152 162 
1493 1180 1169 881 1218 
1494 635 1221 1636 1427 
1495 1221 639 1586 1636 
1496 1636 1586 641 1635 
1497 1427 1636 1635 634 
1498 733 1637 1638 1347 
1499 1637 732 1340 1638 
1500 1638 1340 720 1184 
1501 1347 1638 1184 721 
1502 801 1447 1640 1590 
1503 1447 796 1639 1640 
1504 1640 1639 684 1514 
1505 1590 1640 1514 679 
1506 613 1641 1642 1522 
1507 1641 612 1330 1642 
1508 1642 1330 608 1604 
1509 1522 1642 1604 609 
1510 778 1280 1644 1643 
1511 1280 821 1596 1644 
1512 1644 1596 822 1176 
1513 1643 1644 1176 777 
1514 611 1645 1646 1329 
1515 1645 744 1499 1646 
1516 1646 1499 740 1608 
1517 1329 1646 1608 607 
1518 1679 25 14 1162 
1519 1702 1000 629 546 
1520 1698 1009 13 27 
1521 777 1071 1648 1643 
1522 1071 759 860 1648 
1523 1648 860 781 1407 
1524 1643 1648 1407 778 
1525 990 1627 99 125 
1526 999 620 559 558 
1527 1007 1887 1687 1685 
1528 640 1651 1654 1653 
1529 1651 641 1588 1654 
1530 1654 1588 653 1652 
1531 1653 1654 1652 652 
1532 698 1570 1656 1655 
1533 1570 684 1639 1656 
1534 1656 1639 796 1486 
1535 1655 1656 1486 784 
1536 764 773 885 1742 
1537 705 1741 886 1067 
1538 1073 1816 1178 830 
1539 910 922 924 1624 
1540 1756 1853 606 1519 
1541 853 595 1271 1272 
1542 535 1755 1153 1837 
1543 620 1600 1552 559 
1544 735 1380 1662 1598 
1545 1380 739 1661 1662 
1546 1662 1661 738 1345 
1547 1598 1662 1345 734 
1548 750 1568 1664 1663 
1549 1568 738 1661 1664 
1550 1664 1661 739 1401 
1551 1663 1664 1401 751 
1552 653 1587 1667 1666 
1553 1587 654 1234 1667 
1554 1667 1234 655 1665 
1555 1666 1667 1665 656 
1556 682 1668 1671 1392 
1557 1668 696 1669 1671 
1558 1671 1669 695 1670 
1559 1392 1671 1670 686 
1560 1564 621 1847 1610 
1561 683 1572 1673 1606 
1562 1572 697 1672 1673 
1563 1673 1672 696 1668 
1564 1606 1673 1668 682 
1565 659 1677 1193 637 
1566 1779 857 1866 1858 
1567 545 1087 934 1846 
1568 636 1473 529 840 
1569 1720 1035 1721 1612 
1570 1898 1472 1194 1894 
1571 1891 940 536 993 
1572 737 1680 1681 1343 
1573 1680 736 1334 1681 
1574 1681 1334 732 1637 
1575 1343 1681 1637 733 
1576 634 1635 1684 1683 
1577 1635 641 1651 1684 
1578 1684 1651 640 1682 
1579 1683 1684 1682 633 
1580 1004 990 125 100 
1581 1688 694 671 1288 
1582 1692 47 58 1885 
1583 1688 1585 1749 694 
1584 1687 44 61 1556 
1585 1123 1375 48 57 
1586 693 1054 1006 1827 
1587 1405 1852 109 122 
1588 1883 1670 695 1882 
1589 1601 1691 51 54 
1590 835 1690 1856 1257 
1591 736 1680 1695 1298 
1592 1680 737 1567 1695 
1593 1695 1567 749 1694 
1594 1298 1695 1694 748 
1595 1891 662 537 940 
1596 874 1565 651 1473 
1597 1211 874 1473 636 
1598 862 663 879 1511 
1599 638 1537 1161 661 
1600 548 1117 544 1594 
1601 1890 991 1697 1889 
1602 664 1563 1336 873 
1603 1193 992 665 1704 
1604 1866 1895 644 1821 
1605 660 658 1647 1774 
1606 1374 1691 1601 1054 
1607 1845 1801 1863 843 
1608 1753 1717 594 527 
1609 527 594 598 1832 
1610 712 1708 1709 1309 
1611 1708 710 1307 1709 
1612 1709 1307 709 1044 
1613 1309 1709 1044 711 
1614 1685 1687 1556 863 
1615 1542 865 999 688 
1616 553 1231 1842 1367 
1617 1882 1740 1710 960 
1618 1676 638 661 1538 
1619 661 1161 1675 1611 
1620 1874 1245 543 1201 
1621 662 1322 1081 537 
1622 972 951 1152 848 
1623 1462 1460 1876 1861 
1624 565 564 1493 1506 
1625 1064 1494 73 67 
1626 619 1397 1395 593 
1627 851 1718 1706 1797 
1628 1087 1775 1889 934 
1629 1847 1162 1595 644 
1630 640 1653 1725 1724 
1631 1653 652 1722 1725 
1632 1714 17 23 1576 
1633 1675 623 1563 664 
1634 1813 1726 1442 1444 
1635 1826 1821 1009 1698 
1636 1660 953 952 1719 
1637 1053 1853 1756 597 
1638 1674 22 17 1714 
1639 1469 1896 1352 1160 
1640 528 1700 1008 625 
1641 1000 660 1728 629 
1642 759 1074 1732 1731 
1643 1306 875 1181 1308 
1644 1181 1317 1146 1224 
1645 1731 1732 1491 755 
1646 566 1428 1735 1734 
1647 1428 634 1683 1735 
1648 1735 1683 633 1733 
1649 1734 1735 1733 632 
1650 572 1187 1737 1534 
1651 1187 573 1301 1737 
1652 1737 1301 571 1736 
1653 1534 1737 1736 568 
1654 1455 604 550 600 
1655 1738 617 1739 1740 
1656 1740 1739 615 1710 
1657 1785 900 676 1796 
1658 1659 767 910 754 
1659 1174 911 1824 868 
1660 1091 769 1634 1806 
1661 1115 1762 1776 1815 
1662 1463 838 1421 1745 
1663 935 541 1674 991 
1664 1745 1421 562 1442 
1665 1473 651 1065 529 
1666 695 1669 1748 1738 
1667 1669 696 1746 1748 
1668 1748 1746 616 1747 
1669 1738 1748 1747 617 
1670 1628 960 1544 551 
1671 1883 1882 960 1628 
1672 864 1542 688 955 
1673 1887 62 44 1687 
1674 710 1708 1752 1751 
1675 1708 712 1032 1752 
1676 1752 1032 713 1539 
1677 1751 1752 1539 707 
1678 1001 1688 1288 678 
1679 694 1004 963 671 
1680 1600 852 605 1757 
1681 1754 1553 1396 1270 
1682 1707 853 1272 1269 
1683 597 1756 853 1707 
1684 558 1719 952 1258 
1685 1729 1770 1565 874 
1686 645 1826 1698 1830 
1687 1805 1497 622 1509 
1688 567 1429 1759 1138 
1689 1429 566 1758 1759 
1690 1759 1758 568 1736 
1691 1138 1759 1736 571 
1692 1898 1676 1538 1825 
1693 1780 1211 636 1196 
1694 1761 1722 652 1760 
1695 1470 1761 1760 657 
1696 987 1465 163 150 
1697 912 1561 819 769 
1698 1277 1172 767 1659 
1699 1625 831 117 143 
1700 782 1408 1765 1764 
1701 1408 781 859 1765 
1702 1765 859 760 1158 
1703 1764 1765 1158 758 
1704 647 1435 1767 1766 
1705 1435 539 1011 1767 
1706 1767 1011 538 1478 
1707 1766 1767 1478 648 
1708 1774 646 624 1085 
1709 628 1564 1610 857 
1710 991 1674 1714 1697 
1711 1223 832 1622 1170 
1712 1148 1562 1763 770 
1713 832 1742 1068 1771 
1714 632 1733 1773 1532 
1715 1733 633 1772 1773 
1716 1610 1847 644 1895 
1717 1532 1773 1507 631 
1718 1201 543 1337 1873 
1719 1702 659 637 1000 
1720 1800 628 857 1779 
1721 1035 1897 1867 1721 
1722 707 1776 1777 1751 
1723 770 1763 1625 876 
1724 1171 1466 1278 875 
1725 1751 1777 1306 710 
1726 569 1535 1778 1531 
1727 1535 568 1758 1778 
1728 1778 1758 566 1734 
1729 1531 1778 1734 632 
1730 1563 1779 1858 1336 
1731 1869 1577 1320 1678 
1732 546 629 1725 1722 
1733 1677 1620 992 1193 
1734 637 1193 1704 658 
1735 971 1782 840 839 
1736 1837 1153 626 1461 
1737 534 1837 1461 951 
1738 1367 1842 954 1886 
1739 1880 63 43 1879 
1740 1616 1832 1797 1552 
1741 653 1666 1784 1652 
1742 1666 656 1783 1784 
1743 1784 1783 657 1760 
1744 1652 1784 1760 652 
1745 998 552 1375 1123 
1746 1005 1796 1018 1385 
1747 689 852 1600 620 
1748 1258 952 4 1881 
1749 1000 637 658 660 
1750 1774 1647 1508 646 
1751 758 1482 1789 1764 
1752 1482 757 1788 1789 
1753 1789 1788 783 1456 
1754 1764 1789 1456 782 
1755 790 1557 1792 1791 
1756 1557 789 1790 1792 
1757 1792 1790 749 1566 
1758 1791 1792 1566 750 
1759 788 1323 1794 1793 
1760 1323 783 1788 1794 
1761 1794 1788 757 1299 
1762 1793 1794 1299 748 
1763 1504 1376 123 98 
1764 1756 1519 595 853 
1765 685 957 1455 549 
1766 1630 605 852 603 
1767 1832 598 851 1797 
1768 791 1424 1799 1798 
1769 1424 790 1791 1799 
1770 1799 1791 750 1663 
1771 1798 1799 1663 751 
1772 623 1800 1779 1563 
1773 935 932 1264 541 
1774 843 601 1814 1838 
1775 1527 1462 1861 837 
1776 837 1861 598 594 
1777 1153 1743 1802 626 
1778 655 983 1804 1665 
1779 983 647 1766 1804 
1780 1804 1766 648 1803 
1781 1665 1804 1803 656 
1782 879 663 1780 878 
1783 1825 642 1677 659 
1784 1846 528 625 1897 
1785 774 705 1067 761 
1786 764 1742 832 1223 
1787 121 6 147 909 
1788 649 1468 1807 1479 
1789 1468 657 1783 1807 
1790 1807 1783 656 1803 
1791 1479 1807 1803 648 
1792 785 1550 1810 1809 
1793 1550 786 1808 1810 
1794 1810 1808 746 1261 
1795 1809 1810 1261 745 
1796 784 1488 1812 1811 
1797 1488 785 1809 1812 
1798 1812 1809 745 1500 
1799 1811 1812 1500 744 
1800 1678 1320 11 29 
1801 1726 878 869 1744 
1802 1697 1714 1576 650 
1803 629 1728 1724 1725 
1804 1838 1814 1782 971 
1805 1743 1142 1494 1802 
1806 842 1144 532 1066 
1807 533 64 71 1878 
1808 1092 1658 1073 830 
1809 1776 707 1540 1815 
1810 1815 1540 708 1451 
1811 1114 1464 1220 1657 
1812 1220 829 161 152 
1813 1762 1171 1777 1776 
1814 1170 1622 1014 1730 
1815 789 1417 1817 1790 
1816 1417 788 1793 1817 
1817 1817 1793 748 1694 
1818 1790 1817 1694 749 
1819 787 1602 1819 1818 
1820 1602 791 1798 1819 
1821 1819 1798 751 1403 
1822 1818 1819 1403 747 
1823 786 1292 1820 1808 
1824 1292 787 1818 1820 
1825 1820 1818 747 1617 
1826 1808 1820 1617 746 
1827 1755 1197 1743 1153 
1828 992 1770 1729 665 
1829 755 1548 1822 1731 
1830 1548 756 1156 1822 
1831 1822 1156 760 858 
1832 1731 1822 858 759 
1833 1178 833 766 1016 
1834 833 1174 868 766 
1835 819 816 765 1198 
1836 1632 1015 1762 1115 
1837 857 1610 1895 1866 
1838 1002 1750 1615 1256 
1839 675 1007 1685 1581 
1840 1003 1002 1256 1859 
1841 1068 1145 1741 705 
1842 776 1180 1218 773 
1843 706 155 159 882 
1844 877 762 154 160 
1845 618 603 852 689 
1846 1585 1689 1850 1749 
1847 1757 1053 1795 1616 
1848 1867 871 621 1564 
1849 633 1682 1831 1772 
1850 1682 640 1724 1831 
1851 651 861 2 1065 
1852 1195 1720 1612 668 
1853 1754 1707 1269 1553 
1854 691 549 1368 554 
1855 698 1655 1834 1833 
1856 1655 784 1811 1834 
1857 1834 1811 744 1645 
1858 1833 1834 1645 611 
1859 1583 955 1881 1880 
1860 1718 1660 1719 1706 
1861 1197 844 1142 1743 
1862 697 1571 1836 1835 
1863 1571 698 1833 1836 
1864 1836 1833 611 1328 
1865 1835 1836 1328 612 
1866 1849 618 689 865 
1867 1627 836 124 99 
1868 1859 1256 998 555 
1869 1194 1470 1471 1871 
1870 1213 563 534 1528 
1871 1660 1864 849 953 
1872 1212 65 72 844 
1873 670 664 873 1202 
1874 646 1510 1507 624 
1875 669 1086 663 862 
1876 530 935 991 1890 
1877 614 1786 1841 1521 
1878 1786 615 1739 1841 
1879 1841 1739 617 1840 
1880 1521 1841 1840 613 
1881 1757 605 1853 1053 
1882 616 1746 1844 1843 
1883 1746 696 1672 1844 
1884 1844 1672 697 1835 
1885 1843 1844 1835 612 
1886 1527 837 850 1715 
1887 848 1152 68 75 
1888 531 848 75 69 
1889 1863 565 838 1463 
1890 873 1336 645 872 
1891 1594 544 1245 1874 
1892 658 1704 1475 1647 
1893 668 1612 1800 623 
1894 1704 665 669 1475 
1895 1611 1675 664 670 
1896 1472 546 1722 1761 
1897 1088 20 19 933 
1898 932 1623 933 1264 
1899 530 1034 932 935 
1900 1888 1693 556 1001 
1901 1690 1860 1017 1856 
1902 1502 615 1786 1543 
1903 1543 1786 614 1629 
1904 955 688 1258 1881 
1905 835 1257 900 1785 
1906 549 1455 600 1368 
1907 677 1727 957 685 
1908 865 689 620 999 
1909 1705 597 1707 1754 
1910 1270 1396 1397 619 
1911 1053 597 1705 1795 
1912 1001 556 1585 1688 
1913 551 1544 988 956 
1914 613 1840 1854 1641 
1915 1840 617 1747 1854 
1916 1854 1747 616 1843 
1917 1641 1854 1843 612 
1918 119 145 1816 1073 
1919 911 157 156 1824 
1920 1257 1856 1231 553 
1921 1888 1393 686 1884 
1922 1852 1649 52 53 
1923 600 550 899 1860 
1924 1795 527 1832 1616 
1925 1879 43 62 1887 
1926 624 1507 1773 1772 
1927 1851 555 1829 1865 
1928 988 989 1542 864 
1929 559 1706 1719 558 
1930 1615 692 1692 552 
1931 953 849 76 70 
1932 838 1420 1422 1421 
1933 599 593 1395 1495 
1934 1528 972 1875 627 
1935 627 1875 1864 1505 
1936 951 1461 1877 1152 
1937 1142 66 73 1494 
1938 1716 1212 844 1197 
1939 856 79 95 846 
1940 95 78 1848 846 
1941 847 1088 933 1623 
1942 1864 1875 531 849 
1943 564 599 1495 1493 
1944 844 72 66 1142 
1945 1753 1270 619 1717 
1946 554 835 1785 1686 
1947 872 645 1830 854 
1948 1839 548 1594 547 
1949 1723 1839 547 1619 
1950 1008 24 15 1696 
1951 1009 1595 26 13 
1952 542 94 79 856 
1953 650 1576 1700 528 
1954 759 858 1868 860 
1955 858 760 859 1868 
1956 860 1868 859 781 
1957 1768 1611 670 1769 
1958 1160 1352 1699 861 
1959 1825 1538 1768 642 
1960 960 1710 1787 1544 
1961 989 1849 865 1542 
1962 1545 46 59 692 
1963 769 819 1198 1634 
1964 1450 1872 1075 1072 
1965 1015 1466 1171 1762 
1966 1472 1761 1470 1194 
1967 1728 1085 1831 1724 
1968 1354 862 1511 1805 
1969 871 1696 1679 621 
1970 1511 879 1813 834 
1971 834 1443 1498 1497 
1972 1872 921 1074 1075 
1973 885 818 950 1145 
1974 1224 1146 1219 1465 
1975 1336 1858 1826 645 
1976 1161 668 623 1675 
1977 1873 1337 530 1890 
1978 660 1774 1085 1728 
1979 1463 1745 1744 601 
1980 626 1802 1494 1064 
1981 1143 533 1878 841 
1982 1712 956 1857 1387 
1983 557 551 956 1712 
1984 1406 1628 551 557 
1985 1884 1883 1628 1406 
1986 1007 958 1879 1887 
1987 675 1387 958 1007 
1988 1650 1712 1387 675 
1989 1727 557 1712 1650 
1990 677 1406 557 1727 
1991 1888 1884 1406 677 
1992 630 1723 1619 1512 
1993 1513 1701 1723 630 
1994 1894 1893 1701 1513 
1995 1035 545 1846 1897 
1996 1720 1703 545 1035 
1997 1195 855 1703 1720 
1998 1537 1512 855 1195 
1999 638 630 1512 1537 
2000 1676 1513 630 638 
2001 1898 1894 1513 1676 
$EndElements
